user_id,product_id,event_type,timestamp
F00001,FP006,view,1762538928
F00001,FP007,learn,1757208162
F00001,FP001,view,1752037129
F00001,FP020,view,1753747813
F00001,FP012,learn,1751329599
F00001,FP007,view,1740270159
F00002,FP001,view,1750987832
F00002,FP002,view,1746516603
F00002,FP003,learn,1749761898
F00002,FP008,apply,1765061852
F00002,FP008,view,1758137476
F00002,FP012,view,1755804621
F00002,FP005,view,1739405693
F00002,FP014,view,1766486681
F00002,FP013,view,1749657569
F00003,FP007,learn,1739503213
F00003,FP011,learn,1755704998
F00003,FP004,view,1759148363
F00003,FP009,apply,1752482460
F00003,FP008,view,1748374264
F00003,FP010,view,1744787700
F00003,FP012,view,1743324095
F00003,FP007,view,1757080499
F00003,FP005,view,1743086850
F00003,FP013,view,1752195518
F00004,FP019,view,1736720756
F00004,FP004,view,1763636392
F00004,FP020,view,1755291818
F00004,FP009,view,1739637378
F00004,FP012,learn,1762459107
F00004,FP016,view,1754664445
F00004,FP005,view,1747595130
F00004,FP015,view,1749937753
F00005,FP012,view,1757806389
F00005,FP008,view,1736654831
F00005,FP008,view,1766895752
F00005,FP007,view,1757850673
F00005,FP013,apply,1753414028
F00005,FP010,view,1753333567
F00005,FP020,view,1756790254
F00005,FP006,view,1746442604
F00005,FP012,view,1752691149
F00006,FP017,view,1752929084
F00006,FP004,view,1740283391
F00006,FP018,view,1750891284
F00006,FP002,learn,1765189877
F00006,FP011,view,1763715145
F00007,FP008,view,1762601525
F00007,FP007,apply,1762729784
F00007,FP019,view,1755537220
F00007,FP011,learn,1762278206
F00007,FP019,view,1740321528
F00007,FP008,learn,1753729411
F00008,FP020,view,1738306733
F00008,FP020,view,1751867396
F00008,FP015,view,1746730462
F00008,FP014,view,1753811790
F00008,FP011,learn,1746562097
F00009,FP019,view,1750875356
F00009,FP018,view,1760691053
F00009,FP013,view,1755431349
F00009,FP011,apply,1749342048
F00009,FP012,view,1765705920
F00009,FP019,view,1752442382
F00009,FP019,view,1746894939
F00009,FP002,learn,1749840290
F00010,FP005,view,1759612503
F00010,FP004,view,1740252170
F00010,FP012,learn,1762381496
F00010,FP004,view,1749503706
F00010,FP007,apply,1759535857
F00010,FP011,view,1762885435
F00010,FP007,view,1755928773
F00010,FP013,view,1744930523
F00010,FP008,view,1745018576
F00010,FP019,learn,1749083841
F00011,FP007,learn,1739783620
F00011,FP017,view,1745216099
F00011,FP006,view,1739157792
F00011,FP007,view,1740951779
F00011,FP009,view,1766684217
F00011,FP020,view,1743653827
F00011,FP019,apply,1737745064
F00012,FP010,view,1738212074
F00012,FP004,learn,1741736872
F00012,FP020,learn,1741809793
F00012,FP012,view,1750953371
F00012,FP001,view,1736717852
F00012,FP017,learn,1765862903
F00012,FP008,view,1743907278
F00012,FP018,learn,1736106330
F00013,FP003,view,1763955734
F00013,FP010,apply,1757294238
F00013,FP007,view,1740396287
F00013,FP008,learn,1753476300
F00013,FP002,view,1751938796
F00013,FP007,view,1762192353
F00014,FP001,apply,1748715428
F00014,FP001,view,1735751749
F00014,FP014,learn,1756049900
F00014,FP018,view,1748545481
F00015,FP018,learn,1754006891
F00015,FP014,view,1741778887
F00015,FP011,view,1764803160
F00015,FP014,view,1759729885
F00015,FP018,view,1753003515
F00015,FP003,apply,1753120999
F00015,FP007,view,1743890300
F00015,FP008,view,1748376672
F00015,FP004,learn,1747657290
F00015,FP017,view,1759739180
F00016,FP011,apply,1758112200
F00016,FP015,view,1748209384
F00016,FP013,view,1756035919
F00016,FP014,learn,1742630941
F00016,FP009,view,1762774037
F00016,FP002,view,1758427185
F00016,FP012,learn,1738374508
F00016,FP013,view,1754116957
F00016,FP010,learn,1755753184
F00016,FP010,view,1743108386
F00017,FP007,learn,1752913880
F00017,FP012,view,1743769709
F00017,FP002,view,1737454227
F00017,FP006,learn,1759665203
F00017,FP006,learn,1745932287
F00017,FP017,view,1740273189
F00017,FP005,apply,1738907372
F00017,FP008,learn,1750859724
F00018,FP009,view,1762229350
F00018,FP005,learn,1758499249
F00018,FP011,view,1764028491
F00018,FP005,view,1759275937
F00018,FP019,view,1760398727
F00018,FP011,view,1737883702
F00018,FP020,view,1757648225
F00019,FP019,view,1759846884
F00019,FP010,view,1746827368
F00019,FP003,view,1758033451
F00019,FP001,view,1760069922
F00019,FP006,view,1752062538
F00019,FP010,view,1751485004
F00019,FP008,view,1742487911
F00019,FP001,view,1761487878
F00020,FP008,view,1766086285
F00020,FP009,view,1763179574
F00020,FP019,view,1753919130
F00020,FP014,view,1749000344
F00021,FP012,view,1763499972
F00021,FP003,learn,1744889940
F00021,FP003,apply,1760021720
F00021,FP009,view,1754173949
F00021,FP005,view,1759582880
F00021,FP016,view,1753177835
F00021,FP011,apply,1747929472
F00021,FP018,view,1740112537
F00021,FP013,view,1764505930
F00022,FP002,view,1746056844
F00022,FP020,learn,1738972123
F00022,FP019,view,1757379781
F00022,FP015,learn,1746427104
F00023,FP012,view,1762599654
F00023,FP012,view,1744897413
F00023,FP014,view,1736196353
F00023,FP007,learn,1763645260
F00023,FP009,view,1739403593
F00023,FP005,learn,1741392205
F00023,FP002,apply,1736887214
F00023,FP005,learn,1759406210
F00023,FP010,view,1737109178
F00024,FP012,view,1742263226
F00024,FP014,view,1756817550
F00024,FP006,view,1766616457
F00024,FP020,view,1749452337
F00024,FP003,view,1750212540
F00024,FP002,view,1758959489
F00024,FP003,view,1763994901
F00025,FP003,view,1753744327
F00025,FP012,view,1753674611
F00025,FP005,view,1751687560
F00025,FP007,learn,1762938742
F00025,FP001,view,1756484143
F00025,FP009,view,1750324728
F00026,FP006,view,1751585974
F00026,FP003,view,1755771351
F00026,FP013,view,1736283775
F00026,FP013,view,1739732615
F00026,FP013,view,1753111289
F00027,FP002,learn,1765096333
F00027,FP010,view,1749246361
F00027,FP011,view,1744422567
F00027,FP001,view,1735941254
F00027,FP001,view,1743930324
F00027,FP003,learn,1741755890
F00027,FP004,view,1749960931
F00027,FP013,view,1746833268
F00027,FP019,view,1751852046
F00028,FP012,view,1759505212
F00028,FP004,view,1743497700
F00028,FP012,apply,1752423987
F00028,FP013,view,1736826221
F00028,FP018,view,1749667787
F00028,FP009,learn,1762613155
F00028,FP007,view,1761661768
F00028,FP006,apply,1756716320
F00028,FP013,view,1747908786
F00028,FP009,view,1765575950
F00029,FP002,view,1757200188
F00029,FP018,view,1757326568
F00029,FP001,view,1735956918
F00029,FP009,view,1750178984
F00029,FP013,view,1762529141
F00029,FP018,view,1766962679
F00029,FP002,view,1745452195
F00030,FP014,view,1749223878
F00030,FP015,view,1754027599
F00030,FP007,learn,1762020627
F00030,FP009,view,1742260108
F00030,FP020,view,1758809169
F00030,FP011,view,1765650534
F00030,FP003,view,1757736811
F00031,FP006,view,1743369288
F00031,FP012,view,1748613098
F00031,FP010,view,1760336023
F00031,FP001,view,1764650797
F00031,FP017,view,1736775724
F00031,FP015,view,1750836131
F00031,FP001,apply,1742473554
F00031,FP020,view,1762471465
F00032,FP019,apply,1736082144
F00032,FP006,learn,1755246396
F00032,FP019,view,1761811520
F00032,FP019,view,1748557122
F00032,FP015,view,1752843932
F00032,FP010,view,1737126672
F00032,FP003,view,1745228491
F00033,FP013,view,1741080663
F00033,FP020,view,1747749603
F00033,FP005,learn,1766209566
F00033,FP017,view,1761326325
F00033,FP017,view,1735942883
F00034,FP002,apply,1737067264
F00034,FP004,learn,1751927008
F00034,FP019,view,1736850152
F00034,FP005,view,1753122142
F00034,FP010,view,1742452888
F00034,FP003,learn,1737144639
F00034,FP003,view,1739537466
F00034,FP002,view,1745431289
F00035,FP008,view,1751633525
F00035,FP012,apply,1741446475
F00035,FP014,view,1748919686
F00035,FP006,apply,1758007982
F00036,FP017,view,1739260943
F00036,FP001,view,1737367742
F00036,FP005,view,1756850596
F00036,FP011,view,1740567389
F00036,FP016,view,1760504923
F00036,FP009,view,1746535574
F00036,FP017,view,1739820933
F00036,FP008,view,1736219372
F00037,FP020,view,1765305518
F00037,FP009,view,1761681621
F00037,FP020,view,1753552836
F00037,FP012,learn,1742479070
F00037,FP015,view,1743960196
F00037,FP003,learn,1746251741
F00037,FP017,learn,1741922620
F00037,FP014,view,1750762748
F00037,FP013,view,1760892450
F00038,FP008,view,1738185796
F00038,FP020,view,1747711992
F00038,FP006,view,1757106788
F00038,FP006,apply,1745774347
F00038,FP014,view,1764912438
F00038,FP013,apply,1750125567
F00038,FP009,view,1739135433
F00038,FP001,learn,1737178701
F00039,FP001,view,1736758363
F00039,FP014,learn,1745792029
F00039,FP002,apply,1743766532
F00039,FP006,view,1739869471
F00039,FP012,view,1766726317
F00040,FP014,view,1751946352
F00040,FP003,view,1737626831
F00040,FP004,view,1754899280
F00040,FP003,view,1740993814
F00040,FP002,learn,1760676959
F00040,FP017,learn,1740667736
F00041,FP009,view,1755146104
F00041,FP008,view,1744377699
F00041,FP007,view,1755842493
F00041,FP007,view,1736267728
F00041,FP020,view,1766525765
F00041,FP005,view,1756512760
F00042,FP003,view,1755668523
F00042,FP016,view,1740059528
F00042,FP010,view,1758697442
F00042,FP019,view,1761538314
F00042,FP003,view,1750360739
F00042,FP001,view,1742480613
F00042,FP008,view,1746437759
F00042,FP012,learn,1740451108
F00042,FP007,learn,1744769617
F00042,FP002,view,1751121445
F00043,FP015,view,1738370112
F00043,FP015,view,1750878324
F00043,FP017,view,1751490558
F00043,FP006,view,1761151601
F00044,FP002,learn,1755987627
F00044,FP014,view,1750967092
F00044,FP010,apply,1757028644
F00044,FP009,view,1737522181
F00044,FP014,apply,1759180939
F00045,FP008,apply,1754489769
F00045,FP011,view,1738962902
F00045,FP010,view,1762177304
F00045,FP018,learn,1758824975
F00045,FP007,learn,1748256029
F00045,FP004,learn,1738687480
F00045,FP004,view,1753855511
F00045,FP008,learn,1738153254
F00045,FP010,learn,1748408187
F00046,FP002,view,1762868648
F00046,FP015,view,1740727180
F00046,FP009,view,1752981731
F00046,FP014,view,1742872952
F00046,FP005,view,1737383993
F00046,FP012,view,1742882274
F00046,FP001,learn,1736371552
F00046,FP004,view,1749316082
F00046,FP001,learn,1747166216
F00047,FP006,learn,1748214062
F00047,FP009,view,1738173494
F00047,FP007,view,1737687882
F00047,FP018,learn,1755749009
F00047,FP020,view,1754903453
F00047,FP018,view,1762239479
F00047,FP013,view,1750798023
F00048,FP001,apply,1746003558
F00048,FP014,view,1747421139
F00048,FP012,learn,1757517277
F00048,FP012,view,1766470550
F00048,FP012,view,1748893918
F00048,FP005,view,1765710947
F00049,FP007,view,1748484065
F00049,FP012,view,1765430759
F00049,FP004,apply,1760291684
F00049,FP013,learn,1738899907
F00049,FP014,learn,1755342835
F00049,FP002,view,1744856093
F00050,FP020,view,1752316513
F00050,FP006,learn,1743817920
F00050,FP007,view,1756669010
F00050,FP002,view,1747188294
F00050,FP002,view,1759609380
F00050,FP003,apply,1748005777
F00050,FP018,view,1740959774
F00050,FP009,learn,1762427699
F00050,FP019,apply,1742255913
F00051,FP016,view,1746160618
F00051,FP004,apply,1752203604
F00051,FP003,view,1754088125
F00051,FP011,view,1761440004
F00051,FP019,view,1736438427
F00051,FP005,view,1743694613
F00051,FP009,view,1753517267
F00051,FP011,view,1764847942
F00052,FP005,learn,1753119404
F00052,FP014,view,1760145541
F00052,FP003,view,1755315472
F00052,FP018,view,1756297817
F00052,FP003,view,1762397142
F00052,FP004,view,1752094747
F00052,FP002,view,1760553191
F00052,FP005,apply,1742437801
F00053,FP009,view,1753291957
F00053,FP013,learn,1759095533
F00053,FP020,learn,1766698492
F00053,FP011,view,1743912943
F00053,FP004,apply,1740067583
F00053,FP002,apply,1746922166
F00054,FP015,view,1740825473
F00054,FP006,view,1744318054
F00054,FP007,learn,1740903544
F00054,FP015,learn,1736324356
F00054,FP003,view,1751022909
F00054,FP008,learn,1753621395
F00054,FP020,view,1749758447
F00055,FP010,learn,1754875142
F00055,FP013,view,1761198034
F00055,FP008,view,1749679994
F00055,FP017,view,1750734890
F00055,FP013,view,1743207445
F00056,FP004,view,1761762033
F00056,FP001,view,1747412943
F00056,FP010,view,1741441869
F00056,FP001,view,1745839504
F00057,FP001,apply,1749068454
F00057,FP013,view,1756416598
F00057,FP005,learn,1754060896
F00057,FP004,view,1762297912
F00057,FP009,view,1745873689
F00057,FP008,view,1741465046
F00057,FP007,learn,1746469624
F00057,FP013,view,1739736211
F00057,FP013,apply,1745106955
F00057,FP019,view,1750213878
F00058,FP002,apply,1756442553
F00058,FP012,view,1740634473
F00058,FP014,learn,1766395700
F00058,FP006,view,1745642742
F00059,FP015,view,1742794282
F00059,FP020,view,1738736413
F00059,FP010,apply,1744437396
F00059,FP011,learn,1750869469
F00059,FP019,view,1745452293
F00059,FP011,view,1746012550
F00059,FP006,learn,1760604770
F00059,FP012,view,1760475481
F00059,FP001,view,1745641755
F00059,FP019,view,1750088062
F00060,FP017,apply,1753553860
F00060,FP004,view,1758723729
F00060,FP014,view,1765303743
F00060,FP011,learn,1747606716
F00060,FP015,view,1759323794
F00060,FP019,learn,1766733738
F00060,FP007,apply,1740139099
F00061,FP002,view,1736925718
F00061,FP019,learn,1749606002
F00061,FP007,learn,1739889041
F00061,FP002,view,1750757925
F00061,FP007,learn,1751256241
F00061,FP008,apply,1759422864
F00061,FP010,apply,1736810047
F00061,FP007,learn,1750255094
F00062,FP005,view,1754535643
F00062,FP019,view,1749919929
F00062,FP008,view,1745447137
F00062,FP019,view,1749476817
F00063,FP010,view,1751493409
F00063,FP013,view,1739542152
F00063,FP013,view,1742627323
F00063,FP014,learn,1739845689
F00063,FP014,view,1753641403
F00063,FP008,view,1748359799
F00063,FP006,view,1766684208
F00063,FP008,apply,1739804061
F00063,FP019,view,1741981246
F00063,FP010,view,1758233829
F00064,FP020,view,1766057607
F00064,FP016,apply,1766572437
F00064,FP011,view,1748406581
F00064,FP016,view,1756872780
F00064,FP020,view,1755110524
F00064,FP012,view,1752859615
F00064,FP008,view,1736785865
F00065,FP003,view,1766078521
F00065,FP002,learn,1749889404
F00065,FP008,view,1760903805
F00065,FP007,view,1764319210
F00065,FP020,apply,1742251094
F00065,FP019,view,1750739817
F00066,FP009,view,1753290024
F00066,FP003,apply,1742179563
F00066,FP008,view,1743649517
F00066,FP001,learn,1764730240
F00066,FP020,view,1745046182
F00067,FP003,learn,1740749876
F00067,FP013,view,1749582845
F00067,FP014,view,1745196080
F00067,FP007,view,1756233892
F00067,FP004,learn,1759052790
F00067,FP019,view,1736234013
F00067,FP017,view,1739000891
F00067,FP008,learn,1764437420
F00067,FP018,learn,1748671134
F00067,FP004,apply,1746369400
F00068,FP007,view,1747520980
F00068,FP005,apply,1736685705
F00068,FP007,learn,1742342341
F00068,FP004,view,1761768024
F00068,FP002,view,1741232497
F00068,FP020,view,1736428908
F00068,FP019,learn,1747390246
F00069,FP020,learn,1752032216
F00069,FP001,view,1764818454
F00069,FP012,view,1740529627
F00069,FP012,view,1739596473
F00070,FP012,view,1764050602
F00070,FP005,view,1757765778
F00070,FP010,learn,1741162540
F00070,FP010,view,1751253375
F00070,FP019,view,1740118809
F00070,FP011,view,1766158909
F00070,FP002,view,1746786509
F00070,FP010,view,1755013941
F00071,FP004,learn,1755843537
F00071,FP007,apply,1736265707
F00071,FP020,apply,1765160912
F00071,FP017,learn,1763550488
F00072,FP001,view,1756144689
F00072,FP008,learn,1748046734
F00072,FP015,learn,1737011180
F00072,FP001,view,1747783873
F00072,FP016,view,1751183428
F00072,FP011,view,1761583707
F00072,FP004,learn,1752272777
F00072,FP007,view,1757960075
F00072,FP014,learn,1757477114
F00073,FP013,view,1753299308
F00073,FP007,view,1747631091
F00073,FP013,view,1739055374
F00073,FP016,learn,1753998662
F00073,FP017,apply,1743844458
F00073,FP008,view,1766797916
F00073,FP019,view,1756111452
F00073,FP014,view,1744212618
F00073,FP019,view,1736681830
F00073,FP006,view,1762085386
F00074,FP018,view,1766921540
F00074,FP015,view,1740429972
F00074,FP011,view,1753938364
F00074,FP017,view,1766089909
F00074,FP002,view,1742708870
F00075,FP012,view,1742240304
F00075,FP014,view,1751203293
F00075,FP011,view,1758953220
F00075,FP009,view,1736901428
F00075,FP008,view,1764361714
F00075,FP002,learn,1744568912
F00076,FP014,view,1766323919
F00076,FP009,apply,1748345774
F00076,FP019,view,1752991538
F00076,FP011,apply,1739526339
F00076,FP001,apply,1748798356
F00076,FP019,view,1747727215
F00076,FP020,view,1742844890
F00076,FP003,view,1750023300
F00076,FP001,view,1736404908
F00076,FP007,view,1757067945
F00077,FP013,apply,1757197683
F00077,FP014,learn,1757792813
F00077,FP020,learn,1737090696
F00077,FP004,apply,1737105486
F00077,FP013,view,1763209800
F00077,FP003,view,1759333759
F00077,FP010,view,1757037307
F00077,FP005,view,1739378452
F00077,FP009,learn,1763280705
F00077,FP020,view,1739956234
F00078,FP007,learn,1736513464
F00078,FP020,view,1735982709
F00078,FP007,apply,1763910023
F00078,FP005,view,1744314493
F00078,FP001,view,1764021967
F00078,FP004,view,1764043425
F00078,FP010,view,1741867846
F00078,FP007,view,1749346022
F00079,FP019,view,1755982800
F00079,FP016,view,1750157400
F00079,FP002,learn,1762753393
F00079,FP002,view,1753187996
F00079,FP013,view,1747927634
F00079,FP001,view,1752377087
F00079,FP012,apply,1765490078
F00079,FP011,view,1760484330
F00079,FP015,apply,1742390923
F00079,FP014,view,1743632988
F00080,FP019,view,1740733375
F00080,FP004,view,1761650081
F00080,FP004,learn,1759100235
F00080,FP003,view,1759611009
F00080,FP007,view,1753005495
F00080,FP010,apply,1749220056
F00080,FP005,view,1756154099
F00080,FP011,view,1752045694
F00080,FP010,view,1759171103
F00081,FP004,view,1765711828
F00081,FP015,view,1741044427
F00081,FP012,view,1745230084
F00081,FP011,view,1753042235
F00081,FP007,learn,1741061806
F00081,FP002,view,1736468655
F00081,FP014,apply,1741479320
F00081,FP018,view,1757735025
F00081,FP014,view,1752921237
F00081,FP003,view,1741713235
F00082,FP013,learn,1757212987
F00082,FP001,view,1750389088
F00082,FP015,view,1755304816
F00082,FP001,learn,1735909539
F00082,FP012,view,1745715714
F00082,FP017,view,1741870150
F00083,FP007,view,1739577210
F00083,FP012,view,1761709872
F00083,FP018,view,1743874681
F00083,FP016,apply,1744487261
F00083,FP008,view,1766977586
F00083,FP014,view,1758555376
F00083,FP004,learn,1755652198
F00083,FP018,view,1765319846
F00083,FP010,view,1744579158
F00083,FP014,view,1766456796
F00084,FP019,view,1751322499
F00084,FP002,apply,1742493354
F00084,FP007,learn,1755289652
F00084,FP011,learn,1749742365
F00084,FP003,learn,1761116056
F00084,FP004,view,1754557626
F00084,FP019,apply,1766134843
F00084,FP011,view,1743817309
F00085,FP006,view,1744484318
F00085,FP012,apply,1737631624
F00085,FP011,view,1765225079
F00085,FP001,view,1765113265
F00085,FP020,apply,1740343092
F00085,FP004,view,1736450119
F00085,FP002,view,1761125398
F00085,FP003,view,1766152636
F00085,FP006,apply,1762693700
F00086,FP003,learn,1736894528
F00086,FP008,view,1743981013
F00086,FP015,view,1745754597
F00086,FP012,learn,1760384230
F00086,FP019,learn,1754954698
F00086,FP013,apply,1749521184
F00086,FP002,view,1738238719
F00086,FP019,view,1737214244
F00086,FP016,view,1754088297
F00087,FP006,apply,1764048780
F00087,FP016,learn,1747357917
F00087,FP011,view,1742240711
F00087,FP003,view,1749209094
F00087,FP014,apply,1742180601
F00087,FP003,view,1741450680
F00087,FP017,view,1740725530
F00087,FP013,view,1754314682
F00087,FP001,view,1737586980
F00087,FP010,view,1754545924
F00088,FP017,view,1739523580
F00088,FP016,view,1764430448
F00088,FP012,view,1747379447
F00088,FP008,view,1761828239
F00088,FP004,view,1745510902
F00088,FP009,view,1759905932
F00088,FP012,learn,1752849069
F00088,FP011,view,1738498512
F00089,FP006,view,1764918166
F00089,FP006,view,1755035512
F00089,FP007,view,1757173352
F00089,FP013,learn,1735872801
F00090,FP010,view,1738671354
F00090,FP005,view,1761431528
F00090,FP014,view,1745773152
F00090,FP014,view,1750785510
F00090,FP013,learn,1755619872
F00090,FP014,apply,1748059729
F00090,FP014,view,1754144132
F00090,FP007,view,1739998991
F00090,FP002,view,1754119388
F00090,FP007,view,1746044002
F00091,FP014,view,1759239245
F00091,FP005,apply,1743287143
F00091,FP017,view,1743933070
F00091,FP009,learn,1755382215
F00092,FP003,view,1742236773
F00092,FP017,learn,1740382615
F00092,FP005,view,1738670898
F00092,FP001,view,1759300336
F00092,FP010,view,1749860011
F00092,FP003,view,1765999459
F00092,FP013,learn,1741164074
F00092,FP003,view,1752194763
F00092,FP005,view,1761805439
F00092,FP012,view,1763361119
F00093,FP020,view,1744897374
F00093,FP008,view,1754894451
F00093,FP020,learn,1762053152
F00093,FP019,view,1743488180
F00093,FP019,view,1754429359
F00094,FP020,learn,1764723267
F00094,FP004,view,1750157671
F00094,FP003,view,1747242152
F00094,FP012,view,1764740724
F00094,FP017,view,1747913864
F00095,FP004,view,1754796996
F00095,FP018,view,1745143475
F00095,FP012,view,1736472803
F00095,FP013,view,1756630771
F00095,FP005,view,1739751129
F00095,FP004,learn,1744382250
F00095,FP006,view,1746163867
F00095,FP019,view,1761466470
F00095,FP002,view,1747407932
F00096,FP016,view,1744407547
F00096,FP004,view,1763335606
F00096,FP009,view,1756957853
F00096,FP009,view,1749119365
F00096,FP016,view,1739107898
F00096,FP002,view,1759403304
F00096,FP010,learn,1741387644
F00096,FP010,apply,1749291281
F00097,FP004,view,1740372352
F00097,FP005,view,1755328678
F00097,FP014,view,1760206968
F00097,FP010,view,1751914442
F00097,FP007,view,1756143556
F00097,FP014,view,1766343071
F00097,FP012,view,1742492305
F00097,FP007,learn,1740904262
F00098,FP006,apply,1738098023
F00098,FP001,learn,1743546952
F00098,FP012,apply,1757237687
F00098,FP006,view,1752653428
F00098,FP002,apply,1756896122
F00098,FP013,view,1739856549
F00099,FP008,view,1739032161
F00099,FP002,view,1763832325
F00099,FP002,view,1743183325
F00099,FP009,learn,1745764545
F00099,FP013,view,1749076558
F00099,FP016,view,1753584009
F00100,FP008,view,1746282058
F00100,FP019,view,1750992081
F00100,FP002,apply,1735873408
F00100,FP006,view,1750119719
F00100,FP005,view,1738814879
F00100,FP007,view,1745688850
F00100,FP007,learn,1753134093
F00100,FP001,view,1746844234
F00100,FP011,view,1766984854
F00100,FP004,learn,1739765580
F00101,FP019,view,1741882825
F00101,FP004,learn,1751076537
F00101,FP012,learn,1755352680
F00101,FP008,view,1753956306
F00101,FP010,view,1765971615
F00101,FP010,view,1746345904
F00101,FP007,view,1761737810
F00101,FP011,view,1755734763
F00101,FP006,view,1765186007
F00102,FP004,view,1740728106
F00102,FP017,view,1751723748
F00102,FP010,view,1752562091
F00102,FP016,view,1759681450
F00102,FP013,view,1760899256
F00102,FP012,view,1758493701
F00102,FP004,view,1748322599
F00103,FP006,view,1764546490
F00103,FP012,view,1760686215
F00103,FP001,view,1755600407
F00103,FP007,view,1737477027
F00103,FP009,learn,1739220372
F00103,FP010,apply,1762770530
F00103,FP012,learn,1746645312
F00103,FP008,learn,1754472103
F00103,FP009,view,1758063861
F00103,FP009,view,1741347481
F00104,FP008,view,1738753961
F00104,FP002,view,1748683347
F00104,FP012,view,1758009696
F00104,FP002,learn,1757801873
F00104,FP012,view,1760853250
F00104,FP008,apply,1737639416
F00104,FP007,view,1759874415
F00105,FP004,view,1754257737
F00105,FP019,view,1739917115
F00105,FP005,view,1765248041
F00105,FP009,view,1760097953
F00105,FP009,apply,1759333728
F00106,FP005,view,1751149175
F00106,FP011,apply,1750882943
F00106,FP003,view,1755390517
F00106,FP006,view,1751330440
F00106,FP001,view,1766559777
F00106,FP019,view,1738830018
F00107,FP013,view,1736087149
F00107,FP006,learn,1739051785
F00107,FP003,view,1749557795
F00107,FP015,view,1739836452
F00107,FP013,view,1751111444
F00107,FP004,view,1749015748
F00107,FP016,view,1737921579
F00107,FP019,learn,1752119127
F00107,FP014,view,1738422266
F00108,FP010,apply,1751742735
F00108,FP012,view,1737771700
F00108,FP016,view,1738036125
F00108,FP007,apply,1758610002
F00108,FP006,apply,1750367599
F00108,FP015,view,1743631708
F00108,FP009,view,1746555260
F00108,FP004,view,1757817857
F00108,FP019,view,1751355287
F00108,FP020,learn,1759600175
F00109,FP020,view,1757483170
F00109,FP019,view,1745606096
F00109,FP009,learn,1762542702
F00109,FP005,view,1742936467
F00109,FP012,view,1741123206
F00109,FP015,view,1761861519
F00109,FP010,view,1762969161
F00109,FP008,apply,1741617921
F00109,FP007,view,1760924465
F00109,FP006,view,1758286700
F00110,FP003,learn,1754630677
F00110,FP011,apply,1753456918
F00110,FP009,view,1761890430
F00110,FP001,apply,1743912511
F00111,FP012,learn,1746776250
F00111,FP001,view,1742823888
F00111,FP002,view,1739193840
F00111,FP002,view,1737515512
F00111,FP006,learn,1738372559
F00112,FP001,view,1738374950
F00112,FP009,view,1735946194
F00112,FP018,view,1752433175
F00112,FP001,apply,1765888953
F00112,FP006,learn,1761613616
F00112,FP012,view,1750157668
F00112,FP003,view,1751372420
F00113,FP007,learn,1764666766
F00113,FP008,learn,1765922602
F00113,FP003,view,1753857964
F00113,FP005,view,1747864041
F00113,FP011,apply,1753406128
F00113,FP004,learn,1754476630
F00113,FP012,view,1750356272
F00113,FP020,view,1764078119
F00114,FP002,view,1754135688
F00114,FP005,view,1749143787
F00114,FP014,view,1758667178
F00114,FP001,view,1763825168
F00114,FP014,view,1736988514
F00114,FP015,learn,1758792825
F00114,FP019,view,1761077059
F00114,FP005,view,1737802532
F00114,FP020,view,1747171923
F00114,FP006,view,1764823437
F00115,FP010,view,1739686113
F00115,FP004,apply,1765328713
F00115,FP015,view,1766852384
F00115,FP012,view,1747482207
F00115,FP006,view,1756405798
F00115,FP007,view,1754801717
F00115,FP014,view,1762862041
F00115,FP004,view,1751564010
F00116,FP013,view,1754311140
F00116,FP003,view,1762639801
F00116,FP006,view,1746887583
F00116,FP018,view,1751752703
F00116,FP007,learn,1748520883
F00116,FP014,learn,1740330246
F00116,FP001,view,1753573075
F00117,FP011,view,1762723427
F00117,FP002,view,1744655871
F00117,FP007,learn,1760273234
F00117,FP011,view,1743874858
F00117,FP014,learn,1745319701
F00117,FP007,view,1736240380
F00117,FP012,learn,1740240437
F00117,FP001,view,1749668195
F00117,FP006,learn,1750682501
F00118,FP004,apply,1766731700
F00118,FP014,view,1743587711
F00118,FP019,view,1751808165
F00118,FP018,view,1741887718
F00118,FP019,learn,1753041315
F00118,FP006,view,1739897803
F00118,FP008,view,1741113365
F00118,FP009,view,1752189000
F00119,FP014,view,1750302939
F00119,FP015,view,1760333972
F00119,FP002,apply,1749041081
F00119,FP005,view,1755122990
F00119,FP011,apply,1751265171
F00120,FP006,view,1753562048
F00120,FP014,view,1743510406
F00120,FP012,view,1748334181
F00120,FP001,view,1739900022
F00120,FP003,view,1750641160
F00120,FP002,apply,1757611556
F00121,FP004,view,1765410807
F00121,FP010,learn,1764351284
F00121,FP020,view,1764105393
F00121,FP004,view,1751595816
F00121,FP006,learn,1766141118
F00121,FP011,learn,1742256469
F00121,FP020,apply,1752771545
F00121,FP012,view,1749028353
F00121,FP011,view,1756238924
F00121,FP017,view,1742557262
F00122,FP013,view,1736932811
F00122,FP007,view,1746385795
F00122,FP004,view,1754137918
F00122,FP002,view,1735785081
F00122,FP004,view,1759132396
F00123,FP001,view,1755516986
F00123,FP019,view,1741473300
F00123,FP010,learn,1751250043
F00123,FP012,view,1738628700
F00124,FP013,learn,1757754576
F00124,FP005,learn,1745288830
F00124,FP004,learn,1752224624
F00124,FP011,learn,1758261454
F00124,FP020,view,1740342564
F00125,FP011,view,1742871702
F00125,FP014,view,1748760075
F00125,FP001,view,1758690083
F00125,FP010,view,1756023296
F00125,FP001,view,1743824560
F00125,FP013,learn,1737393037
F00125,FP003,view,1752245021
F00125,FP002,view,1760486754
F00125,FP018,view,1764739148
F00125,FP003,learn,1751209893
F00126,FP013,apply,1754592261
F00126,FP011,view,1760758473
F00126,FP017,view,1737775268
F00126,FP013,view,1756379225
F00126,FP019,view,1744146563
F00126,FP006,apply,1739237983
F00127,FP009,view,1747158590
F00127,FP018,view,1763484972
F00127,FP013,learn,1744525752
F00127,FP015,view,1745478252
F00127,FP005,view,1763237169
F00127,FP011,learn,1736544624
F00128,FP018,learn,1762250108
F00128,FP016,learn,1742730290
F00128,FP003,apply,1748265976
F00128,FP016,apply,1759075870
F00128,FP007,learn,1751338309
F00128,FP010,view,1745064871
F00129,FP012,learn,1760394901
F00129,FP005,view,1761909108
F00129,FP008,apply,1762692139
F00129,FP002,view,1763205797
F00130,FP010,view,1756865359
F00130,FP010,view,1738605826
F00130,FP015,learn,1745079080
F00130,FP006,view,1761366753
F00130,FP002,view,1742891117
F00130,FP013,apply,1743832105
F00130,FP010,view,1759089089
F00130,FP001,view,1739456317
F00131,FP008,view,1747157981
F00131,FP015,view,1748877291
F00131,FP005,view,1749280318
F00131,FP012,view,1761140941
F00132,FP008,view,1766734563
F00132,FP002,apply,1759504970
F00132,FP002,view,1761253542
F00132,FP014,view,1764301298
F00133,FP001,learn,1736897889
F00133,FP005,view,1763930683
F00133,FP006,view,1747214652
F00133,FP013,view,1741211710
F00133,FP014,view,1749930638
F00133,FP002,view,1749309123
F00134,FP008,view,1763194116
F00134,FP014,view,1754677639
F00134,FP010,view,1744379447
F00134,FP010,view,1766567281
F00134,FP001,view,1755970295
F00135,FP007,view,1738648794
F00135,FP001,view,1743873979
F00135,FP010,view,1745496903
F00135,FP002,view,1754736055
F00135,FP006,view,1763254636
F00135,FP009,learn,1762047350
F00136,FP011,view,1762543703
F00136,FP009,view,1760567880
F00136,FP001,view,1739958931
F00136,FP016,view,1740437730
F00136,FP004,view,1751792289
F00137,FP009,view,1747250869
F00137,FP017,learn,1746781545
F00137,FP011,view,1756215407
F00137,FP007,view,1740843725
F00137,FP005,view,1738598608
F00137,FP006,view,1751538272
F00137,FP008,learn,1753145625
F00137,FP007,view,1757309959
F00137,FP018,learn,1761245840
F00137,FP017,view,1737942965
F00138,FP014,apply,1752143837
F00138,FP003,view,1736412344
F00138,FP005,view,1740506830
F00138,FP001,view,1736286766
F00138,FP019,view,1749809774
F00139,FP016,learn,1749816919
F00139,FP017,learn,1744037178
F00139,FP002,view,1761104693
F00139,FP006,view,1743740190
F00139,FP016,learn,1761305525
F00139,FP003,view,1766008863
F00139,FP009,apply,1749018405
F00139,FP017,view,1758223684
F00140,FP020,view,1760115933
F00140,FP014,learn,1756211760
F00140,FP007,view,1745721003
F00140,FP011,view,1758234368
F00140,FP005,view,1738717441
F00140,FP012,view,1761083008
F00140,FP006,view,1749681865
F00140,FP009,view,1737443752
F00140,FP003,learn,1752328164
F00141,FP005,learn,1750366777
F00141,FP010,view,1745161131
F00141,FP015,view,1764877270
F00141,FP002,view,1756158069
F00141,FP016,view,1741185481
F00141,FP018,learn,1748847499
F00142,FP002,view,1758794260
F00142,FP011,learn,1766650670
F00142,FP019,view,1736474363
F00142,FP013,apply,1745563128
F00142,FP008,view,1742070582
F00142,FP001,apply,1749762080
F00142,FP009,view,1766349696
F00143,FP007,learn,1737914264
F00143,FP004,view,1737518608
F00143,FP006,view,1753630395
F00143,FP007,learn,1737774060
F00143,FP019,view,1741695439
F00143,FP005,view,1751807082
F00143,FP009,apply,1756714919
F00143,FP009,view,1744933429
F00143,FP006,view,1742824948
F00144,FP001,learn,1740284154
F00144,FP009,view,1738509699
F00144,FP016,view,1746209740
F00144,FP012,view,1757394317
F00145,FP007,view,1761815318
F00145,FP002,view,1747408356
F00145,FP010,learn,1735905106
F00145,FP014,view,1760337364
F00145,FP020,view,1740147456
F00145,FP005,view,1739046049
F00145,FP015,view,1736845225
F00146,FP010,learn,1755776319
F00146,FP006,view,1752661354
F00146,FP014,view,1752817773
F00146,FP007,learn,1752967202
F00146,FP002,view,1741366679
F00146,FP012,view,1739113232
F00146,FP006,learn,1760766660
F00146,FP015,view,1739558112
F00147,FP002,view,1766904497
F00147,FP007,view,1736862568
F00147,FP003,apply,1751153330
F00147,FP014,view,1746427829
F00147,FP019,view,1740614203
F00147,FP006,view,1764181850
F00148,FP007,view,1763149880
F00148,FP009,view,1741647984
F00148,FP009,view,1738287605
F00148,FP020,view,1761310642
F00149,FP014,view,1762693069
F00149,FP014,apply,1748279034
F00149,FP002,view,1744439407
F00149,FP014,view,1736882552
F00149,FP015,view,1763100613
F00149,FP018,view,1762602596
F00149,FP014,apply,1751622294
F00149,FP016,view,1744187881
F00149,FP008,view,1756584596
F00150,FP015,view,1757883935
F00150,FP007,view,1758391156
F00150,FP008,view,1738297233
F00150,FP018,view,1751979496
F00150,FP020,view,1736456475
F00150,FP016,view,1736446769
F00150,FP002,apply,1766749969
F00150,FP017,view,1747172543
F00150,FP020,view,1752555722
F00151,FP003,learn,1751358269
F00151,FP010,view,1764476707
F00151,FP005,view,1759780233
F00151,FP015,apply,1750517095
F00151,FP006,view,1739844887
F00151,FP008,view,1760725412
F00151,FP007,apply,1765679832
F00151,FP020,view,1736431188
F00151,FP019,learn,1743762291
F00151,FP012,view,1756333725
F00152,FP019,view,1753577928
F00152,FP008,learn,1754264190
F00152,FP014,view,1742671844
F00152,FP020,view,1747027686
F00152,FP014,learn,1759235364
F00152,FP008,view,1760918648
F00152,FP012,learn,1748401856
F00152,FP020,learn,1737098628
F00152,FP005,view,1738671378
F00153,FP008,view,1753424749
F00153,FP004,learn,1743649051
F00153,FP003,learn,1750329229
F00153,FP006,view,1764850923
F00153,FP020,apply,1751926746
F00154,FP002,view,1744516001
F00154,FP013,learn,1743232694
F00154,FP002,apply,1737872906
F00154,FP014,view,1760473444
F00154,FP011,view,1740462555
F00154,FP015,view,1759795924
F00154,FP008,learn,1744949878
F00154,FP013,view,1741872673
F00154,FP014,view,1741911514
F00154,FP006,view,1762270406
F00155,FP005,view,1739523251
F00155,FP008,learn,1765127891
F00155,FP010,view,1736600304
F00155,FP008,apply,1760712651
F00155,FP001,view,1736694752
F00155,FP014,apply,1749247693
F00155,FP011,view,1736706381
F00156,FP015,learn,1754456142
F00156,FP003,view,1750636725
F00156,FP014,view,1741220486
F00156,FP005,learn,1742201486
F00156,FP019,view,1736031784
F00156,FP014,view,1762364549
F00156,FP015,learn,1739997025
F00156,FP020,apply,1757520460
F00157,FP008,view,1759704757
F00157,FP010,view,1736035358
F00157,FP020,view,1764570090
F00157,FP006,view,1751084284
F00157,FP013,view,1754025214
F00157,FP013,view,1748008406
F00157,FP012,view,1745344781
F00157,FP012,apply,1757205318
F00157,FP004,view,1759118997
F00157,FP019,view,1739354476
F00158,FP009,view,1738752745
F00158,FP007,learn,1740467623
F00158,FP008,view,1735859858
F00158,FP007,learn,1742633339
F00158,FP019,view,1758802229
F00158,FP019,view,1755334385
F00158,FP013,view,1765818700
F00158,FP006,apply,1737041934
F00158,FP001,learn,1741871114
F00159,FP017,view,1737299733
F00159,FP002,view,1741774380
F00159,FP009,view,1753651246
F00159,FP009,learn,1754474620
F00159,FP019,view,1764266446
F00159,FP019,view,1745745182
F00159,FP003,view,1756171994
F00159,FP016,view,1744107415
F00159,FP012,view,1758106194
F00159,FP015,view,1757514528
F00160,FP008,learn,1736262372
F00160,FP015,apply,1755202647
F00160,FP003,view,1763767081
F00160,FP016,view,1749126196
F00160,FP019,view,1765240877
F00160,FP008,apply,1745135939
F00160,FP005,apply,1760516865
F00160,FP009,view,1756478191
F00160,FP005,view,1744045074
F00161,FP012,view,1743201742
F00161,FP013,view,1744817515
F00161,FP011,learn,1744493952
F00161,FP012,view,1749673715
F00161,FP020,view,1763566917
F00161,FP014,apply,1756796893
F00161,FP007,view,1736456773
F00161,FP001,view,1738136754
F00162,FP016,view,1766145923
F00162,FP003,view,1746400171
F00162,FP020,view,1763299180
F00162,FP008,view,1743725368
F00162,FP014,view,1749205711
F00162,FP012,learn,1748272304
F00162,FP005,learn,1754212629
F00162,FP005,learn,1764951591
F00163,FP011,view,1757992861
F00163,FP005,apply,1744848938
F00163,FP002,view,1738608458
F00163,FP006,view,1754943624
F00163,FP008,learn,1741812337
F00163,FP020,learn,1753247663
F00163,FP010,view,1750560988
F00164,FP012,view,1742396368
F00164,FP004,view,1761557965
F00164,FP008,view,1746723943
F00164,FP007,learn,1756985646
F00164,FP012,view,1766099339
F00164,FP001,learn,1737309960
F00165,FP014,view,1749605377
F00165,FP019,view,1745553645
F00165,FP004,view,1761653836
F00165,FP002,view,1738247430
F00165,FP007,view,1761240208
F00165,FP010,view,1761229411
F00165,FP004,view,1760052074
F00165,FP004,view,1763775926
F00166,FP006,view,1766223608
F00166,FP013,view,1757014840
F00166,FP013,learn,1738158956
F00166,FP010,view,1762526897
F00166,FP006,view,1766912225
F00166,FP013,learn,1746243544
F00166,FP011,learn,1762136197
F00166,FP012,view,1750074183
F00166,FP006,learn,1735938687
F00166,FP014,apply,1745178769
F00167,FP010,view,1766070124
F00167,FP005,view,1764757928
F00167,FP006,view,1762414279
F00167,FP015,learn,1749887138
F00167,FP016,learn,1738090724
F00168,FP020,view,1742651793
F00168,FP009,view,1762449487
F00168,FP004,view,1735983326
F00168,FP006,view,1737036677
F00168,FP019,view,1761935244
F00169,FP008,view,1754183136
F00169,FP004,learn,1750449846
F00169,FP013,learn,1750095681
F00169,FP018,view,1756219512
F00170,FP020,view,1738289366
F00170,FP005,view,1738656796
F00170,FP017,view,1739572158
F00170,FP013,learn,1738258242
F00170,FP020,learn,1749147644
F00170,FP001,view,1754956916
F00170,FP001,view,1753360322
F00171,FP001,view,1754209787
F00171,FP002,view,1738494844
F00171,FP012,view,1761933634
F00171,FP009,view,1755118446
F00171,FP017,view,1747580067
F00171,FP019,learn,1759063807
F00172,FP005,view,1739777440
F00172,FP017,view,1739711063
F00172,FP012,view,1756458186
F00172,FP019,view,1737109763
F00172,FP011,view,1762088759
F00172,FP019,learn,1752707205
F00172,FP018,view,1757937285
F00172,FP016,view,1751562982
F00172,FP006,learn,1748593457
F00172,FP002,learn,1740273601
F00173,FP012,view,1763072099
F00173,FP020,view,1764119360
F00173,FP012,view,1745844685
F00173,FP013,learn,1736092499
F00173,FP002,view,1750857360
F00174,FP011,view,1751395276
F00174,FP011,view,1738342097
F00174,FP009,view,1761815043
F00174,FP001,learn,1736278826
F00174,FP012,view,1749812946
F00174,FP013,view,1761075129
F00174,FP014,learn,1751891134
F00174,FP004,view,1757651869
F00174,FP014,apply,1744107195
F00175,FP005,learn,1762910697
F00175,FP009,view,1766826487
F00175,FP012,view,1741282289
F00175,FP007,learn,1765500509
F00175,FP019,view,1746663219
F00175,FP003,view,1751774916
F00175,FP002,learn,1741794863
F00175,FP001,view,1763678870
F00175,FP010,view,1756068032
F00176,FP003,view,1755962270
F00176,FP002,apply,1738045822
F00176,FP020,learn,1752849356
F00176,FP009,learn,1757697237
F00176,FP001,learn,1759399333
F00176,FP011,view,1738359048
F00176,FP001,view,1740105901
F00177,FP005,view,1746318616
F00177,FP017,view,1761481741
F00177,FP014,view,1737087361
F00177,FP003,view,1766041848
F00177,FP004,learn,1736074468
F00177,FP013,view,1735746046
F00177,FP014,view,1756366368
F00177,FP007,apply,1748438405
F00177,FP004,view,1739577880
F00178,FP015,view,1746008268
F00178,FP009,learn,1753051991
F00178,FP001,view,1761441429
F00178,FP016,view,1763525435
F00178,FP008,view,1742205493
F00178,FP002,view,1741888616
F00178,FP016,view,1741363525
F00179,FP004,view,1743168939
F00179,FP008,view,1751968549
F00179,FP005,view,1743431723
F00179,FP011,learn,1746158874
F00179,FP008,view,1754235810
F00179,FP003,learn,1761386753
F00179,FP019,view,1757010580
F00179,FP007,apply,1761284587
F00180,FP006,apply,1740223722
F00180,FP011,apply,1752290678
F00180,FP002,view,1739282415
F00180,FP013,view,1764377271
F00180,FP007,view,1746249298
F00180,FP001,view,1753587908
F00180,FP012,view,1756669075
F00180,FP014,apply,1756827785
F00180,FP008,learn,1736599562
F00181,FP004,view,1753501460
F00181,FP009,view,1757114607
F00181,FP002,view,1757888947
F00181,FP004,view,1747377583
F00181,FP015,view,1759993441
F00181,FP007,view,1737069140
F00181,FP004,view,1739680653
F00181,FP012,view,1741393968
F00181,FP015,apply,1756647494
F00182,FP019,view,1754227933
F00182,FP011,view,1737118336
F00182,FP020,learn,1741926093
F00182,FP009,view,1748463701
F00182,FP008,view,1757465456
F00182,FP005,view,1748029199
F00182,FP007,apply,1748075755
F00182,FP020,view,1739626780
F00183,FP001,view,1747851395
F00183,FP001,view,1751413442
F00183,FP011,view,1765957038
F00183,FP002,view,1750716148
F00183,FP009,view,1762328461
F00183,FP001,apply,1762722350
F00183,FP002,learn,1750720619
F00183,FP007,view,1761197650
F00183,FP019,view,1736884040
F00184,FP016,view,1744193089
F00184,FP008,view,1742365039
F00184,FP018,view,1761172735
F00184,FP014,view,1750268066
F00185,FP012,learn,1763777597
F00185,FP007,view,1737199064
F00185,FP016,learn,1755399840
F00185,FP015,view,1754911437
F00185,FP001,view,1760584844
F00185,FP006,view,1748379597
F00185,FP012,learn,1750774798
F00186,FP004,learn,1737812991
F00186,FP003,view,1757931223
F00186,FP001,view,1740390836
F00186,FP020,view,1741329588
F00186,FP016,learn,1746433777
F00186,FP012,apply,1763747150
F00186,FP001,view,1737919103
F00186,FP010,view,1762186034
F00186,FP015,learn,1739806094
F00186,FP002,view,1749380146
F00187,FP017,view,1766777501
F00187,FP003,view,1737177123
F00187,FP010,apply,1750313795
F00187,FP007,view,1766287505
F00188,FP019,view,1736072489
F00188,FP007,view,1739754901
F00188,FP007,learn,1766672610
F00188,FP008,view,1750247176
F00188,FP019,apply,1738535227
F00188,FP014,learn,1751549011
F00188,FP019,learn,1736489472
F00189,FP002,view,1741386211
F00189,FP018,view,1743495176
F00189,FP011,view,1749716682
F00189,FP019,view,1759224631
F00189,FP020,view,1744252179
F00189,FP002,learn,1737631785
F00189,FP017,apply,1756429405
F00189,FP003,learn,1748213980
F00189,FP004,view,1748099980
F00190,FP003,apply,1744359630
F00190,FP002,view,1755683836
F00190,FP013,view,1758611025
F00190,FP003,view,1748763896
F00190,FP004,view,1756088495
F00190,FP018,view,1746717761
F00190,FP002,view,1743508794
F00190,FP013,view,1756010120
F00190,FP011,view,1753089575
F00191,FP005,view,1760057114
F00191,FP001,view,1756361071
F00191,FP004,view,1746228885
F00191,FP004,view,1759850702
F00191,FP010,learn,1738202997
F00191,FP009,view,1757083416
F00191,FP008,view,1759710811
F00191,FP014,view,1765729657
F00191,FP003,view,1744800160
F00191,FP010,view,1764906468
F00192,FP011,learn,1748044894
F00192,FP002,view,1756621662
F00192,FP005,view,1765245922
F00192,FP008,view,1758247569
F00192,FP002,view,1745841588
F00192,FP004,view,1737122537
F00192,FP016,learn,1760766057
F00193,FP006,view,1736348782
F00193,FP014,view,1742305082
F00193,FP014,view,1740945300
F00193,FP013,view,1740276614
F00193,FP011,view,1746076662
F00193,FP013,view,1746919443
F00193,FP008,view,1741183317
F00193,FP008,view,1736860815
F00193,FP006,view,1737419483
F00193,FP011,view,1747690042
F00194,FP001,view,1763433897
F00194,FP003,view,1738806821
F00194,FP002,learn,1758101161
F00194,FP009,view,1758363695
F00194,FP007,learn,1755045820
F00195,FP006,view,1747241807
F00195,FP005,view,1751813472
F00195,FP005,view,1763877332
F00195,FP020,view,1741421300
F00196,FP017,view,1749680987
F00196,FP011,learn,1751288901
F00196,FP001,view,1738764404
F00196,FP008,learn,1761572505
F00196,FP019,apply,1744679364
F00196,FP019,view,1747857687
F00196,FP014,view,1762560941
F00196,FP016,learn,1746458186
F00196,FP015,view,1736617645
F00196,FP002,view,1758944025
F00197,FP003,view,1746077230
F00197,FP001,view,1761150397
F00197,FP012,view,1754515695
F00197,FP013,view,1762692499
F00197,FP006,view,1744821384
F00197,FP008,apply,1740138143
F00197,FP010,view,1760918587
F00197,FP007,view,1752173504
F00198,FP008,view,1751004409
F00198,FP005,view,1752294622
F00198,FP004,view,1738375704
F00198,FP013,view,1758975434
F00198,FP011,view,1744161448
F00198,FP003,learn,1746797094
F00198,FP019,view,1743748729
F00198,FP004,view,1758140263
F00198,FP005,learn,1749148206
F00199,FP011,view,1737684927
F00199,FP002,view,1764377619
F00199,FP019,view,1736385768
F00199,FP014,view,1758907431
F00199,FP016,view,1741155996
F00199,FP003,learn,1747583632
F00199,FP014,learn,1759607561
F00199,FP016,apply,1763186774
F00199,FP011,view,1740383009
F00199,FP015,view,1741635474
F00200,FP010,learn,1765311762
F00200,FP010,view,1755324937
F00200,FP020,view,1749443935
F00200,FP017,learn,1760176277
F00200,FP009,view,1758281966
F00200,FP019,apply,1762856597
F00200,FP003,view,1742454586
F00200,FP002,view,1739297167
F00201,FP020,view,1751688285
F00201,FP003,learn,1760505817
F00201,FP019,view,1742963699
F00201,FP020,learn,1762430764
F00201,FP001,view,1759549394
F00201,FP012,view,1757816455
F00201,FP014,apply,1751097662
F00201,FP019,learn,1759962246
F00201,FP003,apply,1757809976
F00202,FP009,view,1762872875
F00202,FP005,view,1747288796
F00202,FP004,view,1755514290
F00202,FP001,learn,1741799410
F00202,FP017,view,1752886939
F00203,FP001,view,1755390424
F00203,FP012,view,1743152182
F00203,FP005,view,1744665309
F00203,FP010,view,1740928138
F00203,FP016,view,1758906749
F00204,FP016,learn,1741574654
F00204,FP013,view,1749273259
F00204,FP010,view,1739370045
F00204,FP011,learn,1745921291
F00204,FP012,view,1742563831
F00204,FP016,view,1744507555
F00205,FP002,view,1738459585
F00205,FP008,view,1744797405
F00205,FP015,view,1756416521
F00205,FP013,view,1766959289
F00206,FP012,view,1754416262
F00206,FP005,view,1744751975
F00206,FP013,view,1760374589
F00206,FP004,view,1736130099
F00206,FP011,apply,1755811952
F00206,FP008,view,1752004463
F00207,FP007,view,1763343572
F00207,FP019,learn,1761905074
F00207,FP014,view,1736516100
F00207,FP005,view,1750730961
F00207,FP001,view,1738886523
F00207,FP011,apply,1763591008
F00208,FP005,view,1743869484
F00208,FP002,view,1763450681
F00208,FP006,view,1763228826
F00208,FP004,view,1756811947
F00208,FP012,learn,1755497472
F00208,FP014,learn,1743449996
F00208,FP011,view,1741765032
F00208,FP012,view,1766929530
F00209,FP009,view,1753146495
F00209,FP020,view,1763598639
F00209,FP014,view,1747393689
F00209,FP020,view,1742049023
F00209,FP014,view,1766116704
F00209,FP010,apply,1746442860
F00209,FP014,apply,1757996937
F00210,FP004,view,1760470796
F00210,FP007,learn,1759788082
F00210,FP003,view,1745761200
F00210,FP019,view,1737890720
F00210,FP010,view,1757751899
F00210,FP019,view,1756912682
F00211,FP004,learn,1749580597
F00211,FP008,view,1756492099
F00211,FP001,view,1766083295
F00211,FP020,learn,1756740757
F00211,FP020,view,1765628604
F00211,FP016,view,1747110727
F00211,FP004,view,1764332010
F00211,FP009,learn,1738897611
F00211,FP011,learn,1749383871
F00212,FP009,view,1745632156
F00212,FP013,view,1755490550
F00212,FP019,view,1753932840
F00212,FP019,view,1755676927
F00212,FP006,view,1750455892
F00212,FP007,apply,1756320121
F00212,FP016,view,1753028841
F00212,FP008,learn,1761482940
F00212,FP017,view,1749910004
F00213,FP010,view,1748507666
F00213,FP003,view,1762472366
F00213,FP020,learn,1761767734
F00213,FP020,learn,1737464004
F00213,FP006,view,1737759875
F00213,FP019,view,1761095658
F00213,FP006,view,1740111785
F00214,FP001,view,1751476241
F00214,FP005,apply,1764599972
F00214,FP014,view,1737618169
F00214,FP015,view,1744292752
F00214,FP001,view,1742783637
F00215,FP015,learn,1743706785
F00215,FP017,learn,1740251189
F00215,FP016,view,1760978097
F00215,FP009,view,1745891466
F00215,FP002,view,1762737057
F00215,FP004,view,1761324099
F00215,FP004,view,1745935652
F00215,FP013,view,1739697234
F00215,FP012,view,1747485735
F00216,FP014,view,1738473839
F00216,FP019,view,1759302214
F00216,FP005,view,1764634274
F00216,FP005,view,1761636810
F00216,FP013,view,1743859842
F00216,FP020,view,1738255954
F00216,FP009,view,1755893966
F00216,FP019,view,1739280363
F00216,FP003,learn,1741414872
F00216,FP008,view,1762023030
F00217,FP020,view,1738395377
F00217,FP003,view,1764813281
F00217,FP007,view,1735730116
F00217,FP020,view,1739324649
F00217,FP019,view,1735828530
F00217,FP013,view,1753891931
F00217,FP019,view,1743820044
F00217,FP010,learn,1750214385
F00217,FP010,view,1752212504
F00217,FP002,learn,1747948163
F00218,FP019,learn,1740219533
F00218,FP012,learn,1756868695
F00218,FP009,view,1743927561
F00218,FP018,view,1750454577
F00218,FP011,apply,1741230471
F00218,FP001,learn,1749112313
F00219,FP008,view,1740599873
F00219,FP006,view,1760200362
F00219,FP012,view,1743061989
F00219,FP003,view,1745594933
F00219,FP013,view,1758037230
F00219,FP002,view,1740456834
F00219,FP008,view,1761517253
F00219,FP013,learn,1766049012
F00219,FP008,learn,1737701177
F00220,FP010,view,1751645256
F00220,FP013,learn,1743441920
F00220,FP010,view,1757353697
F00220,FP011,view,1755459761
F00220,FP011,view,1761237156
F00221,FP005,view,1760819873
F00221,FP007,view,1745266516
F00221,FP014,view,1749102859
F00221,FP011,view,1764117432
F00221,FP014,view,1756689046
F00221,FP003,view,1737878675
F00221,FP001,view,1744404341
F00221,FP012,learn,1737694061
F00221,FP006,view,1746738068
F00222,FP018,learn,1741291443
F00222,FP009,view,1753830288
F00222,FP020,apply,1761620177
F00222,FP003,view,1747217961
F00222,FP011,learn,1764222650
F00222,FP002,view,1760098068
F00223,FP001,view,1736851588
F00223,FP015,view,1765877762
F00223,FP010,view,1765699612
F00223,FP013,apply,1741519630
F00223,FP014,view,1747934303
F00223,FP010,learn,1754399217
F00224,FP004,learn,1740992931
F00224,FP020,learn,1739997368
F00224,FP012,learn,1757399414
F00224,FP012,view,1736969641
F00225,FP010,view,1736035212
F00225,FP005,view,1758956396
F00225,FP010,view,1745918977
F00225,FP020,view,1738704309
F00225,FP020,learn,1740642292
F00225,FP019,view,1749021452
F00225,FP010,view,1742540729
F00226,FP014,learn,1749657646
F00226,FP005,view,1756347535
F00226,FP013,view,1752266548
F00226,FP018,apply,1741789455
F00226,FP004,view,1754383685
F00226,FP004,apply,1759700204
F00226,FP004,view,1759487874
F00226,FP007,view,1740901495
F00227,FP018,apply,1755417339
F00227,FP007,view,1756774152
F00227,FP016,view,1740253003
F00227,FP007,view,1749224499
F00227,FP012,view,1742634959
F00227,FP015,view,1762192468
F00227,FP001,learn,1753890169
F00227,FP017,learn,1749269912
F00227,FP011,view,1749950027
F00227,FP018,view,1751145034
F00228,FP002,view,1753125681
F00228,FP001,apply,1763116716
F00228,FP009,learn,1745532181
F00228,FP009,view,1759938742
F00229,FP014,view,1740548217
F00229,FP014,view,1740656974
F00229,FP016,learn,1759566647
F00229,FP002,view,1752985985
F00229,FP006,learn,1753036849
F00229,FP002,learn,1757757503
F00229,FP002,view,1759935036
F00229,FP011,view,1763184805
F00230,FP006,apply,1752895194
F00230,FP019,learn,1750447343
F00230,FP007,view,1743044058
F00230,FP003,learn,1747200952
F00230,FP020,view,1766851805
F00230,FP017,view,1751366828
F00231,FP012,view,1753674388
F00231,FP007,view,1757684394
F00231,FP016,view,1749854942
F00231,FP008,learn,1766805697
F00231,FP017,view,1746210906
F00232,FP015,view,1760759486
F00232,FP015,learn,1738734334
F00232,FP015,view,1753799250
F00232,FP011,view,1739890791
F00232,FP014,view,1746662740
F00232,FP011,view,1752905576
F00232,FP010,view,1754745663
F00232,FP009,view,1761682821
F00232,FP008,apply,1752120179
F00232,FP005,view,1744142790
F00233,FP015,view,1746039144
F00233,FP002,view,1759543820
F00233,FP009,view,1749471756
F00233,FP007,view,1737570151
F00233,FP012,apply,1736787898
F00233,FP006,view,1739397920
F00234,FP008,apply,1766664328
F00234,FP014,view,1738045233
F00234,FP006,view,1754574322
F00234,FP010,view,1739528641
F00234,FP001,view,1737461367
F00234,FP009,view,1742314344
F00234,FP003,view,1760732035
F00234,FP013,view,1758220038
F00234,FP003,learn,1740925946
F00235,FP018,view,1762723236
F00235,FP004,apply,1752157108
F00235,FP011,view,1746735729
F00235,FP005,view,1764762301
F00235,FP006,view,1757297631
F00236,FP007,learn,1740173455
F00236,FP006,learn,1750457069
F00236,FP010,learn,1756613382
F00236,FP011,view,1748601093
F00237,FP006,learn,1763594697
F00237,FP009,view,1761973403
F00237,FP020,view,1744238176
F00237,FP004,view,1765060995
F00237,FP017,view,1749883498
F00237,FP014,view,1737971265
F00237,FP020,learn,1749203084
F00237,FP002,view,1753745807
F00238,FP008,learn,1743643011
F00238,FP007,view,1750185581
F00238,FP004,view,1754949153
F00238,FP020,apply,1742504544
F00238,FP011,view,1739031242
F00238,FP006,view,1760067367
F00238,FP017,view,1758988763
F00238,FP007,apply,1766332565
F00238,FP009,learn,1744316544
F00239,FP003,view,1760852970
F00239,FP002,view,1761158326
F00239,FP007,learn,1765846000
F00239,FP019,view,1760638317
F00239,FP003,view,1756725847
F00239,FP011,view,1766609375
F00239,FP002,apply,1752646311
F00239,FP020,view,1736564680
F00240,FP007,view,1762933636
F00240,FP003,apply,1742332531
F00240,FP015,apply,1764667730
F00240,FP008,view,1760654152
F00240,FP012,view,1744920140
F00240,FP020,view,1755062702
F00241,FP004,view,1743661610
F00241,FP017,view,1766417111
F00241,FP005,view,1743860771
F00241,FP002,view,1751360376
F00241,FP003,view,1748681017
F00241,FP014,view,1760221709
F00242,FP020,apply,1758305070
F00242,FP014,learn,1744254556
F00242,FP001,view,1764361047
F00242,FP019,view,1763595771
F00242,FP004,learn,1756481675
F00242,FP007,view,1756974140
F00242,FP012,view,1746023340
F00242,FP006,view,1766012219
F00242,FP015,learn,1754892720
F00242,FP004,apply,1756033661
F00243,FP011,view,1735926360
F00243,FP007,learn,1751346314
F00243,FP012,learn,1743335820
F00243,FP019,view,1766916000
F00243,FP006,view,1740866468
F00243,FP011,view,1763291596
F00243,FP020,view,1760034890
F00243,FP015,learn,1759510732
F00243,FP010,view,1759739677
F00243,FP011,view,1755180351
F00244,FP007,learn,1739016503
F00244,FP017,view,1754584049
F00244,FP009,view,1763940676
F00244,FP004,view,1757332358
F00244,FP017,view,1750806560
F00244,FP012,view,1763694743
F00244,FP013,learn,1747194646
F00244,FP020,learn,1736453525
F00244,FP015,apply,1755497323
F00245,FP003,view,1748276188
F00245,FP011,view,1753246702
F00245,FP003,learn,1765157007
F00245,FP015,learn,1756965594
F00245,FP019,view,1735730808
F00245,FP009,view,1740438118
F00245,FP010,learn,1764096393
F00245,FP011,view,1735898557
F00246,FP009,view,1750855058
F00246,FP014,view,1747138823
F00246,FP001,view,1762463834
F00246,FP003,apply,1747276802
F00247,FP015,view,1742665947
F00247,FP012,view,1760011458
F00247,FP020,view,1748337813
F00247,FP018,learn,1739863401
F00247,FP007,view,1748571570
F00247,FP007,view,1745317696
F00247,FP012,view,1746310626
F00247,FP004,view,1740625483
F00247,FP014,view,1743356060
F00247,FP018,view,1744148813
F00248,FP007,view,1747507406
F00248,FP012,view,1740354946
F00248,FP001,view,1756534484
F00248,FP002,view,1744393479
F00248,FP005,view,1739115446
F00248,FP019,view,1738354200
F00249,FP009,view,1754513822
F00249,FP012,view,1759868011
F00249,FP001,view,1759338297
F00249,FP003,view,1763763046
F00249,FP007,view,1744877906
F00249,FP007,view,1749925719
F00249,FP004,view,1756528764
F00249,FP014,view,1736523706
F00250,FP009,learn,1744439556
F00250,FP012,apply,1758817827
F00250,FP002,view,1740001642
F00250,FP019,view,1749532747
F00250,FP002,view,1749173642
F00250,FP010,view,1735730216
F00251,FP001,view,1747050746
F00251,FP014,view,1749220232
F00251,FP020,view,1740511878
F00251,FP011,view,1762288485
F00251,FP011,view,1760177844
F00251,FP016,view,1756561566
F00251,FP002,view,1747105907
F00251,FP001,view,1737225307
F00251,FP010,view,1742613718
F00252,FP005,learn,1759232335
F00252,FP020,learn,1738473865
F00252,FP007,view,1739305896
F00252,FP005,view,1747257019
F00252,FP011,view,1758587237
F00252,FP012,learn,1740132957
F00252,FP001,view,1754398010
F00252,FP005,view,1739607196
F00252,FP011,apply,1738938540
F00252,FP012,learn,1763723326
F00253,FP014,view,1751438435
F00253,FP007,view,1737486483
F00253,FP007,view,1743260422
F00253,FP004,view,1753613124
F00253,FP012,view,1741813822
F00254,FP013,view,1739324084
F00254,FP014,view,1743043986
F00254,FP006,view,1740981578
F00254,FP005,view,1758424793
F00254,FP012,view,1737838276
F00254,FP008,view,1745448746
F00254,FP003,view,1758784824
F00254,FP009,learn,1766184470
F00255,FP005,view,1761203398
F00255,FP004,apply,1762159463
F00255,FP006,learn,1744760869
F00255,FP011,view,1751236724
F00255,FP005,learn,1762872360
F00255,FP006,view,1759333642
F00255,FP001,apply,1747026150
F00256,FP003,view,1764129359
F00256,FP017,view,1760648281
F00256,FP005,view,1766716082
F00256,FP013,view,1763108876
F00256,FP016,learn,1736109226
F00256,FP011,learn,1755073214
F00256,FP002,view,1755336571
F00256,FP015,learn,1741859880
F00257,FP007,apply,1743696697
F00257,FP018,view,1759284990
F00257,FP018,learn,1749629627
F00257,FP006,learn,1758401918
F00258,FP012,learn,1750586593
F00258,FP004,learn,1762004424
F00258,FP005,view,1746544079
F00258,FP012,view,1752876915
F00258,FP007,learn,1762609122
F00258,FP014,view,1754727919
F00258,FP004,view,1757106142
F00258,FP005,learn,1757326673
F00258,FP004,learn,1739960469
F00259,FP008,view,1739961190
F00259,FP010,learn,1757127923
F00259,FP002,view,1737920697
F00259,FP018,view,1747121266
F00259,FP004,view,1755624939
F00259,FP003,apply,1746858675
F00260,FP012,view,1756948924
F00260,FP012,view,1737398351
F00260,FP020,view,1745187990
F00260,FP003,view,1762540541
F00260,FP012,apply,1760517775
F00260,FP003,apply,1752996377
F00260,FP003,learn,1764370181
F00260,FP011,view,1766430884
F00260,FP013,view,1743861895
F00261,FP014,apply,1755274160
F00261,FP008,view,1737728809
F00261,FP002,learn,1766599430
F00261,FP020,view,1757783150
F00262,FP011,view,1758205273
F00262,FP014,view,1759714439
F00262,FP011,view,1740488353
F00262,FP010,view,1736055982
F00262,FP017,learn,1745383472
F00262,FP009,learn,1756771371
F00263,FP009,apply,1740226531
F00263,FP005,view,1757929759
F00263,FP008,view,1766386366
F00263,FP010,learn,1757532610
F00263,FP018,view,1762907671
F00263,FP006,view,1760413085
F00263,FP011,view,1752307478
F00263,FP003,view,1750857784
F00263,FP009,view,1743830214
F00263,FP017,view,1746409572
F00264,FP007,view,1756608344
F00264,FP010,view,1752918578
F00264,FP008,view,1742392654
F00264,FP013,learn,1752334964
F00264,FP019,view,1749906978
F00264,FP009,learn,1747480473
F00264,FP011,view,1746014667
F00264,FP006,view,1763013211
F00264,FP002,view,1740933373
F00264,FP001,view,1755278472
F00265,FP009,view,1735982521
F00265,FP009,view,1743122090
F00265,FP018,learn,1756007265
F00265,FP020,view,1765362748
F00265,FP006,view,1756267909
F00265,FP016,view,1749870988
F00265,FP019,view,1735926129
F00265,FP001,learn,1748178287
F00265,FP008,view,1762181631
F00265,FP004,view,1753089562
F00266,FP006,view,1760579161
F00266,FP001,learn,1739143008
F00266,FP020,view,1752073405
F00266,FP002,view,1748295853
F00267,FP008,learn,1743030934
F00267,FP001,view,1747416058
F00267,FP009,learn,1740922591
F00267,FP010,view,1744923015
F00267,FP005,view,1741444064
F00267,FP015,learn,1736207317
F00268,FP006,view,1752524082
F00268,FP010,view,1743669344
F00268,FP009,view,1749794528
F00268,FP020,view,1761152922
F00268,FP003,view,1762662149
F00268,FP012,learn,1751898244
F00268,FP002,view,1760325516
F00268,FP004,view,1742688599
F00268,FP019,view,1753341570
F00268,FP007,view,1763636443
F00269,FP009,view,1766979950
F00269,FP010,view,1745302973
F00269,FP010,view,1762915384
F00269,FP010,view,1755577036
F00269,FP014,view,1752116512
F00269,FP006,view,1766160118
F00269,FP002,view,1753622202
F00269,FP004,view,1752280732
F00269,FP001,view,1740803327
F00270,FP002,apply,1764495355
F00270,FP006,view,1760627443
F00270,FP005,view,1765278464
F00270,FP005,learn,1755762195
F00270,FP004,view,1753259299
F00270,FP014,view,1759909988
F00270,FP011,view,1740592043
F00270,FP012,view,1757782713
F00270,FP005,view,1750211294
F00270,FP020,view,1758393686
F00271,FP007,learn,1760511099
F00271,FP001,view,1738856024
F00271,FP005,view,1766427179
F00271,FP001,learn,1762847227
F00271,FP001,learn,1756259728
F00271,FP013,view,1741848051
F00272,FP006,view,1753997183
F00272,FP014,view,1759609163
F00272,FP003,learn,1736845013
F00272,FP013,view,1741058481
F00273,FP012,view,1740357567
F00273,FP003,view,1747964676
F00273,FP007,view,1755687658
F00273,FP008,view,1748426252
F00273,FP012,view,1761943175
F00273,FP012,view,1759701923
F00274,FP002,view,1752921021
F00274,FP012,apply,1735822583
F00274,FP010,view,1761946184
F00274,FP010,view,1745999761
F00274,FP015,view,1760848315
F00274,FP007,view,1742762619
F00274,FP007,view,1756710201
F00274,FP015,view,1745889596
F00274,FP011,view,1756484952
F00275,FP001,view,1737057037
F00275,FP009,view,1757209942
F00275,FP008,view,1765741194
F00275,FP006,view,1751735410
F00276,FP015,view,1759568582
F00276,FP001,view,1753575541
F00276,FP020,learn,1755518703
F00276,FP015,view,1750216335
F00276,FP006,view,1754195347
F00277,FP015,view,1762846666
F00277,FP010,view,1743133011
F00277,FP010,view,1745863063
F00277,FP003,learn,1754857516
F00278,FP011,learn,1766239009
F00278,FP007,view,1763422718
F00278,FP006,view,1757222124
F00278,FP006,learn,1736235217
F00278,FP019,view,1757365647
F00278,FP002,learn,1757403484
F00279,FP014,view,1759376220
F00279,FP008,view,1764861516
F00279,FP005,view,1747349316
F00279,FP007,view,1745433376
F00279,FP018,view,1736115022
F00279,FP002,view,1740470457
F00279,FP018,view,1757506349
F00279,FP018,learn,1752073810
F00279,FP005,view,1749686550
F00279,FP012,learn,1735860402
F00280,FP011,view,1754798007
F00280,FP004,view,1750681380
F00280,FP016,view,1760191068
F00280,FP005,view,1759452160
F00280,FP011,view,1759054850
F00280,FP013,view,1741667427
F00280,FP001,view,1753382529
F00280,FP011,learn,1748687952
F00280,FP016,learn,1757874373
F00281,FP008,apply,1748037128
F00281,FP014,apply,1753001615
F00281,FP017,learn,1762711143
F00281,FP014,learn,1742861155
F00281,FP014,apply,1736036344
F00281,FP011,view,1765806061
F00281,FP008,view,1740617233
F00282,FP020,learn,1737547114
F00282,FP005,view,1748835146
F00282,FP004,view,1743692450
F00282,FP011,view,1742427087
F00282,FP002,view,1746569406
F00282,FP004,learn,1747813162
F00282,FP018,learn,1756959090
F00282,FP020,view,1759230814
F00282,FP004,view,1757233628
F00283,FP007,view,1754626535
F00283,FP005,view,1749414846
F00283,FP002,view,1738117886
F00283,FP009,apply,1756905061
F00283,FP003,view,1748896285
F00283,FP002,view,1752947239
F00283,FP013,view,1755775371
F00283,FP013,view,1755200765
F00283,FP001,view,1739687547
F00284,FP012,learn,1753700141
F00284,FP002,view,1737893704
F00284,FP010,view,1763066722
F00284,FP003,apply,1749100001
F00284,FP012,view,1747084382
F00285,FP012,view,1740578898
F00285,FP012,view,1742966733
F00285,FP003,view,1751551681
F00285,FP010,view,1736467670
F00285,FP002,view,1743391786
F00285,FP008,view,1746105754
F00285,FP001,learn,1755226797
F00285,FP002,apply,1766519896
F00285,FP020,view,1750287757
F00286,FP001,view,1755463140
F00286,FP013,view,1754374933
F00286,FP005,view,1743593319
F00286,FP015,learn,1755204111
F00286,FP004,view,1761056803
F00286,FP012,view,1749230714
F00286,FP003,learn,1748166550
F00287,FP015,view,1741401848
F00287,FP007,view,1756358756
F00287,FP006,view,1739971917
F00287,FP016,view,1759381887
F00287,FP009,view,1743535812
F00287,FP013,view,1751438129
F00287,FP017,view,1758523099
F00287,FP004,learn,1742293017
F00287,FP012,view,1738316087
F00288,FP018,view,1754597491
F00288,FP017,learn,1748954791
F00288,FP006,view,1756119817
F00288,FP010,view,1763569899
F00288,FP009,view,1742993333
F00288,FP009,view,1765114495
F00288,FP015,learn,1738945559
F00289,FP006,view,1759596670
F00289,FP004,learn,1752378508
F00289,FP007,learn,1744065268
F00289,FP018,view,1756684622
F00289,FP014,view,1764574366
F00289,FP012,view,1738543198
F00289,FP006,view,1749744590
F00289,FP002,view,1757512438
F00289,FP009,apply,1748143891
F00290,FP014,learn,1751183199
F00290,FP013,view,1739681859
F00290,FP005,learn,1747610069
F00290,FP019,view,1755680370
F00290,FP019,view,1748757613
F00290,FP003,view,1748555649
F00290,FP004,learn,1736406589
F00290,FP019,view,1766802690
F00290,FP019,view,1743671346
F00291,FP008,view,1764796341
F00291,FP005,view,1754438374
F00291,FP004,learn,1764128232
F00291,FP011,view,1753798621
F00291,FP008,view,1743441561
F00291,FP010,view,1745988618
F00291,FP006,apply,1762685296
F00291,FP018,view,1755974380
F00292,FP003,apply,1743439386
F00292,FP010,view,1760095451
F00292,FP005,view,1758594110
F00292,FP001,apply,1736226830
F00293,FP002,learn,1759144373
F00293,FP012,learn,1758441643
F00293,FP005,learn,1754692049
F00293,FP009,view,1748053333
F00293,FP006,view,1747908466
F00293,FP013,view,1739814740
F00293,FP006,view,1755506380
F00293,FP008,learn,1761101826
F00294,FP014,view,1742873981
F00294,FP005,view,1764089791
F00294,FP012,view,1738327073
F00294,FP007,view,1756940013
F00294,FP014,view,1762247097
F00294,FP004,view,1762037251
F00294,FP008,learn,1750420157
F00295,FP005,view,1754699432
F00295,FP020,view,1749609341
F00295,FP004,learn,1748590147
F00295,FP012,view,1764591408
F00295,FP020,view,1755995243
F00295,FP019,view,1762564292
F00295,FP005,view,1747952438
F00295,FP013,view,1761172219
F00296,FP013,view,1750433581
F00296,FP012,view,1760974949
F00296,FP015,view,1757639111
F00296,FP008,learn,1753263497
F00297,FP015,view,1756728377
F00297,FP006,learn,1762160735
F00297,FP020,view,1762981091
F00297,FP003,view,1754852524
F00297,FP016,view,1754172993
F00297,FP004,view,1763484362
F00297,FP001,view,1763953673
F00297,FP018,view,1756785347
F00297,FP017,apply,1759386358
F00298,FP005,apply,1737587497
F00298,FP010,learn,1760571949
F00298,FP014,view,1750784310
F00298,FP002,view,1760573679
F00298,FP015,view,1744094865
F00298,FP010,view,1745303752
F00298,FP011,view,1742462540
F00299,FP011,view,1766804553
F00299,FP012,view,1739820090
F00299,FP003,view,1765779241
F00299,FP010,view,1748403502
F00299,FP019,view,1747797011
F00299,FP006,view,1738641329
F00299,FP012,view,1740815553
F00299,FP001,view,1765470213
F00300,FP002,view,1751618147
F00300,FP008,apply,1749718626
F00300,FP012,view,1759270649
F00300,FP014,apply,1759153774
F00300,FP012,view,1750332157
F00300,FP004,view,1761654168
F00300,FP006,view,1750925765
F00300,FP012,view,1765988778
F00300,FP010,view,1748500307
F00300,FP006,view,1739309096
F00301,FP010,view,1744925769
F00301,FP005,view,1754247646
F00301,FP009,learn,1746793375
F00301,FP006,learn,1760728808
F00301,FP019,learn,1759160278
F00301,FP010,learn,1741423248
F00302,FP009,apply,1756827917
F00302,FP013,learn,1742643117
F00302,FP005,view,1760928240
F00302,FP006,view,1755971503
F00302,FP007,learn,1744768886
F00303,FP008,view,1762700238
F00303,FP015,view,1752677522
F00303,FP004,learn,1743618533
F00303,FP018,view,1745950945
F00303,FP016,apply,1754267536
F00303,FP009,apply,1750651729
F00303,FP018,view,1760318263
F00303,FP017,view,1764185697
F00303,FP003,learn,1748336723
F00304,FP018,learn,1752080946
F00304,FP018,learn,1741223818
F00304,FP009,view,1751098814
F00304,FP003,view,1757907311
F00304,FP014,view,1760726557
F00304,FP016,view,1738856348
F00304,FP009,view,1760405544
F00305,FP015,learn,1736883950
F00305,FP005,learn,1754902202
F00305,FP013,view,1763575732
F00305,FP007,learn,1749565163
F00305,FP012,view,1736833123
F00305,FP009,view,1747564496
F00305,FP011,view,1738722994
F00305,FP010,view,1746011444
F00305,FP004,view,1737129399
F00305,FP016,learn,1755561858
F00306,FP007,view,1765032770
F00306,FP012,view,1749188033
F00306,FP011,learn,1741619544
F00306,FP012,learn,1756257657
F00306,FP019,view,1738965550
F00306,FP003,view,1739874488
F00306,FP002,apply,1764089847
F00307,FP019,view,1745682016
F00307,FP011,view,1758384336
F00307,FP009,view,1736685234
F00307,FP019,learn,1764474143
F00307,FP018,learn,1766942219
F00307,FP008,view,1743716792
F00307,FP011,learn,1738794682
F00308,FP019,learn,1752094517
F00308,FP007,apply,1763777573
F00308,FP011,learn,1745966378
F00308,FP004,view,1760401057
F00308,FP020,view,1747281409
F00308,FP002,view,1757409360
F00308,FP003,view,1737851690
F00308,FP014,learn,1750862690
F00308,FP009,learn,1756578457
F00308,FP019,view,1741087706
F00309,FP005,learn,1761637226
F00309,FP016,apply,1754184008
F00309,FP019,view,1739092065
F00309,FP014,view,1749224549
F00309,FP018,learn,1739686312
F00309,FP003,apply,1742447607
F00310,FP011,view,1741757485
F00310,FP012,view,1754387437
F00310,FP002,view,1743106281
F00310,FP013,view,1740016542
F00310,FP020,view,1748127567
F00310,FP001,view,1751200386
F00311,FP013,view,1742907724
F00311,FP014,learn,1753245529
F00311,FP002,apply,1740298301
F00311,FP010,learn,1743584963
F00311,FP014,learn,1749663414
F00311,FP020,view,1750073475
F00312,FP011,apply,1747923546
F00312,FP010,view,1743542072
F00312,FP005,view,1758572108
F00312,FP009,view,1745469485
F00312,FP003,view,1755106459
F00312,FP001,view,1753824883
F00312,FP020,apply,1745287084
F00312,FP011,view,1753935459
F00312,FP001,learn,1748366655
F00312,FP006,view,1745580616
F00313,FP012,apply,1755614821
F00313,FP004,learn,1750504463
F00313,FP004,view,1750930203
F00313,FP007,view,1744766845
F00313,FP012,view,1756922300
F00313,FP009,view,1742870659
F00313,FP014,view,1740276517
F00313,FP014,apply,1743967376
F00313,FP006,view,1757969074
F00313,FP019,view,1749021902
F00314,FP005,view,1740691554
F00314,FP001,view,1751817958
F00314,FP003,view,1741645868
F00314,FP020,view,1759937687
F00314,FP004,view,1763817432
F00314,FP010,view,1748891924
F00314,FP003,apply,1750738427
F00315,FP010,apply,1755257761
F00315,FP019,view,1741918046
F00315,FP005,view,1756930934
F00315,FP003,view,1749519783
F00315,FP013,learn,1760006984
F00315,FP014,view,1765191125
F00315,FP009,view,1766260499
F00315,FP014,learn,1759270718
F00315,FP019,view,1757549764
F00315,FP002,view,1753395996
F00316,FP017,view,1746662191
F00316,FP008,view,1748696108
F00316,FP006,learn,1757578398
F00316,FP010,view,1743546911
F00316,FP020,view,1756071914
F00316,FP017,view,1756076108
F00316,FP015,learn,1746782478
F00316,FP009,view,1757412536
F00317,FP019,learn,1765049949
F00317,FP011,view,1755587842
F00317,FP008,learn,1764110946
F00317,FP019,view,1760992500
F00317,FP012,learn,1748118475
F00317,FP013,apply,1762151027
F00317,FP010,learn,1747447029
F00317,FP014,apply,1754878474
F00317,FP009,view,1764451669
F00317,FP020,view,1740825753
F00318,FP008,view,1764578846
F00318,FP005,view,1759089710
F00318,FP005,view,1737294515
F00318,FP009,view,1760847284
F00318,FP012,learn,1740646039
F00318,FP002,learn,1750886496
F00318,FP010,learn,1736099675
F00318,FP002,apply,1756207764
F00318,FP005,learn,1752594428
F00319,FP007,view,1758838626
F00319,FP010,view,1738468804
F00319,FP018,view,1757117249
F00319,FP017,view,1760774316
F00320,FP019,view,1764134920
F00320,FP006,apply,1741873847
F00320,FP007,view,1742976747
F00320,FP016,view,1766867661
F00320,FP003,view,1748345024
F00320,FP020,view,1758079446
F00320,FP004,view,1743558125
F00320,FP012,view,1740367726
F00320,FP012,apply,1760761239
F00320,FP018,view,1737584875
F00321,FP010,view,1761049880
F00321,FP004,view,1747499745
F00321,FP020,view,1762209205
F00321,FP011,view,1763701701
F00321,FP020,learn,1740452262
F00321,FP014,learn,1735825012
F00322,FP016,view,1749385739
F00322,FP003,learn,1746072544
F00322,FP006,view,1748218206
F00322,FP010,view,1752351816
F00322,FP017,view,1763532486
F00322,FP019,view,1753444918
F00322,FP020,learn,1765675353
F00322,FP001,view,1749423545
F00323,FP001,view,1758375997
F00323,FP013,learn,1749471586
F00323,FP010,view,1765739186
F00323,FP007,learn,1739218333
F00323,FP006,learn,1759502128
F00323,FP009,view,1743848973
F00323,FP002,apply,1736325633
F00324,FP014,view,1741618856
F00324,FP014,view,1750330430
F00324,FP008,learn,1737817964
F00324,FP019,view,1762466277
F00324,FP002,view,1744823163
F00324,FP008,view,1743993839
F00324,FP004,view,1764505726
F00324,FP008,view,1740095070
F00324,FP012,apply,1758016052
F00324,FP008,learn,1763107498
F00325,FP020,view,1741845839
F00325,FP012,view,1750358002
F00325,FP004,learn,1751084659
F00325,FP020,learn,1758514813
F00325,FP011,view,1745046619
F00325,FP003,view,1741692096
F00325,FP011,view,1758863867
F00326,FP017,view,1764065344
F00326,FP003,learn,1765689114
F00326,FP019,view,1744340552
F00326,FP006,learn,1747381074
F00326,FP012,view,1740422360
F00326,FP004,view,1761566833
F00327,FP001,apply,1736055035
F00327,FP011,view,1748196491
F00327,FP010,view,1736795487
F00327,FP001,view,1766703121
F00327,FP014,view,1751076042
F00327,FP010,view,1764122014
F00327,FP013,apply,1750735528
F00328,FP002,learn,1747044730
F00328,FP007,view,1741580975
F00328,FP005,view,1738666486
F00328,FP010,view,1764356023
F00328,FP006,apply,1741717767
F00328,FP013,apply,1750970158
F00328,FP007,view,1766431122
F00328,FP015,apply,1756776393
F00328,FP015,view,1742993274
F00329,FP019,view,1745359128
F00329,FP019,learn,1741226453
F00329,FP012,view,1742918826
F00329,FP006,view,1740902230
F00329,FP003,view,1752822460
F00329,FP006,view,1750861814
F00329,FP017,learn,1750048557
F00329,FP016,view,1762639780
F00330,FP006,view,1751850514
F00330,FP014,learn,1751436811
F00330,FP014,view,1746217209
F00330,FP005,view,1737966003
F00330,FP014,view,1764204103
F00330,FP001,learn,1758407135
F00331,FP010,view,1748422530
F00331,FP008,view,1748659410
F00331,FP002,view,1754700998
F00331,FP016,view,1757373259
F00331,FP004,view,1738187689
F00331,FP012,learn,1757402034
F00331,FP019,view,1748741704
F00331,FP010,view,1749939301
F00331,FP011,learn,1760495144
F00332,FP010,view,1745535519
F00332,FP013,view,1761692283
F00332,FP008,view,1762144912
F00332,FP020,view,1735774882
F00332,FP017,learn,1736577876
F00332,FP004,learn,1744056560
F00332,FP014,learn,1759061726
F00332,FP006,view,1757260774
F00333,FP002,view,1743901514
F00333,FP006,view,1746328741
F00333,FP012,apply,1766786795
F00333,FP019,view,1759217292
F00333,FP013,view,1744808485
F00333,FP020,view,1765790755
F00334,FP009,view,1763195435
F00334,FP008,view,1759052789
F00334,FP003,learn,1754449679
F00334,FP003,view,1738307596
F00334,FP020,view,1764640702
F00335,FP016,apply,1739263799
F00335,FP011,learn,1751602220
F00335,FP017,learn,1756882704
F00335,FP007,view,1766020304
F00335,FP016,view,1744310747
F00336,FP002,view,1756406234
F00336,FP020,view,1743248017
F00336,FP015,view,1759928692
F00336,FP015,view,1751328258
F00336,FP006,learn,1763661084
F00336,FP019,view,1754640363
F00336,FP011,view,1747681122
F00337,FP005,apply,1765037510
F00337,FP008,learn,1744277865
F00337,FP008,learn,1745747198
F00337,FP020,apply,1759514500
F00337,FP008,learn,1741695465
F00337,FP009,view,1753746965
F00337,FP007,view,1751561057
F00337,FP008,view,1752895185
F00337,FP004,view,1757519953
F00338,FP017,view,1736233663
F00338,FP011,learn,1755972923
F00338,FP013,view,1754412393
F00338,FP012,learn,1749263745
F00338,FP008,learn,1753282750
F00338,FP011,view,1739331971
F00339,FP001,view,1751114789
F00339,FP009,learn,1754203169
F00339,FP018,learn,1738944441
F00339,FP003,view,1746729905
F00339,FP007,view,1753484633
F00339,FP001,view,1757713298
F00340,FP020,view,1761619792
F00340,FP008,learn,1760481419
F00340,FP015,view,1755936887
F00340,FP002,learn,1757600892
F00340,FP011,view,1757356844
F00340,FP012,view,1744912049
F00340,FP012,apply,1741132296
F00341,FP018,view,1758854667
F00341,FP004,view,1755225452
F00341,FP011,view,1760494521
F00341,FP011,view,1761656499
F00341,FP015,apply,1759618706
F00341,FP010,view,1736886456
F00341,FP015,learn,1762618462
F00342,FP016,view,1757606956
F00342,FP013,view,1761739513
F00342,FP004,learn,1756593630
F00342,FP002,view,1748279426
F00343,FP018,learn,1752234118
F00343,FP010,view,1758240244
F00343,FP002,view,1755465535
F00343,FP017,view,1758330676
F00343,FP009,view,1755799672
F00343,FP017,view,1752186338
F00343,FP019,learn,1766920339
F00344,FP002,view,1737798416
F00344,FP020,view,1763472086
F00344,FP009,learn,1742390661
F00344,FP015,view,1760190807
F00344,FP005,view,1760826515
F00344,FP019,view,1765704150
F00344,FP020,learn,1750086877
F00344,FP019,view,1763937110
F00344,FP007,learn,1737626342
F00344,FP004,view,1752620894
F00345,FP010,view,1744366307
F00345,FP008,view,1741064542
F00345,FP012,view,1758107237
F00345,FP014,view,1760996352
F00345,FP011,view,1763055255
F00345,FP018,learn,1754271177
F00345,FP018,learn,1760166257
F00345,FP010,learn,1757204258
F00345,FP013,view,1766247709
F00346,FP012,apply,1755710225
F00346,FP001,view,1742008255
F00346,FP016,view,1741905913
F00346,FP016,view,1753961599
F00346,FP015,view,1739426857
F00346,FP012,view,1737093259
F00346,FP020,view,1737799584
F00346,FP015,view,1753038234
F00346,FP017,view,1755116984
F00347,FP014,view,1757370674
F00347,FP020,view,1743146862
F00347,FP020,view,1746472621
F00347,FP003,view,1760892988
F00347,FP019,apply,1765572642
F00347,FP020,view,1748292217
F00347,FP010,view,1753920886
F00347,FP019,view,1741552628
F00348,FP015,apply,1763018233
F00348,FP010,apply,1754787625
F00348,FP003,view,1747316108
F00348,FP001,view,1741817511
F00348,FP017,view,1754653576
F00348,FP013,learn,1745902394
F00349,FP014,view,1760102271
F00349,FP005,learn,1745161564
F00349,FP002,view,1758251982
F00349,FP010,view,1763407045
F00350,FP020,learn,1747582346
F00350,FP011,view,1759871663
F00350,FP013,view,1737792064
F00350,FP011,view,1744768436
F00350,FP012,view,1764176090
F00350,FP009,view,1760816014
F00350,FP009,learn,1743786028
F00351,FP007,view,1736565613
F00351,FP006,view,1757156508
F00351,FP019,learn,1751505368
F00351,FP007,learn,1756757454
F00352,FP015,view,1752519445
F00352,FP017,view,1742527733
F00352,FP002,learn,1754886477
F00352,FP009,view,1738831188
F00352,FP016,view,1759258655
F00352,FP015,learn,1758623499
F00352,FP007,view,1744267791
F00352,FP016,view,1744071944
F00353,FP001,view,1746414796
F00353,FP018,view,1758670974
F00353,FP011,view,1741157881
F00353,FP003,view,1745472936
F00353,FP018,learn,1741926404
F00353,FP014,view,1745048682
F00354,FP017,view,1753325083
F00354,FP003,view,1736613393
F00354,FP018,view,1742813990
F00354,FP019,view,1738165413
F00355,FP008,view,1761270653
F00355,FP012,view,1738783345
F00355,FP002,view,1754655644
F00355,FP011,view,1745750812
F00355,FP013,view,1751071750
F00355,FP004,apply,1751359695
F00355,FP006,view,1740445375
F00356,FP002,view,1741852654
F00356,FP014,view,1749509120
F00356,FP017,learn,1766829915
F00356,FP015,view,1736491031
F00356,FP003,apply,1758826090
F00356,FP003,view,1756797177
F00357,FP016,learn,1738055126
F00357,FP020,view,1762834456
F00357,FP014,apply,1743688632
F00357,FP004,view,1750682319
F00357,FP008,view,1759495419
F00358,FP007,view,1758088455
F00358,FP011,view,1746617136
F00358,FP009,learn,1753414925
F00358,FP020,view,1749770201
F00358,FP005,apply,1746778495
F00358,FP004,view,1755477044
F00358,FP004,apply,1750585199
F00358,FP011,learn,1754317982
F00359,FP014,view,1757386726
F00359,FP005,view,1751841960
F00359,FP012,learn,1746567253
F00359,FP011,learn,1744104205
F00359,FP012,learn,1763464280
F00359,FP005,view,1761585257
F00359,FP010,view,1755914913
F00359,FP011,view,1763248445
F00359,FP012,view,1752929362
F00360,FP020,view,1748114202
F00360,FP007,view,1761985715
F00360,FP007,view,1743629016
F00360,FP020,view,1766561349
F00360,FP008,view,1748509928
F00360,FP007,view,1764567281
F00360,FP014,view,1754167824
F00360,FP001,apply,1742602907
F00360,FP006,apply,1742114688
F00361,FP005,view,1766636209
F00361,FP010,view,1746702152
F00361,FP012,view,1756252996
F00361,FP002,view,1761682852
F00361,FP007,learn,1764300267
F00361,FP009,view,1742532694
F00361,FP006,apply,1737611575
F00361,FP005,view,1743244225
F00362,FP013,view,1759573292
F00362,FP013,view,1736014947
F00362,FP008,apply,1737622976
F00362,FP010,view,1745746297
F00363,FP007,view,1742795248
F00363,FP009,view,1738512477
F00363,FP013,view,1736290820
F00363,FP010,view,1765955197
F00363,FP007,view,1751021143
F00363,FP006,view,1752148335
F00363,FP002,view,1748615409
F00363,FP013,view,1760456393
F00363,FP018,view,1745319371
F00364,FP002,learn,1739861110
F00364,FP009,apply,1758553910
F00364,FP008,learn,1752290242
F00364,FP009,view,1754688652
F00364,FP013,view,1761100932
F00364,FP012,view,1742807268
F00365,FP016,view,1747045580
F00365,FP001,view,1759854784
F00365,FP016,view,1740902625
F00365,FP020,view,1753792819
F00365,FP005,view,1750104304
F00365,FP001,view,1758083431
F00365,FP017,apply,1743870917
F00366,FP020,view,1738160363
F00366,FP013,learn,1761166018
F00366,FP001,learn,1750165057
F00366,FP014,view,1747471432
F00366,FP016,learn,1762611339
F00367,FP010,view,1753778536
F00367,FP008,view,1759586920
F00367,FP012,view,1757922457
F00367,FP020,view,1736433247
F00367,FP014,apply,1763017601
F00367,FP009,learn,1760012019
F00367,FP005,view,1762295811
F00368,FP005,view,1761520653
F00368,FP018,view,1750300222
F00368,FP014,view,1755015529
F00368,FP003,view,1745926741
F00368,FP020,view,1741357038
F00368,FP007,view,1749043831
F00368,FP016,apply,1764528651
F00369,FP011,apply,1751852504
F00369,FP013,learn,1751111867
F00369,FP008,view,1749643339
F00369,FP014,learn,1760323149
F00370,FP018,apply,1753745617
F00370,FP003,learn,1760882456
F00370,FP017,view,1737943340
F00370,FP005,view,1741534573
F00370,FP006,learn,1757260556
F00370,FP010,view,1748799602
F00370,FP006,view,1756019523
F00370,FP007,view,1746132114
F00370,FP016,view,1738888442
F00371,FP016,view,1751627193
F00371,FP011,apply,1758180335
F00371,FP008,learn,1749571904
F00371,FP003,view,1736840828
F00371,FP017,view,1735749055
F00372,FP005,view,1753000094
F00372,FP019,view,1758730496
F00372,FP008,view,1751567658
F00372,FP008,view,1758160347
F00372,FP001,learn,1757882253
F00372,FP020,view,1766358982
F00372,FP006,learn,1737955533
F00372,FP003,view,1752806748
F00373,FP011,view,1758511639
F00373,FP002,view,1749676149
F00373,FP007,learn,1746657960
F00373,FP016,view,1766536596
F00373,FP001,view,1753441856
F00373,FP007,learn,1763153172
F00373,FP018,view,1746237548
F00373,FP001,view,1748159517
F00374,FP003,apply,1754643945
F00374,FP019,apply,1737310960
F00374,FP005,apply,1756264844
F00374,FP019,learn,1760228567
F00374,FP015,view,1766513213
F00374,FP017,view,1760361070
F00375,FP007,view,1752636855
F00375,FP001,view,1752574642
F00375,FP005,view,1745128828
F00375,FP019,view,1750938885
F00376,FP015,view,1758840792
F00376,FP001,view,1748726799
F00376,FP006,view,1752510149
F00376,FP003,view,1752925753
F00376,FP007,view,1747148020
F00377,FP001,view,1744640284
F00377,FP009,learn,1755461324
F00377,FP010,view,1738950759
F00377,FP008,view,1737421955
F00377,FP010,learn,1754384861
F00377,FP014,learn,1749224637
F00377,FP008,view,1744596602
F00377,FP001,view,1753139768
F00378,FP010,view,1763786678
F00378,FP015,view,1745629454
F00378,FP011,view,1751975954
F00378,FP016,view,1743334283
F00379,FP011,view,1744751330
F00379,FP005,view,1748918576
F00379,FP012,learn,1743765893
F00379,FP002,view,1758410400
F00379,FP011,view,1757104301
F00379,FP019,view,1756933908
F00379,FP005,learn,1746363286
F00380,FP005,view,1754900046
F00380,FP011,view,1740219458
F00380,FP003,view,1748701181
F00380,FP013,view,1763661605
F00381,FP006,learn,1749529793
F00381,FP014,learn,1740030375
F00381,FP014,learn,1754065142
F00381,FP018,view,1766897421
F00381,FP011,view,1765599293
F00381,FP013,apply,1738403975
F00381,FP013,apply,1753052229
F00381,FP011,apply,1747693148
F00382,FP014,view,1738039191
F00382,FP002,view,1752384998
F00382,FP012,view,1751280970
F00382,FP007,view,1766874190
F00382,FP019,view,1758843200
F00383,FP020,view,1764801208
F00383,FP004,view,1760495895
F00383,FP008,learn,1763247089
F00383,FP009,apply,1757969667
F00383,FP004,view,1744195176
F00383,FP011,view,1754538276
F00384,FP001,view,1745305850
F00384,FP009,apply,1746499795
F00384,FP011,view,1740876173
F00384,FP014,learn,1751155379
F00384,FP017,view,1766649616
F00384,FP017,view,1744083727
F00384,FP010,view,1760652931
F00384,FP015,view,1748200942
F00385,FP013,view,1766357594
F00385,FP009,view,1752700583
F00385,FP004,apply,1751853930
F00385,FP020,learn,1736200747
F00385,FP003,view,1762551253
F00385,FP001,view,1766447651
F00385,FP004,view,1760376136
F00385,FP019,learn,1748994006
F00385,FP019,learn,1748583569
F00386,FP019,view,1759383858
F00386,FP011,view,1764269004
F00386,FP008,view,1736627359
F00386,FP010,learn,1751168181
F00386,FP017,learn,1756718572
F00386,FP018,view,1757630570
F00386,FP016,learn,1737346856
F00386,FP002,view,1749401397
F00386,FP005,view,1763952120
F00386,FP004,view,1736419385
F00387,FP019,view,1739915739
F00387,FP014,view,1743214831
F00387,FP008,view,1751868163
F00387,FP017,view,1736018917
F00387,FP016,view,1762699943
F00387,FP017,view,1752352730
F00387,FP007,view,1738691704
F00388,FP008,view,1737819551
F00388,FP011,view,1755996569
F00388,FP010,view,1736055598
F00388,FP001,view,1754187639
F00389,FP002,view,1754936007
F00389,FP011,learn,1760526050
F00389,FP004,view,1748270602
F00389,FP001,apply,1760815465
F00389,FP005,view,1742021765
F00389,FP004,view,1744039013
F00389,FP012,view,1759211519
F00389,FP007,view,1764743948
F00389,FP002,view,1761781620
F00390,FP001,view,1765980988
F00390,FP019,view,1755060231
F00390,FP006,view,1740659062
F00390,FP020,learn,1749620671
F00390,FP004,view,1759418896
F00390,FP015,learn,1747319101
F00390,FP009,apply,1738749386
F00390,FP012,apply,1750443854
F00391,FP005,view,1751811136
F00391,FP013,view,1762501976
F00391,FP005,view,1752832575
F00391,FP014,view,1764936052
F00391,FP013,view,1765040864
F00391,FP015,view,1761780198
F00391,FP005,view,1738001040
F00391,FP019,learn,1761694986
F00392,FP008,view,1754682274
F00392,FP005,view,1738493806
F00392,FP019,view,1742025113
F00392,FP020,view,1738432038
F00392,FP019,view,1744352456
F00392,FP020,view,1748738493
F00393,FP020,view,1751462829
F00393,FP012,view,1752228570
F00393,FP019,apply,1752990482
F00393,FP007,learn,1749072652
F00394,FP014,view,1743349776
F00394,FP017,learn,1758441847
F00394,FP006,view,1757707981
F00394,FP013,apply,1765729225
F00394,FP014,apply,1762390506
F00395,FP005,view,1738623267
F00395,FP007,learn,1746074094
F00395,FP002,learn,1755558421
F00395,FP005,apply,1750236567
F00395,FP020,apply,1744524270
F00395,FP013,view,1747149047
F00395,FP014,apply,1740830264
F00395,FP005,view,1735734939
F00395,FP007,apply,1759061167
F00396,FP018,view,1755766846
F00396,FP019,view,1743863870
F00396,FP013,view,1737809183
F00396,FP010,learn,1748032587
F00396,FP009,learn,1765922930
F00396,FP014,apply,1761786893
F00396,FP012,learn,1741721781
F00396,FP007,view,1749602526
F00397,FP012,view,1758504675
F00397,FP010,view,1738661227
F00397,FP004,view,1739037554
F00397,FP012,view,1742461519
F00397,FP010,view,1745705468
F00397,FP005,view,1737479311
F00397,FP003,view,1764955751
F00397,FP009,view,1739906829
F00397,FP004,view,1759338725
F00398,FP015,view,1760168487
F00398,FP014,learn,1751211334
F00398,FP002,view,1753713229
F00398,FP018,view,1760365966
F00398,FP002,view,1749437362
F00398,FP018,view,1765229630
F00398,FP012,view,1736402930
F00398,FP006,view,1748322913
F00399,FP014,view,1747982511
F00399,FP011,view,1738681515
F00399,FP010,view,1746387443
F00399,FP009,learn,1755496998
F00400,FP009,view,1757902500
F00400,FP010,view,1749946604
F00400,FP002,apply,1747369998
F00400,FP012,view,1741400921
F00400,FP012,view,1739853061
F00401,FP004,apply,1748336900
F00401,FP010,view,1757517795
F00401,FP005,view,1744948062
F00401,FP003,view,1746943960
F00402,FP002,view,1747051267
F00402,FP009,view,1736173956
F00402,FP010,view,1748721395
F00402,FP012,view,1755867372
F00402,FP008,view,1766519813
F00402,FP006,view,1757722691
F00402,FP005,apply,1756725763
F00403,FP017,view,1738410116
F00403,FP015,view,1765233322
F00403,FP009,view,1743171462
F00403,FP016,apply,1751598296
F00403,FP012,view,1756930541
F00404,FP009,view,1753967192
F00404,FP016,learn,1745451903
F00404,FP013,apply,1754788743
F00404,FP015,learn,1743896394
F00404,FP006,learn,1755118127
F00404,FP018,view,1745178125
F00405,FP009,view,1760058703
F00405,FP014,apply,1755145855
F00405,FP011,view,1748209679
F00405,FP006,view,1766067692
F00406,FP019,view,1749516699
F00406,FP003,learn,1739220681
F00406,FP007,view,1753967899
F00406,FP011,view,1737575554
F00406,FP004,view,1741612315
F00406,FP011,view,1739236582
F00406,FP009,learn,1746776373
F00406,FP020,learn,1766719939
F00407,FP013,view,1740021826
F00407,FP005,view,1742352626
F00407,FP013,view,1761516502
F00407,FP020,view,1746403538
F00407,FP020,view,1765243908
F00407,FP010,view,1758999298
F00407,FP011,view,1757570502
F00407,FP002,learn,1745014951
F00408,FP006,view,1750066869
F00408,FP006,view,1737306687
F00408,FP015,apply,1763944503
F00408,FP012,view,1740592316
F00408,FP014,view,1742994715
F00408,FP017,view,1737129591
F00408,FP014,view,1760802305
F00408,FP004,view,1760044949
F00408,FP019,view,1739917768
F00408,FP020,view,1747637866
F00409,FP014,view,1765718291
F00409,FP014,learn,1739518958
F00409,FP007,learn,1745015198
F00409,FP001,view,1761057053
F00409,FP011,view,1760907122
F00410,FP009,learn,1761864778
F00410,FP008,view,1759307492
F00410,FP013,view,1752679396
F00410,FP009,view,1740553237
F00410,FP020,apply,1749524316
F00410,FP001,learn,1764092458
F00410,FP002,view,1741749277
F00410,FP002,view,1750020106
F00410,FP007,view,1753821221
F00411,FP001,view,1736605045
F00411,FP014,view,1741555576
F00411,FP005,learn,1765721295
F00411,FP015,view,1765290854
F00411,FP010,view,1759831785
F00411,FP003,view,1761246318
F00411,FP005,view,1761487420
F00411,FP002,view,1739824921
F00411,FP019,view,1756702049
F00411,FP005,view,1739581749
F00412,FP001,view,1759535604
F00412,FP008,learn,1756570904
F00412,FP004,learn,1756515591
F00412,FP004,view,1761062810
F00412,FP014,view,1742860993
F00413,FP001,view,1759207771
F00413,FP002,view,1745108905
F00413,FP002,view,1762010314
F00413,FP009,view,1747119300
F00413,FP013,learn,1764804828
F00413,FP009,view,1750029855
F00413,FP005,learn,1751418707
F00413,FP007,view,1747906282
F00413,FP011,view,1737399169
F00413,FP009,learn,1748694739
F00414,FP020,view,1759965956
F00414,FP002,apply,1744657298
F00414,FP006,view,1748464889
F00414,FP006,view,1742224939
F00414,FP012,view,1761032057
F00414,FP014,view,1753483004
F00414,FP002,view,1738134374
F00414,FP011,view,1740863552
F00414,FP003,view,1753514708
F00414,FP005,view,1763711557
F00415,FP002,view,1761865071
F00415,FP007,view,1741062383
F00415,FP010,view,1762439809
F00415,FP002,view,1753279382
F00415,FP004,view,1760758219
F00415,FP008,view,1739737181
F00415,FP012,view,1752356655
F00416,FP015,view,1745183071
F00416,FP013,learn,1752397221
F00416,FP007,learn,1754841237
F00416,FP002,view,1753671533
F00416,FP015,view,1752584877
F00417,FP016,view,1757783382
F00417,FP012,view,1751271117
F00417,FP018,apply,1757170656
F00417,FP009,view,1751240350
F00417,FP016,view,1738252341
F00417,FP012,view,1742445377
F00417,FP015,view,1765586199
F00417,FP002,view,1747979624
F00417,FP015,view,1744739451
F00417,FP020,view,1756813677
F00418,FP004,learn,1739304387
F00418,FP020,view,1752990231
F00418,FP006,learn,1753073691
F00418,FP014,learn,1751186428
F00418,FP006,learn,1763299650
F00418,FP012,view,1748138914
F00418,FP011,view,1759579605
F00418,FP001,view,1748501646
F00418,FP008,view,1751970026
F00418,FP002,apply,1740682183
F00419,FP018,view,1745732258
F00419,FP004,apply,1748605818
F00419,FP020,view,1765702331
F00419,FP003,view,1748668217
F00419,FP010,apply,1765648779
F00419,FP004,learn,1758412719
F00419,FP019,view,1743800238
F00420,FP005,apply,1739240349
F00420,FP008,view,1753616272
F00420,FP005,view,1762704102
F00420,FP018,view,1756940011
F00420,FP007,view,1763574244
F00420,FP007,apply,1760534769
F00420,FP005,view,1736448327
F00420,FP018,learn,1763153063
F00420,FP001,view,1746005126
F00420,FP010,view,1747303552
F00421,FP003,view,1747103183
F00421,FP016,view,1742331520
F00421,FP007,apply,1743266017
F00421,FP010,apply,1743017143
F00421,FP001,view,1741311358
F00421,FP003,apply,1738905408
F00421,FP008,view,1757231440
F00421,FP015,learn,1758395056
F00421,FP007,view,1756486756
F00422,FP007,view,1750323414
F00422,FP017,learn,1748143282
F00422,FP007,learn,1760626159
F00422,FP012,view,1763736328
F00422,FP008,view,1739951828
F00422,FP002,view,1749334014
F00422,FP014,learn,1766312595
F00422,FP009,learn,1763636972
F00422,FP011,view,1748830778
F00423,FP017,view,1746861321
F00423,FP017,apply,1752952941
F00423,FP019,view,1757660471
F00423,FP009,view,1766235945
F00423,FP020,view,1741916446
F00423,FP006,view,1765225954
F00423,FP004,view,1761255822
F00423,FP013,view,1764692030
F00423,FP013,view,1745452540
F00424,FP001,view,1741005423
F00424,FP004,learn,1764704120
F00424,FP004,view,1739976186
F00424,FP011,view,1747963537
F00425,FP020,view,1739914760
F00425,FP017,view,1737260375
F00425,FP007,view,1760962406
F00425,FP017,apply,1763045202
F00425,FP014,view,1753589756
F00425,FP013,view,1758287404
F00426,FP014,view,1763487922
F00426,FP010,view,1740077234
F00426,FP007,view,1760132462
F00426,FP012,learn,1736922658
F00426,FP019,view,1743146854
F00427,FP018,view,1737760442
F00427,FP015,learn,1747560039
F00427,FP017,view,1741471441
F00427,FP020,view,1756742181
F00427,FP010,view,1762923713
F00427,FP006,view,1748969166
F00427,FP008,learn,1744775544
F00428,FP001,view,1758385709
F00428,FP001,view,1765970727
F00428,FP013,view,1747329689
F00428,FP013,view,1749774364
F00428,FP001,view,1740866703
F00428,FP020,view,1751801567
F00428,FP013,view,1743117842
F00429,FP019,view,1762149551
F00429,FP013,view,1748325483
F00429,FP011,view,1751172498
F00429,FP010,view,1757103095
F00429,FP016,learn,1745341122
F00429,FP019,apply,1764689256
F00429,FP020,view,1749488164
F00430,FP017,view,1754733027
F00430,FP020,learn,1740273052
F00430,FP019,view,1764269771
F00430,FP007,view,1759680311
F00430,FP014,view,1747980698
F00430,FP005,view,1753122537
F00430,FP001,view,1752432540
F00430,FP011,view,1764561405
F00430,FP014,learn,1750541564
F00430,FP011,view,1754741672
F00431,FP010,view,1737040117
F00431,FP013,view,1754338834
F00431,FP019,view,1736771397
F00431,FP014,learn,1764489036
F00431,FP008,learn,1745267911
F00432,FP018,view,1753071263
F00432,FP010,view,1766345390
F00432,FP008,apply,1736372484
F00432,FP014,learn,1749712158
F00432,FP014,learn,1751469846
F00432,FP019,view,1756449273
F00432,FP020,learn,1751294653
F00433,FP016,view,1762866340
F00433,FP003,learn,1738700866
F00433,FP017,view,1758635609
F00433,FP004,view,1743597760
F00433,FP001,view,1760071408
F00433,FP001,learn,1753542123
F00433,FP015,view,1742703395
F00433,FP015,learn,1764571930
F00433,FP019,apply,1760017832
F00434,FP018,view,1748622517
F00434,FP016,view,1755273229
F00434,FP017,learn,1752499438
F00434,FP011,view,1755218497
F00434,FP018,view,1748925361
F00435,FP008,learn,1758489284
F00435,FP002,apply,1759363942
F00435,FP004,view,1741832438
F00435,FP020,view,1735959251
F00436,FP001,learn,1742033962
F00436,FP004,view,1743037575
F00436,FP002,view,1763201891
F00436,FP006,view,1736375664
F00436,FP009,view,1752638467
F00436,FP019,view,1738483479
F00437,FP019,view,1758766129
F00437,FP013,view,1761366427
F00437,FP009,learn,1749067809
F00437,FP014,view,1766621906
F00437,FP019,view,1749436527
F00437,FP011,view,1741094628
F00438,FP020,view,1746536123
F00438,FP013,learn,1735990339
F00438,FP019,view,1763321289
F00438,FP015,view,1739629415
F00439,FP019,view,1748085526
F00439,FP003,view,1760844449
F00439,FP006,view,1748915604
F00439,FP012,view,1739374032
F00439,FP002,view,1753997616
F00439,FP011,view,1746415418
F00439,FP014,view,1737217324
F00439,FP013,view,1759536910
F00439,FP014,view,1761811880
F00440,FP019,view,1737024144
F00440,FP019,view,1764792383
F00440,FP012,view,1760583407
F00440,FP015,view,1762383092
F00440,FP014,apply,1752783423
F00440,FP007,learn,1761984196
F00440,FP013,view,1753278045
F00441,FP005,view,1741295660
F00441,FP006,view,1743994228
F00441,FP006,view,1753938388
F00441,FP003,view,1757114479
F00441,FP019,view,1748139607
F00441,FP014,learn,1763683311
F00441,FP009,learn,1740174081
F00442,FP020,view,1755710964
F00442,FP006,view,1739501791
F00442,FP020,view,1746030489
F00442,FP006,view,1746746858
F00442,FP013,view,1750795810
F00442,FP004,view,1755167383
F00442,FP008,learn,1747309375
F00443,FP007,view,1745342286
F00443,FP013,view,1746108214
F00443,FP017,learn,1755822441
F00443,FP009,view,1754683867
F00444,FP009,apply,1765158333
F00444,FP001,view,1749801063
F00444,FP014,learn,1745353511
F00444,FP011,view,1753220205
F00444,FP008,view,1741172618
F00444,FP001,learn,1739012765
F00444,FP019,view,1762714078
F00445,FP019,view,1754240967
F00445,FP007,view,1737799686
F00445,FP018,apply,1763051318
F00445,FP004,view,1750608226
F00445,FP004,learn,1742875916
F00445,FP005,view,1754437589
F00445,FP018,view,1752209139
F00445,FP003,learn,1757482618
F00445,FP012,view,1766005953
F00446,FP019,view,1751070435
F00446,FP001,view,1744828738
F00446,FP006,view,1744695173
F00446,FP006,view,1744128407
F00446,FP010,view,1751151220
F00446,FP020,view,1735852417
F00446,FP003,learn,1753612361
F00447,FP013,view,1757107309
F00447,FP012,learn,1747036761
F00447,FP012,view,1754188359
F00447,FP009,view,1749469407
F00447,FP001,view,1736783975
F00447,FP009,apply,1756673329
F00447,FP019,view,1737767105
F00447,FP015,view,1746672473
F00447,FP013,learn,1756748286
F00448,FP002,view,1736225030
F00448,FP005,learn,1763881236
F00448,FP002,view,1750469092
F00448,FP016,learn,1747869952
F00448,FP001,view,1746685002
F00448,FP002,view,1760163893
F00449,FP008,learn,1751446870
F00449,FP015,view,1738185981
F00449,FP004,view,1752527197
F00449,FP012,view,1762773851
F00450,FP014,view,1751009893
F00450,FP020,view,1753779789
F00450,FP020,view,1756169570
F00450,FP011,view,1765030736
F00450,FP007,apply,1753383146
F00450,FP014,view,1755262091
F00450,FP006,view,1743565483
F00451,FP002,apply,1748295737
F00451,FP018,view,1759559201
F00451,FP018,view,1757555544
F00451,FP001,view,1752267701
F00451,FP007,view,1740796977
F00451,FP019,view,1750326155
F00451,FP014,learn,1737041592
F00451,FP011,apply,1749718014
F00451,FP013,view,1759348949
F00452,FP019,view,1739332209
F00452,FP016,view,1760165866
F00452,FP012,view,1738865584
F00452,FP016,view,1765466440
F00452,FP003,view,1743270345
F00453,FP005,learn,1754860305
F00453,FP009,view,1749325687
F00453,FP005,view,1746021302
F00453,FP001,view,1760350755
F00453,FP017,view,1740948151
F00454,FP004,view,1754766438
F00454,FP017,learn,1743867891
F00454,FP020,view,1752118687
F00454,FP002,view,1756518784
F00454,FP014,learn,1740785130
F00454,FP009,view,1759792388
F00455,FP002,learn,1750945081
F00455,FP008,view,1737048601
F00455,FP018,view,1744483764
F00455,FP018,view,1756009646
F00455,FP008,view,1757856810
F00455,FP003,view,1749492028
F00456,FP004,view,1755317794
F00456,FP002,view,1745256956
F00456,FP011,view,1754849743
F00456,FP013,view,1746370868
F00456,FP011,view,1754293197
F00457,FP002,apply,1736606467
F00457,FP013,view,1744544961
F00457,FP016,view,1741393078
F00457,FP010,learn,1742655168
F00457,FP003,view,1766463480
F00458,FP001,apply,1741362179
F00458,FP011,view,1750926676
F00458,FP005,view,1750774546
F00458,FP012,view,1750737753
F00458,FP019,view,1736462103
F00458,FP004,view,1744116986
F00458,FP007,view,1747793731
F00458,FP016,view,1746525999
F00458,FP016,view,1752143694
F00459,FP011,view,1756843336
F00459,FP018,view,1757303933
F00459,FP015,learn,1754558605
F00459,FP014,view,1758204857
F00459,FP012,view,1752594948
F00459,FP001,view,1738491235
F00459,FP011,view,1743159065
F00459,FP004,learn,1751921208
F00460,FP002,view,1740698932
F00460,FP006,view,1764155141
F00460,FP010,view,1761330090
F00460,FP012,view,1746227407
F00460,FP012,apply,1765615155
F00460,FP006,apply,1751509203
F00460,FP018,view,1745526710
F00460,FP018,view,1742065190
F00460,FP006,view,1761410966
F00460,FP001,view,1738851755
F00461,FP003,learn,1766011395
F00461,FP020,view,1763490321
F00461,FP010,view,1765316104
F00461,FP001,view,1739575706
F00462,FP008,view,1756241195
F00462,FP010,view,1736822847
F00462,FP007,view,1764559504
F00462,FP012,view,1766560653
F00462,FP007,learn,1738237209
F00462,FP002,view,1749633894
F00462,FP007,apply,1751355694
F00463,FP005,view,1759102152
F00463,FP009,view,1754356850
F00463,FP013,view,1747571269
F00463,FP009,view,1748493825
F00463,FP014,view,1741255912
F00463,FP005,view,1761858198
F00464,FP001,view,1740718635
F00464,FP004,apply,1755824268
F00464,FP003,view,1753734803
F00464,FP020,view,1745824377
F00465,FP015,view,1738338891
F00465,FP017,view,1742773638
F00465,FP020,learn,1750311908
F00465,FP015,view,1754171310
F00465,FP006,learn,1755691948
F00465,FP001,view,1747908342
F00466,FP016,learn,1742196071
F00466,FP002,learn,1752542786
F00466,FP009,learn,1742601096
F00466,FP003,view,1761450518
F00466,FP001,view,1744924638
F00466,FP008,view,1745130814
F00466,FP006,view,1742275348
F00466,FP002,view,1736299554
F00466,FP019,learn,1738792432
F00466,FP001,view,1751702149
F00467,FP009,view,1738129404
F00467,FP001,view,1758301033
F00467,FP002,apply,1743328525
F00467,FP004,view,1752496523
F00467,FP014,view,1760239944
F00467,FP009,learn,1749907966
F00468,FP015,learn,1739099156
F00468,FP013,view,1750166963
F00468,FP009,view,1759846960
F00468,FP019,view,1765002846
F00468,FP006,view,1766961027
F00468,FP012,learn,1742242804
F00468,FP014,view,1761182639
F00468,FP003,view,1751927484
F00468,FP007,view,1736087405
F00469,FP011,learn,1738583332
F00469,FP014,apply,1745189662
F00469,FP014,learn,1747055229
F00469,FP001,view,1740935558
F00470,FP007,view,1761860456
F00470,FP019,view,1764410831
F00470,FP008,learn,1736277346
F00470,FP003,view,1743990832
F00470,FP020,view,1765465812
F00470,FP001,learn,1745556022
F00470,FP005,view,1737340793
F00470,FP005,view,1747490921
F00470,FP008,view,1756241755
F00471,FP019,learn,1753372774
F00471,FP008,view,1756728377
F00471,FP011,view,1754293606
F00471,FP013,view,1741721021
F00471,FP019,learn,1752879336
F00471,FP013,view,1743587083
F00471,FP004,learn,1765194302
F00472,FP016,learn,1763226047
F00472,FP014,apply,1764111601
F00472,FP018,apply,1757828749
F00472,FP017,view,1744762495
F00473,FP017,view,1737097185
F00473,FP013,apply,1746352602
F00473,FP001,learn,1753010548
F00473,FP003,view,1761100473
F00473,FP005,view,1754292440
F00473,FP009,learn,1749623604
F00473,FP002,view,1738602508
F00474,FP018,learn,1759714316
F00474,FP003,view,1754801228
F00474,FP013,learn,1762150771
F00474,FP018,view,1743285314
F00474,FP006,view,1748128881
F00474,FP001,view,1764065319
F00475,FP007,view,1753322048
F00475,FP005,view,1759900223
F00475,FP011,learn,1764976392
F00475,FP002,view,1756129321
F00475,FP005,view,1758582904
F00476,FP002,view,1761128412
F00476,FP004,view,1766673047
F00476,FP010,view,1750882098
F00476,FP010,learn,1740948002
F00477,FP017,view,1746037038
F00477,FP020,view,1753291780
F00477,FP012,learn,1739855284
F00477,FP004,apply,1753967506
F00477,FP012,view,1735837588
F00477,FP015,view,1754017735
F00477,FP018,view,1764367014
F00478,FP015,view,1746150670
F00478,FP005,learn,1737908219
F00478,FP007,view,1749408333
F00478,FP013,view,1737979826
F00478,FP006,apply,1752823700
F00478,FP003,view,1762102818
F00478,FP019,apply,1743168020
F00478,FP014,view,1761279092
F00478,FP012,view,1740685093
F00479,FP008,apply,1738563805
F00479,FP003,learn,1744899854
F00479,FP002,learn,1741660402
F00479,FP008,learn,1737073299
F00479,FP015,view,1751409237
F00479,FP006,apply,1745814096
F00479,FP005,view,1760175327
F00480,FP010,view,1744333802
F00480,FP004,view,1737039541
F00480,FP003,learn,1755691684
F00480,FP002,apply,1737991075
F00480,FP017,learn,1757527159
F00480,FP004,learn,1754052042
F00481,FP013,learn,1737361155
F00481,FP008,view,1762979348
F00481,FP011,view,1747102777
F00481,FP020,view,1757442999
F00481,FP012,apply,1743308490
F00481,FP018,view,1739414131
F00481,FP012,view,1747107464
F00481,FP001,view,1753089048
F00481,FP006,view,1749715853
F00481,FP002,view,1753154730
F00482,FP017,apply,1738192063
F00482,FP014,learn,1749310371
F00482,FP015,view,1742459527
F00482,FP016,apply,1745549627
F00482,FP004,view,1756115746
F00482,FP002,view,1758680166
F00482,FP009,view,1752878124
F00483,FP001,view,1754823963
F00483,FP015,learn,1744042570
F00483,FP019,learn,1751088387
F00483,FP003,learn,1745812718
F00483,FP002,learn,1757093780
F00483,FP001,view,1742590068
F00484,FP011,view,1750949075
F00484,FP018,view,1754522661
F00484,FP006,view,1736292921
F00484,FP018,view,1748760134
F00484,FP004,view,1756470497
F00484,FP008,view,1738634745
F00484,FP013,learn,1741617366
F00484,FP019,learn,1749500549
F00485,FP004,view,1739124612
F00485,FP011,view,1757905991
F00485,FP013,learn,1754028713
F00485,FP018,view,1748762805
F00485,FP015,view,1746888483
F00485,FP005,view,1753309955
F00485,FP003,view,1749646189
F00485,FP004,learn,1739924380
F00485,FP016,learn,1765883468
F00486,FP019,apply,1743824851
F00486,FP020,view,1755893434
F00486,FP012,view,1765134156
F00486,FP002,view,1758056955
F00486,FP013,view,1750794170
F00486,FP012,view,1737629487
F00486,FP002,view,1750082212
F00487,FP008,learn,1749463278
F00487,FP020,learn,1752425961
F00487,FP008,learn,1758530359
F00487,FP020,apply,1762683110
F00487,FP004,learn,1756261561
F00488,FP003,view,1751278935
F00488,FP009,view,1741193618
F00488,FP014,view,1748295525
F00488,FP020,view,1736041066
F00488,FP010,view,1748862808
F00488,FP014,view,1757442917
F00488,FP019,view,1756845559
F00488,FP001,learn,1746605794
F00489,FP009,learn,1752679650
F00489,FP009,apply,1749737014
F00489,FP006,apply,1743165807
F00489,FP012,view,1756986930
F00489,FP010,view,1758524108
F00489,FP005,view,1744478915
F00489,FP013,learn,1756132657
F00490,FP003,view,1751779871
F00490,FP012,view,1748435272
F00490,FP001,view,1755147388
F00490,FP006,apply,1748501121
F00490,FP009,view,1747635587
F00490,FP007,learn,1749973510
F00490,FP020,view,1746921881
F00490,FP011,view,1738407155
F00490,FP005,view,1753532610
F00491,FP011,learn,1752617460
F00491,FP013,learn,1763470178
F00491,FP002,view,1736531440
F00491,FP005,learn,1739857390
F00491,FP014,view,1737944143
F00491,FP002,view,1742903678
F00491,FP015,view,1751168853
F00491,FP017,apply,1765560619
F00491,FP004,view,1764290417
F00491,FP010,view,1740015933
F00492,FP001,view,1746162926
F00492,FP019,view,1758551484
F00492,FP005,view,1755618109
F00492,FP003,view,1753917475
F00492,FP009,view,1759339970
F00492,FP008,learn,1736651479
F00492,FP014,view,1749386308
F00492,FP006,view,1762219071
F00492,FP007,view,1737906494
F00492,FP005,view,1757348927
F00493,FP017,learn,1760210531
F00493,FP001,view,1756303301
F00493,FP011,learn,1741021032
F00493,FP009,learn,1744649369
F00493,FP009,view,1746000308
F00493,FP015,view,1757893469
F00493,FP011,learn,1742209243
F00494,FP007,view,1757031096
F00494,FP004,view,1743494835
F00494,FP005,view,1758995755
F00494,FP013,learn,1747368665
F00494,FP019,apply,1744270006
F00494,FP008,view,1736319707
F00494,FP004,view,1746548356
F00494,FP010,view,1751235617
F00495,FP009,view,1735834913
F00495,FP014,learn,1738171683
F00495,FP020,view,1764477796
F00495,FP018,view,1746670092
F00495,FP020,view,1747003781
F00495,FP002,view,1737512035
F00495,FP020,view,1748222143
F00495,FP012,view,1740614572
F00495,FP003,apply,1762405289
F00495,FP010,view,1761298594
F00496,FP007,learn,1746926673
F00496,FP015,learn,1741730848
F00496,FP007,view,1746196848
F00496,FP002,view,1752494149
F00496,FP015,view,1750092069
F00496,FP008,view,1740669575
F00496,FP019,view,1766493510
F00497,FP012,view,1765595650
F00497,FP009,view,1757831428
F00497,FP011,learn,1745111720
F00497,FP002,view,1742046046
F00498,FP019,learn,1744635858
F00498,FP012,view,1755274496
F00498,FP003,view,1758000632
F00498,FP010,learn,1757716558
F00498,FP020,learn,1757057598
F00499,FP020,learn,1761122158
F00499,FP003,view,1743609696
F00499,FP007,view,1755275950
F00499,FP009,view,1765682298
F00499,FP002,learn,1765233010
F00499,FP001,learn,1752621375
F00499,FP001,view,1737566666
F00499,FP012,view,1762567640
F00500,FP001,view,1752381252
F00500,FP015,view,1758176165
F00500,FP007,view,1745534847
F00500,FP017,learn,1754156380
F00500,FP015,view,1747837111
F00501,FP019,apply,1745002088
F00501,FP002,view,1739282704
F00501,FP010,view,1747756060
F00501,FP008,view,1760193267
F00501,FP002,view,1736269237
F00501,FP005,learn,1749463593
F00501,FP014,view,1755714327
F00501,FP010,view,1763058785
F00501,FP011,learn,1755177644
F00502,FP012,view,1742179359
F00502,FP009,view,1742965364
F00502,FP015,view,1750186781
F00502,FP004,view,1757405165
F00502,FP014,view,1758160445
F00502,FP010,learn,1762055285
F00502,FP010,apply,1753594360
F00503,FP020,learn,1745708705
F00503,FP017,learn,1744153653
F00503,FP019,view,1746062709
F00503,FP010,learn,1737938688
F00503,FP001,view,1748737048
F00503,FP008,view,1747929647
F00503,FP020,apply,1745780353
F00503,FP003,view,1740168603
F00503,FP020,view,1756151347
F00503,FP008,learn,1756712402
F00504,FP009,view,1751462955
F00504,FP006,view,1763090556
F00504,FP013,view,1746179334
F00504,FP006,view,1750241326
F00504,FP020,learn,1759776854
F00504,FP020,view,1760763406
F00504,FP002,view,1751603734
F00504,FP018,view,1742871615
F00504,FP019,view,1766793391
F00505,FP002,view,1740067075
F00505,FP004,view,1751153215
F00505,FP012,view,1753760269
F00505,FP019,view,1744921879
F00505,FP004,learn,1757542557
F00505,FP004,view,1766367213
F00505,FP014,view,1744196701
F00505,FP015,view,1752594701
F00506,FP017,view,1745980188
F00506,FP010,apply,1765251709
F00506,FP006,learn,1762303531
F00506,FP007,learn,1737111655
F00506,FP012,apply,1764254500
F00506,FP001,view,1751892218
F00506,FP010,view,1754812432
F00506,FP013,view,1752364741
F00506,FP011,view,1762513979
F00507,FP010,learn,1751429262
F00507,FP008,view,1764772135
F00507,FP002,view,1751157201
F00507,FP005,view,1749147178
F00507,FP001,view,1749542621
F00507,FP011,view,1758026209
F00508,FP012,view,1760792718
F00508,FP004,learn,1748578876
F00508,FP004,view,1766891423
F00508,FP015,view,1753419205
F00508,FP011,view,1743493261
F00508,FP009,learn,1762899051
F00508,FP002,apply,1738590149
F00508,FP014,view,1737283682
F00508,FP005,view,1737246009
F00508,FP015,learn,1746264063
F00509,FP014,learn,1741949317
F00509,FP019,view,1750618240
F00509,FP006,view,1747345335
F00509,FP008,view,1760703089
F00509,FP013,learn,1753937855
F00509,FP014,view,1759129828
F00509,FP005,apply,1758496248
F00509,FP011,view,1760855307
F00510,FP001,view,1757623803
F00510,FP008,view,1765862580
F00510,FP005,view,1752143905
F00510,FP014,view,1753170463
F00510,FP019,learn,1751378735
F00510,FP001,view,1762991490
F00511,FP006,learn,1754177627
F00511,FP013,learn,1744666214
F00511,FP006,view,1743051529
F00511,FP006,learn,1759645924
F00512,FP002,apply,1753131334
F00512,FP007,view,1749712360
F00512,FP001,learn,1754537107
F00512,FP003,view,1744358199
F00513,FP012,learn,1749630211
F00513,FP014,view,1764805410
F00513,FP005,learn,1744014404
F00513,FP019,apply,1746513102
F00513,FP018,view,1765542977
F00514,FP011,view,1757642554
F00514,FP020,view,1755423277
F00514,FP010,view,1754729458
F00514,FP006,view,1757110081
F00514,FP016,view,1764097197
F00515,FP001,learn,1756873569
F00515,FP004,view,1751787705
F00515,FP020,apply,1744129294
F00515,FP013,view,1739119206
F00515,FP015,view,1757583533
F00515,FP013,apply,1739452716
F00515,FP015,learn,1748378786
F00515,FP017,view,1744541320
F00515,FP015,view,1753340117
F00516,FP010,view,1745793028
F00516,FP001,learn,1743909698
F00516,FP010,learn,1764686625
F00516,FP007,view,1755951097
F00516,FP006,view,1750717992
F00516,FP020,learn,1737481219
F00516,FP007,view,1753629935
F00517,FP009,view,1746609081
F00517,FP013,view,1748150836
F00517,FP006,view,1766681949
F00517,FP006,view,1760720155
F00517,FP019,learn,1754407306
F00517,FP001,apply,1740779917
F00517,FP013,view,1746047143
F00518,FP015,view,1760982383
F00518,FP002,apply,1757062395
F00518,FP010,view,1739216005
F00518,FP013,view,1752707649
F00518,FP014,learn,1741437447
F00519,FP005,view,1744529876
F00519,FP006,view,1751121514
F00519,FP017,view,1748966787
F00519,FP016,learn,1764567865
F00519,FP001,view,1761806328
F00520,FP006,learn,1763383144
F00520,FP019,view,1757938844
F00520,FP016,view,1752529647
F00520,FP010,view,1744153184
F00520,FP002,view,1737549021
F00520,FP017,view,1739316750
F00520,FP010,apply,1750269222
F00521,FP016,view,1745545733
F00521,FP004,view,1736820992
F00521,FP015,view,1749347467
F00521,FP004,view,1747050911
F00521,FP016,view,1758415787
F00522,FP018,view,1765146174
F00522,FP013,view,1759079014
F00522,FP012,view,1754275964
F00522,FP019,view,1741861536
F00522,FP002,view,1735726752
F00523,FP003,view,1756151308
F00523,FP004,view,1742053337
F00523,FP005,apply,1740628013
F00523,FP008,view,1750414807
F00523,FP009,view,1758951971
F00523,FP008,view,1753256507
F00523,FP009,learn,1745852802
F00523,FP002,view,1766432902
F00524,FP006,learn,1736802018
F00524,FP015,view,1750427633
F00524,FP003,view,1766336764
F00524,FP006,view,1744169377
F00524,FP002,learn,1747299263
F00524,FP009,view,1739147248
F00524,FP019,view,1758647546
F00524,FP003,view,1752084652
F00524,FP014,view,1763802556
F00525,FP017,learn,1765256421
F00525,FP003,view,1762089026
F00525,FP020,view,1758061556
F00525,FP011,learn,1754400908
F00525,FP020,view,1754026640
F00525,FP013,view,1761071322
F00526,FP018,view,1742563520
F00526,FP016,learn,1748700257
F00526,FP015,view,1738713915
F00526,FP010,view,1741693732
F00526,FP010,view,1763340796
F00526,FP012,apply,1742209919
F00526,FP019,view,1748952010
F00527,FP011,apply,1736528740
F00527,FP008,learn,1740543052
F00527,FP006,view,1750965317
F00527,FP009,view,1763252465
F00527,FP011,view,1753212943
F00527,FP012,learn,1750749748
F00527,FP019,view,1745048456
F00528,FP011,view,1736169193
F00528,FP012,view,1749975098
F00528,FP009,apply,1740978028
F00528,FP003,view,1739650984
F00528,FP008,apply,1766671711
F00528,FP019,view,1756597040
F00528,FP003,view,1743675003
F00528,FP009,view,1760894628
F00529,FP002,view,1741280566
F00529,FP013,view,1763165210
F00529,FP017,apply,1760260456
F00529,FP018,apply,1744965771
F00529,FP006,view,1743526294
F00529,FP005,learn,1736554507
F00529,FP020,view,1761671584
F00529,FP001,view,1755401356
F00529,FP010,view,1739188622
F00529,FP015,view,1755077283
F00530,FP002,view,1761906051
F00530,FP006,view,1759346624
F00530,FP004,view,1766256424
F00530,FP020,apply,1756475239
F00530,FP016,view,1751655528
F00530,FP008,view,1746906125
F00531,FP011,learn,1761117243
F00531,FP018,view,1747747582
F00531,FP014,view,1738143653
F00531,FP005,view,1748138553
F00531,FP004,apply,1752926154
F00531,FP002,view,1738846475
F00532,FP010,learn,1760339832
F00532,FP006,view,1765234900
F00532,FP015,view,1761412237
F00532,FP013,view,1748773010
F00532,FP008,learn,1760448467
F00532,FP004,view,1738379320
F00532,FP013,view,1761090257
F00532,FP015,learn,1763258339
F00533,FP008,view,1757300296
F00533,FP001,view,1738389042
F00533,FP008,learn,1757114107
F00533,FP019,view,1739323454
F00533,FP008,learn,1744545537
F00533,FP002,apply,1736474896
F00533,FP009,view,1736489981
F00533,FP001,view,1744359651
F00533,FP007,view,1746027764
F00534,FP009,view,1756213650
F00534,FP012,learn,1755660627
F00534,FP007,view,1759766279
F00534,FP004,apply,1757008102
F00535,FP007,view,1748228368
F00535,FP001,view,1755286626
F00535,FP008,view,1765290736
F00535,FP018,learn,1741450293
F00535,FP002,learn,1736944342
F00535,FP004,view,1766285263
F00535,FP020,view,1749592903
F00536,FP015,view,1757160397
F00536,FP003,learn,1760799110
F00536,FP014,view,1760546377
F00536,FP004,apply,1744673148
F00536,FP019,apply,1743049123
F00536,FP020,view,1743212165
F00537,FP011,view,1756743786
F00537,FP006,view,1742296437
F00537,FP008,learn,1760599238
F00537,FP013,learn,1741275981
F00538,FP013,view,1766241422
F00538,FP009,view,1741927017
F00538,FP006,view,1739264848
F00538,FP007,view,1742468298
F00539,FP009,view,1759020642
F00539,FP004,learn,1752477325
F00539,FP010,apply,1743630066
F00539,FP003,apply,1751462834
F00539,FP014,view,1739130818
F00539,FP019,learn,1741207712
F00540,FP003,view,1757874513
F00540,FP019,view,1737845458
F00540,FP006,view,1747334633
F00540,FP008,view,1755890879
F00540,FP010,view,1763430119
F00540,FP005,view,1762141500
F00540,FP014,view,1764471725
F00541,FP013,view,1746900923
F00541,FP001,view,1742768067
F00541,FP006,view,1746338620
F00541,FP006,view,1749338750
F00541,FP001,view,1747982958
F00541,FP014,learn,1742964330
F00541,FP005,view,1766382517
F00541,FP013,view,1755143106
F00542,FP005,apply,1738648409
F00542,FP005,view,1738193277
F00542,FP016,view,1765930970
F00542,FP020,view,1758697385
F00542,FP009,apply,1761937422
F00542,FP002,view,1737891740
F00542,FP002,view,1748217515
F00543,FP008,view,1764839867
F00543,FP010,learn,1759286502
F00543,FP004,view,1760569476
F00543,FP007,view,1746671585
F00543,FP008,view,1740258214
F00543,FP006,view,1737490247
F00543,FP014,learn,1750996114
F00544,FP019,view,1746218607
F00544,FP020,view,1765886314
F00544,FP005,apply,1755084962
F00544,FP011,view,1762649416
F00544,FP003,view,1763976450
F00544,FP007,view,1761354830
F00544,FP007,learn,1743479260
F00544,FP008,view,1743735818
F00544,FP007,apply,1737497332
F00544,FP007,learn,1761456513
F00545,FP001,view,1763053345
F00545,FP010,view,1743015704
F00545,FP018,learn,1760595953
F00545,FP008,view,1761326445
F00545,FP008,view,1751754787
F00545,FP016,learn,1757230328
F00545,FP013,view,1738203117
F00546,FP020,apply,1766470877
F00546,FP007,view,1763921220
F00546,FP010,view,1755591229
F00546,FP007,view,1750314747
F00546,FP019,view,1748359729
F00546,FP001,view,1760969855
F00546,FP004,view,1740345106
F00546,FP019,view,1737341362
F00546,FP002,view,1747992111
F00546,FP018,learn,1765746144
F00547,FP005,apply,1755643276
F00547,FP019,view,1766787721
F00547,FP015,view,1749492437
F00547,FP013,view,1748098919
F00548,FP019,learn,1763864049
F00548,FP014,apply,1758831528
F00548,FP012,view,1753758626
F00548,FP008,apply,1737624358
F00548,FP011,view,1758694378
F00548,FP010,apply,1763210324
F00548,FP020,view,1747385926
F00548,FP011,view,1738177838
F00548,FP009,learn,1760652643
F00548,FP001,view,1761018051
F00549,FP012,view,1742781070
F00549,FP003,view,1742796164
F00549,FP004,view,1743369992
F00549,FP008,view,1735900834
F00549,FP009,apply,1753295695
F00549,FP008,view,1737296810
F00550,FP002,view,1743691296
F00550,FP007,view,1741650534
F00550,FP001,view,1761609130
F00550,FP013,view,1759482923
F00550,FP009,apply,1755118322
F00550,FP008,view,1754102231
F00550,FP015,view,1739009471
F00550,FP010,view,1758844320
F00550,FP006,view,1751670234
F00550,FP010,learn,1743465076
F00551,FP005,view,1736976356
F00551,FP008,learn,1755740705
F00551,FP002,view,1755863176
F00551,FP002,learn,1756631570
F00551,FP014,view,1751761374
F00551,FP012,view,1752267144
F00552,FP013,learn,1738106581
F00552,FP004,view,1744372442
F00552,FP003,view,1749825477
F00552,FP018,view,1749745985
F00552,FP002,learn,1747572531
F00552,FP020,learn,1746430497
F00552,FP015,view,1763325513
F00552,FP003,view,1744069100
F00553,FP003,view,1752690125
F00553,FP013,view,1746869157
F00553,FP008,view,1746626432
F00553,FP019,view,1753066164
F00553,FP007,view,1759267549
F00553,FP008,view,1743588301
F00554,FP014,view,1766956269
F00554,FP006,view,1758017914
F00554,FP019,view,1746448371
F00554,FP011,view,1765607658
F00554,FP013,view,1763737775
F00554,FP020,view,1763630546
F00554,FP002,view,1748186130
F00554,FP007,view,1738650981
F00554,FP019,view,1741308935
F00555,FP005,view,1761367118
F00555,FP010,learn,1740456489
F00555,FP016,learn,1760816298
F00555,FP016,learn,1765836822
F00555,FP003,view,1766284085
F00555,FP003,learn,1751172611
F00556,FP005,view,1759731520
F00556,FP019,view,1752688108
F00556,FP013,view,1743981428
F00556,FP009,learn,1763804554
F00556,FP005,learn,1744808179
F00556,FP001,view,1765394452
F00556,FP013,view,1742784456
F00556,FP009,view,1746568580
F00557,FP010,learn,1743390139
F00557,FP014,apply,1737817663
F00557,FP014,view,1741790298
F00557,FP008,view,1753499124
F00557,FP020,view,1746315288
F00557,FP003,apply,1757589074
F00557,FP010,view,1750094150
F00558,FP020,view,1742204856
F00558,FP011,view,1744830294
F00558,FP014,view,1763006712
F00558,FP014,view,1743277238
F00558,FP019,view,1741781966
F00558,FP020,view,1759087417
F00558,FP004,view,1763621469
F00559,FP004,view,1765059822
F00559,FP001,view,1740735207
F00559,FP005,view,1756246925
F00559,FP001,view,1762558621
F00559,FP003,apply,1754071637
F00560,FP010,learn,1752765311
F00560,FP009,view,1766289150
F00560,FP008,view,1737879715
F00560,FP011,view,1758773482
F00561,FP011,learn,1756602525
F00561,FP001,learn,1754326745
F00561,FP011,view,1748104004
F00561,FP002,view,1746022884
F00561,FP019,view,1745356120
F00561,FP008,view,1746703640
F00561,FP009,view,1749428239
F00561,FP006,learn,1742866572
F00561,FP005,view,1742378336
F00562,FP007,learn,1764041117
F00562,FP002,apply,1738074882
F00562,FP017,view,1758061447
F00562,FP012,view,1762346198
F00562,FP003,view,1750894405
F00562,FP018,learn,1761178054
F00563,FP001,view,1745597826
F00563,FP003,view,1738394451
F00563,FP005,view,1757127783
F00563,FP020,view,1758718765
F00563,FP009,view,1748106215
F00563,FP015,view,1741727470
F00563,FP006,view,1749941565
F00563,FP019,learn,1748529582
F00564,FP005,learn,1743871203
F00564,FP007,learn,1742315066
F00564,FP010,view,1741651742
F00564,FP019,view,1738471629
F00564,FP001,view,1759855799
F00564,FP012,view,1765573961
F00564,FP001,view,1761761711
F00564,FP005,apply,1744942536
F00564,FP005,learn,1756145279
F00565,FP005,view,1759394227
F00565,FP009,view,1758944882
F00565,FP010,view,1764957600
F00565,FP005,view,1758797712
F00565,FP010,view,1755586439
F00566,FP020,view,1738278745
F00566,FP001,apply,1753153461
F00566,FP015,view,1745568171
F00566,FP003,learn,1759612631
F00566,FP011,learn,1756663138
F00566,FP012,view,1752703564
F00566,FP005,view,1760236993
F00566,FP018,apply,1766189031
F00566,FP008,view,1762088814
F00566,FP011,learn,1745054323
F00567,FP011,view,1756503083
F00567,FP012,learn,1740788883
F00567,FP008,view,1747605172
F00567,FP005,learn,1764425799
F00567,FP011,view,1753605808
F00567,FP004,learn,1738093764
F00567,FP007,view,1764655761
F00567,FP007,apply,1763594221
F00568,FP015,apply,1764304034
F00568,FP013,view,1756208015
F00568,FP012,view,1754308976
F00568,FP006,view,1751772260
F00568,FP020,view,1751052390
F00568,FP001,view,1755738167
F00568,FP013,view,1755927483
F00569,FP013,view,1736575152
F00569,FP013,view,1763894008
F00569,FP005,view,1748647199
F00569,FP006,view,1754143381
F00569,FP016,view,1750302806
F00569,FP003,view,1760178394
F00569,FP007,view,1763245835
F00569,FP012,view,1765589470
F00570,FP009,view,1743229599
F00570,FP010,view,1759118477
F00570,FP002,view,1758960816
F00570,FP008,apply,1765147989
F00570,FP009,view,1739334577
F00571,FP014,view,1743386904
F00571,FP017,view,1740696043
F00571,FP013,view,1741929759
F00571,FP010,view,1748139579
F00571,FP001,view,1756027425
F00571,FP008,view,1741210786
F00571,FP011,view,1741437471
F00571,FP003,view,1752073332
F00572,FP020,learn,1754896995
F00572,FP012,view,1736390860
F00572,FP018,view,1738176481
F00572,FP008,view,1747351697
F00572,FP007,view,1755942397
F00572,FP004,view,1743596872
F00573,FP011,view,1766463742
F00573,FP009,learn,1762979890
F00573,FP013,view,1739150260
F00573,FP010,view,1754475422
F00573,FP014,apply,1745459257
F00573,FP002,view,1762127158
F00573,FP008,view,1765295199
F00573,FP015,view,1766981304
F00573,FP015,view,1764661761
F00573,FP016,view,1737927321
F00574,FP011,view,1740051535
F00574,FP001,view,1750146905
F00574,FP006,view,1744699860
F00574,FP009,learn,1736087684
F00574,FP004,learn,1766004495
F00574,FP015,learn,1759702850
F00574,FP002,view,1736270900
F00574,FP003,learn,1758743724
F00574,FP009,view,1756715228
F00574,FP007,view,1736776264
F00575,FP005,view,1764393587
F00575,FP001,view,1742197869
F00575,FP009,view,1752848871
F00575,FP015,view,1740240826
F00576,FP013,view,1759082517
F00576,FP017,view,1738198107
F00576,FP010,view,1765446020
F00576,FP017,apply,1761698899
F00576,FP016,view,1741228499
F00577,FP015,view,1753779761
F00577,FP013,view,1758891925
F00577,FP005,learn,1744599999
F00577,FP007,view,1754060430
F00577,FP003,learn,1749941760
F00578,FP013,view,1752303484
F00578,FP012,view,1754756357
F00578,FP010,view,1751126455
F00578,FP002,view,1758079112
F00578,FP009,view,1747637539
F00578,FP018,view,1744448740
F00578,FP006,view,1756958810
F00579,FP004,view,1766442739
F00579,FP012,view,1745645778
F00579,FP003,view,1750137466
F00579,FP001,apply,1737794483
F00579,FP007,view,1763533468
F00579,FP003,view,1751109545
F00579,FP007,learn,1741638909
F00579,FP004,view,1758280774
F00580,FP006,view,1744715711
F00580,FP009,view,1749437696
F00580,FP004,view,1757638614
F00580,FP004,view,1746431911
F00581,FP006,view,1744719153
F00581,FP008,view,1766182229
F00581,FP005,view,1745258197
F00581,FP001,view,1762518230
F00581,FP011,view,1745688329
F00582,FP002,apply,1747193482
F00582,FP005,view,1763751181
F00582,FP008,learn,1742956837
F00582,FP019,view,1745274298
F00582,FP020,view,1746495744
F00582,FP018,view,1760748800
F00582,FP005,view,1751390228
F00582,FP017,view,1759872374
F00583,FP007,view,1748646700
F00583,FP008,view,1766601291
F00583,FP009,view,1760790190
F00583,FP009,view,1746172457
F00583,FP004,view,1737881176
F00583,FP006,learn,1758046268
F00584,FP004,learn,1759214256
F00584,FP009,view,1742051923
F00584,FP014,view,1758899040
F00584,FP012,view,1756944125
F00584,FP010,learn,1759229266
F00584,FP019,view,1738625893
F00584,FP003,learn,1742477374
F00584,FP005,view,1738129781
F00585,FP014,view,1760766051
F00585,FP013,view,1752809770
F00585,FP014,learn,1750034307
F00585,FP007,learn,1750806831
F00586,FP016,view,1749574114
F00586,FP015,apply,1761992078
F00586,FP016,view,1760418818
F00586,FP011,apply,1749364128
F00586,FP014,view,1762909263
F00586,FP006,view,1758778271
F00586,FP006,learn,1766316996
F00586,FP012,view,1762598448
F00586,FP015,view,1745474115
F00587,FP013,learn,1736385922
F00587,FP012,view,1744857674
F00587,FP017,view,1763468930
F00587,FP017,apply,1760077285
F00587,FP012,view,1760081426
F00587,FP018,view,1740976437
F00587,FP005,view,1750036009
F00587,FP019,view,1765638613
F00587,FP016,view,1760625330
F00587,FP002,view,1737134243
F00588,FP007,view,1745997055
F00588,FP005,learn,1764298002
F00588,FP019,view,1737757823
F00588,FP012,view,1746624798
F00589,FP018,view,1747208125
F00589,FP008,view,1735698372
F00589,FP007,learn,1752596592
F00589,FP002,view,1745688360
F00590,FP019,view,1741791076
F00590,FP002,view,1744040488
F00590,FP012,view,1746727418
F00590,FP002,view,1761422393
F00590,FP008,view,1751934421
F00591,FP010,view,1757180468
F00591,FP005,learn,1741979654
F00591,FP005,view,1752803331
F00591,FP005,learn,1753267203
F00592,FP005,apply,1750738584
F00592,FP004,learn,1764848141
F00592,FP016,view,1765067897
F00592,FP006,view,1748901598
F00592,FP010,view,1762779780
F00592,FP001,view,1753457183
F00592,FP018,apply,1757530856
F00593,FP019,view,1765831506
F00593,FP003,view,1766661540
F00593,FP015,view,1752223272
F00593,FP005,view,1745607499
F00593,FP008,apply,1761950780
F00593,FP003,view,1745368799
F00593,FP005,view,1737478754
F00593,FP002,view,1738669334
F00594,FP005,view,1758060380
F00594,FP013,view,1741197848
F00594,FP011,learn,1762002182
F00594,FP019,view,1753512656
F00594,FP014,view,1749008789
F00594,FP009,apply,1760924922
F00594,FP012,view,1745942745
F00594,FP008,view,1766901652
F00594,FP008,view,1753167143
F00595,FP019,learn,1736259960
F00595,FP003,view,1745886962
F00595,FP007,view,1759750661
F00595,FP011,view,1758678298
F00595,FP016,view,1743343755
F00596,FP014,apply,1744395528
F00596,FP009,view,1759684323
F00596,FP002,view,1748062062
F00596,FP008,learn,1744467848
F00596,FP006,view,1746298206
F00596,FP004,view,1748267684
F00596,FP011,view,1755795673
F00596,FP008,view,1738387748
F00597,FP002,view,1758864371
F00597,FP001,view,1754868128
F00597,FP004,view,1746567119
F00597,FP020,view,1766147761
F00597,FP008,view,1739886990
F00598,FP008,view,1764092216
F00598,FP007,view,1744643360
F00598,FP001,view,1765586254
F00598,FP014,learn,1739824154
F00598,FP004,view,1736891751
F00598,FP003,view,1736517997
F00598,FP010,view,1754061468
F00598,FP012,learn,1753251810
F00598,FP009,view,1742786318
F00599,FP010,learn,1743491029
F00599,FP008,learn,1753928048
F00599,FP012,learn,1741053939
F00599,FP013,learn,1742955819
F00600,FP013,view,1752751915
F00600,FP007,view,1756330151
F00600,FP017,apply,1740212576
F00600,FP011,view,1742875401
F00600,FP010,view,1746094813
F00600,FP008,learn,1756838998
F00601,FP004,view,1757943951
F00601,FP009,learn,1750984568
F00601,FP010,view,1765452845
F00601,FP008,learn,1756177532
F00601,FP004,view,1748402582
F00601,FP005,view,1748162992
F00601,FP020,view,1750966385
F00601,FP019,learn,1736325694
F00601,FP013,learn,1743426011
F00601,FP015,view,1745016569
F00602,FP011,view,1758536288
F00602,FP008,learn,1764215627
F00602,FP004,view,1738710328
F00602,FP003,view,1758008391
F00602,FP003,apply,1749892529
F00602,FP012,learn,1763937464
F00602,FP003,view,1736113619
F00602,FP009,view,1764031309
F00602,FP007,learn,1736139755
F00602,FP004,view,1752197599
F00603,FP020,learn,1746941977
F00603,FP015,view,1764053318
F00603,FP008,learn,1744262497
F00603,FP012,view,1761652876
F00603,FP014,view,1765493157
F00603,FP020,learn,1758596812
F00603,FP015,learn,1747358180
F00603,FP020,learn,1753286683
F00603,FP015,view,1740990602
F00603,FP015,view,1763272785
F00604,FP002,learn,1763778472
F00604,FP006,view,1750488812
F00604,FP015,view,1745996447
F00604,FP020,view,1744644491
F00604,FP005,view,1763693148
F00605,FP011,view,1761831438
F00605,FP020,view,1748509672
F00605,FP009,view,1735788582
F00605,FP005,learn,1746164497
F00605,FP008,learn,1748684634
F00605,FP003,view,1749132969
F00605,FP009,learn,1762287183
F00606,FP013,view,1765483028
F00606,FP006,view,1745315294
F00606,FP020,view,1748845457
F00606,FP019,view,1749281506
F00606,FP002,view,1762737907
F00606,FP013,view,1739575551
F00606,FP008,learn,1760439038
F00606,FP006,view,1759558590
F00607,FP003,learn,1758867004
F00607,FP008,learn,1753725840
F00607,FP018,view,1744983797
F00607,FP003,apply,1756017685
F00607,FP019,apply,1758755212
F00607,FP019,learn,1738105434
F00608,FP002,view,1743323875
F00608,FP002,view,1765392377
F00608,FP011,view,1739623097
F00608,FP012,view,1761369684
F00608,FP008,learn,1743834641
F00608,FP013,view,1756499031
F00608,FP003,view,1744632945
F00608,FP001,view,1752912562
F00609,FP017,view,1749767492
F00609,FP007,view,1742888979
F00609,FP010,view,1750445809
F00609,FP006,view,1736218713
F00609,FP005,view,1739254415
F00609,FP020,view,1755622939
F00609,FP012,view,1738267166
F00609,FP002,view,1744789901
F00609,FP017,view,1754269083
F00609,FP015,view,1761834036
F00610,FP003,view,1743131067
F00610,FP001,apply,1758158188
F00610,FP007,view,1738036411
F00610,FP009,view,1751184687
F00610,FP009,view,1748294428
F00611,FP005,apply,1754368312
F00611,FP002,view,1761879853
F00611,FP002,view,1756650363
F00611,FP020,view,1745869936
F00611,FP013,view,1749061212
F00611,FP013,view,1739232810
F00611,FP004,view,1750561684
F00611,FP013,apply,1766135502
F00611,FP019,view,1760538884
F00611,FP004,view,1736362703
F00612,FP007,view,1745856081
F00612,FP001,view,1745885617
F00612,FP004,learn,1760750932
F00612,FP001,view,1738076232
F00612,FP020,view,1764538713
F00613,FP003,view,1748277639
F00613,FP011,view,1748902249
F00613,FP013,view,1745637571
F00613,FP017,view,1748969746
F00613,FP014,learn,1751633152
F00613,FP013,apply,1747031816
F00613,FP008,view,1751242029
F00613,FP001,view,1743605325
F00613,FP011,view,1738677838
F00614,FP020,view,1744147544
F00614,FP001,view,1750423618
F00614,FP006,learn,1742282265
F00614,FP020,view,1755501133
F00614,FP001,view,1745058976
F00614,FP009,apply,1760299042
F00614,FP014,view,1736418286
F00615,FP011,learn,1753650064
F00615,FP005,apply,1757882829
F00615,FP010,view,1736156491
F00615,FP013,learn,1738739923
F00615,FP014,view,1746763744
F00616,FP011,view,1742523855
F00616,FP004,view,1744848228
F00616,FP004,learn,1763086138
F00616,FP016,view,1750507652
F00616,FP019,view,1756003409
F00616,FP001,view,1742127941
F00616,FP013,view,1751600266
F00617,FP008,view,1755887207
F00617,FP007,view,1748509348
F00617,FP001,apply,1738671520
F00617,FP004,learn,1737147900
F00617,FP008,view,1739542876
F00617,FP015,apply,1747153327
F00617,FP005,view,1755292694
F00617,FP009,learn,1764639191
F00618,FP015,learn,1758889659
F00618,FP015,view,1747527265
F00618,FP015,view,1750242559
F00618,FP011,view,1737250243
F00618,FP019,view,1764502134
F00618,FP018,apply,1766069805
F00618,FP019,apply,1739714717
F00619,FP018,learn,1748974724
F00619,FP005,view,1749306357
F00619,FP007,view,1747276187
F00619,FP001,view,1764173671
F00619,FP001,view,1744350247
F00619,FP001,view,1762953176
F00620,FP011,view,1753363703
F00620,FP020,learn,1764389687
F00620,FP004,learn,1738035713
F00620,FP005,view,1755553918
F00620,FP013,view,1739020385
F00620,FP020,learn,1764547671
F00620,FP003,apply,1746371256
F00620,FP004,view,1755971413
F00620,FP002,apply,1760289291
F00621,FP016,view,1758578401
F00621,FP005,view,1740676794
F00621,FP007,view,1753083908
F00621,FP012,view,1742142497
F00621,FP002,view,1756270202
F00621,FP004,view,1760842316
F00622,FP019,view,1762912648
F00622,FP002,view,1758794530
F00622,FP014,view,1740816185
F00622,FP003,learn,1741286561
F00622,FP015,learn,1738120704
F00622,FP012,apply,1752558571
F00622,FP020,learn,1751669941
F00622,FP007,apply,1751404692
F00623,FP019,view,1760725711
F00623,FP016,view,1735982777
F00623,FP017,view,1742079126
F00623,FP016,view,1765507731
F00623,FP004,learn,1737390416
F00623,FP016,view,1747112872
F00623,FP018,view,1765374793
F00623,FP014,view,1754648972
F00624,FP015,view,1746104225
F00624,FP015,learn,1751245690
F00624,FP007,view,1746736495
F00624,FP001,view,1764896447
F00624,FP015,learn,1762701917
F00624,FP007,view,1751140229
F00624,FP017,view,1753333629
F00624,FP019,view,1736169808
F00624,FP020,view,1766784606
F00625,FP010,view,1762322687
F00625,FP001,view,1753524961
F00625,FP013,view,1755477384
F00625,FP010,learn,1746013835
F00625,FP014,view,1765517772
F00625,FP015,view,1737422996
F00625,FP009,view,1762788126
F00626,FP002,learn,1763316390
F00626,FP005,view,1762266431
F00626,FP011,learn,1740974405
F00626,FP001,view,1741891498
F00626,FP007,view,1738863274
F00626,FP008,learn,1760557383
F00626,FP020,view,1761214647
F00626,FP012,view,1753841956
F00626,FP012,view,1756394789
F00627,FP007,view,1764349507
F00627,FP002,view,1754396474
F00627,FP005,learn,1738257644
F00627,FP007,view,1756022759
F00627,FP002,view,1750866798
F00627,FP011,learn,1759753226
F00628,FP017,apply,1741812135
F00628,FP004,view,1754667029
F00628,FP020,view,1761038502
F00628,FP020,view,1758168170
F00628,FP005,view,1740432202
F00629,FP013,view,1749995958
F00629,FP014,view,1751693221
F00629,FP015,view,1748928768
F00629,FP009,view,1740584932
F00629,FP010,view,1760713514
F00629,FP006,learn,1742365962
F00629,FP008,learn,1739116941
F00629,FP013,view,1736954165
F00629,FP005,learn,1766022132
F00630,FP009,view,1766617490
F00630,FP016,view,1750312403
F00630,FP012,view,1742768491
F00630,FP003,view,1747055620
F00630,FP018,apply,1758214410
F00630,FP019,learn,1739799529
F00630,FP020,view,1747294101
F00631,FP005,apply,1756396845
F00631,FP009,view,1766480899
F00631,FP003,view,1750799287
F00631,FP004,view,1750704655
F00631,FP009,view,1752206816
F00631,FP011,learn,1754646352
F00631,FP013,view,1756380641
F00632,FP014,view,1741443962
F00632,FP009,view,1754672712
F00632,FP011,apply,1756864646
F00632,FP007,view,1764909881
F00632,FP010,learn,1765878570
F00632,FP006,view,1741963158
F00632,FP019,apply,1757596243
F00632,FP018,view,1753086222
F00632,FP001,view,1746765082
F00632,FP007,view,1738269556
F00633,FP006,view,1764360838
F00633,FP008,view,1747019213
F00633,FP004,view,1761970228
F00633,FP016,view,1746501493
F00634,FP009,view,1750250340
F00634,FP005,view,1762399371
F00634,FP003,learn,1754034802
F00634,FP010,learn,1755560520
F00634,FP009,view,1746575279
F00634,FP011,view,1743565781
F00634,FP014,view,1761605684
F00634,FP004,learn,1748161472
F00634,FP001,apply,1747940999
F00635,FP020,view,1751909586
F00635,FP006,apply,1744918288
F00635,FP012,learn,1748558472
F00635,FP009,learn,1745166257
F00635,FP007,view,1751257728
F00635,FP007,learn,1738127585
F00636,FP004,view,1760668617
F00636,FP006,view,1766429938
F00636,FP003,learn,1763960991
F00636,FP009,view,1744227180
F00636,FP005,view,1761254361
F00636,FP010,view,1742421235
F00636,FP020,apply,1763354670
F00636,FP014,view,1761324462
F00636,FP019,view,1740015778
F00636,FP019,learn,1759163176
F00637,FP008,view,1747405163
F00637,FP002,view,1766092814
F00637,FP001,learn,1743024192
F00637,FP004,view,1757953349
F00637,FP001,view,1738797474
F00637,FP019,view,1746675545
F00637,FP001,apply,1763129496
F00637,FP003,view,1739334266
F00637,FP011,view,1746181865
F00638,FP019,view,1753218029
F00638,FP011,view,1761461582
F00638,FP008,learn,1753778373
F00638,FP014,view,1748567184
F00638,FP006,apply,1762076942
F00638,FP004,view,1738060013
F00638,FP003,view,1745066303
F00638,FP011,apply,1764854979
F00638,FP013,view,1752333009
F00638,FP010,view,1757545840
F00639,FP009,view,1737137004
F00639,FP014,learn,1759105649
F00639,FP020,apply,1755900986
F00639,FP013,view,1745464144
F00639,FP009,apply,1759714870
F00640,FP015,view,1764293267
F00640,FP003,view,1760031013
F00640,FP017,learn,1743085484
F00640,FP002,view,1736152471
F00640,FP018,learn,1736281426
F00640,FP014,view,1754401274
F00640,FP013,view,1740649618
F00641,FP019,view,1748015077
F00641,FP007,view,1757179538
F00641,FP018,view,1765545263
F00641,FP003,view,1745146976
F00641,FP020,learn,1766901843
F00641,FP003,view,1742477763
F00641,FP017,view,1749979103
F00642,FP006,view,1754586746
F00642,FP020,view,1738684611
F00642,FP012,view,1766304364
F00642,FP010,apply,1749964130
F00643,FP019,view,1762381478
F00643,FP013,view,1758925865
F00643,FP013,learn,1743311013
F00643,FP007,view,1743452235
F00643,FP007,learn,1739779076
F00643,FP002,view,1766093220
F00643,FP013,view,1757752236
F00643,FP003,learn,1762828699
F00643,FP004,view,1743900256
F00644,FP011,apply,1766876694
F00644,FP019,view,1740741901
F00644,FP001,view,1760574522
F00644,FP014,view,1737880991
F00644,FP017,view,1753573842
F00644,FP017,view,1751860283
F00644,FP008,view,1741670459
F00645,FP011,view,1766533940
F00645,FP012,learn,1738160030
F00645,FP007,view,1744470704
F00645,FP003,view,1752222303
F00645,FP006,apply,1749062055
F00645,FP003,view,1747780897
F00645,FP012,view,1742806673
F00645,FP015,view,1739707062
F00646,FP002,learn,1760604108
F00646,FP003,view,1737176101
F00646,FP006,view,1739191406
F00646,FP018,learn,1736761564
F00646,FP005,view,1765414666
F00646,FP011,view,1735871576
F00646,FP014,view,1765798683
F00646,FP014,view,1758238349
F00647,FP007,learn,1762371465
F00647,FP014,view,1743526527
F00647,FP013,view,1758136419
F00647,FP007,view,1738693325
F00647,FP016,view,1746048890
F00647,FP015,learn,1752834194
F00648,FP008,apply,1745359553
F00648,FP017,learn,1763938385
F00648,FP017,view,1754337575
F00648,FP003,view,1766979004
F00649,FP012,learn,1748018214
F00649,FP012,view,1758639821
F00649,FP010,apply,1752463408
F00649,FP010,view,1742050225
F00649,FP012,view,1760185058
F00650,FP003,learn,1741097485
F00650,FP008,view,1753777030
F00650,FP004,view,1763821003
F00650,FP015,view,1743174929
F00650,FP011,learn,1741194043
F00651,FP020,view,1736001860
F00651,FP016,view,1739725445
F00651,FP013,view,1745071617
F00651,FP016,apply,1759810752
F00651,FP016,view,1765879896
F00651,FP003,view,1748146929
F00651,FP015,apply,1752901305
F00651,FP014,view,1737707136
F00651,FP001,learn,1756517416
F00652,FP008,learn,1743522366
F00652,FP002,view,1763156993
F00652,FP008,view,1744708265
F00652,FP015,view,1760447103
F00652,FP011,learn,1753016559
F00652,FP005,view,1754302183
F00652,FP017,view,1758494133
F00652,FP011,view,1744123796
F00652,FP003,view,1753442923
F00653,FP010,learn,1745253232
F00653,FP008,view,1760830657
F00653,FP005,view,1766620203
F00653,FP019,view,1766655114
F00653,FP007,apply,1758359171
F00653,FP012,view,1762229859
F00654,FP014,view,1761010593
F00654,FP010,view,1745540970
F00654,FP016,view,1763785951
F00654,FP020,view,1765535278
F00654,FP011,view,1759285388
F00654,FP001,view,1751543540
F00655,FP006,view,1738462955
F00655,FP010,view,1746820848
F00655,FP006,view,1745217401
F00655,FP004,view,1749160893
F00655,FP019,view,1765851122
F00655,FP005,view,1757804574
F00655,FP010,view,1742153302
F00655,FP009,view,1757572228
F00655,FP016,view,1749443097
F00655,FP009,learn,1765968849
F00656,FP009,learn,1765053263
F00656,FP012,apply,1765311290
F00656,FP006,view,1758748163
F00656,FP001,view,1748158079
F00656,FP013,view,1759283213
F00656,FP017,view,1738084151
F00656,FP016,view,1742146007
F00656,FP015,view,1763391204
F00656,FP009,view,1736065396
F00657,FP010,view,1738908373
F00657,FP003,apply,1758454842
F00657,FP006,learn,1745631114
F00657,FP010,view,1761470124
F00657,FP019,view,1759782427
F00657,FP019,view,1753200022
F00657,FP016,view,1739166806
F00657,FP004,view,1762602608
F00658,FP003,view,1752386351
F00658,FP002,apply,1764024209
F00658,FP010,learn,1762071676
F00658,FP002,view,1737024280
F00658,FP012,view,1739608908
F00658,FP020,learn,1738293228
F00658,FP010,view,1753770550
F00658,FP001,view,1761044024
F00658,FP003,view,1750772168
F00658,FP007,view,1761077202
F00659,FP017,learn,1742151253
F00659,FP011,view,1755126922
F00659,FP004,view,1758223757
F00659,FP010,view,1736493765
F00659,FP009,view,1737565013
F00659,FP013,view,1763790878
F00659,FP020,view,1761852834
F00659,FP016,view,1760312228
F00659,FP014,learn,1749037568
F00660,FP002,learn,1741620893
F00660,FP004,view,1750316922
F00660,FP006,view,1766385543
F00660,FP004,learn,1739385780
F00660,FP013,learn,1745355374
F00660,FP018,view,1763152445
F00660,FP018,learn,1758781297
F00660,FP016,view,1749180005
F00660,FP005,view,1740218898
F00660,FP003,view,1748991871
F00661,FP008,view,1743969539
F00661,FP011,view,1753426532
F00661,FP013,view,1737622612
F00661,FP006,view,1760447983
F00661,FP003,view,1737890730
F00661,FP008,view,1764638242
F00661,FP003,view,1751502911
F00661,FP001,view,1763181764
F00662,FP009,view,1750730320
F00662,FP009,apply,1763773072
F00662,FP010,view,1738438161
F00662,FP001,view,1743042612
F00662,FP019,learn,1746276009
F00663,FP007,learn,1758088602
F00663,FP006,apply,1756552606
F00663,FP006,learn,1759697114
F00663,FP020,view,1741150689
F00663,FP017,view,1753398492
F00663,FP017,view,1751019940
F00663,FP001,learn,1763485886
F00663,FP009,view,1749625095
F00664,FP015,view,1754476461
F00664,FP013,apply,1741084387
F00664,FP019,view,1748456865
F00664,FP015,apply,1739732483
F00664,FP009,view,1736483605
F00664,FP002,learn,1742689052
F00664,FP010,learn,1766734941
F00664,FP012,view,1751468683
F00664,FP012,view,1738870684
F00664,FP004,view,1760686584
F00665,FP013,learn,1764852997
F00665,FP001,view,1758494367
F00665,FP019,apply,1764462928
F00665,FP005,view,1736094878
F00665,FP008,view,1759015597
F00666,FP010,view,1747452618
F00666,FP009,view,1749527919
F00666,FP019,view,1738889375
F00666,FP004,view,1754933709
F00666,FP005,view,1752269366
F00666,FP002,learn,1765517588
F00666,FP012,view,1766900266
F00667,FP003,view,1744905408
F00667,FP020,view,1743908983
F00667,FP013,view,1741897561
F00667,FP008,view,1739675905
F00667,FP014,view,1737518025
F00667,FP007,apply,1746709556
F00668,FP013,view,1759607674
F00668,FP003,view,1752026844
F00668,FP020,learn,1758038090
F00668,FP019,view,1759650891
F00668,FP002,view,1765693012
F00668,FP018,view,1752432544
F00669,FP007,view,1757289379
F00669,FP008,view,1748618194
F00669,FP008,learn,1761443310
F00669,FP019,view,1741108058
F00669,FP006,view,1737788668
F00670,FP015,view,1757902993
F00670,FP005,apply,1758024423
F00670,FP012,view,1761306169
F00670,FP003,view,1744568891
F00670,FP004,view,1741555438
F00671,FP016,view,1765591018
F00671,FP001,view,1765048377
F00671,FP009,learn,1762625927
F00671,FP007,view,1746087693
F00671,FP019,view,1749968467
F00671,FP020,view,1746615100
F00671,FP005,view,1762929217
F00671,FP001,apply,1743941372
F00671,FP003,learn,1766427945
F00672,FP017,view,1751359678
F00672,FP017,apply,1762574817
F00672,FP006,view,1747339809
F00672,FP001,view,1740591037
F00672,FP020,view,1764871344
F00672,FP003,apply,1751018675
F00672,FP020,view,1738269164
F00672,FP017,view,1760474487
F00673,FP014,view,1740011952
F00673,FP006,view,1738083998
F00673,FP009,view,1744274651
F00673,FP010,view,1759158640
F00673,FP001,learn,1748821545
F00673,FP005,view,1755201539
F00673,FP015,view,1750080934
F00673,FP009,learn,1740351978
F00673,FP020,learn,1738433910
F00673,FP006,view,1765116009
F00674,FP002,view,1747450536
F00674,FP012,apply,1742328124
F00674,FP001,apply,1742636264
F00674,FP008,view,1757931488
F00675,FP020,apply,1762564407
F00675,FP003,learn,1736042415
F00675,FP011,learn,1762751611
F00675,FP014,view,1755873275
F00675,FP014,learn,1753410086
F00675,FP006,view,1753657347
F00675,FP013,view,1766155529
F00675,FP020,learn,1737548167
F00675,FP009,learn,1745751619
F00675,FP009,learn,1765008098
F00676,FP009,apply,1756784339
F00676,FP005,view,1748848532
F00676,FP016,apply,1766644664
F00676,FP017,apply,1737921251
F00676,FP015,view,1744224552
F00676,FP006,learn,1748805548
F00676,FP001,view,1757610545
F00676,FP012,view,1736693537
F00677,FP013,view,1749583661
F00677,FP004,view,1735757132
F00677,FP010,view,1738242395
F00677,FP002,view,1763914164
F00677,FP018,view,1737554956
F00677,FP004,view,1748396542
F00677,FP015,apply,1753833677
F00677,FP005,learn,1756565851
F00678,FP001,view,1761996460
F00678,FP004,view,1757488818
F00678,FP012,apply,1740220084
F00678,FP005,view,1759580194
F00678,FP009,learn,1739581533
F00678,FP009,apply,1750720324
F00678,FP013,view,1753009536
F00678,FP008,view,1761187353
F00678,FP019,view,1753582523
F00678,FP008,apply,1754084365
F00679,FP007,view,1739140679
F00679,FP012,view,1760367518
F00679,FP012,view,1764694976
F00679,FP010,view,1750543101
F00679,FP012,apply,1745843053
F00679,FP019,apply,1751277232
F00679,FP001,apply,1741178969
F00680,FP009,view,1743262174
F00680,FP011,view,1758150820
F00680,FP003,view,1744481834
F00680,FP013,apply,1750872981
F00680,FP004,view,1757369967
F00680,FP015,view,1766398889
F00680,FP013,view,1764002224
F00680,FP016,view,1740940251
F00681,FP019,learn,1755801512
F00681,FP013,view,1751374279
F00681,FP020,view,1756265896
F00681,FP011,apply,1763818376
F00682,FP006,learn,1749034109
F00682,FP013,view,1752404772
F00682,FP003,view,1749485580
F00682,FP009,view,1762560782
F00682,FP010,view,1737864805
F00682,FP008,learn,1755609349
F00682,FP008,view,1749483389
F00682,FP013,view,1755407973
F00683,FP019,view,1766374031
F00683,FP012,view,1739406113
F00683,FP013,view,1753445383
F00683,FP009,view,1765483284
F00683,FP003,view,1765278970
F00683,FP020,view,1745255151
F00683,FP018,view,1766102251
F00684,FP014,view,1763870484
F00684,FP007,view,1743217564
F00684,FP007,view,1745915370
F00684,FP012,view,1752411401
F00684,FP001,learn,1756872736
F00685,FP007,view,1740340872
F00685,FP019,view,1760703289
F00685,FP001,view,1760033065
F00685,FP003,view,1739403288
F00686,FP014,learn,1740419066
F00686,FP007,view,1737055037
F00686,FP004,view,1761384763
F00686,FP004,learn,1740243070
F00686,FP003,learn,1765833063
F00686,FP003,view,1754648607
F00686,FP001,view,1746068684
F00687,FP020,view,1736382944
F00687,FP019,learn,1736934175
F00687,FP011,learn,1751270653
F00687,FP015,view,1759062438
F00688,FP002,view,1745839385
F00688,FP011,view,1757494148
F00688,FP008,view,1761073655
F00688,FP017,view,1753017697
F00689,FP011,learn,1738067205
F00689,FP017,view,1749189337
F00689,FP017,learn,1766000832
F00689,FP003,view,1737066352
F00690,FP020,view,1753250504
F00690,FP009,view,1752931641
F00690,FP012,view,1762447905
F00690,FP019,view,1742344988
F00690,FP007,view,1742044801
F00691,FP003,view,1764081340
F00691,FP003,apply,1756213970
F00691,FP001,view,1763060396
F00691,FP020,view,1752473965
F00691,FP002,view,1746843326
F00691,FP002,view,1745633114
F00691,FP018,view,1759827628
F00692,FP015,view,1747674302
F00692,FP005,view,1737684340
F00692,FP005,view,1750045341
F00692,FP011,view,1738349385
F00692,FP015,view,1744934183
F00692,FP019,view,1744708094
F00692,FP018,view,1757536489
F00692,FP020,learn,1743516169
F00692,FP011,apply,1748636913
F00693,FP004,view,1751067137
F00693,FP013,view,1763219479
F00693,FP001,view,1758364447
F00693,FP010,view,1764479791
F00693,FP006,view,1738794624
F00693,FP003,apply,1759332190
F00693,FP008,learn,1750049335
F00693,FP003,view,1766677639
F00693,FP003,view,1765063047
F00693,FP008,view,1761492805
F00694,FP020,view,1746112382
F00694,FP020,view,1758421231
F00694,FP011,view,1746619639
F00694,FP002,view,1741241619
F00694,FP002,view,1763555118
F00694,FP004,view,1742506512
F00694,FP011,view,1741719346
F00694,FP014,view,1742390556
F00694,FP014,learn,1746689739
F00695,FP005,view,1750314278
F00695,FP008,view,1750775666
F00695,FP020,view,1749544506
F00695,FP004,view,1752995126
F00695,FP011,apply,1761612525
F00695,FP018,view,1754040652
F00695,FP018,apply,1759401597
F00696,FP011,view,1747086732
F00696,FP002,view,1749914919
F00696,FP010,apply,1753490314
F00696,FP011,view,1747561508
F00696,FP002,view,1765251283
F00696,FP011,view,1765333763
F00696,FP005,view,1738460773
F00696,FP009,apply,1753774417
F00696,FP008,view,1761930341
F00696,FP002,view,1755454382
F00697,FP009,view,1752453345
F00697,FP003,view,1754140722
F00697,FP020,view,1763087463
F00697,FP014,view,1754974352
F00697,FP019,view,1744740377
F00697,FP012,view,1754931164
F00697,FP006,view,1758948417
F00697,FP017,view,1749051515
F00697,FP004,view,1748708824
F00698,FP019,learn,1759558703
F00698,FP007,apply,1759829962
F00698,FP013,view,1741380413
F00698,FP010,view,1757885292
F00698,FP007,learn,1748935849
F00698,FP006,apply,1736966907
F00698,FP017,learn,1743922256
F00699,FP007,view,1761447460
F00699,FP002,view,1750394044
F00699,FP019,view,1739885129
F00699,FP017,apply,1759676128
F00699,FP007,view,1751353459
F00699,FP016,view,1738344802
F00700,FP013,view,1748212971
F00700,FP007,learn,1757090843
F00700,FP004,view,1743620393
F00700,FP015,view,1766236982
F00700,FP005,view,1766229924
F00700,FP018,view,1761134294
F00700,FP011,view,1745487750
F00701,FP018,learn,1738651908
F00701,FP006,view,1736195664
F00701,FP017,view,1755192072
F00701,FP019,view,1749511264
F00701,FP001,learn,1763293924
F00701,FP012,view,1738217998
F00701,FP001,view,1755786063
F00701,FP014,view,1742732818
F00701,FP012,view,1766829765
F00702,FP014,learn,1766682003
F00702,FP004,view,1749907680
F00702,FP005,view,1763826240
F00702,FP014,apply,1745801461
F00703,FP004,view,1741954738
F00703,FP015,learn,1759613869
F00703,FP011,view,1765210581
F00703,FP018,view,1742397322
F00703,FP018,learn,1759762001
F00703,FP018,view,1752203333
F00704,FP011,view,1742834174
F00704,FP005,apply,1738013302
F00704,FP012,apply,1764579642
F00704,FP013,learn,1750842941
F00704,FP011,view,1753040507
F00704,FP002,learn,1748490515
F00704,FP007,learn,1758505262
F00704,FP011,learn,1755745652
F00704,FP011,learn,1758090200
F00704,FP007,learn,1754422434
F00705,FP012,view,1739064604
F00705,FP010,learn,1756529616
F00705,FP001,view,1741649458
F00705,FP003,view,1754995906
F00706,FP014,view,1757743075
F00706,FP005,view,1746874315
F00706,FP012,apply,1741025860
F00706,FP006,view,1746614945
F00706,FP006,learn,1756671317
F00706,FP009,learn,1750004053
F00706,FP004,view,1759164142
F00706,FP012,learn,1743479766
F00706,FP013,view,1764948222
F00707,FP007,view,1748853146
F00707,FP018,view,1753191881
F00707,FP019,view,1745935028
F00707,FP007,view,1759504076
F00707,FP018,learn,1758681722
F00707,FP001,view,1763114983
F00707,FP003,apply,1755836953
F00707,FP007,view,1736775309
F00708,FP001,learn,1740589829
F00708,FP018,learn,1756301180
F00708,FP013,view,1741665722
F00708,FP012,view,1738374491
F00708,FP009,learn,1751548497
F00708,FP014,view,1760085405
F00709,FP013,view,1747001572
F00709,FP007,view,1751442118
F00709,FP017,apply,1758769642
F00709,FP005,view,1757696384
F00709,FP011,learn,1747704879
F00709,FP007,view,1764909195
F00710,FP009,view,1752348174
F00710,FP019,learn,1747807675
F00710,FP010,view,1740836309
F00710,FP020,view,1759081358
F00710,FP009,view,1753290469
F00710,FP007,view,1746616135
F00710,FP019,view,1750506777
F00711,FP019,learn,1735915887
F00711,FP002,view,1742354101
F00711,FP003,view,1765963362
F00711,FP009,apply,1737247223
F00712,FP019,view,1735730030
F00712,FP005,apply,1739577176
F00712,FP007,learn,1753116495
F00712,FP014,view,1739543283
F00713,FP009,learn,1759295914
F00713,FP010,view,1746929854
F00713,FP005,view,1766055232
F00713,FP001,learn,1740875337
F00713,FP009,learn,1764216110
F00713,FP007,view,1739408650
F00714,FP013,view,1745964544
F00714,FP008,learn,1756186226
F00714,FP004,view,1751236640
F00714,FP019,view,1754998072
F00714,FP001,view,1744476350
F00714,FP005,learn,1746338174
F00715,FP018,view,1751334748
F00715,FP011,view,1749788995
F00715,FP011,view,1756699697
F00715,FP009,view,1756784746
F00715,FP019,learn,1766926327
F00715,FP006,view,1754536772
F00715,FP011,view,1739341850
F00715,FP007,apply,1742200681
F00715,FP003,learn,1746704689
F00715,FP014,apply,1765029217
F00716,FP006,apply,1763406297
F00716,FP003,view,1741846063
F00716,FP009,view,1749664419
F00716,FP008,view,1766963785
F00717,FP018,view,1745807285
F00717,FP016,view,1751890309
F00717,FP012,learn,1759788408
F00717,FP017,view,1737589611
F00717,FP003,view,1763455153
F00717,FP003,learn,1745326080
F00717,FP004,view,1737235057
F00717,FP020,view,1753702429
F00718,FP011,view,1750415433
F00718,FP015,learn,1757243620
F00718,FP008,view,1746835480
F00718,FP006,view,1740196896
F00718,FP019,view,1755178843
F00719,FP006,view,1751851245
F00719,FP013,view,1741852863
F00719,FP012,apply,1764597213
F00719,FP020,view,1753856517
F00719,FP001,learn,1753058838
F00719,FP014,view,1750757712
F00720,FP003,learn,1763457808
F00720,FP004,apply,1747546378
F00720,FP009,learn,1753291904
F00720,FP008,view,1752951006
F00720,FP012,view,1738009919
F00720,FP008,view,1762686913
F00720,FP015,view,1751516781
F00720,FP006,apply,1763053205
F00721,FP012,view,1743242324
F00721,FP002,view,1744864922
F00721,FP001,view,1741967436
F00721,FP003,view,1738315925
F00721,FP013,view,1740411860
F00721,FP010,learn,1743498140
F00721,FP001,view,1753935592
F00721,FP016,learn,1762948500
F00721,FP001,view,1746225230
F00721,FP018,apply,1736538116
F00722,FP013,view,1751822235
F00722,FP019,view,1740011710
F00722,FP005,learn,1753056514
F00722,FP003,view,1737110947
F00723,FP006,view,1750356653
F00723,FP020,learn,1754905698
F00723,FP008,view,1747026057
F00723,FP010,view,1748446636
F00723,FP013,apply,1765324341
F00724,FP014,view,1750987192
F00724,FP010,learn,1764697941
F00724,FP013,learn,1741871877
F00724,FP008,view,1752497573
F00724,FP014,view,1764263914
F00724,FP019,view,1766754209
F00724,FP005,view,1741619339
F00725,FP019,view,1740351169
F00725,FP019,apply,1755878882
F00725,FP018,view,1762595572
F00725,FP005,view,1741917549
F00725,FP006,view,1737832578
F00726,FP016,learn,1747793830
F00726,FP014,view,1761155550
F00726,FP012,view,1743377582
F00726,FP018,view,1752166228
F00727,FP006,learn,1741731386
F00727,FP012,view,1760274055
F00727,FP015,view,1756690635
F00727,FP007,learn,1758297385
F00727,FP002,apply,1743300254
F00727,FP012,view,1736433323
F00727,FP011,view,1736196953
F00728,FP005,view,1753515605
F00728,FP010,apply,1748138645
F00728,FP016,learn,1764768277
F00728,FP009,view,1738772586
F00728,FP008,learn,1745257573
F00728,FP019,learn,1759605486
F00728,FP007,learn,1761361017
F00728,FP008,view,1756002941
F00728,FP006,learn,1744473090
F00729,FP009,view,1745743813
F00729,FP006,learn,1735920184
F00729,FP020,view,1742366097
F00729,FP004,view,1738892324
F00729,FP020,view,1743696991
F00729,FP020,view,1738918436
F00729,FP004,view,1763847361
F00729,FP011,view,1747232299
F00730,FP011,view,1749186977
F00730,FP001,view,1742542122
F00730,FP009,view,1765357159
F00730,FP008,view,1764776909
F00730,FP008,view,1743279500
F00730,FP007,view,1760824174
F00731,FP014,apply,1765958482
F00731,FP020,apply,1763099984
F00731,FP008,learn,1755159949
F00731,FP019,view,1738954414
F00731,FP011,view,1744906999
F00731,FP011,learn,1743708049
F00731,FP018,view,1743894482
F00731,FP016,view,1752658259
F00731,FP006,apply,1739058588
F00731,FP019,view,1752262587
F00732,FP011,learn,1757558291
F00732,FP007,view,1738715497
F00732,FP005,learn,1748287238
F00732,FP010,apply,1736990939
F00732,FP013,view,1765977900
F00732,FP011,view,1761762694
F00732,FP013,view,1753618207
F00732,FP006,apply,1752788127
F00732,FP005,view,1756685331
F00733,FP020,view,1757033107
F00733,FP010,view,1760346067
F00733,FP003,view,1751202675
F00733,FP016,view,1760201182
F00733,FP010,apply,1741368306
F00733,FP005,view,1737119512
F00733,FP012,view,1748579220
F00733,FP012,view,1741683849
F00733,FP005,apply,1760656403
F00733,FP008,view,1762306384
F00734,FP004,view,1759412075
F00734,FP017,learn,1755328773
F00734,FP004,view,1756291697
F00734,FP015,learn,1757624311
F00734,FP014,learn,1755935042
F00734,FP018,learn,1761198466
F00734,FP014,view,1759586411
F00734,FP010,view,1748683140
F00735,FP003,learn,1743348364
F00735,FP004,view,1748865519
F00735,FP009,view,1763774533
F00735,FP014,view,1741206920
F00735,FP009,view,1747752760
F00735,FP007,view,1760744588
F00736,FP015,apply,1766043009
F00736,FP007,learn,1747763417
F00736,FP011,view,1746446651
F00736,FP001,learn,1744786154
F00736,FP001,view,1751405523
F00736,FP011,view,1757306459
F00736,FP008,view,1759172627
F00736,FP004,view,1751539930
F00736,FP016,view,1748136759
F00736,FP013,view,1757696904
F00737,FP008,learn,1757622320
F00737,FP001,learn,1749039667
F00737,FP012,view,1742837271
F00737,FP003,learn,1750799085
F00737,FP013,view,1754840048
F00737,FP001,view,1743915999
F00737,FP001,view,1758286901
F00737,FP017,view,1741560938
F00737,FP016,view,1764836679
F00738,FP013,view,1763828772
F00738,FP006,view,1759365734
F00738,FP008,learn,1746934247
F00738,FP007,view,1766487417
F00738,FP011,view,1766594776
F00738,FP008,learn,1749845124
F00739,FP018,learn,1748387427
F00739,FP018,apply,1736045554
F00739,FP012,view,1739768416
F00739,FP016,learn,1753581575
F00739,FP005,learn,1739834394
F00739,FP002,view,1735978053
F00739,FP006,learn,1740153522
F00739,FP011,view,1760031595
F00739,FP009,learn,1760662228
F00739,FP004,learn,1762544695
F00740,FP020,learn,1738159784
F00740,FP001,learn,1738266695
F00740,FP013,view,1753166868
F00740,FP006,view,1746541674
F00741,FP006,view,1750053128
F00741,FP007,view,1752371696
F00741,FP001,learn,1751856699
F00741,FP010,learn,1737577667
F00741,FP011,view,1760207324
F00742,FP002,view,1756561340
F00742,FP019,view,1763914297
F00742,FP013,view,1744834522
F00742,FP004,view,1739381595
F00742,FP019,learn,1759886272
F00742,FP004,learn,1758390015
F00742,FP019,learn,1744788107
F00742,FP003,view,1757391594
F00743,FP012,view,1744424369
F00743,FP007,view,1752099722
F00743,FP014,learn,1755200623
F00743,FP013,view,1760327192
F00744,FP010,apply,1736222595
F00744,FP004,view,1753744955
F00744,FP013,view,1736210515
F00744,FP001,learn,1764273350
F00745,FP006,learn,1765429403
F00745,FP009,learn,1745317992
F00745,FP012,view,1763152893
F00745,FP006,learn,1741650544
F00745,FP004,apply,1750346640
F00745,FP002,view,1736531293
F00746,FP013,learn,1765779563
F00746,FP008,view,1766798267
F00746,FP008,learn,1744469998
F00746,FP005,view,1751460467
F00746,FP012,view,1750175324
F00746,FP019,view,1739491235
F00747,FP019,view,1744208619
F00747,FP008,view,1746901406
F00747,FP002,view,1744668856
F00747,FP004,view,1755492857
F00747,FP015,view,1763830470
F00748,FP011,view,1742798282
F00748,FP014,view,1756597321
F00748,FP017,view,1740317595
F00748,FP008,apply,1744607087
F00748,FP011,view,1757918794
F00749,FP004,learn,1766560695
F00749,FP014,view,1738972501
F00749,FP020,view,1754397753
F00749,FP007,learn,1758693754
F00749,FP002,learn,1745613083
F00749,FP012,view,1751541480
F00750,FP019,view,1738701728
F00750,FP008,view,1739768439
F00750,FP008,view,1754750230
F00750,FP014,view,1753551636
F00750,FP012,view,1744833630
F00751,FP012,view,1758051142
F00751,FP010,view,1753080988
F00751,FP010,learn,1745806940
F00751,FP009,apply,1759162264
F00751,FP019,view,1749610565
F00751,FP004,view,1746915732
F00751,FP004,apply,1757422080
F00751,FP013,view,1748270020
F00751,FP002,view,1762111080
F00751,FP003,learn,1764485741
F00752,FP019,view,1744842313
F00752,FP012,view,1756726579
F00752,FP006,view,1743350628
F00752,FP014,learn,1745755411
F00752,FP003,learn,1754806775
F00752,FP008,view,1744065804
F00752,FP011,view,1761121717
F00752,FP009,view,1741906231
F00752,FP008,view,1753120514
F00752,FP009,learn,1753250668
F00753,FP015,view,1742793663
F00753,FP014,view,1746272834
F00753,FP003,learn,1738420712
F00753,FP005,learn,1750093373
F00753,FP016,view,1736433786
F00753,FP009,view,1755593121
F00754,FP006,view,1739792586
F00754,FP018,view,1747629149
F00754,FP020,view,1740445420
F00754,FP004,view,1764535436
F00754,FP012,view,1746550855
F00755,FP005,view,1747599351
F00755,FP013,view,1752512436
F00755,FP019,view,1751013293
F00755,FP012,learn,1756600213
F00756,FP004,learn,1760594183
F00756,FP001,view,1754742937
F00756,FP001,view,1760131400
F00756,FP011,view,1744429041
F00756,FP012,learn,1751904840
F00757,FP006,learn,1741116292
F00757,FP008,view,1764909841
F00757,FP004,view,1739110747
F00757,FP014,view,1754396410
F00757,FP017,apply,1751813646
F00757,FP016,view,1736594042
F00757,FP015,view,1739585070
F00757,FP004,apply,1744509427
F00757,FP004,view,1746356960
F00757,FP003,view,1764159375
F00758,FP017,view,1753010722
F00758,FP017,view,1742397466
F00758,FP002,view,1736662548
F00758,FP003,view,1762176850
F00759,FP013,apply,1756848912
F00759,FP011,learn,1744030411
F00759,FP011,view,1740736699
F00759,FP013,view,1761698736
F00759,FP019,view,1752692232
F00759,FP008,view,1753528616
F00760,FP009,view,1744468494
F00760,FP007,view,1764442529
F00760,FP008,view,1753649442
F00760,FP005,learn,1744313038
F00760,FP005,view,1752374078
F00760,FP003,view,1763311060
F00760,FP012,learn,1758275964
F00761,FP006,learn,1764661592
F00761,FP002,view,1756933310
F00761,FP014,apply,1752094280
F00761,FP002,learn,1753287630
F00761,FP006,view,1754529788
F00761,FP012,view,1740929022
F00762,FP012,learn,1764276229
F00762,FP011,view,1746621989
F00762,FP010,view,1751684079
F00762,FP019,learn,1745742404
F00762,FP008,view,1757158595
F00762,FP005,learn,1755528069
F00762,FP002,view,1737380207
F00762,FP011,view,1753353709
F00762,FP006,view,1761481414
F00762,FP014,view,1738404856
F00763,FP011,view,1749676201
F00763,FP018,view,1739355186
F00763,FP011,view,1762290015
F00763,FP014,view,1759967582
F00763,FP014,learn,1750247907
F00763,FP005,learn,1754917874
F00764,FP008,view,1749019089
F00764,FP010,view,1761850995
F00764,FP013,learn,1766230130
F00764,FP006,view,1751761521
F00765,FP010,learn,1744465865
F00765,FP018,view,1750418738
F00765,FP004,learn,1759752963
F00765,FP014,view,1747282113
F00766,FP017,view,1737543548
F00766,FP007,view,1744378877
F00766,FP001,learn,1746164386
F00766,FP005,view,1760809026
F00766,FP008,view,1744160059
F00766,FP004,view,1741868947
F00766,FP002,learn,1735921975
F00766,FP017,view,1739488964
F00766,FP016,view,1756571404
F00766,FP002,view,1736084088
F00767,FP006,view,1753388677
F00767,FP001,learn,1762993027
F00767,FP003,view,1757837551
F00767,FP007,learn,1764547066
F00768,FP005,apply,1744895448
F00768,FP006,apply,1754319391
F00768,FP010,view,1742400694
F00768,FP007,view,1763909133
F00768,FP015,view,1762948573
F00768,FP019,view,1750567752
F00768,FP013,view,1757569685
F00768,FP003,view,1739372093
F00769,FP019,view,1751439684
F00769,FP012,view,1747657371
F00769,FP014,learn,1750700624
F00769,FP002,apply,1766296989
F00769,FP011,view,1736912858
F00770,FP008,learn,1759224960
F00770,FP003,learn,1757829347
F00770,FP011,learn,1739749089
F00770,FP013,apply,1752783292
F00770,FP005,apply,1753004086
F00770,FP014,view,1758927870
F00770,FP007,view,1736333472
F00771,FP008,view,1739114235
F00771,FP001,view,1754433287
F00771,FP002,view,1757372068
F00771,FP012,learn,1761474485
F00772,FP011,view,1743951047
F00772,FP014,view,1746348772
F00772,FP018,view,1764954345
F00772,FP003,learn,1747964808
F00772,FP014,view,1741640998
F00772,FP005,view,1747623199
F00772,FP015,view,1748043826
F00772,FP019,apply,1758513937
F00772,FP015,learn,1738816300
F00772,FP020,view,1751302230
F00773,FP020,view,1766043963
F00773,FP001,view,1763778892
F00773,FP005,view,1751019149
F00773,FP018,view,1764249420
F00773,FP020,apply,1742948603
F00773,FP010,apply,1764157620
F00773,FP004,view,1765632221
F00773,FP013,apply,1741375412
F00773,FP008,learn,1764710370
F00773,FP002,view,1737529584
F00774,FP009,view,1739087247
F00774,FP014,view,1742747763
F00774,FP002,view,1752860830
F00774,FP018,view,1748449006
F00774,FP008,view,1757775392
F00774,FP004,view,1763170551
F00775,FP007,view,1738126935
F00775,FP013,view,1747555981
F00775,FP005,view,1740988246
F00775,FP013,view,1746459095
F00775,FP010,view,1746598849
F00776,FP007,view,1762090041
F00776,FP015,learn,1755413297
F00776,FP019,view,1742924493
F00776,FP007,view,1762284432
F00776,FP015,view,1736002742
F00776,FP008,view,1765513689
F00776,FP009,view,1750226399
F00776,FP017,view,1749872471
F00777,FP013,view,1760080330
F00777,FP018,view,1756471968
F00777,FP015,view,1738149041
F00777,FP003,apply,1756136707
F00777,FP002,view,1753270307
F00777,FP016,learn,1744221369
F00777,FP005,view,1762250019
F00777,FP019,view,1753752909
F00777,FP008,view,1738278011
F00778,FP001,view,1758428150
F00778,FP007,view,1752978609
F00778,FP017,learn,1746069910
F00778,FP001,learn,1736873075
F00778,FP008,view,1739059345
F00778,FP009,view,1765527614
F00778,FP008,view,1739133786
F00778,FP002,view,1748911086
F00778,FP006,view,1751106557
F00778,FP011,view,1735784196
F00779,FP009,view,1738460312
F00779,FP013,view,1755786139
F00779,FP019,learn,1764774347
F00779,FP007,view,1749211067
F00780,FP014,view,1745780323
F00780,FP002,view,1764954106
F00780,FP001,learn,1750007087
F00780,FP003,view,1759094913
F00781,FP005,view,1743167532
F00781,FP007,learn,1741607928
F00781,FP001,learn,1760468346
F00781,FP011,view,1745680121
F00781,FP003,view,1766231071
F00782,FP002,view,1744521968
F00782,FP007,apply,1765752026
F00782,FP009,view,1747588447
F00782,FP003,view,1758400440
F00782,FP020,view,1763772283
F00782,FP019,view,1742404692
F00782,FP014,view,1738776762
F00783,FP015,view,1746069773
F00783,FP005,view,1745525329
F00783,FP009,view,1741694460
F00783,FP007,view,1745144592
F00784,FP010,view,1756065486
F00784,FP007,view,1750471049
F00784,FP010,view,1755307203
F00784,FP019,view,1736899183
F00784,FP009,view,1737102776
F00784,FP003,learn,1764414429
F00784,FP006,view,1760730883
F00785,FP016,learn,1751985105
F00785,FP017,view,1761197598
F00785,FP015,apply,1744585931
F00785,FP020,view,1742928513
F00785,FP018,learn,1739647261
F00785,FP012,view,1743455220
F00785,FP001,apply,1765478298
F00786,FP014,learn,1751567628
F00786,FP008,view,1741115501
F00786,FP002,view,1743707009
F00786,FP011,view,1765666557
F00786,FP003,view,1752999740
F00787,FP007,view,1737845726
F00787,FP006,view,1750190809
F00787,FP011,view,1757616942
F00787,FP011,view,1740598335
F00787,FP020,view,1756842339
F00788,FP015,view,1759991349
F00788,FP013,learn,1749771440
F00788,FP003,learn,1744356697
F00788,FP014,learn,1746924596
F00788,FP009,view,1762035554
F00788,FP013,learn,1737133082
F00789,FP008,view,1745919194
F00789,FP017,apply,1764834192
F00789,FP001,learn,1756616606
F00789,FP019,view,1759091030
F00789,FP006,apply,1754967669
F00789,FP001,apply,1738389092
F00790,FP010,view,1764268596
F00790,FP016,learn,1758202829
F00790,FP003,view,1743536914
F00790,FP007,view,1753696792
F00790,FP010,apply,1739105753
F00790,FP010,view,1750498642
F00791,FP003,view,1751046007
F00791,FP014,view,1748980844
F00791,FP018,learn,1742094675
F00791,FP017,view,1755650018
F00791,FP002,view,1751454917
F00791,FP008,view,1747765662
F00791,FP002,learn,1752336214
F00792,FP009,view,1760551049
F00792,FP012,learn,1745533317
F00792,FP011,learn,1752753359
F00792,FP018,learn,1753606974
F00792,FP010,view,1742116528
F00792,FP019,view,1742993555
F00792,FP017,view,1746609831
F00792,FP014,view,1742923681
F00792,FP018,view,1762583050
F00792,FP002,view,1748912083
F00793,FP009,view,1751696244
F00793,FP017,view,1757807140
F00793,FP019,apply,1739716526
F00793,FP010,view,1762930450
F00794,FP015,view,1759112038
F00794,FP015,learn,1749575527
F00794,FP004,view,1766437469
F00794,FP014,view,1739684038
F00794,FP003,view,1752279574
F00794,FP016,view,1766305474
F00794,FP006,learn,1762204287
F00794,FP001,view,1763692731
F00794,FP019,view,1755087173
F00795,FP005,view,1763155726
F00795,FP003,learn,1747236759
F00795,FP013,learn,1758929737
F00795,FP011,view,1759338148
F00795,FP020,view,1744627150
F00795,FP014,view,1762703625
F00795,FP001,view,1736404261
F00796,FP013,view,1756203180
F00796,FP006,view,1746862147
F00796,FP020,learn,1764237043
F00796,FP018,learn,1755980758
F00796,FP015,view,1766442369
F00796,FP003,learn,1748376792
F00796,FP002,view,1755092630
F00796,FP001,learn,1737019422
F00796,FP001,apply,1736964841
F00796,FP016,view,1762139582
F00797,FP007,apply,1766646873
F00797,FP010,learn,1758162640
F00797,FP001,view,1744525300
F00797,FP016,view,1758735879
F00797,FP012,view,1760614439
F00797,FP019,learn,1758402732
F00797,FP012,view,1739737706
F00797,FP014,apply,1738504184
F00797,FP001,view,1755040239
F00798,FP019,apply,1741954292
F00798,FP012,view,1747254073
F00798,FP010,view,1766370700
F00798,FP012,learn,1747003083
F00799,FP007,view,1747428054
F00799,FP013,view,1754533132
F00799,FP005,view,1745834910
F00799,FP003,view,1759068265
F00800,FP006,view,1759498857
F00800,FP004,view,1757631136
F00800,FP017,learn,1763847390
F00800,FP020,learn,1739044640
F00800,FP008,learn,1766972245
F00800,FP014,view,1754932664
F00800,FP006,view,1758195397
F00801,FP007,view,1758975026
F00801,FP005,learn,1759468022
F00801,FP006,view,1759140817
F00801,FP007,view,1743803158
F00801,FP011,view,1756899122
F00801,FP009,view,1760764915
F00801,FP012,view,1743841670
F00802,FP015,view,1753831512
F00802,FP013,view,1766369194
F00802,FP012,view,1737909895
F00802,FP004,view,1741981732
F00802,FP003,view,1744726318
F00802,FP011,view,1743084877
F00802,FP018,view,1750707100
F00802,FP017,view,1738979962
F00802,FP017,view,1745858292
F00802,FP003,view,1754218425
F00803,FP013,view,1749079814
F00803,FP012,view,1754740418
F00803,FP015,learn,1741056626
F00803,FP004,apply,1746632254
F00803,FP002,view,1745021682
F00803,FP003,view,1764904334
F00803,FP002,view,1736967282
F00803,FP002,view,1763014314
F00803,FP019,view,1765274546
F00803,FP008,view,1750974098
F00804,FP016,learn,1753552306
F00804,FP003,view,1743451868
F00804,FP014,view,1765603655
F00804,FP012,learn,1740419727
F00804,FP001,view,1755551234
F00804,FP013,view,1765482629
F00804,FP005,view,1762894284
F00804,FP007,apply,1753787956
F00804,FP017,view,1756174021
F00805,FP020,apply,1743264148
F00805,FP005,view,1759985027
F00805,FP020,view,1739800805
F00805,FP004,view,1755603909
F00805,FP008,view,1765251398
F00805,FP001,view,1758268282
F00806,FP001,view,1745321965
F00806,FP012,view,1763651396
F00806,FP004,view,1745880218
F00806,FP005,view,1744963634
F00806,FP009,view,1744611739
F00807,FP019,learn,1755901494
F00807,FP004,view,1752691107
F00807,FP011,apply,1741207786
F00807,FP008,view,1750176533
F00807,FP009,learn,1754794135
F00807,FP001,apply,1736302035
F00808,FP015,view,1749133117
F00808,FP016,view,1739864212
F00808,FP003,learn,1741611422
F00808,FP014,view,1756489869
F00808,FP001,view,1762873699
F00808,FP003,view,1753061321
F00808,FP013,view,1742726131
F00808,FP014,learn,1757948923
F00809,FP017,view,1743572957
F00809,FP011,view,1738035755
F00809,FP010,learn,1744228790
F00809,FP007,learn,1751432556
F00809,FP020,view,1747421808
F00810,FP008,view,1763151213
F00810,FP019,view,1755609393
F00810,FP002,learn,1742565823
F00810,FP020,view,1758031486
F00810,FP012,learn,1737748761
F00810,FP014,view,1759263345
F00810,FP004,view,1747707146
F00810,FP013,view,1766596388
F00810,FP002,view,1764577273
F00811,FP007,view,1754752855
F00811,FP003,view,1759459501
F00811,FP013,view,1751437275
F00811,FP008,view,1738832457
F00811,FP012,view,1758837698
F00811,FP001,view,1763822722
F00811,FP003,view,1747038417
F00812,FP001,view,1749671006
F00812,FP010,view,1761948779
F00812,FP009,view,1739339576
F00812,FP009,view,1739199947
F00812,FP003,learn,1742190508
F00812,FP006,view,1756633643
F00813,FP013,view,1739513607
F00813,FP008,view,1739878467
F00813,FP002,learn,1745500553
F00813,FP014,view,1747074747
F00813,FP006,view,1752411914
F00813,FP002,learn,1736569013
F00814,FP012,learn,1737429162
F00814,FP020,view,1759840211
F00814,FP001,view,1750181699
F00814,FP003,apply,1755839376
F00814,FP013,view,1755134337
F00814,FP007,view,1746851788
F00815,FP013,view,1736128282
F00815,FP004,view,1740969116
F00815,FP013,view,1752309461
F00815,FP001,view,1757926694
F00815,FP012,view,1763191513
F00815,FP011,view,1763610861
F00815,FP015,view,1752312087
F00816,FP020,view,1761215279
F00816,FP010,apply,1736731177
F00816,FP020,view,1755564324
F00816,FP005,learn,1738694969
F00816,FP005,view,1751822869
F00816,FP014,view,1750912613
F00816,FP008,view,1739307842
F00816,FP019,view,1764486774
F00816,FP019,view,1738187767
F00816,FP013,apply,1735938797
F00817,FP004,view,1740590964
F00817,FP009,view,1762339011
F00817,FP001,view,1737589310
F00817,FP004,view,1752225118
F00818,FP005,view,1758943538
F00818,FP017,view,1754890491
F00818,FP009,learn,1748805201
F00818,FP005,view,1743213234
F00818,FP003,learn,1746725718
F00818,FP007,view,1742296573
F00818,FP014,view,1748995569
F00819,FP008,view,1745137189
F00819,FP011,view,1756514684
F00819,FP001,view,1738771679
F00819,FP008,view,1742361360
F00819,FP007,view,1742882248
F00819,FP005,apply,1744881525
F00819,FP011,view,1758042709
F00819,FP008,view,1752046063
F00819,FP012,view,1758366133
F00820,FP008,view,1762551164
F00820,FP002,view,1751970141
F00820,FP001,view,1752519261
F00820,FP005,view,1755553691
F00821,FP002,learn,1739452633
F00821,FP008,view,1764119975
F00821,FP011,learn,1744214916
F00821,FP004,view,1754225987
F00821,FP008,apply,1762980095
F00821,FP018,apply,1757178612
F00821,FP015,view,1750619876
F00821,FP006,view,1750123273
F00821,FP013,apply,1762333159
F00821,FP017,view,1758362938
F00822,FP013,view,1736922411
F00822,FP008,view,1750076435
F00822,FP012,apply,1760653316
F00822,FP007,learn,1759654769
F00822,FP001,view,1753818473
F00822,FP013,learn,1747955751
F00822,FP020,learn,1765915289
F00822,FP008,view,1759261237
F00822,FP018,learn,1750306762
F00823,FP004,view,1745013540
F00823,FP008,view,1742586614
F00823,FP001,apply,1741395814
F00823,FP013,view,1745191782
F00823,FP019,view,1755966967
F00823,FP002,view,1757918624
F00823,FP002,view,1736406788
F00823,FP003,view,1744084431
F00823,FP007,view,1742848721
F00823,FP010,view,1757618564
F00824,FP020,view,1743490176
F00824,FP007,learn,1754920651
F00824,FP008,view,1742946555
F00824,FP010,learn,1759286110
F00825,FP017,view,1738345705
F00825,FP007,view,1766167263
F00825,FP005,view,1752169615
F00825,FP007,learn,1757290682
F00825,FP017,apply,1738749267
F00825,FP008,view,1741577436
F00825,FP014,view,1745934575
F00826,FP014,learn,1765498680
F00826,FP014,view,1752787360
F00826,FP016,view,1753552579
F00826,FP006,view,1746584769
F00826,FP003,learn,1749009226
F00826,FP019,apply,1752576301
F00826,FP005,view,1739771282
F00826,FP005,view,1747096456
F00826,FP003,view,1743209364
F00827,FP020,learn,1755805164
F00827,FP001,view,1736019148
F00827,FP002,view,1766207574
F00827,FP011,apply,1765334455
F00827,FP018,view,1756169548
F00827,FP003,apply,1753025226
F00827,FP016,apply,1763079668
F00827,FP003,view,1764147350
F00827,FP002,view,1755984424
F00828,FP012,learn,1752523453
F00828,FP004,apply,1736205665
F00828,FP010,view,1754354650
F00828,FP012,view,1755428904
F00828,FP011,view,1766892618
F00828,FP013,view,1756561974
F00828,FP010,view,1738930111
F00829,FP007,learn,1740591767
F00829,FP003,view,1749350443
F00829,FP004,view,1737604808
F00829,FP009,apply,1764572645
F00829,FP011,view,1749717080
F00829,FP012,view,1751139675
F00829,FP012,learn,1756478701
F00829,FP002,view,1751279108
F00829,FP015,view,1753242715
F00830,FP016,learn,1752482040
F00830,FP001,learn,1746543187
F00830,FP006,learn,1754887942
F00830,FP013,apply,1748407738
F00830,FP006,view,1766570968
F00830,FP001,view,1753554119
F00830,FP003,view,1765501713
F00831,FP008,learn,1756728655
F00831,FP003,apply,1764237665
F00831,FP006,learn,1748869874
F00831,FP013,learn,1762333532
F00832,FP005,view,1747946305
F00832,FP006,view,1759977439
F00832,FP013,apply,1745504526
F00832,FP013,view,1758803151
F00832,FP006,view,1741073676
F00833,FP002,learn,1742142961
F00833,FP017,apply,1750956774
F00833,FP003,learn,1764658918
F00833,FP016,learn,1752673143
F00833,FP013,view,1752792542
F00833,FP017,view,1736705473
F00833,FP010,view,1737814670
F00833,FP001,view,1738628205
F00833,FP001,view,1742339119
F00833,FP016,learn,1745962202
F00834,FP006,view,1739517007
F00834,FP013,learn,1763021915
F00834,FP002,view,1764867602
F00834,FP020,view,1738889402
F00835,FP008,view,1765284734
F00835,FP020,view,1749486925
F00835,FP019,view,1753490460
F00835,FP019,view,1736961616
F00835,FP003,view,1761382978
F00835,FP003,learn,1739958002
F00835,FP005,learn,1755042758
F00835,FP014,view,1764199801
F00835,FP005,view,1746151454
F00836,FP010,view,1759638911
F00836,FP010,apply,1764496880
F00836,FP003,view,1738297315
F00836,FP010,view,1752584238
F00836,FP009,view,1764061008
F00836,FP010,apply,1745126123
F00836,FP003,view,1757403418
F00836,FP011,learn,1744466988
F00836,FP005,view,1737047139
F00836,FP003,view,1759113151
F00837,FP013,learn,1757845338
F00837,FP004,view,1760901858
F00837,FP006,view,1763107288
F00837,FP001,view,1753963904
F00837,FP015,view,1743882461
F00837,FP016,view,1748519158
F00838,FP012,view,1758026438
F00838,FP018,learn,1736981381
F00838,FP020,view,1764237182
F00838,FP013,view,1755441205
F00838,FP019,view,1744303072
F00838,FP018,view,1751547196
F00838,FP003,view,1744448186
F00838,FP014,view,1751626286
F00839,FP016,view,1766177797
F00839,FP016,view,1753690693
F00839,FP013,view,1748417914
F00839,FP016,view,1764323385
F00840,FP019,view,1756838143
F00840,FP019,apply,1757508348
F00840,FP005,apply,1755128945
F00840,FP014,apply,1745883270
F00840,FP006,learn,1744388449
F00840,FP012,view,1750686507
F00840,FP019,view,1752904100
F00840,FP019,view,1744556854
F00841,FP020,view,1747315856
F00841,FP018,view,1766049068
F00841,FP013,view,1742653634
F00841,FP010,apply,1743089574
F00841,FP007,view,1750176554
F00841,FP003,view,1763025495
F00841,FP006,apply,1758483058
F00841,FP012,view,1740822789
F00842,FP004,apply,1741819417
F00842,FP005,learn,1757127575
F00842,FP013,learn,1741396401
F00842,FP006,learn,1763857665
F00842,FP015,view,1748574292
F00842,FP008,learn,1738469835
F00842,FP015,view,1745345330
F00842,FP013,view,1759326203
F00843,FP005,view,1762189727
F00843,FP007,view,1744209146
F00843,FP013,view,1740528428
F00843,FP001,view,1764628509
F00843,FP012,learn,1743074117
F00843,FP002,view,1746578487
F00843,FP002,view,1760780448
F00843,FP008,view,1760501959
F00844,FP016,view,1747521926
F00844,FP006,view,1737583679
F00844,FP005,view,1750507659
F00844,FP013,view,1753863700
F00844,FP014,view,1757719888
F00844,FP011,view,1747431538
F00844,FP006,view,1748413456
F00845,FP011,learn,1742461317
F00845,FP020,learn,1761804458
F00845,FP003,view,1757558351
F00845,FP014,view,1740150554
F00845,FP006,view,1748605718
F00845,FP014,learn,1760467763
F00845,FP009,view,1752666328
F00845,FP004,view,1746358033
F00845,FP019,view,1742859611
F00846,FP010,view,1744364057
F00846,FP001,view,1745025901
F00846,FP015,view,1748668386
F00846,FP002,view,1741976738
F00846,FP020,view,1743314666
F00846,FP006,learn,1736176009
F00846,FP004,view,1743678045
F00847,FP007,view,1743972140
F00847,FP013,view,1736958758
F00847,FP017,view,1758097281
F00847,FP016,view,1737731020
F00847,FP018,view,1762073595
F00848,FP003,apply,1749586632
F00848,FP015,apply,1751880791
F00848,FP020,view,1744435119
F00848,FP014,view,1753483074
F00848,FP012,view,1760775247
F00848,FP004,view,1764392372
F00848,FP010,view,1745789857
F00848,FP004,view,1765967807
F00848,FP006,view,1756000094
F00849,FP001,apply,1744099583
F00849,FP011,view,1742999565
F00849,FP007,view,1747866570
F00849,FP005,view,1739792523
F00849,FP002,view,1761658166
F00849,FP010,learn,1759733685
F00850,FP015,view,1745000039
F00850,FP005,learn,1762090919
F00850,FP016,learn,1764819686
F00850,FP008,view,1761604679
F00850,FP011,view,1736418834
F00850,FP020,learn,1766206542
F00850,FP003,view,1737307686
F00850,FP006,view,1748476273
F00851,FP019,view,1757289957
F00851,FP003,view,1742486432
F00851,FP003,view,1739469957
F00851,FP002,view,1760461745
F00851,FP014,learn,1736716370
F00852,FP018,view,1742382753
F00852,FP005,view,1761821922
F00852,FP012,view,1742909852
F00852,FP017,view,1744731528
F00852,FP011,learn,1748037785
F00852,FP004,view,1756691338
F00852,FP014,view,1746438263
F00852,FP012,learn,1756919276
F00852,FP008,view,1745880378
F00853,FP004,view,1738592819
F00853,FP005,view,1754737188
F00853,FP016,view,1742365720
F00853,FP010,view,1746339747
F00853,FP013,view,1759380315
F00853,FP015,view,1746240617
F00854,FP009,view,1750201240
F00854,FP013,learn,1758075131
F00854,FP013,apply,1747411924
F00854,FP012,apply,1766771070
F00855,FP005,learn,1751405163
F00855,FP001,learn,1763432229
F00855,FP005,view,1744861455
F00855,FP006,view,1755860123
F00855,FP015,apply,1753632772
F00856,FP019,learn,1745942473
F00856,FP001,view,1741614861
F00856,FP002,view,1749118312
F00856,FP005,view,1739995045
F00856,FP014,learn,1756761093
F00856,FP002,view,1748896597
F00856,FP008,view,1759169109
F00856,FP003,view,1758445377
F00856,FP012,learn,1740722293
F00857,FP002,view,1740634200
F00857,FP002,view,1736630494
F00857,FP018,view,1759256136
F00857,FP008,view,1738950106
F00857,FP003,apply,1743452009
F00857,FP005,learn,1760442647
F00857,FP003,view,1745903811
F00857,FP012,view,1750279386
F00857,FP004,learn,1763972579
F00858,FP007,view,1766619028
F00858,FP006,apply,1759912920
F00858,FP019,apply,1749313133
F00858,FP019,apply,1742541090
F00858,FP007,view,1755141653
F00858,FP001,view,1736843718
F00858,FP013,learn,1747212969
F00858,FP005,view,1740091031
F00858,FP008,view,1758449469
F00859,FP008,view,1748250757
F00859,FP019,view,1751827459
F00859,FP002,apply,1758338192
F00859,FP003,learn,1762360013
F00859,FP013,view,1741698191
F00860,FP008,learn,1736968843
F00860,FP012,view,1766079238
F00860,FP001,view,1743283607
F00860,FP012,learn,1736629284
F00860,FP003,learn,1761303851
F00860,FP001,learn,1757825634
F00860,FP009,learn,1756241443
F00860,FP009,view,1763648136
F00860,FP015,view,1742027530
F00861,FP015,learn,1753992231
F00861,FP010,view,1752270211
F00861,FP006,view,1745144086
F00861,FP010,view,1741417875
F00861,FP016,view,1749292285
F00861,FP020,view,1737954694
F00861,FP019,view,1750049140
F00861,FP015,view,1762609510
F00861,FP009,learn,1750020220
F00862,FP015,learn,1765938472
F00862,FP004,view,1749237126
F00862,FP013,view,1747029321
F00862,FP007,view,1755498784
F00862,FP005,view,1736059265
F00862,FP020,learn,1740079978
F00862,FP004,learn,1739129339
F00862,FP005,view,1746195766
F00862,FP005,view,1742979488
F00863,FP007,view,1761968496
F00863,FP005,view,1753763087
F00863,FP017,learn,1764388774
F00863,FP010,view,1743996825
F00863,FP003,view,1763367278
F00863,FP016,apply,1757258174
F00864,FP020,view,1763175570
F00864,FP006,view,1742486367
F00864,FP001,view,1744494357
F00864,FP017,view,1749550136
F00864,FP001,view,1754605475
F00864,FP004,view,1744431025
F00864,FP010,view,1756106820
F00864,FP001,view,1765177796
F00864,FP012,view,1757124511
F00865,FP006,view,1742072047
F00865,FP013,learn,1755681650
F00865,FP001,view,1736728123
F00865,FP014,view,1750330872
F00865,FP020,apply,1760341964
F00865,FP019,view,1764255412
F00865,FP002,view,1741184318
F00865,FP008,learn,1761127830
F00866,FP004,view,1766361352
F00866,FP013,view,1737227101
F00866,FP003,learn,1754245825
F00866,FP007,view,1749273987
F00866,FP013,view,1758534066
F00866,FP014,apply,1737377652
F00866,FP014,view,1746073523
F00866,FP011,view,1753746230
F00866,FP014,view,1746969569
F00866,FP002,view,1736916339
F00867,FP006,view,1765685715
F00867,FP009,view,1763781241
F00867,FP020,apply,1761339314
F00867,FP004,view,1746753941
F00867,FP019,learn,1739358347
F00867,FP006,learn,1741252524
F00867,FP007,view,1759028435
F00867,FP012,apply,1758114537
F00867,FP017,view,1741484817
F00867,FP003,view,1764012656
F00868,FP008,view,1745296347
F00868,FP013,apply,1741361642
F00868,FP009,view,1760803264
F00868,FP001,view,1763347936
F00868,FP002,learn,1750521838
F00868,FP019,view,1744592396
F00869,FP016,view,1761600020
F00869,FP001,apply,1766527248
F00869,FP013,learn,1755932131
F00869,FP020,view,1766135282
F00869,FP020,view,1765692662
F00869,FP011,view,1737615662
F00869,FP014,view,1747285428
F00869,FP011,view,1740862755
F00869,FP019,learn,1761997957
F00869,FP009,view,1747045545
F00870,FP010,view,1749427148
F00870,FP012,view,1756669163
F00870,FP005,learn,1742177153
F00870,FP010,view,1755397077
F00871,FP003,view,1751090060
F00871,FP002,view,1741855958
F00871,FP012,view,1737176370
F00871,FP018,view,1745910423
F00871,FP020,view,1741698333
F00872,FP008,view,1766979526
F00872,FP013,view,1749690404
F00872,FP006,view,1764147339
F00872,FP009,learn,1763202153
F00872,FP009,view,1762791276
F00872,FP001,view,1753768237
F00873,FP012,learn,1748174779
F00873,FP002,view,1759026428
F00873,FP014,apply,1755398880
F00873,FP014,view,1742084476
F00873,FP001,view,1740461834
F00874,FP005,apply,1746622507
F00874,FP008,view,1737932704
F00874,FP019,learn,1751605910
F00874,FP009,view,1753425745
F00874,FP004,view,1743977519
F00874,FP019,learn,1760190591
F00874,FP008,view,1762987602
F00874,FP013,view,1740452333
F00874,FP006,apply,1761738984
F00875,FP015,learn,1766512308
F00875,FP010,learn,1745923058
F00875,FP019,view,1746086773
F00875,FP016,view,1760218549
F00876,FP001,apply,1743462404
F00876,FP016,learn,1760012122
F00876,FP013,view,1764518735
F00876,FP010,view,1761285941
F00876,FP012,learn,1763036849
F00876,FP014,view,1748624717
F00876,FP009,view,1766439142
F00876,FP017,view,1747814200
F00877,FP012,view,1744961859
F00877,FP008,view,1754130407
F00877,FP013,view,1743254355
F00877,FP011,view,1747019526
F00878,FP020,view,1742410456
F00878,FP019,learn,1756230231
F00878,FP010,view,1750902351
F00878,FP011,view,1759378371
F00878,FP014,apply,1749487055
F00878,FP008,view,1751307903
F00878,FP020,learn,1754706888
F00878,FP002,view,1754334809
F00878,FP014,learn,1747981879
F00879,FP007,apply,1737318291
F00879,FP020,view,1766794460
F00879,FP002,apply,1765080860
F00879,FP014,apply,1753085368
F00879,FP007,view,1752623146
F00879,FP020,learn,1753877171
F00879,FP009,apply,1748026699
F00880,FP013,learn,1748379247
F00880,FP015,view,1749719918
F00880,FP010,view,1741481083
F00880,FP012,view,1758974486
F00880,FP003,view,1740262121
F00880,FP007,view,1752402645
F00880,FP006,view,1762792886
F00880,FP009,learn,1740061981
F00880,FP009,view,1766429772
F00881,FP001,learn,1750443389
F00881,FP008,learn,1761284480
F00881,FP009,view,1744874091
F00881,FP013,view,1749970002
F00881,FP020,view,1739819745
F00882,FP012,view,1749391549
F00882,FP013,view,1756538084
F00882,FP012,view,1756132205
F00882,FP002,view,1760161527
F00882,FP004,view,1762956774
F00882,FP003,view,1744066179
F00882,FP006,view,1746301427
F00882,FP001,view,1761058148
F00882,FP002,learn,1739442856
F00882,FP008,view,1752257800
F00883,FP013,view,1739791750
F00883,FP010,view,1744643921
F00883,FP016,view,1750993866
F00883,FP003,view,1758078136
F00883,FP001,view,1738564004
F00883,FP015,learn,1766199753
F00883,FP017,view,1759457859
F00883,FP003,view,1748677087
F00884,FP002,learn,1737157112
F00884,FP012,view,1757524029
F00884,FP008,view,1759358205
F00884,FP002,view,1742812330
F00884,FP011,learn,1753803826
F00884,FP013,learn,1742230888
F00884,FP013,view,1738350819
F00884,FP013,view,1753624827
F00885,FP002,view,1763955254
F00885,FP015,view,1745729082
F00885,FP017,view,1766713658
F00885,FP007,view,1737365736
F00885,FP016,apply,1741178830
F00885,FP002,learn,1757814440
F00885,FP012,view,1740098271
F00885,FP017,view,1750841409
F00885,FP006,view,1747481008
F00885,FP017,view,1739335346
F00886,FP011,view,1755320484
F00886,FP019,view,1759886001
F00886,FP005,view,1744465883
F00886,FP001,view,1760083776
F00886,FP017,learn,1765098683
F00887,FP013,view,1750955734
F00887,FP004,view,1751890588
F00887,FP018,view,1745793143
F00887,FP020,view,1754545868
F00887,FP016,view,1739475734
F00887,FP017,view,1766164617
F00888,FP012,apply,1765971524
F00888,FP010,learn,1743017731
F00888,FP003,view,1766590916
F00888,FP005,view,1757026128
F00888,FP003,learn,1750097771
F00888,FP004,view,1740811128
F00888,FP011,learn,1761866313
F00888,FP007,view,1741925897
F00888,FP004,learn,1737225703
F00888,FP008,view,1752273953
F00889,FP006,view,1743308994
F00889,FP008,learn,1752521815
F00889,FP016,view,1766261497
F00889,FP014,view,1760155209
F00890,FP008,view,1736182618
F00890,FP018,learn,1752408244
F00890,FP002,view,1764754064
F00890,FP011,learn,1742866253
F00891,FP020,view,1755633642
F00891,FP003,learn,1751520295
F00891,FP013,view,1751062911
F00891,FP003,learn,1739004246
F00891,FP001,view,1754441650
F00891,FP002,view,1745872245
F00891,FP006,learn,1754146279
F00891,FP020,learn,1757787510
F00891,FP011,view,1742899554
F00891,FP008,apply,1752987852
F00892,FP010,view,1764428223
F00892,FP004,view,1763137899
F00892,FP008,view,1754717031
F00892,FP013,view,1758116255
F00892,FP018,view,1762829928
F00893,FP012,learn,1735770609
F00893,FP013,learn,1756069804
F00893,FP005,view,1753272415
F00893,FP019,view,1740508445
F00893,FP009,view,1749051897
F00893,FP003,view,1746989011
F00893,FP011,view,1751361468
F00893,FP006,view,1764702304
F00893,FP008,view,1757509017
F00894,FP004,view,1764736907
F00894,FP006,view,1749295465
F00894,FP008,view,1759004217
F00894,FP007,view,1745542659
F00894,FP004,view,1738241085
F00894,FP018,learn,1740740638
F00894,FP019,learn,1735698267
F00894,FP004,view,1749419410
F00894,FP003,apply,1760525148
F00895,FP015,view,1748997253
F00895,FP005,view,1748442259
F00895,FP018,learn,1739715444
F00895,FP003,learn,1737305526
F00895,FP004,apply,1736115863
F00895,FP011,view,1765921301
F00895,FP018,view,1765816650
F00895,FP004,learn,1751449558
F00895,FP018,view,1751300374
F00895,FP015,learn,1763304003
F00896,FP002,learn,1753206998
F00896,FP012,view,1738865472
F00896,FP004,view,1762410104
F00896,FP009,view,1743933113
F00896,FP002,apply,1742824055
F00896,FP005,view,1761112551
F00896,FP004,learn,1766185235
F00896,FP008,view,1738525761
F00896,FP007,view,1742374841
F00896,FP008,apply,1763230307
F00897,FP013,view,1745703229
F00897,FP007,view,1758974702
F00897,FP013,learn,1749032550
F00897,FP005,view,1762674546
F00897,FP015,view,1744774995
F00897,FP017,view,1740898852
F00897,FP015,view,1749108906
F00897,FP006,view,1750608949
F00898,FP007,view,1751186542
F00898,FP008,view,1763895536
F00898,FP002,view,1742895485
F00898,FP011,view,1758966969
F00898,FP003,learn,1762962811
F00899,FP002,learn,1747851189
F00899,FP007,apply,1756754070
F00899,FP003,view,1740281326
F00899,FP003,view,1764355801
F00899,FP011,view,1742962135
F00899,FP003,view,1763670452
F00899,FP001,view,1753768717
F00900,FP009,view,1749002868
F00900,FP002,view,1743887442
F00900,FP012,view,1742488723
F00900,FP001,learn,1749369891
F00900,FP018,learn,1742180511
F00900,FP002,view,1754694199
F00900,FP014,view,1744755783
F00900,FP007,view,1747986002
F00900,FP008,view,1750608045
F00901,FP014,view,1745557179
F00901,FP008,learn,1746185880
F00901,FP008,view,1750875839
F00901,FP014,apply,1739223686
F00902,FP013,view,1745474569
F00902,FP018,view,1746559182
F00902,FP014,view,1761274721
F00902,FP004,view,1757128050
F00902,FP002,view,1762803711
F00902,FP005,view,1746100540
F00902,FP005,view,1756258613
F00902,FP007,view,1747654761
F00902,FP006,view,1759128295
F00903,FP008,view,1764102863
F00903,FP010,view,1764973462
F00903,FP007,view,1743370435
F00903,FP001,view,1760450800
F00903,FP006,apply,1766017521
F00903,FP007,view,1742660595
F00904,FP002,learn,1750396495
F00904,FP013,apply,1738448550
F00904,FP015,apply,1758749968
F00904,FP019,view,1739326079
F00904,FP004,view,1745431583
F00905,FP006,view,1752045567
F00905,FP006,learn,1765983919
F00905,FP006,apply,1739238444
F00905,FP019,apply,1761898938
F00905,FP005,learn,1762498720
F00905,FP004,view,1756320129
F00905,FP009,view,1756372857
F00905,FP014,view,1753634471
F00905,FP007,view,1746195324
F00905,FP004,view,1765109119
F00906,FP013,view,1743122056
F00906,FP002,view,1758786248
F00906,FP008,view,1739991111
F00906,FP020,learn,1758122720
F00907,FP014,learn,1766899820
F00907,FP003,apply,1753024915
F00907,FP003,view,1756965592
F00907,FP014,view,1757243955
F00907,FP017,view,1759247285
F00907,FP010,view,1745184026
F00908,FP010,apply,1757359743
F00908,FP003,view,1756910612
F00908,FP001,view,1746758761
F00908,FP015,view,1762071079
F00908,FP004,apply,1766514977
F00908,FP009,view,1755593304
F00908,FP008,view,1736838086
F00908,FP002,learn,1753414960
F00909,FP018,view,1749846204
F00909,FP008,view,1756412882
F00909,FP014,apply,1746164730
F00909,FP016,learn,1753402461
F00909,FP003,learn,1748603137
F00909,FP003,view,1766393827
F00909,FP019,learn,1747396190
F00909,FP008,view,1743268010
F00910,FP008,view,1759324675
F00910,FP010,view,1763303537
F00910,FP003,view,1736715937
F00910,FP015,learn,1757539705
F00910,FP002,learn,1751850152
F00910,FP002,view,1756822689
F00910,FP012,learn,1761142890
F00910,FP009,view,1742235241
F00910,FP005,view,1752357398
F00911,FP001,view,1743431869
F00911,FP014,view,1741236948
F00911,FP004,view,1759017824
F00911,FP010,view,1736369959
F00911,FP005,view,1762783029
F00911,FP014,view,1739300016
F00912,FP010,learn,1764754127
F00912,FP010,learn,1749072407
F00912,FP014,view,1760764543
F00912,FP002,view,1744170742
F00912,FP004,view,1739730878
F00912,FP004,view,1759555151
F00912,FP002,learn,1739000893
F00913,FP011,view,1765147864
F00913,FP014,learn,1757366760
F00913,FP006,view,1737429935
F00913,FP015,view,1740801530
F00913,FP015,learn,1754876102
F00913,FP002,view,1739607206
F00913,FP002,view,1741665431
F00913,FP005,view,1736378345
F00913,FP011,view,1766157122
F00914,FP002,view,1761625306
F00914,FP002,view,1758073872
F00914,FP007,view,1758409199
F00914,FP013,view,1750596713
F00914,FP010,learn,1751696654
F00914,FP002,view,1740984375
F00914,FP019,view,1759608235
F00914,FP013,view,1736866558
F00914,FP020,view,1737278415
F00915,FP004,view,1753114293
F00915,FP011,view,1758604426
F00915,FP007,view,1737319708
F00915,FP013,view,1762321781
F00915,FP018,learn,1741468510
F00915,FP017,apply,1765827450
F00915,FP018,apply,1759413671
F00915,FP011,view,1758846957
F00915,FP008,view,1756544697
F00915,FP013,learn,1736731155
F00916,FP008,view,1740574817
F00916,FP018,learn,1753036712
F00916,FP009,learn,1759230223
F00916,FP010,view,1742090561
F00916,FP013,learn,1753215479
F00916,FP005,view,1752416066
F00916,FP018,learn,1750906042
F00917,FP002,apply,1755990467
F00917,FP020,view,1764367361
F00917,FP004,view,1762822453
F00917,FP011,view,1765423321
F00917,FP019,learn,1765589569
F00917,FP008,view,1755732617
F00917,FP002,view,1745147012
F00917,FP017,view,1737548141
F00917,FP002,view,1749805748
F00917,FP006,view,1765906586
F00918,FP007,apply,1742974792
F00918,FP006,view,1757847256
F00918,FP007,view,1750610173
F00918,FP004,learn,1736048012
F00918,FP009,view,1740898763
F00918,FP020,learn,1748628383
F00918,FP006,view,1746243025
F00918,FP005,view,1748434321
F00919,FP019,view,1761657881
F00919,FP002,view,1761819931
F00919,FP016,view,1750135804
F00919,FP008,view,1766551613
F00919,FP015,learn,1755198096
F00919,FP018,apply,1749609887
F00920,FP009,view,1760045188
F00920,FP005,apply,1748539993
F00920,FP014,view,1751173963
F00920,FP014,view,1743014927
F00921,FP006,view,1743373878
F00921,FP007,learn,1749540709
F00921,FP003,learn,1744103700
F00921,FP020,apply,1762022858
F00921,FP003,apply,1742022610
F00921,FP019,learn,1739924696
F00922,FP004,view,1748002944
F00922,FP004,view,1741808954
F00922,FP004,view,1756036810
F00922,FP002,apply,1751449044
F00922,FP017,view,1762814913
F00922,FP008,view,1748797261
F00922,FP014,view,1738849704
F00922,FP011,learn,1764798849
F00922,FP019,view,1748924722
F00923,FP012,view,1762255443
F00923,FP011,view,1748458697
F00923,FP001,view,1758667472
F00923,FP001,view,1745519227
F00923,FP014,view,1746681526
F00923,FP008,learn,1747720633
F00924,FP016,apply,1742620884
F00924,FP006,view,1758452323
F00924,FP019,view,1748093587
F00924,FP009,view,1761401360
F00924,FP013,view,1744002695
F00924,FP020,learn,1740228935
F00924,FP010,view,1764704977
F00924,FP003,view,1744206794
F00925,FP001,view,1754760638
F00925,FP003,learn,1752683627
F00925,FP014,view,1748622902
F00925,FP015,view,1735779533
F00925,FP014,learn,1751215804
F00925,FP001,view,1756104724
F00925,FP018,learn,1759976653
F00926,FP011,view,1764417235
F00926,FP020,view,1753800698
F00926,FP004,view,1766711969
F00926,FP002,view,1753378173
F00926,FP012,view,1746987850
F00926,FP015,view,1743331343
F00926,FP002,view,1759177976
F00926,FP015,learn,1761241384
F00926,FP019,view,1735959750
F00927,FP018,view,1737802084
F00927,FP007,view,1756149640
F00927,FP011,view,1751667684
F00927,FP020,view,1760427960
F00927,FP002,view,1742640815
F00927,FP003,view,1765515370
F00928,FP011,learn,1738756528
F00928,FP012,learn,1764123416
F00928,FP002,view,1766946286
F00928,FP012,view,1744379404
F00928,FP012,view,1745200334
F00928,FP004,view,1737291553
F00928,FP007,view,1757347194
F00928,FP010,view,1762661118
F00928,FP013,view,1740945765
F00929,FP001,view,1755692711
F00929,FP011,learn,1754071604
F00929,FP002,view,1745704221
F00929,FP013,view,1755969308
F00929,FP009,view,1748416861
F00930,FP002,view,1738458851
F00930,FP008,view,1738897001
F00930,FP004,view,1742762431
F00930,FP006,view,1736680804
F00930,FP004,view,1764264503
F00930,FP004,view,1742501379
F00930,FP013,view,1735948518
F00931,FP013,apply,1749947195
F00931,FP009,view,1755322669
F00931,FP009,learn,1757832037
F00931,FP013,view,1738501427
F00931,FP015,view,1740627612
F00931,FP008,learn,1765135970
F00931,FP009,view,1761519210
F00932,FP017,view,1759127424
F00932,FP007,view,1744364195
F00932,FP005,view,1737597254
F00932,FP009,view,1757757035
F00932,FP015,view,1764518927
F00932,FP007,view,1747086334
F00932,FP014,apply,1765676017
F00932,FP002,apply,1742759814
F00933,FP009,learn,1764342133
F00933,FP009,view,1759288913
F00933,FP005,view,1751446068
F00933,FP003,view,1740525806
F00933,FP014,view,1746904912
F00933,FP007,learn,1764194532
F00933,FP010,view,1757784278
F00934,FP013,apply,1742225746
F00934,FP005,view,1750428297
F00934,FP011,view,1751014340
F00934,FP012,learn,1756155515
F00934,FP009,view,1764325634
F00934,FP019,apply,1743686220
F00934,FP020,view,1750279096
F00934,FP011,view,1756240042
F00934,FP010,view,1758065017
F00934,FP018,learn,1758716774
F00935,FP002,view,1755235927
F00935,FP020,view,1750988590
F00935,FP008,view,1738958296
F00935,FP010,view,1744513041
F00935,FP005,view,1748832358
F00936,FP012,apply,1746101237
F00936,FP013,apply,1759387606
F00936,FP019,view,1743698348
F00936,FP007,view,1746630234
F00937,FP015,view,1736717737
F00937,FP018,view,1744107907
F00937,FP001,view,1739813426
F00937,FP015,learn,1740550414
F00938,FP012,view,1758034302
F00938,FP009,view,1746331712
F00938,FP005,view,1751000600
F00938,FP016,learn,1745115798
F00938,FP012,view,1765941445
F00938,FP014,view,1738367937
F00939,FP002,learn,1751221848
F00939,FP002,learn,1742214839
F00939,FP013,apply,1753169117
F00939,FP019,view,1763408608
F00939,FP013,view,1759996051
F00939,FP019,learn,1746230227
F00939,FP015,view,1751368371
F00939,FP009,view,1764541581
F00940,FP008,learn,1740662174
F00940,FP006,view,1751553673
F00940,FP007,apply,1739279264
F00940,FP005,apply,1766945057
F00940,FP006,view,1744250717
F00940,FP010,view,1757903542
F00940,FP013,view,1758839483
F00941,FP009,view,1759531447
F00941,FP005,view,1755333405
F00941,FP014,learn,1742072170
F00941,FP020,view,1762019308
F00941,FP014,view,1736095726
F00941,FP008,view,1748121222
F00941,FP007,view,1736536125
F00941,FP009,view,1759033225
F00942,FP012,view,1761798826
F00942,FP002,view,1743524690
F00942,FP013,view,1744785027
F00942,FP005,view,1737042487
F00942,FP015,apply,1740327559
F00942,FP009,apply,1765629604
F00942,FP005,view,1742812808
F00942,FP003,view,1763887769
F00942,FP010,view,1747339546
F00943,FP008,apply,1760874310
F00943,FP018,learn,1758629832
F00943,FP010,view,1749688577
F00943,FP012,view,1746325207
F00943,FP005,view,1739503192
F00944,FP013,learn,1756405395
F00944,FP006,view,1739328875
F00944,FP009,view,1748696529
F00944,FP013,view,1736740064
F00944,FP007,apply,1744273357
F00945,FP019,view,1764822253
F00945,FP001,learn,1763255097
F00945,FP013,view,1764301734
F00945,FP006,view,1737474619
F00945,FP003,learn,1747608194
F00945,FP013,apply,1739506059
F00945,FP006,view,1763434446
F00945,FP020,view,1742185973
F00946,FP009,view,1752576866
F00946,FP007,learn,1738224106
F00946,FP020,view,1745381629
F00946,FP007,view,1746444816
F00946,FP019,learn,1737599040
F00946,FP001,view,1738011456
F00947,FP005,view,1756721242
F00947,FP014,view,1763123156
F00947,FP002,view,1757251375
F00947,FP006,view,1743923549
F00947,FP001,learn,1746082483
F00947,FP001,view,1763813699
F00947,FP010,view,1745919288
F00947,FP013,view,1752410965
F00947,FP011,learn,1758520069
F00947,FP007,apply,1743081443
F00948,FP011,view,1763309306
F00948,FP001,view,1740852313
F00948,FP001,view,1743053871
F00948,FP001,view,1764830853
F00948,FP020,view,1756732232
F00948,FP011,apply,1738590260
F00948,FP002,view,1737787266
F00948,FP014,learn,1742662029
F00948,FP019,view,1743295461
F00948,FP011,view,1752478400
F00949,FP018,view,1755955397
F00949,FP020,view,1760189626
F00949,FP007,view,1741015900
F00949,FP019,learn,1747585654
F00949,FP001,view,1765928894
F00950,FP005,view,1748947000
F00950,FP014,view,1755044388
F00950,FP009,learn,1738058292
F00950,FP012,apply,1747662962
F00950,FP012,learn,1754750482
F00950,FP004,apply,1737938831
F00950,FP009,view,1754544473
F00950,FP008,view,1760417840
F00951,FP011,view,1736569478
F00951,FP010,learn,1754447988
F00951,FP007,view,1738367006
F00951,FP013,view,1762208758
F00951,FP015,view,1750631987
F00951,FP017,view,1745078035
F00951,FP006,apply,1749523517
F00951,FP011,view,1739380076
F00951,FP011,learn,1760766050
F00951,FP014,view,1739296429
F00952,FP012,view,1738640846
F00952,FP003,apply,1759337172
F00952,FP001,apply,1739625111
F00952,FP015,view,1757113803
F00952,FP009,apply,1764362264
F00952,FP017,view,1753469135
F00952,FP017,view,1747296277
F00952,FP010,apply,1766575513
F00952,FP008,learn,1745839005
F00952,FP001,view,1749861839
F00953,FP009,view,1759388311
F00953,FP009,apply,1760488695
F00953,FP005,learn,1757073224
F00953,FP008,view,1746295791
F00953,FP008,learn,1748456056
F00953,FP006,apply,1746147887
F00953,FP003,view,1756732031
F00953,FP007,view,1753449795
F00953,FP001,view,1747813528
F00953,FP014,view,1757927065
F00954,FP018,view,1740389572
F00954,FP004,learn,1763905701
F00954,FP003,learn,1759406324
F00954,FP008,view,1746867214
F00954,FP002,view,1763109057
F00954,FP014,view,1762873834
F00955,FP020,learn,1748837837
F00955,FP003,learn,1742936482
F00955,FP004,view,1757683682
F00955,FP012,view,1753474274
F00955,FP006,view,1752175653
F00955,FP002,learn,1753966314
F00955,FP013,view,1744877814
F00955,FP012,view,1739460468
F00956,FP001,learn,1751553780
F00956,FP006,apply,1761663367
F00956,FP001,view,1737046860
F00956,FP014,view,1756692296
F00956,FP007,view,1763527819
F00956,FP001,learn,1759647021
F00956,FP003,learn,1766751316
F00956,FP013,view,1735974692
F00956,FP007,view,1752016001
F00956,FP014,learn,1735757897
F00957,FP001,apply,1745246418
F00957,FP005,view,1745259212
F00957,FP009,view,1750800618
F00957,FP007,view,1762862674
F00957,FP009,view,1753712924
F00957,FP017,view,1756054902
F00957,FP019,apply,1766215866
F00958,FP014,view,1752473404
F00958,FP013,view,1754517144
F00958,FP020,view,1750399253
F00958,FP012,learn,1755632434
F00958,FP016,learn,1745662227
F00959,FP015,view,1753883705
F00959,FP015,view,1765584310
F00959,FP004,view,1762117062
F00959,FP015,view,1738355003
F00959,FP008,apply,1762296133
F00959,FP009,view,1762791340
F00959,FP017,view,1757134114
F00959,FP010,view,1763920410
F00959,FP010,apply,1766161691
F00960,FP020,view,1765657507
F00960,FP010,view,1760313336
F00960,FP011,view,1755803766
F00960,FP019,apply,1755231893
F00960,FP012,view,1744429405
F00960,FP005,view,1761484938
F00960,FP001,view,1746386528
F00961,FP017,view,1752491358
F00961,FP012,apply,1744389004
F00961,FP005,apply,1737492458
F00961,FP008,view,1745147290
F00961,FP013,learn,1752511716
F00961,FP002,apply,1748961027
F00961,FP001,view,1737148827
F00961,FP017,view,1762139674
F00962,FP005,apply,1738519573
F00962,FP014,view,1760555323
F00962,FP012,view,1747840079
F00962,FP013,view,1752118212
F00962,FP007,view,1755663197
F00963,FP019,view,1757482043
F00963,FP014,view,1756202517
F00963,FP020,view,1752340377
F00963,FP008,view,1735748589
F00963,FP001,apply,1740525752
F00963,FP013,view,1752136700
F00963,FP003,view,1764146366
F00963,FP014,apply,1747232206
F00963,FP018,view,1752230098
F00964,FP011,apply,1755277637
F00964,FP016,view,1756537560
F00964,FP011,view,1753792332
F00964,FP012,view,1736345771
F00964,FP006,view,1746483822
F00964,FP003,view,1763758651
F00964,FP015,view,1753649336
F00964,FP018,view,1765077863
F00965,FP011,view,1762815828
F00965,FP020,view,1738009703
F00965,FP012,view,1739832133
F00965,FP002,view,1752031418
F00965,FP018,learn,1760452334
F00965,FP007,learn,1763774496
F00965,FP003,view,1764004780
F00965,FP013,learn,1748679511
F00965,FP012,view,1744003436
F00966,FP004,view,1740529335
F00966,FP019,view,1739997992
F00966,FP015,view,1756296957
F00966,FP020,view,1738267833
F00966,FP001,view,1756070289
F00966,FP015,view,1743855873
F00966,FP013,view,1736439824
F00966,FP017,learn,1748485705
F00967,FP008,view,1761716509
F00967,FP011,learn,1750155475
F00967,FP001,view,1754370916
F00967,FP020,view,1763413453
F00967,FP005,learn,1765196648
F00967,FP003,view,1746124929
F00967,FP005,view,1752376294
F00967,FP001,view,1741745544
F00967,FP020,view,1741687064
F00967,FP007,learn,1737075432
F00968,FP002,view,1758032883
F00968,FP008,apply,1735750998
F00968,FP018,view,1743256446
F00968,FP005,view,1755051370
F00968,FP012,view,1743181145
F00968,FP007,learn,1750941193
F00968,FP011,view,1738650585
F00968,FP011,view,1756044560
F00968,FP010,learn,1737158402
F00968,FP013,view,1752214294
F00969,FP018,view,1744013369
F00969,FP001,learn,1758998363
F00969,FP009,view,1740198281
F00969,FP008,learn,1750644016
F00969,FP012,view,1757461333
F00970,FP012,view,1761717546
F00970,FP009,view,1755936420
F00970,FP010,view,1736082290
F00970,FP007,apply,1760618197
F00970,FP015,view,1760572277
F00970,FP001,view,1754091397
F00970,FP012,view,1749964015
F00971,FP010,view,1737644308
F00971,FP009,learn,1738362408
F00971,FP002,view,1736261874
F00971,FP005,learn,1750227598
F00971,FP019,view,1739523958
F00972,FP006,view,1762279496
F00972,FP001,learn,1738161748
F00972,FP002,learn,1752983184
F00972,FP010,apply,1758958543
F00972,FP009,view,1745520390
F00972,FP007,apply,1765508775
F00972,FP004,view,1755490171
F00972,FP001,view,1740280263
F00972,FP012,view,1755803508
F00972,FP007,apply,1763364757
F00973,FP011,view,1737719027
F00973,FP014,learn,1751229251
F00973,FP015,view,1746950230
F00973,FP003,learn,1740190552
F00973,FP012,view,1738869225
F00973,FP013,view,1752369215
F00973,FP020,view,1751836309
F00974,FP007,learn,1757463967
F00974,FP020,view,1762974643
F00974,FP002,view,1762675546
F00974,FP016,view,1741062687
F00974,FP010,view,1753731663
F00974,FP019,view,1763549868
F00974,FP003,apply,1737885693
F00974,FP002,view,1740794562
F00974,FP018,view,1737241340
F00975,FP015,view,1745454719
F00975,FP012,apply,1742938141
F00975,FP009,view,1754211356
F00975,FP013,view,1756890618
F00975,FP006,learn,1748610810
F00975,FP006,view,1754048930
F00976,FP003,view,1742786402
F00976,FP014,view,1754036779
F00976,FP003,view,1751180784
F00976,FP011,learn,1745264587
F00976,FP011,view,1763056940
F00976,FP013,view,1763668316
F00976,FP003,view,1762359517
F00976,FP013,apply,1765280765
F00976,FP018,apply,1746923985
F00977,FP010,view,1746605802
F00977,FP011,view,1756774662
F00977,FP004,view,1737647258
F00977,FP006,learn,1744439880
F00977,FP020,apply,1754365208
F00977,FP002,view,1758040972
F00977,FP016,view,1750521602
F00978,FP015,view,1763756669
F00978,FP019,apply,1744118357
F00978,FP014,view,1740294994
F00978,FP004,view,1763161793
F00978,FP014,view,1760729933
F00978,FP009,view,1754090664
F00978,FP019,apply,1740536440
F00978,FP006,learn,1740306781
F00978,FP020,learn,1753837455
F00979,FP014,view,1741090592
F00979,FP009,view,1758295584
F00979,FP004,view,1740284914
F00979,FP019,view,1762107782
F00979,FP008,apply,1750635162
F00979,FP002,learn,1750934091
F00979,FP012,view,1737728543
F00980,FP006,learn,1736550949
F00980,FP004,learn,1746530635
F00980,FP013,apply,1753408244
F00980,FP019,view,1737589606
F00980,FP012,learn,1753737526
F00980,FP014,view,1740878462
F00981,FP006,view,1756330855
F00981,FP006,learn,1743014753
F00981,FP008,view,1736650615
F00981,FP006,view,1753265958
F00981,FP017,view,1756180708
F00981,FP003,view,1739392410
F00981,FP016,view,1738180509
F00982,FP006,view,1765846938
F00982,FP006,view,1749820271
F00982,FP014,view,1738219470
F00982,FP017,view,1741994037
F00982,FP004,view,1758802100
F00982,FP020,view,1755859657
F00982,FP004,view,1737739955
F00982,FP001,view,1741406167
F00982,FP013,apply,1751471474
F00983,FP006,view,1743750728
F00983,FP013,view,1737023528
F00983,FP019,view,1748727204
F00983,FP012,view,1762001560
F00984,FP014,view,1749827254
F00984,FP006,learn,1762001604
F00984,FP005,view,1748637550
F00984,FP020,view,1738933382
F00985,FP001,learn,1740456656
F00985,FP013,view,1739420082
F00985,FP008,view,1736563417
F00985,FP019,view,1757354492
F00985,FP019,apply,1765234173
F00985,FP011,view,1741456581
F00986,FP004,view,1750868515
F00986,FP004,view,1736943883
F00986,FP014,view,1751875340
F00986,FP020,view,1753166910
F00986,FP012,view,1763234497
F00987,FP012,learn,1759285444
F00987,FP006,learn,1751820429
F00987,FP018,view,1755287226
F00987,FP018,learn,1760473402
F00987,FP001,view,1747103638
F00987,FP003,view,1743756318
F00987,FP002,view,1760577608
F00987,FP003,learn,1757191667
F00987,FP013,learn,1749037870
F00987,FP001,view,1753556432
F00988,FP011,learn,1749606729
F00988,FP014,view,1752345261
F00988,FP012,learn,1756930500
F00988,FP001,view,1758525664
F00988,FP011,view,1758180435
F00988,FP008,view,1743321795
F00988,FP014,view,1737955260
F00988,FP005,view,1753256833
F00988,FP003,view,1751249831
F00989,FP004,apply,1737761564
F00989,FP011,learn,1756506743
F00989,FP008,view,1750601924
F00989,FP015,view,1750807475
F00989,FP003,learn,1756471753
F00989,FP019,view,1756791601
F00989,FP002,view,1738796446
F00989,FP010,view,1752577339
F00989,FP017,view,1754127877
F00989,FP010,view,1753211982
F00990,FP005,apply,1754837319
F00990,FP020,learn,1754894006
F00990,FP008,learn,1741890091
F00990,FP014,view,1763459700
F00991,FP014,learn,1758710814
F00991,FP017,view,1758806374
F00991,FP008,view,1759257217
F00991,FP007,learn,1751184007
F00992,FP001,view,1757792104
F00992,FP020,learn,1736581426
F00992,FP020,view,1739909337
F00992,FP019,learn,1754069475
F00992,FP015,view,1743273783
F00992,FP006,view,1738135420
F00992,FP012,view,1761031584
F00992,FP016,learn,1757499910
F00993,FP018,learn,1750103186
F00993,FP014,learn,1737776351
F00993,FP018,view,1742720579
F00993,FP014,learn,1739102383
F00993,FP008,learn,1742243759
F00993,FP001,apply,1758468973
F00993,FP010,view,1737210866
F00993,FP010,view,1736714226
F00994,FP001,view,1747368156
F00994,FP007,learn,1742417731
F00994,FP010,learn,1749158218
F00994,FP014,view,1751203697
F00994,FP004,learn,1744364393
F00994,FP020,view,1760710629
F00994,FP014,learn,1743039364
F00994,FP010,view,1765053302
F00994,FP006,view,1761418836
F00994,FP004,learn,1745973164
F00995,FP020,apply,1742806521
F00995,FP016,learn,1764828585
F00995,FP015,view,1745357028
F00995,FP020,view,1757180611
F00996,FP018,learn,1757879986
F00996,FP002,view,1739416996
F00996,FP009,view,1744892928
F00996,FP008,view,1765600563
F00996,FP004,learn,1753657684
F00996,FP010,apply,1735872233
F00996,FP011,view,1745552790
F00996,FP003,view,1765551617
F00996,FP019,view,1757596645
F00996,FP017,view,1749328882
F00997,FP003,view,1750000072
F00997,FP014,view,1748550088
F00997,FP009,view,1738540334
F00997,FP001,apply,1747840885
F00997,FP014,view,1762095380
F00997,FP011,view,1735690900
F00997,FP020,view,1759477903
F00997,FP003,view,1761287392
F00997,FP005,view,1743114116
F00998,FP002,view,1743662359
F00998,FP012,view,1758636815
F00998,FP009,view,1760522354
F00998,FP014,learn,1737634286
F00998,FP019,learn,1762083165
F00998,FP008,view,1757470245
F00999,FP018,learn,1761193165
F00999,FP005,view,1748109688
F00999,FP018,view,1763827407
F00999,FP017,learn,1759219668
F00999,FP010,view,1736981151
F00999,FP007,view,1762860103
F00999,FP014,view,1751449463
F00999,FP017,view,1760879822
F00999,FP016,view,1763718574
F00999,FP013,view,1736755770
F01000,FP020,apply,1741828411
F01000,FP012,learn,1754874125
F01000,FP004,apply,1747681221
F01000,FP019,view,1764751192
F01001,FP020,view,1736808401
F01001,FP008,view,1757382295
F01001,FP003,view,1759349911
F01001,FP003,view,1753211994
F01001,FP006,learn,1744680292
F01001,FP013,view,1760064025
F01001,FP011,view,1758461625
F01001,FP017,view,1750180628
F01001,FP013,view,1738802647
F01001,FP013,learn,1758473610
F01002,FP020,learn,1763973692
F01002,FP014,view,1760004656
F01002,FP015,view,1740197642
F01002,FP014,view,1742454564
F01002,FP009,learn,1753154564
F01002,FP002,apply,1764055455
F01002,FP004,apply,1758004952
F01002,FP005,learn,1760294309
F01002,FP009,view,1760451242
F01003,FP009,learn,1759248982
F01003,FP010,apply,1757652853
F01003,FP013,apply,1762161088
F01003,FP017,view,1763155149
F01004,FP010,view,1761913775
F01004,FP007,apply,1743116443
F01004,FP008,view,1764617784
F01004,FP006,learn,1759031013
F01004,FP012,view,1738199911
F01004,FP003,view,1753635356
F01004,FP009,learn,1748164919
F01004,FP003,view,1766473693
F01005,FP013,view,1756514087
F01005,FP013,apply,1761851925
F01005,FP005,view,1755474651
F01005,FP009,apply,1764507861
F01006,FP020,view,1754222721
F01006,FP003,view,1753938804
F01006,FP009,view,1742782480
F01006,FP011,view,1740208650
F01006,FP012,view,1759493963
F01006,FP008,view,1735853360
F01006,FP009,view,1761205839
F01006,FP019,view,1766514528
F01006,FP006,view,1746243235
F01006,FP020,view,1745074861
F01007,FP002,view,1744942352
F01007,FP008,view,1752097394
F01007,FP004,view,1748178911
F01007,FP019,view,1736337258
F01007,FP001,view,1758290561
F01007,FP003,view,1738273691
F01008,FP013,apply,1744335227
F01008,FP008,learn,1745230299
F01008,FP010,view,1753361127
F01008,FP003,view,1740824815
F01008,FP010,learn,1755497267
F01008,FP004,view,1747623709
F01008,FP010,learn,1748252835
F01008,FP005,view,1760178556
F01008,FP013,learn,1742168464
F01009,FP005,apply,1760880630
F01009,FP011,view,1744839820
F01009,FP010,view,1751726298
F01009,FP018,view,1747747585
F01009,FP018,view,1751059201
F01010,FP007,view,1740744578
F01010,FP001,learn,1755844184
F01010,FP008,learn,1764974175
F01010,FP001,learn,1759503140
F01010,FP016,view,1742711618
F01010,FP010,view,1761668595
F01010,FP012,learn,1754225931
F01010,FP001,view,1743173540
F01010,FP001,learn,1749423108
F01011,FP004,learn,1761328127
F01011,FP019,view,1748769369
F01011,FP017,view,1764833958
F01011,FP001,view,1745161721
F01011,FP005,view,1763729120
F01011,FP020,view,1759337281
F01011,FP010,apply,1738667814
F01012,FP012,view,1748546290
F01012,FP015,view,1741009391
F01012,FP011,view,1761347373
F01012,FP014,view,1744785540
F01012,FP008,view,1738175718
F01012,FP007,learn,1741903068
F01012,FP020,learn,1766418626
F01012,FP016,view,1742973664
F01012,FP013,view,1744919061
F01012,FP016,learn,1736281086
F01013,FP010,view,1744661732
F01013,FP007,view,1750057514
F01013,FP018,learn,1750101018
F01013,FP005,view,1760351349
F01013,FP013,view,1741760647
F01013,FP008,apply,1763146969
F01013,FP004,view,1741679561
F01013,FP014,view,1759375832
F01014,FP016,view,1758009387
F01014,FP009,view,1766892848
F01014,FP017,learn,1745295739
F01014,FP017,view,1759369961
F01014,FP009,learn,1736501185
F01014,FP020,view,1757790061
F01015,FP020,learn,1739539066
F01015,FP013,view,1752375035
F01015,FP004,view,1749312143
F01015,FP020,view,1760824118
F01015,FP010,view,1762632555
F01015,FP014,view,1736930925
F01015,FP005,view,1744895324
F01015,FP001,learn,1749565242
F01015,FP008,learn,1742570513
F01015,FP009,learn,1754869003
F01016,FP003,learn,1746007893
F01016,FP017,view,1748803408
F01016,FP006,learn,1750616747
F01016,FP006,view,1764455155
F01016,FP002,view,1757273775
F01017,FP012,learn,1753151191
F01017,FP013,apply,1756854540
F01017,FP019,view,1754874563
F01017,FP006,learn,1757528728
F01017,FP011,view,1739022658
F01017,FP002,learn,1756540027
F01017,FP010,view,1751849116
F01017,FP014,learn,1753104418
F01018,FP006,view,1754228933
F01018,FP001,view,1745694744
F01018,FP005,learn,1759609048
F01018,FP005,view,1756773487
F01018,FP018,learn,1742105834
F01018,FP017,view,1761620577
F01018,FP019,view,1739310133
F01019,FP010,view,1763847282
F01019,FP006,view,1763963681
F01019,FP020,view,1738465377
F01019,FP018,view,1741293536
F01019,FP001,view,1755392274
F01020,FP001,view,1749231943
F01020,FP002,learn,1737554797
F01020,FP013,view,1740537217
F01020,FP003,view,1755178854
F01021,FP016,view,1742408776
F01021,FP016,view,1762684155
F01021,FP004,view,1756287419
F01021,FP008,view,1740459769
F01021,FP018,apply,1754147444
F01022,FP019,view,1759900625
F01022,FP006,view,1735772014
F01022,FP011,view,1755471385
F01022,FP014,view,1764683251
F01022,FP018,learn,1750512413
F01022,FP011,view,1745623257
F01022,FP010,view,1738625080
F01022,FP004,view,1755035087
F01022,FP005,view,1738809626
F01023,FP014,view,1753060759
F01023,FP008,view,1755919478
F01023,FP009,view,1743053900
F01023,FP006,view,1766185053
F01023,FP005,view,1763082863
F01023,FP006,learn,1741402708
F01023,FP001,view,1765097888
F01023,FP014,view,1760289311
F01024,FP018,view,1749362080
F01024,FP012,view,1743065974
F01024,FP018,view,1761194649
F01024,FP009,view,1743831119
F01025,FP004,view,1764550370
F01025,FP003,apply,1748154523
F01025,FP011,view,1759149127
F01025,FP004,view,1765033773
F01025,FP005,view,1764264109
F01025,FP003,view,1743968271
F01026,FP015,view,1764552194
F01026,FP015,view,1752274032
F01026,FP014,view,1744770146
F01026,FP006,learn,1760760627
F01026,FP004,view,1759160041
F01026,FP005,learn,1740877102
F01026,FP014,apply,1750890116
F01027,FP013,learn,1738876142
F01027,FP001,view,1753347016
F01027,FP003,view,1742263813
F01027,FP011,view,1741021009
F01027,FP001,apply,1762152880
F01027,FP012,apply,1741624962
F01027,FP017,view,1765890842
F01028,FP001,view,1751332299
F01028,FP010,learn,1758177892
F01028,FP011,view,1735824823
F01028,FP002,view,1747604880
F01028,FP005,view,1748715089
F01028,FP004,view,1752849875
F01028,FP008,view,1744805131
F01028,FP013,view,1753790113
F01028,FP020,view,1748456636
F01028,FP019,view,1744118550
F01029,FP019,view,1744856296
F01029,FP011,view,1756673439
F01029,FP009,view,1742166243
F01029,FP004,view,1744651544
F01029,FP015,view,1741073421
F01029,FP019,view,1742556346
F01029,FP009,view,1748213235
F01029,FP014,view,1741839075
F01029,FP015,learn,1739984571
F01030,FP019,learn,1738158594
F01030,FP015,view,1750503877
F01030,FP008,view,1744153344
F01030,FP001,view,1751840449
F01030,FP014,learn,1738569615
F01030,FP012,view,1755109928
F01030,FP008,apply,1746627723
F01030,FP005,view,1765274004
F01030,FP013,view,1749774024
F01030,FP017,view,1745027100
F01031,FP010,view,1744743485
F01031,FP013,view,1760865246
F01031,FP010,view,1744278648
F01031,FP002,view,1763197079
F01032,FP009,view,1761888766
F01032,FP009,learn,1761877796
F01032,FP003,view,1763546555
F01032,FP017,view,1765507047
F01032,FP005,view,1744275257
F01032,FP005,view,1748721003
F01032,FP012,learn,1739240010
F01032,FP013,view,1743870748
F01032,FP003,view,1741400087
F01033,FP001,learn,1759476633
F01033,FP017,view,1736769863
F01033,FP009,view,1763816543
F01033,FP001,view,1751636167
F01033,FP009,view,1765802122
F01033,FP020,learn,1742450575
F01033,FP018,learn,1758702488
F01033,FP004,view,1757996634
F01033,FP013,learn,1752578562
F01034,FP009,view,1739724498
F01034,FP010,view,1750242558
F01034,FP019,view,1754085134
F01034,FP020,view,1760359005
F01034,FP019,view,1737084397
F01034,FP013,apply,1747960160
F01035,FP010,view,1755089416
F01035,FP009,view,1752355869
F01035,FP010,view,1749790742
F01035,FP012,view,1757273280
F01036,FP012,view,1751530514
F01036,FP019,view,1755567398
F01036,FP002,view,1764210707
F01036,FP004,learn,1757354657
F01036,FP017,view,1741747054
F01037,FP009,learn,1755135991
F01037,FP008,view,1740900228
F01037,FP014,view,1761119396
F01037,FP007,apply,1754208165
F01037,FP003,view,1761896871
F01037,FP001,view,1754514084
F01037,FP009,view,1757193043
F01038,FP016,view,1745558329
F01038,FP006,view,1745646194
F01038,FP014,view,1754405154
F01038,FP012,view,1740661764
F01038,FP014,learn,1749900081
F01038,FP013,learn,1756551130
F01038,FP004,view,1753826441
F01038,FP018,view,1745030230
F01038,FP017,view,1755984155
F01039,FP016,learn,1740647036
F01039,FP007,apply,1753686004
F01039,FP004,view,1746401691
F01039,FP005,view,1757811084
F01039,FP013,learn,1757752526
F01039,FP002,learn,1740115119
F01039,FP007,view,1760076905
F01040,FP005,view,1761900996
F01040,FP008,view,1745491884
F01040,FP012,view,1760695965
F01040,FP018,apply,1746297220
F01040,FP018,view,1749083412
F01041,FP009,apply,1739324559
F01041,FP013,apply,1745181008
F01041,FP009,learn,1739312677
F01041,FP008,view,1735937807
F01041,FP010,view,1752953903
F01041,FP019,view,1759082200
F01041,FP014,view,1745741671
F01041,FP009,view,1745807185
F01041,FP004,learn,1747850577
F01042,FP009,view,1752301290
F01042,FP017,view,1752681364
F01042,FP008,apply,1744438150
F01042,FP011,view,1749519716
F01042,FP007,apply,1750061786
F01042,FP003,view,1736510290
F01042,FP016,view,1759310453
F01042,FP005,view,1744147830
F01043,FP006,view,1756209024
F01043,FP019,view,1757401849
F01043,FP013,learn,1742109887
F01043,FP011,view,1742990235
F01043,FP008,view,1741500605
F01043,FP015,learn,1752922803
F01043,FP019,view,1753708579
F01043,FP005,view,1764870619
F01043,FP012,learn,1760839585
F01044,FP002,learn,1742378338
F01044,FP001,learn,1742727066
F01044,FP012,view,1740400395
F01044,FP007,view,1746133866
F01044,FP016,view,1756623532
F01044,FP008,view,1753631958
F01044,FP005,learn,1759154895
F01044,FP019,view,1752304861
F01045,FP020,learn,1741011340
F01045,FP017,view,1740120113
F01045,FP009,learn,1760959772
F01045,FP008,view,1743476459
F01045,FP014,learn,1737249366
F01045,FP020,learn,1748068827
F01045,FP006,view,1739251825
F01045,FP019,view,1737176250
F01045,FP002,view,1752830886
F01046,FP006,view,1737747337
F01046,FP013,view,1747948380
F01046,FP020,view,1755329905
F01046,FP007,view,1760684813
F01046,FP015,view,1751553422
F01046,FP017,view,1759897035
F01046,FP019,view,1764012569
F01046,FP012,view,1753210378
F01047,FP013,view,1763927243
F01047,FP011,view,1766130546
F01047,FP011,view,1742323373
F01047,FP019,learn,1757641161
F01047,FP019,view,1751531858
F01047,FP007,view,1751227323
F01047,FP008,apply,1765402139
F01047,FP004,view,1748665713
F01047,FP009,learn,1752373524
F01048,FP016,view,1759023155
F01048,FP015,view,1752187056
F01048,FP003,learn,1736245681
F01048,FP015,view,1741772663
F01048,FP006,view,1740820190
F01048,FP020,view,1742031606
F01048,FP018,view,1754193340
F01048,FP006,learn,1764606699
F01049,FP015,view,1758596642
F01049,FP007,view,1757370357
F01049,FP010,view,1754243524
F01049,FP016,view,1755244895
F01049,FP001,view,1752754628
F01049,FP005,view,1764229064
F01049,FP001,view,1741281703
F01049,FP013,view,1761602493
F01050,FP008,apply,1760713755
F01050,FP018,view,1750823786
F01050,FP006,view,1747606778
F01050,FP018,view,1741177440
F01051,FP004,view,1746380797
F01051,FP005,view,1744545888
F01051,FP019,view,1765078569
F01051,FP009,view,1758800116
F01051,FP004,learn,1751632705
F01051,FP006,view,1760211184
F01051,FP018,learn,1757810262
F01052,FP018,view,1745934446
F01052,FP002,view,1753336662
F01052,FP015,view,1747406823
F01052,FP005,view,1738659257
F01052,FP012,view,1742171363
F01053,FP003,learn,1747125478
F01053,FP009,learn,1749529617
F01053,FP008,view,1760351889
F01053,FP003,learn,1743162088
F01053,FP017,view,1744260861
F01053,FP007,view,1738615169
F01054,FP002,view,1748060400
F01054,FP010,view,1738285094
F01054,FP008,view,1763195562
F01054,FP017,learn,1737430785
F01054,FP002,apply,1754583923
F01054,FP009,view,1738541342
F01054,FP004,view,1745183723
F01054,FP003,learn,1753495902
F01055,FP006,apply,1750155088
F01055,FP020,view,1742835576
F01055,FP004,view,1750378004
F01055,FP010,view,1757780057
F01055,FP014,learn,1761652438
F01055,FP014,view,1757022369
F01055,FP001,view,1750512889
F01055,FP008,apply,1738899614
F01055,FP011,view,1758363894
F01056,FP007,view,1755790330
F01056,FP019,view,1749907099
F01056,FP019,apply,1737168765
F01056,FP020,view,1766285446
F01056,FP018,learn,1761889195
F01056,FP011,apply,1762444293
F01056,FP001,view,1751066885
F01057,FP007,view,1753301214
F01057,FP003,apply,1744812225
F01057,FP006,view,1745733396
F01057,FP003,apply,1748015365
F01057,FP002,view,1756300579
F01057,FP015,learn,1748495286
F01057,FP010,learn,1744609773
F01058,FP005,view,1742795643
F01058,FP014,view,1737640800
F01058,FP012,view,1749142848
F01058,FP012,view,1743002754
F01058,FP005,view,1759752402
F01059,FP001,learn,1743642356
F01059,FP007,learn,1746429743
F01059,FP018,view,1754683764
F01059,FP008,learn,1740797998
F01059,FP011,view,1755657930
F01059,FP016,apply,1745880944
F01059,FP007,view,1735956536
F01060,FP002,apply,1741224163
F01060,FP002,apply,1757305526
F01060,FP001,view,1748156758
F01060,FP001,view,1763878720
F01061,FP003,view,1747546442
F01061,FP014,learn,1740496672
F01061,FP008,view,1764126251
F01061,FP005,view,1737018180
F01061,FP009,view,1754783711
F01061,FP005,view,1761522308
F01061,FP012,learn,1744456786
F01061,FP007,view,1744511043
F01061,FP010,apply,1744697540
F01061,FP009,learn,1741001737
F01062,FP019,view,1750043721
F01062,FP009,view,1762737251
F01062,FP008,view,1748824849
F01062,FP001,learn,1740040531
F01062,FP019,learn,1737087364
F01062,FP006,view,1738502744
F01062,FP006,view,1754938918
F01062,FP019,view,1743260309
F01062,FP004,learn,1735947868
F01063,FP003,view,1763456150
F01063,FP018,learn,1748624334
F01063,FP004,view,1737376091
F01063,FP017,view,1744650741
F01063,FP020,learn,1752175796
F01063,FP007,view,1745107057
F01063,FP004,view,1758844548
F01063,FP010,view,1760751819
F01063,FP010,view,1764819828
F01063,FP004,view,1740058868
F01064,FP017,learn,1744239046
F01064,FP020,learn,1756232425
F01064,FP019,learn,1745892468
F01064,FP007,view,1745710409
F01064,FP010,view,1750207851
F01064,FP006,view,1737638591
F01064,FP003,learn,1738476413
F01064,FP008,learn,1741429814
F01065,FP018,learn,1740457230
F01065,FP010,view,1751237863
F01065,FP017,view,1761683122
F01065,FP015,learn,1748871008
F01065,FP010,view,1766280843
F01065,FP002,learn,1759166252
F01065,FP012,view,1738970411
F01065,FP013,view,1743241027
F01066,FP004,view,1751418381
F01066,FP008,learn,1737113523
F01066,FP004,view,1741582302
F01066,FP009,view,1764797737
F01066,FP002,view,1762297310
F01066,FP010,view,1737445037
F01066,FP012,learn,1742433837
F01066,FP012,apply,1753191775
F01066,FP013,view,1755591674
F01067,FP004,view,1740792372
F01067,FP011,view,1754752888
F01067,FP004,view,1749989952
F01067,FP006,learn,1759050687
F01067,FP009,view,1743156237
F01067,FP005,view,1745930635
F01067,FP004,view,1741536048
F01067,FP009,view,1759232888
F01067,FP011,learn,1749519846
F01067,FP002,view,1746061462
F01068,FP015,learn,1756012908
F01068,FP010,learn,1756049359
F01068,FP020,view,1755606593
F01068,FP002,apply,1758903161
F01068,FP019,apply,1755438739
F01068,FP017,view,1759678530
F01069,FP006,apply,1762137955
F01069,FP001,view,1759057848
F01069,FP014,learn,1749039342
F01069,FP012,view,1753017660
F01069,FP018,learn,1760110694
F01069,FP017,apply,1752380896
F01069,FP001,learn,1749169851
F01069,FP015,apply,1757178669
F01070,FP018,view,1766251441
F01070,FP009,view,1762266133
F01070,FP012,apply,1750395601
F01070,FP009,view,1738242557
F01070,FP020,learn,1750487285
F01070,FP020,view,1742975863
F01070,FP019,view,1765919802
F01070,FP008,view,1751677829
F01070,FP019,view,1754431397
F01071,FP001,learn,1741265825
F01071,FP004,view,1741232993
F01071,FP007,view,1738766736
F01071,FP018,view,1735871753
F01071,FP006,view,1737882022
F01071,FP018,view,1755806716
F01071,FP014,view,1739647348
F01071,FP016,view,1736810720
F01071,FP019,view,1755563141
F01071,FP012,learn,1745123748
F01072,FP003,view,1752988056
F01072,FP012,view,1736478530
F01072,FP014,view,1764236154
F01072,FP015,view,1747643124
F01072,FP005,view,1740811228
F01072,FP002,learn,1755658756
F01072,FP002,learn,1754135117
F01072,FP010,view,1757333249
F01072,FP002,learn,1741776675
F01072,FP005,apply,1745656776
F01073,FP001,learn,1766994115
F01073,FP005,view,1766961559
F01073,FP003,view,1736692028
F01073,FP015,learn,1751102407
F01074,FP014,view,1761321800
F01074,FP004,view,1756694217
F01074,FP002,view,1751894860
F01074,FP005,view,1748652088
F01075,FP009,view,1748619394
F01075,FP007,view,1756263636
F01075,FP005,apply,1746050294
F01075,FP005,view,1766321821
F01076,FP019,view,1746349369
F01076,FP007,view,1759173449
F01076,FP004,learn,1739874413
F01076,FP014,view,1751136465
F01077,FP002,view,1740982411
F01077,FP017,view,1742975175
F01077,FP006,view,1757906335
F01077,FP011,learn,1739016932
F01077,FP001,view,1755460123
F01078,FP019,learn,1753353497
F01078,FP003,apply,1764662572
F01078,FP020,apply,1741675933
F01078,FP006,learn,1746665056
F01078,FP013,view,1754962781
F01078,FP002,view,1740103681
F01079,FP001,apply,1761844511
F01079,FP002,view,1747079209
F01079,FP006,view,1762636480
F01079,FP005,view,1762899080
F01079,FP011,view,1755074059
F01079,FP005,view,1747109292
F01079,FP013,view,1765803373
F01079,FP012,learn,1757769234
F01080,FP017,view,1736454732
F01080,FP014,view,1766493340
F01080,FP007,apply,1755018341
F01080,FP011,view,1736174349
F01080,FP017,learn,1765009937
F01081,FP002,view,1740290172
F01081,FP004,view,1765789126
F01081,FP018,view,1741744011
F01081,FP020,view,1740687210
F01081,FP003,learn,1756253681
F01081,FP014,view,1765759716
F01081,FP010,learn,1761126746
F01081,FP004,view,1766042102
F01081,FP012,view,1745302967
F01081,FP010,view,1751170708
F01082,FP014,view,1744842981
F01082,FP008,view,1746388451
F01082,FP009,view,1762100925
F01082,FP020,view,1754175309
F01083,FP001,learn,1760260758
F01083,FP004,view,1755382671
F01083,FP015,view,1766354167
F01083,FP013,learn,1764430758
F01083,FP011,view,1737357960
F01083,FP005,learn,1738644547
F01084,FP011,apply,1754994687
F01084,FP013,view,1738726907
F01084,FP005,view,1735830468
F01084,FP001,view,1766426981
F01084,FP012,view,1738835129
F01084,FP005,view,1735744569
F01084,FP001,view,1745495805
F01084,FP001,view,1745747078
F01084,FP007,view,1736460846
F01085,FP002,view,1760758818
F01085,FP007,view,1764605750
F01085,FP003,learn,1764796932
F01085,FP006,view,1747142198
F01085,FP011,view,1740133695
F01086,FP020,learn,1759314448
F01086,FP007,view,1757354451
F01086,FP020,view,1762353987
F01086,FP003,learn,1743636753
F01087,FP006,view,1760938250
F01087,FP011,learn,1756020637
F01087,FP020,view,1747576701
F01087,FP019,view,1743620344
F01087,FP006,apply,1765817867
F01087,FP014,view,1746976850
F01087,FP005,view,1765370312
F01087,FP008,view,1742683729
F01088,FP014,view,1742787288
F01088,FP017,view,1742938940
F01088,FP011,view,1759097129
F01088,FP019,apply,1736854436
F01089,FP006,view,1738594200
F01089,FP006,view,1737142316
F01089,FP006,learn,1736305071
F01089,FP006,view,1746996417
F01089,FP019,view,1746132409
F01089,FP009,view,1760877564
F01089,FP012,view,1738203170
F01089,FP016,learn,1761785575
F01089,FP020,learn,1736412085
F01089,FP020,learn,1763066652
F01090,FP006,view,1745873083
F01090,FP011,view,1747750363
F01090,FP006,view,1762243582
F01090,FP018,view,1759099522
F01090,FP017,view,1751769749
F01090,FP001,view,1754418382
F01090,FP016,view,1742831397
F01091,FP003,view,1746353453
F01091,FP012,view,1751601451
F01091,FP014,view,1764812940
F01091,FP007,learn,1765086886
F01091,FP004,view,1758861085
F01091,FP009,view,1751027673
F01092,FP001,view,1755556485
F01092,FP006,view,1743893925
F01092,FP010,view,1764202575
F01092,FP008,view,1750224522
F01092,FP014,view,1764323994
F01092,FP001,view,1747520668
F01092,FP004,view,1756767257
F01092,FP006,learn,1737141732
F01092,FP004,view,1741961747
F01092,FP015,view,1737930614
F01093,FP008,view,1750624964
F01093,FP006,apply,1739502000
F01093,FP001,view,1738713394
F01093,FP010,learn,1764908787
F01093,FP011,view,1750098805
F01093,FP005,view,1766910079
F01093,FP006,view,1747901138
F01093,FP005,view,1754302270
F01093,FP003,view,1756367260
F01094,FP005,view,1742882179
F01094,FP005,view,1737068883
F01094,FP003,learn,1741191767
F01094,FP007,view,1735884887
F01095,FP019,learn,1750572531
F01095,FP012,learn,1741055252
F01095,FP012,view,1758116011
F01095,FP012,view,1751246301
F01096,FP015,learn,1735726244
F01096,FP001,view,1763104860
F01096,FP006,view,1751829720
F01096,FP018,learn,1756425563
F01096,FP008,view,1738093333
F01096,FP019,view,1763863697
F01096,FP015,view,1748098639
F01097,FP009,view,1741198595
F01097,FP010,apply,1765299844
F01097,FP007,view,1763158689
F01097,FP012,view,1763728816
F01097,FP005,view,1762345660
F01097,FP001,learn,1749699110
F01097,FP001,view,1754517439
F01097,FP015,view,1741661737
F01097,FP007,view,1755494700
F01097,FP016,learn,1763854279
F01098,FP011,view,1739373633
F01098,FP016,learn,1739508260
F01098,FP016,view,1741245408
F01098,FP011,view,1754765545
F01098,FP006,apply,1763955701
F01098,FP017,view,1757005213
F01098,FP007,view,1748463723
F01099,FP010,view,1741611929
F01099,FP020,view,1753648986
F01099,FP018,view,1749043127
F01099,FP009,view,1758870589
F01099,FP001,view,1760498316
F01099,FP017,view,1747821549
F01100,FP015,view,1754942664
F01100,FP002,apply,1755583252
F01100,FP004,learn,1752089059
F01100,FP004,view,1762894716
F01100,FP016,view,1744608088
F01100,FP013,view,1744129904
F01100,FP004,learn,1757677232
F01100,FP001,view,1742698561
F01100,FP008,learn,1746711105
F01100,FP015,view,1759021366
F01101,FP009,view,1763414409
F01101,FP002,view,1763102506
F01101,FP009,view,1756473961
F01101,FP007,view,1742848528
F01101,FP014,view,1762263446
F01101,FP002,view,1764731503
F01101,FP003,view,1742888266
F01101,FP007,view,1761015542
F01101,FP008,learn,1749372330
F01102,FP002,view,1751028006
F01102,FP020,view,1743562265
F01102,FP007,view,1753613402
F01102,FP014,view,1747290074
F01102,FP007,view,1760636737
F01102,FP002,view,1761826813
F01102,FP009,apply,1737368730
F01102,FP013,view,1762222304
F01102,FP018,apply,1748328890
F01103,FP007,learn,1748283918
F01103,FP009,view,1742120476
F01103,FP001,view,1766732842
F01103,FP014,view,1738738719
F01103,FP004,learn,1740173623
F01103,FP001,view,1757220583
F01103,FP003,view,1741174810
F01103,FP013,view,1751365691
F01103,FP005,view,1744770372
F01103,FP005,learn,1759633258
F01104,FP020,learn,1754467356
F01104,FP007,view,1760032369
F01104,FP008,learn,1764636142
F01104,FP011,apply,1753075860
F01104,FP006,view,1759460460
F01104,FP002,view,1744635696
F01104,FP014,view,1764781894
F01104,FP010,view,1757724662
F01104,FP020,apply,1763114458
F01104,FP011,view,1751435780
F01105,FP018,learn,1766866727
F01105,FP002,view,1740306354
F01105,FP001,view,1751703380
F01105,FP020,view,1752201704
F01105,FP018,view,1766861398
F01106,FP011,learn,1750486714
F01106,FP002,view,1760499590
F01106,FP017,apply,1737708030
F01106,FP020,view,1743351068
F01106,FP001,view,1759413711
F01107,FP019,view,1754387639
F01107,FP005,view,1753964165
F01107,FP014,view,1740835251
F01107,FP004,view,1766410715
F01107,FP020,view,1757821118
F01108,FP008,view,1762319038
F01108,FP019,learn,1749412758
F01108,FP020,view,1747347743
F01108,FP008,view,1749934769
F01108,FP009,view,1739807949
F01108,FP001,view,1759833881
F01108,FP007,apply,1766452023
F01108,FP018,view,1741490230
F01109,FP002,learn,1765730486
F01109,FP003,view,1766422046
F01109,FP002,learn,1741956250
F01109,FP017,learn,1759151102
F01109,FP003,learn,1752861012
F01109,FP011,view,1739365656
F01109,FP002,view,1755896353
F01110,FP006,view,1749131111
F01110,FP003,view,1750344461
F01110,FP020,view,1742501760
F01110,FP004,view,1760287177
F01110,FP005,view,1759026797
F01110,FP011,view,1739977906
F01110,FP019,learn,1760273492
F01111,FP017,learn,1758948727
F01111,FP002,view,1754205778
F01111,FP002,view,1746206532
F01111,FP012,view,1758870992
F01111,FP007,view,1753750384
F01111,FP018,view,1757490675
F01111,FP011,view,1762823991
F01111,FP010,view,1759616669
F01112,FP017,view,1757899526
F01112,FP014,view,1748484242
F01112,FP011,view,1749223391
F01112,FP013,view,1737624225
F01112,FP008,view,1764690057
F01112,FP015,view,1736480113
F01113,FP017,learn,1745453949
F01113,FP010,view,1741547268
F01113,FP012,apply,1755661777
F01113,FP011,view,1753637497
F01113,FP019,view,1751959002
F01113,FP013,view,1764257517
F01113,FP006,apply,1760384103
F01113,FP014,view,1747711388
F01114,FP016,view,1759430071
F01114,FP006,view,1751340147
F01114,FP008,learn,1741316645
F01114,FP002,view,1736534917
F01115,FP018,learn,1746396178
F01115,FP005,learn,1741243252
F01115,FP009,view,1756208105
F01115,FP001,apply,1742613082
F01115,FP005,view,1762839453
F01115,FP018,view,1738099019
F01115,FP004,learn,1740435019
F01115,FP020,learn,1752220663
F01115,FP011,view,1758313536
F01115,FP001,view,1756346975
F01116,FP002,view,1751794746
F01116,FP006,view,1751455379
F01116,FP010,view,1747493894
F01116,FP020,view,1737247677
F01116,FP010,apply,1743909590
F01116,FP003,view,1765046063
F01116,FP020,apply,1749870170
F01116,FP011,view,1740506293
F01117,FP017,view,1753198797
F01117,FP012,view,1764585017
F01117,FP015,learn,1739843720
F01117,FP001,view,1737155142
F01117,FP017,apply,1741107538
F01117,FP006,view,1747513608
F01117,FP003,view,1762252742
F01118,FP019,view,1759303064
F01118,FP010,view,1760320748
F01118,FP019,learn,1747324254
F01118,FP014,view,1753103074
F01118,FP014,apply,1736057628
F01118,FP013,view,1737697706
F01118,FP012,apply,1742627360
F01118,FP019,view,1751601356
F01118,FP004,view,1736964408
F01119,FP014,learn,1737399128
F01119,FP013,view,1764988618
F01119,FP005,view,1754258583
F01119,FP019,learn,1753023678
F01119,FP014,learn,1759710887
F01120,FP001,view,1764462006
F01120,FP013,learn,1766998928
F01120,FP007,view,1737161611
F01120,FP018,apply,1761635946
F01120,FP018,view,1754564212
F01120,FP007,view,1743154208
F01120,FP006,view,1735740234
F01121,FP003,learn,1748980810
F01121,FP012,view,1763227587
F01121,FP006,learn,1740477996
F01121,FP001,view,1758121072
F01121,FP013,apply,1742838867
F01122,FP020,view,1739451416
F01122,FP019,view,1754197107
F01122,FP020,view,1762022253
F01122,FP004,learn,1755884703
F01122,FP002,learn,1750973600
F01122,FP005,view,1752977166
F01122,FP004,view,1736624315
F01122,FP011,learn,1758133660
F01122,FP013,view,1747985661
F01122,FP004,view,1743459319
F01123,FP007,view,1750433939
F01123,FP012,view,1736280858
F01123,FP010,learn,1757454756
F01123,FP016,apply,1753252036
F01123,FP001,learn,1757457886
F01123,FP007,view,1740934489
F01123,FP017,view,1747736879
F01124,FP017,apply,1749740374
F01124,FP020,view,1766251365
F01124,FP015,view,1741065254
F01124,FP017,apply,1763257141
F01124,FP007,view,1739498544
F01124,FP013,view,1752221237
F01124,FP005,view,1762876185
F01124,FP019,apply,1755041673
F01125,FP003,view,1753569174
F01125,FP012,view,1751781048
F01125,FP004,view,1741072488
F01125,FP001,view,1761138511
F01125,FP006,learn,1760834044
F01125,FP010,view,1738425441
F01125,FP008,apply,1752494993
F01125,FP009,learn,1736894146
F01125,FP002,learn,1753893655
F01125,FP002,view,1750804071
F01126,FP008,view,1743913701
F01126,FP002,view,1758085901
F01126,FP009,learn,1762622118
F01126,FP002,learn,1758997316
F01126,FP015,view,1757456731
F01126,FP008,view,1748596194
F01126,FP019,view,1736591843
F01126,FP002,learn,1744375883
F01126,FP004,view,1752470781
F01127,FP002,view,1753302465
F01127,FP013,view,1738982658
F01127,FP001,view,1762750063
F01127,FP004,view,1745232114
F01127,FP003,view,1757879704
F01127,FP012,view,1763163282
F01127,FP009,apply,1761826346
F01127,FP004,learn,1751906970
F01127,FP004,view,1755744063
F01127,FP013,view,1756072243
F01128,FP001,view,1751588406
F01128,FP017,view,1761740088
F01128,FP017,view,1766605428
F01128,FP001,view,1764781846
F01128,FP011,view,1757280804
F01128,FP020,view,1765378414
F01128,FP015,view,1755256439
F01128,FP008,view,1754238249
F01129,FP018,learn,1740032004
F01129,FP007,view,1745600249
F01129,FP012,view,1762050351
F01129,FP015,learn,1750471116
F01129,FP019,view,1753024960
F01129,FP009,view,1756356680
F01129,FP004,view,1761834550
F01129,FP002,view,1751712143
F01129,FP010,view,1736281706
F01129,FP004,view,1742790941
F01130,FP004,view,1762449894
F01130,FP005,view,1760874141
F01130,FP007,view,1743838196
F01130,FP020,view,1758950692
F01130,FP004,view,1766825336
F01130,FP019,view,1740107992
F01130,FP018,apply,1745135241
F01130,FP009,view,1765452831
F01130,FP003,view,1751404319
F01131,FP013,learn,1759656084
F01131,FP003,learn,1763849752
F01131,FP002,view,1738151951
F01131,FP007,view,1738933162
F01131,FP003,view,1738579199
F01131,FP015,view,1749942072
F01131,FP004,view,1756064214
F01132,FP015,view,1751133662
F01132,FP003,view,1765047070
F01132,FP005,apply,1747829765
F01132,FP015,view,1766214508
F01132,FP012,view,1741399465
F01132,FP020,apply,1754773779
F01132,FP015,view,1761303037
F01132,FP013,view,1747769204
F01132,FP003,view,1745875413
F01132,FP003,view,1746354545
F01133,FP018,view,1745104173
F01133,FP006,view,1758964465
F01133,FP009,learn,1765884028
F01133,FP008,view,1739483060
F01133,FP004,view,1758591015
F01134,FP009,view,1751402687
F01134,FP020,view,1762175241
F01134,FP007,learn,1754034106
F01134,FP018,view,1747691320
F01134,FP010,learn,1757309547
F01134,FP009,view,1747790391
F01134,FP004,view,1761667651
F01134,FP005,learn,1750994723
F01135,FP009,view,1762682373
F01135,FP008,learn,1758610834
F01135,FP012,view,1742282180
F01135,FP004,view,1763564733
F01135,FP011,learn,1736579986
F01136,FP003,view,1742157911
F01136,FP004,view,1749572547
F01136,FP008,view,1748736695
F01136,FP015,learn,1751268178
F01136,FP016,view,1749747052
F01136,FP004,learn,1751170251
F01137,FP001,view,1761085458
F01137,FP006,view,1756247300
F01137,FP020,learn,1765062932
F01137,FP020,view,1753337826
F01137,FP008,learn,1755368222
F01137,FP007,learn,1753082430
F01137,FP004,learn,1740942709
F01137,FP002,view,1752776788
F01137,FP003,view,1747079257
F01137,FP002,view,1757710358
F01138,FP001,view,1740028410
F01138,FP009,apply,1749618016
F01138,FP005,view,1755203292
F01138,FP008,learn,1758904953
F01138,FP018,learn,1736180747
F01138,FP004,apply,1735869055
F01138,FP009,view,1740388225
F01139,FP004,view,1762863751
F01139,FP016,learn,1750227911
F01139,FP017,learn,1748881714
F01139,FP004,view,1743730837
F01139,FP003,view,1749588655
F01140,FP005,view,1765576693
F01140,FP008,view,1761744729
F01140,FP017,view,1766267049
F01140,FP001,view,1766229117
F01140,FP012,learn,1737509705
F01140,FP001,learn,1748987064
F01141,FP008,view,1743049977
F01141,FP009,view,1748160849
F01141,FP008,learn,1762644798
F01141,FP005,view,1760678264
F01141,FP002,learn,1759631620
F01141,FP016,learn,1759231949
F01141,FP003,view,1739922594
F01141,FP004,view,1736882663
F01141,FP017,learn,1762265898
F01142,FP004,view,1754069507
F01142,FP019,view,1738686678
F01142,FP005,view,1737968299
F01142,FP005,view,1755223168
F01142,FP015,view,1755251358
F01143,FP009,view,1756707914
F01143,FP005,view,1750740704
F01143,FP018,view,1759426732
F01143,FP011,learn,1748454605
F01143,FP003,view,1741578953
F01143,FP012,apply,1766894885
F01143,FP018,apply,1740333280
F01143,FP010,learn,1743516602
F01144,FP020,view,1756562669
F01144,FP009,view,1738296350
F01144,FP001,view,1736674435
F01144,FP007,view,1751418581
F01144,FP003,learn,1762345272
F01145,FP008,view,1762180153
F01145,FP001,view,1742979902
F01145,FP015,view,1764740946
F01145,FP011,view,1762604922
F01145,FP017,view,1765306321
F01145,FP002,learn,1757236270
F01146,FP020,view,1764931784
F01146,FP006,view,1737226964
F01146,FP009,learn,1753017128
F01146,FP001,view,1754885309
F01146,FP012,view,1738254616
F01146,FP013,apply,1756758533
F01146,FP006,view,1743454058
F01146,FP009,view,1737833203
F01146,FP006,view,1765798214
F01147,FP004,view,1745393394
F01147,FP004,view,1743141908
F01147,FP020,learn,1759251947
F01147,FP011,view,1749693508
F01147,FP019,view,1737058851
F01147,FP002,learn,1761988642
F01147,FP003,learn,1757410573
F01148,FP012,view,1762059245
F01148,FP014,learn,1738550126
F01148,FP008,view,1757172673
F01148,FP010,learn,1742024500
F01149,FP002,view,1752955249
F01149,FP006,view,1745990858
F01149,FP008,view,1756628387
F01149,FP003,view,1751616694
F01150,FP001,view,1739539417
F01150,FP004,view,1756129514
F01150,FP008,learn,1760822954
F01150,FP011,learn,1735776031
F01150,FP019,view,1739776969
F01151,FP005,view,1744016007
F01151,FP012,view,1739842631
F01151,FP008,view,1764447581
F01151,FP005,apply,1745080548
F01151,FP001,view,1741402186
F01151,FP007,learn,1739530021
F01151,FP012,view,1742907637
F01151,FP002,view,1736046715
F01152,FP004,learn,1738532864
F01152,FP001,view,1756955846
F01152,FP020,view,1760829627
F01152,FP011,view,1738491659
F01153,FP011,view,1741122726
F01153,FP002,view,1762972045
F01153,FP003,learn,1759212016
F01153,FP003,view,1763773605
F01153,FP019,view,1741549086
F01154,FP001,view,1741139089
F01154,FP007,learn,1742602232
F01154,FP015,view,1750856691
F01154,FP017,view,1748567887
F01154,FP008,learn,1766760644
F01154,FP015,view,1747421361
F01154,FP005,view,1764944704
F01155,FP010,view,1749076187
F01155,FP005,view,1752404884
F01155,FP012,apply,1736787780
F01155,FP010,learn,1762777480
F01155,FP012,learn,1747407581
F01155,FP001,learn,1743732553
F01155,FP012,view,1747613383
F01155,FP007,learn,1757055216
F01155,FP001,view,1741949481
F01156,FP007,view,1765268750
F01156,FP004,view,1750997803
F01156,FP020,view,1751968444
F01156,FP007,view,1747311826
F01156,FP014,view,1744312905
F01157,FP019,view,1740229569
F01157,FP006,apply,1763834963
F01157,FP006,view,1737358120
F01157,FP014,view,1759022953
F01157,FP005,view,1756904372
F01157,FP014,apply,1759526488
F01157,FP014,learn,1744992830
F01157,FP003,view,1765850749
F01157,FP019,view,1739267991
F01158,FP003,view,1761211423
F01158,FP006,view,1755857486
F01158,FP018,view,1754840701
F01158,FP012,view,1745147007
F01158,FP007,view,1764102682
F01158,FP002,view,1761700210
F01158,FP001,view,1744145007
F01158,FP020,view,1753714647
F01158,FP013,view,1765582050
F01158,FP012,view,1741915783
F01159,FP011,view,1740511004
F01159,FP010,view,1749129093
F01159,FP010,view,1747952714
F01159,FP004,view,1742014997
F01159,FP013,view,1759246310
F01159,FP004,view,1736898636
F01159,FP014,view,1762405245
F01160,FP003,view,1763215207
F01160,FP020,view,1751675894
F01160,FP001,apply,1763393168
F01160,FP010,view,1742689232
F01160,FP016,learn,1759924158
F01160,FP006,view,1747210985
F01160,FP017,apply,1747152692
F01160,FP012,view,1738804326
F01160,FP011,apply,1755939401
F01161,FP011,view,1764776367
F01161,FP020,apply,1754945497
F01161,FP004,learn,1758021496
F01161,FP018,view,1760336803
F01161,FP005,view,1760986005
F01162,FP012,view,1766590037
F01162,FP010,learn,1740670935
F01162,FP003,view,1752214586
F01162,FP013,view,1753523541
F01162,FP001,view,1761408909
F01162,FP019,view,1738278042
F01163,FP018,view,1753778639
F01163,FP002,apply,1742042882
F01163,FP010,view,1742140113
F01163,FP004,view,1762008384
F01163,FP018,view,1740233785
F01163,FP002,view,1740469815
F01163,FP003,view,1739844543
F01164,FP010,learn,1757713249
F01164,FP018,view,1749004367
F01164,FP007,view,1755220205
F01164,FP004,learn,1756979502
F01165,FP020,view,1743384156
F01165,FP010,view,1746901313
F01165,FP009,view,1743484254
F01165,FP002,view,1766135843
F01165,FP010,apply,1759749924
F01165,FP002,view,1755519138
F01165,FP004,learn,1747381450
F01165,FP008,view,1761470680
F01166,FP012,view,1736304101
F01166,FP003,view,1744478897
F01166,FP014,view,1766636423
F01166,FP001,view,1749991080
F01166,FP014,learn,1741516767
F01166,FP007,learn,1758328600
F01167,FP005,learn,1744417245
F01167,FP001,learn,1758180792
F01167,FP011,view,1762939006
F01167,FP007,learn,1741661794
F01167,FP008,apply,1754772266
F01167,FP001,view,1753274521
F01167,FP019,view,1754305212
F01167,FP003,view,1752141036
F01168,FP014,learn,1762939111
F01168,FP009,learn,1762221996
F01168,FP008,apply,1750745880
F01168,FP008,learn,1755386227
F01168,FP014,view,1744557406
F01168,FP008,learn,1756761670
F01168,FP014,view,1743328700
F01169,FP012,learn,1751520958
F01169,FP012,view,1759624700
F01169,FP017,view,1738781676
F01169,FP008,view,1748738970
F01169,FP008,view,1755845406
F01169,FP019,view,1766863614
F01169,FP005,apply,1741883511
F01169,FP007,view,1765123245
F01169,FP002,view,1757704158
F01169,FP012,view,1761247779
F01170,FP018,view,1741043248
F01170,FP011,view,1756490124
F01170,FP012,view,1750441272
F01170,FP014,view,1762737322
F01170,FP012,apply,1751644547
F01170,FP002,view,1744762679
F01170,FP002,view,1741513952
F01170,FP020,apply,1747315408
F01170,FP003,view,1759620770
F01170,FP003,view,1748049961
F01171,FP011,view,1745999168
F01171,FP005,learn,1760688368
F01171,FP020,view,1745429371
F01171,FP002,view,1755257087
F01171,FP012,view,1746091635
F01171,FP004,view,1743875488
F01172,FP020,view,1757812229
F01172,FP014,view,1754851491
F01172,FP008,apply,1762858085
F01172,FP012,view,1740327388
F01172,FP007,view,1737198074
F01172,FP014,view,1759606264
F01172,FP013,view,1759552275
F01172,FP001,view,1743560342
F01173,FP001,view,1743528057
F01173,FP019,view,1761673972
F01173,FP014,view,1742410079
F01173,FP006,view,1745608679
F01173,FP006,view,1764093174
F01173,FP008,apply,1751496823
F01173,FP020,view,1753534811
F01173,FP001,view,1736750435
F01173,FP008,view,1744911701
F01174,FP019,view,1743636825
F01174,FP006,learn,1751499469
F01174,FP009,view,1744255633
F01174,FP009,view,1739703692
F01174,FP012,view,1748656611
F01174,FP012,learn,1754805649
F01174,FP019,view,1747700157
F01174,FP004,view,1758633533
F01174,FP017,apply,1754287725
F01174,FP004,view,1736472715
F01175,FP007,learn,1747192694
F01175,FP002,view,1765751787
F01175,FP014,view,1760015092
F01175,FP013,view,1762992916
F01175,FP018,apply,1764740109
F01176,FP002,view,1737043945
F01176,FP011,learn,1752008034
F01176,FP001,view,1745067242
F01176,FP005,view,1745878200
F01176,FP012,learn,1740402338
F01176,FP019,view,1743443968
F01176,FP015,view,1744485516
F01176,FP017,learn,1737249058
F01177,FP007,view,1764620366
F01177,FP005,view,1759520108
F01177,FP020,view,1743807666
F01177,FP019,view,1759367005
F01177,FP019,view,1740090922
F01177,FP011,view,1743331754
F01177,FP016,view,1753146686
F01177,FP020,learn,1758966183
F01178,FP012,view,1756950490
F01178,FP010,learn,1755042833
F01178,FP001,apply,1753372373
F01178,FP001,view,1744974523
F01178,FP007,view,1738302150
F01178,FP015,view,1763336911
F01178,FP010,view,1763033282
F01178,FP004,view,1763421788
F01179,FP015,view,1739078212
F01179,FP012,view,1738458558
F01179,FP011,view,1753081026
F01179,FP016,learn,1742715785
F01180,FP020,view,1756069063
F01180,FP008,view,1760595613
F01180,FP013,learn,1748403221
F01180,FP004,view,1752493563
F01180,FP001,view,1743485858
F01180,FP004,apply,1747754349
F01180,FP013,view,1763162337
F01181,FP004,view,1763127595
F01181,FP020,view,1757115293
F01181,FP005,view,1738375898
F01181,FP005,learn,1765185591
F01181,FP004,view,1739076586
F01181,FP008,learn,1750313382
F01181,FP013,view,1742339168
F01182,FP019,learn,1748481801
F01182,FP007,view,1747681954
F01182,FP016,learn,1744041199
F01182,FP002,apply,1742753558
F01182,FP017,view,1743004835
F01182,FP001,view,1766325943
F01182,FP004,view,1757384808
F01182,FP005,view,1754426729
F01182,FP010,apply,1760589838
F01183,FP012,view,1753019785
F01183,FP008,view,1749152220
F01183,FP017,apply,1749483393
F01183,FP014,view,1761575014
F01183,FP009,view,1748489239
F01183,FP007,learn,1747992407
F01184,FP009,view,1765462208
F01184,FP015,view,1761160164
F01184,FP005,apply,1762245569
F01184,FP003,learn,1739502420
F01184,FP001,view,1752043413
F01184,FP011,learn,1750289911
F01184,FP015,view,1751663158
F01184,FP002,view,1751388677
F01184,FP009,view,1756351302
F01185,FP001,view,1740914878
F01185,FP002,view,1736916062
F01185,FP002,view,1753529549
F01185,FP001,learn,1756747280
F01186,FP019,view,1761771752
F01186,FP019,apply,1763288268
F01186,FP002,view,1744036691
F01186,FP007,view,1762052595
F01186,FP003,view,1756365001
F01186,FP012,apply,1756804304
F01186,FP020,view,1764570447
F01186,FP007,learn,1736824382
F01186,FP003,apply,1750911152
F01186,FP004,apply,1762504847
F01187,FP002,view,1756277657
F01187,FP020,learn,1746121308
F01187,FP013,learn,1743001208
F01187,FP008,view,1752416363
F01187,FP009,view,1766289844
F01187,FP020,view,1740285275
F01187,FP002,apply,1736107202
F01187,FP009,view,1743145873
F01187,FP013,view,1765422219
F01187,FP001,view,1755250615
F01188,FP019,view,1761737480
F01188,FP013,apply,1745925866
F01188,FP002,view,1759371054
F01188,FP007,view,1758944277
F01188,FP014,apply,1752344764
F01188,FP012,view,1757628753
F01188,FP014,learn,1766310445
F01188,FP001,view,1743717266
F01188,FP004,view,1744155411
F01188,FP001,view,1754125074
F01189,FP009,view,1740623379
F01189,FP014,learn,1752941898
F01189,FP001,view,1749969898
F01189,FP003,learn,1753658846
F01189,FP003,view,1736851506
F01189,FP015,apply,1749363492
F01190,FP011,view,1745513083
F01190,FP014,view,1751864170
F01190,FP010,view,1754930960
F01190,FP003,view,1739035458
F01190,FP009,view,1748586252
F01191,FP001,view,1749545719
F01191,FP003,view,1753697190
F01191,FP010,view,1743592149
F01191,FP001,learn,1740222200
F01192,FP012,view,1754263950
F01192,FP004,view,1747427459
F01192,FP020,view,1746162785
F01192,FP013,view,1742893096
F01192,FP013,view,1758542955
F01192,FP002,view,1748544003
F01193,FP006,view,1765556275
F01193,FP007,learn,1749630819
F01193,FP014,learn,1749921018
F01193,FP014,learn,1746155996
F01194,FP020,view,1755113518
F01194,FP019,view,1750736873
F01194,FP006,view,1759885340
F01194,FP011,view,1746437760
F01194,FP019,view,1760843953
F01194,FP012,apply,1757330357
F01194,FP003,view,1765806405
F01194,FP014,learn,1754143104
F01194,FP011,view,1747233594
F01194,FP005,apply,1746554906
F01195,FP019,view,1751188909
F01195,FP004,learn,1744188183
F01195,FP002,learn,1740248487
F01195,FP009,view,1748506964
F01195,FP005,view,1756882611
F01195,FP012,view,1764161808
F01195,FP001,view,1737550677
F01195,FP009,learn,1751445640
F01195,FP009,apply,1742791924
F01196,FP005,apply,1738250833
F01196,FP007,view,1750229466
F01196,FP012,view,1763711130
F01196,FP010,learn,1748856091
F01196,FP020,view,1741838153
F01196,FP009,learn,1751006087
F01196,FP012,view,1761753011
F01196,FP015,learn,1739325898
F01196,FP011,view,1745334974
F01196,FP019,view,1745798619
F01197,FP002,view,1749667004
F01197,FP007,view,1744898394
F01197,FP012,view,1738448352
F01197,FP009,view,1765820605
F01197,FP004,view,1740648600
F01198,FP012,learn,1748848685
F01198,FP001,view,1747671087
F01198,FP013,view,1742716087
F01198,FP011,learn,1747009973
F01198,FP004,view,1742549006
F01198,FP020,view,1757693696
F01198,FP020,learn,1753348914
F01198,FP008,view,1753646666
F01198,FP013,learn,1744074512
F01198,FP006,learn,1738678945
F01199,FP008,learn,1742618563
F01199,FP002,view,1745288719
F01199,FP020,learn,1756836632
F01199,FP010,view,1740757219
F01199,FP015,learn,1745527193
F01199,FP020,view,1744866525
F01199,FP017,view,1762971312
F01199,FP017,view,1738293138
F01200,FP015,view,1744346132
F01200,FP015,view,1765886767
F01200,FP008,view,1766702263
F01200,FP004,view,1745392650
