user_id,offer_id,event_type,timestamp,device_type,region
R00001,O00078,impression,1738816666,mobile,Port Harcourt
R00001,O00005,impression,1742543464,mobile,Port Harcourt
R00001,O00105,impression,1747298188,mobile,Port Harcourt
R00001,O00086,click,1751619291,mobile,Port Harcourt
R00001,O00005,redeem,1754204315,mobile,Port Harcourt
R00001,O00076,impression,1761127912,mobile,Port Harcourt
R00001,O00018,click,1762984597,mobile,Port Harcourt
R00002,O00019,impression,1740332296,tablet,Port Harcourt
R00002,O00101,impression,1744386913,tablet,Port Harcourt
R00002,O00058,impression,1745605625,tablet,Port Harcourt
R00002,O00020,impression,1748475027,tablet,Port Harcourt
R00002,O00101,impression,1750520080,tablet,Port Harcourt
R00002,O00071,click,1754799335,tablet,Port Harcourt
R00002,O00058,click,1757576352,tablet,Port Harcourt
R00002,O00051,impression,1765278217,tablet,Port Harcourt
R00003,O00075,impression,1738668468,tablet,Ibadan
R00003,O00094,impression,1743392589,tablet,Ibadan
R00003,O00108,impression,1752255785,tablet,Ibadan
R00003,O00085,click,1752799121,tablet,Ibadan
R00003,O00094,impression,1760970650,tablet,Ibadan
R00003,O00089,redeem,1762281949,tablet,Ibadan
R00004,O00061,impression,1746140118,web,Abuja
R00004,O00047,impression,1751144769,web,Abuja
R00004,O00028,impression,1754481965,web,Abuja
R00004,O00021,impression,1758918646,web,Abuja
R00004,O00028,impression,1760706986,web,Abuja
R00004,O00097,impression,1762024453,web,Abuja
R00004,O00085,impression,1762479681,web,Abuja
R00005,O00104,click,1740195272,mobile,Ibadan
R00005,O00092,click,1746124427,mobile,Ibadan
R00005,O00044,redeem,1749750982,mobile,Ibadan
R00005,O00002,impression,1750287314,mobile,Ibadan
R00005,O00116,click,1760762037,mobile,Ibadan
R00005,O00116,impression,1762054292,mobile,Ibadan
R00005,O00010,click,1764475698,mobile,Ibadan
R00006,O00113,impression,1737086080,tablet,Enugu
R00006,O00004,impression,1738320458,tablet,Enugu
R00006,O00069,impression,1740402168,tablet,Enugu
R00006,O00006,click,1751021410,tablet,Enugu
R00006,O00103,click,1755631334,tablet,Enugu
R00006,O00065,impression,1759313910,tablet,Enugu
R00007,O00057,impression,1736375755,mobile,Lagos
R00007,O00101,redeem,1745228416,mobile,Lagos
R00007,O00071,impression,1753921385,mobile,Lagos
R00007,O00101,click,1757244231,mobile,Lagos
R00007,O00071,impression,1758363698,mobile,Lagos
R00007,O00057,impression,1764820630,mobile,Lagos
R00008,O00085,impression,1735918372,tablet,Lagos
R00008,O00044,impression,1741682329,tablet,Lagos
R00008,O00083,impression,1749708090,tablet,Lagos
R00008,O00115,click,1750624455,tablet,Lagos
R00008,O00076,impression,1755420013,tablet,Lagos
R00008,O00083,redeem,1755511890,tablet,Lagos
R00009,O00056,impression,1738005036,tablet,Ibadan
R00009,O00079,redeem,1740506635,tablet,Ibadan
R00009,O00094,impression,1751550580,tablet,Ibadan
R00009,O00017,impression,1751583833,tablet,Ibadan
R00009,O00087,redeem,1755186537,tablet,Ibadan
R00009,O00017,click,1755613187,tablet,Ibadan
R00009,O00080,redeem,1762582283,tablet,Ibadan
R00009,O00080,impression,1765762960,tablet,Ibadan
R00010,O00054,impression,1735830349,tablet,Enugu
R00010,O00050,impression,1736615621,tablet,Enugu
R00010,O00093,impression,1737212732,tablet,Enugu
R00010,O00093,click,1743025108,tablet,Enugu
R00010,O00026,click,1753062664,tablet,Enugu
R00010,O00074,impression,1756695499,tablet,Enugu
R00010,O00086,click,1757998033,tablet,Enugu
R00010,O00089,click,1758816650,tablet,Enugu
R00010,O00054,impression,1761417366,tablet,Enugu
R00011,O00040,impression,1739272460,mobile,Ibadan
R00011,O00075,click,1741528694,mobile,Ibadan
R00011,O00022,click,1748978749,mobile,Ibadan
R00011,O00033,impression,1756936641,mobile,Ibadan
R00011,O00097,impression,1759938111,mobile,Ibadan
R00011,O00111,click,1763917955,mobile,Ibadan
R00012,O00022,impression,1737790358,web,Abuja
R00012,O00047,impression,1743042685,web,Abuja
R00012,O00040,impression,1745776128,web,Abuja
R00012,O00076,redeem,1748837796,web,Abuja
R00012,O00040,click,1749866745,web,Abuja
R00012,O00027,impression,1751231560,web,Abuja
R00012,O00037,click,1752251980,web,Abuja
R00012,O00083,impression,1752605864,web,Abuja
R00012,O00098,impression,1754305952,web,Abuja
R00012,O00085,impression,1756127087,web,Abuja
R00013,O00111,click,1743527621,web,Abuja
R00013,O00058,click,1743685906,web,Abuja
R00013,O00034,impression,1749049369,web,Abuja
R00013,O00098,click,1750398323,web,Abuja
R00013,O00108,impression,1762617894,web,Abuja
R00013,O00079,impression,1764922576,web,Abuja
R00014,O00113,impression,1739180102,mobile,Port Harcourt
R00014,O00054,click,1739194802,mobile,Port Harcourt
R00014,O00023,impression,1743385776,mobile,Port Harcourt
R00014,O00081,impression,1748016593,mobile,Port Harcourt
R00014,O00054,impression,1751831174,mobile,Port Harcourt
R00014,O00113,impression,1757526740,mobile,Port Harcourt
R00014,O00113,impression,1765708275,mobile,Port Harcourt
R00015,O00001,impression,1736604379,web,Enugu
R00015,O00032,click,1746115798,web,Enugu
R00015,O00042,click,1750303057,web,Enugu
R00015,O00032,redeem,1750784718,web,Enugu
R00015,O00110,impression,1754376360,web,Enugu
R00016,O00031,redeem,1740012221,tablet,Port Harcourt
R00016,O00093,impression,1741579708,tablet,Port Harcourt
R00016,O00074,impression,1755085885,tablet,Port Harcourt
R00016,O00086,impression,1757944858,tablet,Port Harcourt
R00017,O00016,click,1744795317,web,Lagos
R00017,O00001,click,1750008848,web,Lagos
R00017,O00019,click,1751139869,web,Lagos
R00017,O00031,impression,1765973718,web,Lagos
R00018,O00107,impression,1736622736,tablet,Ibadan
R00018,O00092,click,1740865527,tablet,Ibadan
R00018,O00010,click,1746997291,tablet,Ibadan
R00018,O00072,impression,1748639011,tablet,Ibadan
R00018,O00018,impression,1754262719,tablet,Ibadan
R00018,O00092,impression,1757367407,tablet,Ibadan
R00018,O00055,impression,1758790031,tablet,Ibadan
R00018,O00082,click,1760686441,tablet,Ibadan
R00019,O00080,impression,1737313244,tablet,Port Harcourt
R00019,O00021,impression,1746433230,tablet,Port Harcourt
R00019,O00002,click,1747830468,tablet,Port Harcourt
R00019,O00016,click,1748670926,tablet,Port Harcourt
R00019,O00028,impression,1752117944,tablet,Port Harcourt
R00019,O00061,impression,1758259320,tablet,Port Harcourt
R00019,O00052,click,1759557193,tablet,Port Harcourt
R00019,O00061,click,1761931797,tablet,Port Harcourt
R00019,O00061,impression,1764594555,tablet,Port Harcourt
R00020,O00116,click,1736079617,mobile,Abuja
R00020,O00079,click,1748044162,mobile,Abuja
R00020,O00062,impression,1748449328,mobile,Abuja
R00020,O00055,click,1750383468,mobile,Abuja
R00020,O00109,redeem,1762555835,mobile,Abuja
R00020,O00060,impression,1765763795,mobile,Abuja
R00020,O00099,impression,1766447739,mobile,Abuja
R00021,O00065,impression,1735791117,web,Abuja
R00021,O00048,impression,1736008374,web,Abuja
R00021,O00065,impression,1738466110,web,Abuja
R00021,O00006,impression,1742268535,web,Abuja
R00021,O00065,impression,1746576759,web,Abuja
R00021,O00048,redeem,1757567413,web,Abuja
R00021,O00069,click,1764816699,web,Abuja
R00021,O00063,click,1765394770,web,Abuja
R00022,O00119,impression,1741499770,mobile,Abuja
R00022,O00088,impression,1743308526,mobile,Abuja
R00022,O00059,impression,1743804047,mobile,Abuja
R00022,O00059,impression,1748016005,mobile,Abuja
R00022,O00061,impression,1750315890,mobile,Abuja
R00022,O00046,impression,1757100511,mobile,Abuja
R00022,O00068,impression,1763245588,mobile,Abuja
R00022,O00043,click,1765694445,mobile,Abuja
R00023,O00009,impression,1739025819,mobile,Lagos
R00023,O00064,impression,1739924929,mobile,Lagos
R00023,O00109,redeem,1746787931,mobile,Lagos
R00023,O00110,impression,1751984700,mobile,Lagos
R00023,O00110,click,1758828556,mobile,Lagos
R00023,O00042,click,1759856373,mobile,Lagos
R00023,O00042,impression,1761226922,mobile,Lagos
R00023,O00120,impression,1765129817,mobile,Lagos
R00024,O00015,redeem,1742158065,mobile,Abuja
R00024,O00111,click,1748352167,mobile,Abuja
R00024,O00015,impression,1749759759,mobile,Abuja
R00024,O00034,impression,1762164739,mobile,Abuja
R00024,O00034,click,1762316623,mobile,Abuja
R00024,O00039,impression,1763717431,mobile,Abuja
R00025,O00109,click,1737933873,tablet,Abuja
R00025,O00038,redeem,1738013949,tablet,Abuja
R00025,O00116,redeem,1740278340,tablet,Abuja
R00025,O00038,impression,1740602337,tablet,Abuja
R00025,O00010,impression,1740831352,tablet,Abuja
R00025,O00062,impression,1741397702,tablet,Abuja
R00025,O00109,impression,1744516566,tablet,Abuja
R00025,O00055,impression,1746107538,tablet,Abuja
R00025,O00072,impression,1761507295,tablet,Abuja
R00026,O00019,impression,1737256776,tablet,Abuja
R00026,O00080,redeem,1740471107,tablet,Abuja
R00026,O00080,redeem,1742318861,tablet,Abuja
R00026,O00019,impression,1752325294,tablet,Abuja
R00026,O00073,click,1755165936,tablet,Abuja
R00026,O00017,impression,1755675902,tablet,Abuja
R00026,O00018,click,1761283651,tablet,Abuja
R00027,O00091,impression,1738526262,tablet,Port Harcourt
R00027,O00011,impression,1745163355,tablet,Port Harcourt
R00027,O00091,impression,1748122789,tablet,Port Harcourt
R00027,O00067,impression,1754891026,tablet,Port Harcourt
R00027,O00067,redeem,1755946376,tablet,Port Harcourt
R00027,O00029,impression,1760324315,tablet,Port Harcourt
R00027,O00082,impression,1766590173,tablet,Port Harcourt
R00028,O00011,impression,1739624440,mobile,Abuja
R00028,O00029,impression,1746397601,mobile,Abuja
R00028,O00086,click,1747147401,mobile,Abuja
R00028,O00091,click,1753261498,mobile,Abuja
R00028,O00067,impression,1756332154,mobile,Abuja
R00028,O00090,redeem,1759135271,mobile,Abuja
R00028,O00067,impression,1764060357,mobile,Abuja
R00029,O00025,impression,1740769280,tablet,Ibadan
R00029,O00074,click,1745230045,tablet,Ibadan
R00029,O00093,impression,1752765700,tablet,Ibadan
R00029,O00074,impression,1759644262,tablet,Ibadan
R00029,O00094,impression,1764251902,tablet,Ibadan
R00029,O00026,click,1764288759,tablet,Ibadan
R00030,O00003,redeem,1745713537,mobile,Port Harcourt
R00030,O00104,impression,1746139531,mobile,Port Harcourt
R00030,O00107,impression,1752721331,mobile,Port Harcourt
R00030,O00070,impression,1754770339,mobile,Port Harcourt
R00030,O00062,impression,1757127585,mobile,Port Harcourt
R00030,O00092,click,1763060165,mobile,Port Harcourt
R00030,O00115,click,1764585437,mobile,Port Harcourt
R00030,O00010,click,1764962729,mobile,Port Harcourt
R00031,O00087,impression,1736515386,mobile,Port Harcourt
R00031,O00087,click,1742982550,mobile,Port Harcourt
R00031,O00016,impression,1744647633,mobile,Port Harcourt
R00031,O00017,redeem,1744748578,mobile,Port Harcourt
R00031,O00016,impression,1745240962,mobile,Port Harcourt
R00031,O00080,impression,1749782929,mobile,Port Harcourt
R00031,O00016,impression,1749903730,mobile,Port Harcourt
R00031,O00027,click,1753547969,mobile,Port Harcourt
R00031,O00080,impression,1757578153,mobile,Port Harcourt
R00031,O00096,impression,1757580004,mobile,Port Harcourt
R00032,O00113,click,1740005720,tablet,Ibadan
R00032,O00106,click,1746740872,tablet,Ibadan
R00032,O00054,impression,1748975262,tablet,Ibadan
R00032,O00004,impression,1751842797,tablet,Ibadan
R00032,O00088,impression,1752960177,tablet,Ibadan
R00032,O00106,redeem,1756103552,tablet,Ibadan
R00032,O00109,impression,1761375071,tablet,Ibadan
R00032,O00106,impression,1761728451,tablet,Ibadan
R00032,O00081,click,1763364847,tablet,Ibadan
R00032,O00023,impression,1766236527,tablet,Ibadan
R00033,O00004,click,1738780706,web,Enugu
R00033,O00012,click,1740925051,web,Enugu
R00033,O00033,impression,1742779926,web,Enugu
R00033,O00065,impression,1745318655,web,Enugu
R00033,O00004,click,1746392669,web,Enugu
R00033,O00059,impression,1753513128,web,Enugu
R00034,O00047,impression,1747196470,web,Enugu
R00034,O00047,click,1751458693,web,Enugu
R00034,O00096,impression,1758765546,web,Enugu
R00034,O00096,impression,1761311550,web,Enugu
R00034,O00024,click,1762612699,web,Enugu
R00035,O00094,click,1735891645,mobile,Abuja
R00035,O00022,impression,1737063846,mobile,Abuja
R00035,O00085,click,1747294373,mobile,Abuja
R00035,O00111,impression,1750488388,mobile,Abuja
R00035,O00039,impression,1759451563,mobile,Abuja
R00035,O00111,redeem,1762390775,mobile,Abuja
R00035,O00034,impression,1764398018,mobile,Abuja
R00035,O00048,redeem,1765581155,mobile,Abuja
R00036,O00053,impression,1735722986,mobile,Enugu
R00036,O00056,click,1737236523,mobile,Enugu
R00036,O00070,impression,1743827343,mobile,Enugu
R00036,O00077,impression,1744156128,mobile,Enugu
R00036,O00012,impression,1750388317,mobile,Enugu
R00036,O00056,click,1753332690,mobile,Enugu
R00036,O00093,impression,1755903506,mobile,Enugu
R00036,O00027,click,1761543362,mobile,Enugu
R00037,O00084,click,1736533544,mobile,Lagos
R00037,O00084,click,1736700428,mobile,Lagos
R00037,O00120,impression,1737280394,mobile,Lagos
R00037,O00009,impression,1738962742,mobile,Lagos
R00037,O00008,impression,1741918952,mobile,Lagos
R00037,O00114,impression,1743330536,mobile,Lagos
R00037,O00120,impression,1750518402,mobile,Lagos
R00037,O00049,impression,1756067820,mobile,Lagos
R00037,O00001,impression,1764756366,mobile,Lagos
R00038,O00054,impression,1737071255,mobile,Lagos
R00038,O00111,redeem,1741017327,mobile,Lagos
R00038,O00092,impression,1745732130,mobile,Lagos
R00038,O00104,click,1748122910,mobile,Lagos
R00038,O00092,impression,1748471470,mobile,Lagos
R00038,O00082,redeem,1751130082,mobile,Lagos
R00038,O00003,impression,1761330597,mobile,Lagos
R00038,O00104,click,1762779831,mobile,Lagos
R00038,O00062,click,1765360195,mobile,Lagos
R00039,O00083,impression,1737895251,web,Abuja
R00039,O00100,click,1738960996,web,Abuja
R00039,O00085,click,1746649764,web,Abuja
R00039,O00075,impression,1751348276,web,Abuja
R00039,O00085,impression,1752146956,web,Abuja
R00039,O00076,redeem,1758537330,web,Abuja
R00039,O00098,impression,1760101049,web,Abuja
R00039,O00094,redeem,1762186817,web,Abuja
R00039,O00075,impression,1766006320,web,Abuja
R00040,O00109,click,1746033340,mobile,Lagos
R00040,O00036,impression,1750257002,mobile,Lagos
R00040,O00107,impression,1753363428,mobile,Lagos
R00040,O00111,impression,1753798164,mobile,Lagos
R00040,O00109,click,1756970922,mobile,Lagos
R00040,O00055,click,1758942648,mobile,Lagos
R00041,O00009,impression,1742409691,web,Lagos
R00041,O00114,impression,1747878469,web,Lagos
R00041,O00110,click,1755646555,web,Lagos
R00041,O00096,impression,1757774204,web,Lagos
R00041,O00065,redeem,1760456914,web,Lagos
R00041,O00049,impression,1763250984,web,Lagos
R00041,O00120,impression,1764931810,web,Lagos
R00041,O00110,click,1765782801,web,Lagos
R00042,O00008,impression,1736439316,web,Port Harcourt
R00042,O00036,redeem,1738717511,web,Port Harcourt
R00042,O00062,impression,1740056581,web,Port Harcourt
R00042,O00003,click,1747472634,web,Port Harcourt
R00042,O00082,impression,1750130949,web,Port Harcourt
R00042,O00062,impression,1757274556,web,Port Harcourt
R00043,O00049,redeem,1743357654,mobile,Lagos
R00043,O00084,impression,1747088072,mobile,Lagos
R00043,O00001,redeem,1750656415,mobile,Lagos
R00043,O00120,click,1752739132,mobile,Lagos
R00043,O00008,click,1763343606,mobile,Lagos
R00044,O00047,redeem,1737100644,mobile,Lagos
R00044,O00087,redeem,1737663703,mobile,Lagos
R00044,O00110,impression,1739364761,mobile,Lagos
R00044,O00113,impression,1740561201,mobile,Lagos
R00044,O00080,impression,1741612284,mobile,Lagos
R00044,O00105,impression,1753437561,mobile,Lagos
R00045,O00120,click,1739677260,mobile,Port Harcourt
R00045,O00085,redeem,1755053401,mobile,Port Harcourt
R00045,O00108,click,1759592052,mobile,Port Harcourt
R00045,O00102,impression,1764555006,mobile,Port Harcourt
R00045,O00110,impression,1765883417,mobile,Port Harcourt
R00046,O00025,impression,1736789792,tablet,Enugu
R00046,O00050,impression,1737225842,tablet,Enugu
R00046,O00025,impression,1738496793,tablet,Enugu
R00046,O00086,impression,1747773124,tablet,Enugu
R00046,O00074,redeem,1749641332,tablet,Enugu
R00046,O00074,redeem,1764970218,tablet,Enugu
R00046,O00031,impression,1766207500,tablet,Enugu
R00047,O00104,impression,1739198297,tablet,Port Harcourt
R00047,O00116,click,1739557047,tablet,Port Harcourt
R00047,O00082,impression,1741494534,tablet,Port Harcourt
R00047,O00003,click,1747085226,tablet,Port Harcourt
R00047,O00109,impression,1754106764,tablet,Port Harcourt
R00047,O00003,impression,1755110101,tablet,Port Harcourt
R00047,O00025,click,1756078674,tablet,Port Harcourt
R00047,O00036,impression,1758056153,tablet,Port Harcourt
R00047,O00109,click,1760597905,tablet,Port Harcourt
R00047,O00092,impression,1760961033,tablet,Port Harcourt
R00048,O00071,click,1737576554,tablet,Port Harcourt
R00048,O00101,click,1737779695,tablet,Port Harcourt
R00048,O00003,click,1750358578,tablet,Port Harcourt
R00048,O00012,impression,1750898901,tablet,Port Harcourt
R00048,O00020,impression,1751584248,tablet,Port Harcourt
R00048,O00071,impression,1755631968,tablet,Port Harcourt
R00048,O00071,impression,1760140458,tablet,Port Harcourt
R00049,O00005,click,1739236220,tablet,Lagos
R00049,O00077,click,1745124290,tablet,Lagos
R00049,O00018,click,1746626351,tablet,Lagos
R00049,O00078,click,1751010630,tablet,Lagos
R00049,O00090,impression,1753305560,tablet,Lagos
R00049,O00105,impression,1755365730,tablet,Lagos
R00049,O00018,click,1764774921,tablet,Lagos
R00050,O00097,impression,1740519460,mobile,Lagos
R00050,O00065,impression,1750652575,mobile,Lagos
R00050,O00012,click,1752247267,mobile,Lagos
R00050,O00006,impression,1757838502,mobile,Lagos
R00051,O00076,click,1739099099,mobile,Enugu
R00051,O00039,impression,1742925129,mobile,Enugu
R00051,O00111,click,1744348479,mobile,Enugu
R00051,O00083,impression,1748913700,mobile,Enugu
R00051,O00040,impression,1757804881,mobile,Enugu
R00051,O00076,impression,1764148120,mobile,Enugu
R00052,O00099,impression,1736183947,web,Lagos
R00052,O00036,impression,1744222046,web,Lagos
R00052,O00092,impression,1745165364,web,Lagos
R00052,O00072,click,1748430591,web,Lagos
R00052,O00057,click,1754878432,web,Lagos
R00052,O00089,click,1755800533,web,Lagos
R00052,O00082,redeem,1759558661,web,Lagos
R00052,O00061,impression,1760443669,web,Lagos
R00052,O00089,impression,1761856178,web,Lagos
R00053,O00120,click,1740704081,tablet,Port Harcourt
R00053,O00048,impression,1742681810,tablet,Port Harcourt
R00053,O00049,click,1756674739,tablet,Port Harcourt
R00053,O00006,redeem,1759633635,tablet,Port Harcourt
R00053,O00012,click,1759789787,tablet,Port Harcourt
R00053,O00012,impression,1761405238,tablet,Port Harcourt
R00053,O00006,click,1766313623,tablet,Port Harcourt
R00053,O00073,impression,1766796082,tablet,Port Harcourt
R00054,O00093,click,1740070084,web,Enugu
R00054,O00051,impression,1743047667,web,Enugu
R00054,O00077,click,1743603717,web,Enugu
R00054,O00068,impression,1743965366,web,Enugu
R00054,O00070,click,1747522176,web,Enugu
R00055,O00063,impression,1740078826,tablet,Ibadan
R00055,O00057,impression,1743088891,tablet,Ibadan
R00055,O00051,click,1747058574,tablet,Ibadan
R00055,O00071,impression,1748639819,tablet,Ibadan
R00055,O00051,impression,1749304020,tablet,Ibadan
R00055,O00083,impression,1756100916,tablet,Ibadan
R00055,O00058,click,1758789346,tablet,Ibadan
R00055,O00101,impression,1763762369,tablet,Ibadan
R00055,O00049,impression,1766747380,tablet,Ibadan
R00056,O00031,impression,1736787941,web,Enugu
R00056,O00031,redeem,1739913159,web,Enugu
R00056,O00026,impression,1741487545,web,Enugu
R00056,O00093,click,1742717167,web,Enugu
R00056,O00077,impression,1744010194,web,Enugu
R00056,O00045,impression,1760176371,web,Enugu
R00056,O00026,redeem,1760587823,web,Enugu
R00057,O00111,click,1737956535,tablet,Abuja
R00057,O00024,redeem,1739003294,tablet,Abuja
R00057,O00096,click,1740732730,tablet,Abuja
R00057,O00103,click,1741547962,tablet,Abuja
R00057,O00047,click,1752624945,tablet,Abuja
R00057,O00047,click,1754534961,tablet,Abuja
R00058,O00052,impression,1739375380,mobile,Port Harcourt
R00058,O00079,click,1741586222,mobile,Port Harcourt
R00058,O00048,click,1746700618,mobile,Port Harcourt
R00058,O00079,click,1751493045,mobile,Port Harcourt
R00058,O00001,redeem,1758266330,mobile,Port Harcourt
R00058,O00079,click,1758725689,mobile,Port Harcourt
R00058,O00079,redeem,1760301044,mobile,Port Harcourt
R00058,O00061,impression,1763073659,mobile,Port Harcourt
R00058,O00021,impression,1766548189,mobile,Port Harcourt
R00059,O00109,click,1742178901,tablet,Ibadan
R00059,O00099,impression,1750525819,tablet,Ibadan
R00059,O00104,redeem,1750704140,tablet,Ibadan
R00059,O00002,click,1759160209,tablet,Ibadan
R00059,O00002,redeem,1762815830,tablet,Ibadan
R00059,O00107,impression,1764397588,tablet,Ibadan
R00059,O00055,click,1764928535,tablet,Ibadan
R00060,O00060,redeem,1736539770,tablet,Abuja
R00060,O00082,click,1743746898,tablet,Abuja
R00060,O00060,impression,1760062670,tablet,Abuja
R00060,O00099,impression,1763391623,tablet,Abuja
R00061,O00083,impression,1737602083,web,Lagos
R00061,O00108,click,1739708528,web,Lagos
R00061,O00115,impression,1744790186,web,Lagos
R00061,O00039,impression,1747588078,web,Lagos
R00061,O00017,redeem,1756895689,web,Lagos
R00061,O00094,click,1761874406,web,Lagos
R00061,O00098,click,1764715070,web,Lagos
R00062,O00011,impression,1738005887,web,Lagos
R00062,O00089,click,1753837657,web,Lagos
R00062,O00118,impression,1757982129,web,Lagos
R00062,O00075,click,1763281213,web,Lagos
R00063,O00058,impression,1744589170,mobile,Ibadan
R00063,O00057,impression,1748848012,mobile,Ibadan
R00063,O00071,impression,1749839692,mobile,Ibadan
R00063,O00071,impression,1759311220,mobile,Ibadan
R00063,O00083,impression,1763261585,mobile,Ibadan
R00063,O00058,click,1764612559,mobile,Ibadan
R00063,O00030,impression,1765493548,mobile,Ibadan
R00063,O00083,impression,1766493473,mobile,Ibadan
R00064,O00119,impression,1742644557,mobile,Abuja
R00064,O00095,click,1743104143,mobile,Abuja
R00064,O00095,impression,1749665289,mobile,Abuja
R00064,O00068,click,1756793631,mobile,Abuja
R00065,O00083,impression,1752594753,web,Ibadan
R00065,O00058,impression,1753122826,web,Ibadan
R00065,O00034,impression,1754051191,web,Ibadan
R00065,O00057,impression,1754110661,web,Ibadan
R00065,O00098,impression,1756602005,web,Ibadan
R00065,O00076,redeem,1764770328,web,Ibadan
R00065,O00076,click,1766925178,web,Ibadan
R00066,O00117,click,1740924241,mobile,Enugu
R00066,O00032,impression,1753516841,mobile,Enugu
R00066,O00049,impression,1755755585,mobile,Enugu
R00066,O00049,click,1759749046,mobile,Enugu
R00067,O00077,redeem,1745774344,tablet,Enugu
R00067,O00120,impression,1746351542,tablet,Enugu
R00067,O00118,impression,1746629974,tablet,Enugu
R00067,O00083,click,1746949076,tablet,Enugu
R00067,O00040,click,1759172188,tablet,Enugu
R00067,O00108,redeem,1765229796,tablet,Enugu
R00068,O00094,click,1752806855,tablet,Enugu
R00068,O00085,impression,1755602609,tablet,Enugu
R00068,O00070,impression,1760662509,tablet,Enugu
R00068,O00094,impression,1761738077,tablet,Enugu
R00068,O00039,redeem,1766516674,tablet,Enugu
R00069,O00066,impression,1739192939,mobile,Ibadan
R00069,O00084,impression,1747657770,mobile,Ibadan
R00069,O00003,impression,1751920541,mobile,Ibadan
R00069,O00102,impression,1752189485,mobile,Ibadan
R00069,O00009,impression,1757184298,mobile,Ibadan
R00069,O00001,click,1760872733,mobile,Ibadan
R00069,O00064,click,1766487013,mobile,Ibadan
R00069,O00008,click,1766509619,mobile,Ibadan
R00070,O00115,click,1742032236,tablet,Abuja
R00070,O00039,redeem,1754437752,tablet,Abuja
R00070,O00076,impression,1763621423,tablet,Abuja
R00070,O00085,impression,1763960830,tablet,Abuja
R00071,O00094,click,1737123467,web,Enugu
R00071,O00030,impression,1738967998,web,Enugu
R00071,O00033,impression,1740058779,web,Enugu
R00071,O00030,impression,1745866874,web,Enugu
R00071,O00069,redeem,1751901902,web,Enugu
R00071,O00012,impression,1753679070,web,Enugu
R00071,O00099,impression,1754724233,web,Enugu
R00071,O00030,click,1755443636,web,Enugu
R00071,O00004,click,1757422656,web,Enugu
R00071,O00033,impression,1759823596,web,Enugu
R00072,O00008,click,1742421735,mobile,Port Harcourt
R00072,O00066,redeem,1745454663,mobile,Port Harcourt
R00072,O00001,impression,1747230381,mobile,Port Harcourt
R00072,O00064,click,1748739957,mobile,Port Harcourt
R00072,O00102,redeem,1750199604,mobile,Port Harcourt
R00072,O00100,impression,1758827239,mobile,Port Harcourt
R00072,O00114,redeem,1759554401,mobile,Port Harcourt
R00072,O00009,impression,1762242928,mobile,Port Harcourt
R00072,O00001,click,1762268286,mobile,Port Harcourt
R00072,O00028,impression,1766050307,mobile,Port Harcourt
R00073,O00075,impression,1738661791,tablet,Ibadan
R00073,O00003,click,1740076252,tablet,Ibadan
R00073,O00003,impression,1745389208,tablet,Ibadan
R00073,O00116,impression,1746731010,tablet,Ibadan
R00073,O00084,impression,1749791733,tablet,Ibadan
R00073,O00046,impression,1754137650,tablet,Ibadan
R00073,O00038,click,1758561474,tablet,Ibadan
R00073,O00063,impression,1760741089,tablet,Ibadan
R00074,O00062,impression,1736120511,web,Ibadan
R00074,O00010,impression,1737171260,web,Ibadan
R00074,O00099,click,1738826268,web,Ibadan
R00074,O00038,impression,1740119613,web,Ibadan
R00074,O00038,impression,1744435729,web,Ibadan
R00074,O00055,click,1747378303,web,Ibadan
R00074,O00055,click,1748014910,web,Ibadan
R00074,O00036,impression,1749485090,web,Ibadan
R00074,O00089,impression,1751801323,web,Ibadan
R00074,O00107,click,1752280102,web,Ibadan
R00075,O00069,impression,1737123872,mobile,Ibadan
R00075,O00006,redeem,1741634410,mobile,Ibadan
R00075,O00069,click,1743418772,mobile,Ibadan
R00075,O00012,redeem,1744793912,mobile,Ibadan
R00075,O00063,click,1751380671,mobile,Ibadan
R00075,O00004,click,1751717332,mobile,Ibadan
R00075,O00004,impression,1752459249,mobile,Ibadan
R00075,O00033,impression,1758396359,mobile,Ibadan
R00075,O00076,redeem,1758744511,mobile,Ibadan
R00076,O00117,impression,1743785150,web,Abuja
R00076,O00104,impression,1747884094,web,Abuja
R00076,O00020,impression,1749709499,web,Abuja
R00076,O00001,impression,1764780324,web,Abuja
R00077,O00112,impression,1737001862,tablet,Abuja
R00077,O00103,impression,1738849620,tablet,Abuja
R00077,O00112,impression,1741937526,tablet,Abuja
R00077,O00047,impression,1745181012,tablet,Abuja
R00077,O00103,click,1747346963,tablet,Abuja
R00077,O00112,impression,1753346939,tablet,Abuja
R00077,O00096,impression,1756909359,tablet,Abuja
R00077,O00024,click,1757907362,tablet,Abuja
R00077,O00024,impression,1758032683,tablet,Abuja
R00077,O00103,click,1764993061,tablet,Abuja
R00078,O00118,impression,1739185104,web,Enugu
R00078,O00022,impression,1744806441,web,Enugu
R00078,O00075,impression,1745916077,web,Enugu
R00078,O00039,impression,1746708074,web,Enugu
R00078,O00040,impression,1748769729,web,Enugu
R00078,O00083,impression,1749745105,web,Enugu
R00078,O00085,redeem,1754616347,web,Enugu
R00078,O00040,impression,1759442980,web,Enugu
R00079,O00023,click,1736758622,tablet,Lagos
R00079,O00106,impression,1744319614,tablet,Lagos
R00079,O00113,click,1745528704,tablet,Lagos
R00079,O00106,click,1754531064,tablet,Lagos
R00079,O00023,click,1759675013,tablet,Lagos
R00079,O00054,impression,1759775573,tablet,Lagos
R00079,O00106,click,1762095737,tablet,Lagos
R00079,O00043,impression,1764730927,tablet,Lagos
R00079,O00023,impression,1764753323,tablet,Lagos
R00080,O00111,redeem,1735926812,web,Lagos
R00080,O00095,click,1740882003,web,Lagos
R00080,O00075,click,1741479236,web,Lagos
R00080,O00034,impression,1742780996,web,Lagos
R00080,O00044,impression,1750318584,web,Lagos
R00080,O00044,impression,1750806147,web,Lagos
R00080,O00033,impression,1759365283,web,Lagos
R00080,O00040,impression,1759672123,web,Lagos
R00080,O00015,impression,1766065428,web,Lagos
R00081,O00067,redeem,1738947125,mobile,Port Harcourt
R00081,O00011,redeem,1739401448,mobile,Port Harcourt
R00081,O00032,impression,1741506284,mobile,Port Harcourt
R00081,O00011,redeem,1743929451,mobile,Port Harcourt
R00081,O00029,impression,1751710920,mobile,Port Harcourt
R00081,O00011,click,1753325411,mobile,Port Harcourt
R00081,O00011,click,1754388623,mobile,Port Harcourt
R00081,O00011,impression,1758148292,mobile,Port Harcourt
R00081,O00011,impression,1762979601,mobile,Port Harcourt
R00082,O00063,impression,1739333317,tablet,Enugu
R00082,O00030,impression,1745314262,tablet,Enugu
R00082,O00112,impression,1745892579,tablet,Enugu
R00082,O00012,click,1748269729,tablet,Enugu
R00082,O00048,click,1749630633,tablet,Enugu
R00082,O00023,impression,1750628469,tablet,Enugu
R00082,O00069,impression,1753970144,tablet,Enugu
R00082,O00030,impression,1761827711,tablet,Enugu
R00082,O00065,impression,1765049184,tablet,Enugu
R00083,O00033,impression,1743651087,mobile,Ibadan
R00083,O00063,click,1743880880,mobile,Ibadan
R00083,O00012,impression,1746492087,mobile,Ibadan
R00083,O00004,click,1747539377,mobile,Ibadan
R00084,O00084,impression,1736279306,web,Abuja
R00084,O00013,impression,1757717699,web,Abuja
R00084,O00080,click,1761776746,web,Abuja
R00084,O00087,redeem,1764209357,web,Abuja
R00084,O00080,impression,1766665366,web,Abuja
R00085,O00112,click,1735841521,web,Enugu
R00085,O00103,click,1736925772,web,Enugu
R00085,O00103,click,1742453811,web,Enugu
R00085,O00047,redeem,1744832169,web,Enugu
R00085,O00096,impression,1748832814,web,Enugu
R00085,O00096,impression,1754784774,web,Enugu
R00085,O00112,click,1754844742,web,Enugu
R00085,O00103,impression,1757701514,web,Enugu
R00085,O00063,impression,1762870821,web,Enugu
R00085,O00096,click,1763464297,web,Enugu
R00086,O00032,impression,1739515210,mobile,Port Harcourt
R00086,O00060,impression,1740314768,mobile,Port Harcourt
R00086,O00116,impression,1743199413,mobile,Port Harcourt
R00086,O00003,impression,1744853363,mobile,Port Harcourt
R00086,O00108,impression,1747955478,mobile,Port Harcourt
R00086,O00072,click,1755490583,mobile,Port Harcourt
R00086,O00072,impression,1760289519,mobile,Port Harcourt
R00086,O00038,click,1761478035,mobile,Port Harcourt
R00086,O00036,impression,1761716485,mobile,Port Harcourt
R00086,O00060,impression,1765494997,mobile,Port Harcourt
R00087,O00115,click,1737450133,mobile,Enugu
R00087,O00098,click,1737852020,mobile,Enugu
R00087,O00076,impression,1752837834,mobile,Enugu
R00087,O00083,impression,1753446865,mobile,Enugu
R00087,O00022,click,1757263143,mobile,Enugu
R00087,O00015,impression,1758326036,mobile,Enugu
R00087,O00044,impression,1761548080,mobile,Enugu
R00087,O00085,impression,1761822310,mobile,Enugu
R00088,O00080,impression,1743925321,web,Enugu
R00088,O00017,impression,1751998674,web,Enugu
R00088,O00013,click,1756495364,web,Enugu
R00088,O00080,impression,1763503790,web,Enugu
R00088,O00087,click,1765246330,web,Enugu
R00089,O00116,click,1739025338,tablet,Ibadan
R00089,O00002,click,1741234108,tablet,Ibadan
R00089,O00060,click,1742319653,tablet,Ibadan
R00089,O00107,impression,1753538896,tablet,Ibadan
R00089,O00055,impression,1762740143,tablet,Ibadan
R00089,O00089,click,1765938201,tablet,Ibadan
R00090,O00053,impression,1741616280,mobile,Ibadan
R00090,O00041,redeem,1754305218,mobile,Ibadan
R00090,O00070,click,1754344494,mobile,Ibadan
R00090,O00053,impression,1759337215,mobile,Ibadan
R00091,O00012,click,1739006136,mobile,Lagos
R00091,O00091,click,1742055342,mobile,Lagos
R00091,O00033,redeem,1759553905,mobile,Lagos
R00091,O00006,click,1761894804,mobile,Lagos
R00091,O00012,impression,1762983312,mobile,Lagos
R00091,O00040,click,1764108473,mobile,Lagos
R00091,O00069,impression,1764412288,mobile,Lagos
R00091,O00033,impression,1766238084,mobile,Lagos
R00092,O00110,click,1755444919,web,Lagos
R00092,O00009,impression,1756468181,web,Lagos
R00092,O00114,redeem,1757498088,web,Lagos
R00092,O00108,click,1758157306,web,Lagos
R00093,O00091,impression,1735889730,mobile,Port Harcourt
R00093,O00065,impression,1748160839,mobile,Port Harcourt
R00093,O00048,click,1755125898,mobile,Port Harcourt
R00093,O00048,click,1760013460,mobile,Port Harcourt
R00093,O00063,click,1760664901,mobile,Port Harcourt
R00093,O00006,impression,1761903463,mobile,Port Harcourt
R00093,O00048,impression,1762290561,mobile,Port Harcourt
R00093,O00004,impression,1766229513,mobile,Port Harcourt
R00094,O00060,impression,1741726810,mobile,Lagos
R00094,O00036,click,1746270714,mobile,Lagos
R00094,O00038,impression,1747206730,mobile,Lagos
R00094,O00046,impression,1751489181,mobile,Lagos
R00094,O00116,impression,1754185530,mobile,Lagos
R00094,O00002,click,1758647289,mobile,Lagos
R00094,O00107,click,1759851109,mobile,Lagos
R00094,O00107,click,1762716144,mobile,Lagos
R00095,O00013,redeem,1741543445,tablet,Port Harcourt
R00095,O00026,impression,1741878280,tablet,Port Harcourt
R00095,O00013,redeem,1751245466,tablet,Port Harcourt
R00095,O00080,impression,1754420965,tablet,Port Harcourt
R00095,O00087,impression,1755782798,tablet,Port Harcourt
R00095,O00113,impression,1760104652,tablet,Port Harcourt
R00095,O00073,impression,1762966715,tablet,Port Harcourt
R00095,O00017,redeem,1764831510,tablet,Port Harcourt
R00096,O00044,click,1740794182,tablet,Abuja
R00096,O00015,impression,1742780008,tablet,Abuja
R00096,O00098,click,1742968716,tablet,Abuja
R00096,O00108,redeem,1755273858,tablet,Abuja
R00097,O00089,impression,1736793106,mobile,Lagos
R00097,O00038,impression,1737147885,mobile,Lagos
R00097,O00116,click,1740171264,mobile,Lagos
R00097,O00060,impression,1745580973,mobile,Lagos
R00097,O00107,click,1754969992,mobile,Lagos
R00097,O00072,impression,1761661249,mobile,Lagos
R00097,O00019,redeem,1765320541,mobile,Lagos
R00098,O00029,impression,1736979862,mobile,Ibadan
R00098,O00011,impression,1743896271,mobile,Ibadan
R00098,O00040,click,1744610402,mobile,Ibadan
R00098,O00067,impression,1745687716,mobile,Ibadan
R00098,O00011,click,1751305488,mobile,Ibadan
R00098,O00011,click,1751846397,mobile,Ibadan
R00098,O00091,click,1755008324,mobile,Ibadan
R00098,O00007,click,1755078588,mobile,Ibadan
R00098,O00067,click,1759178750,mobile,Ibadan
R00098,O00007,impression,1766827383,mobile,Ibadan
R00099,O00055,impression,1738415888,mobile,Port Harcourt
R00099,O00107,redeem,1747600672,mobile,Port Harcourt
R00099,O00092,click,1751033684,mobile,Port Harcourt
R00099,O00004,impression,1758274865,mobile,Port Harcourt
R00099,O00092,impression,1758617456,mobile,Port Harcourt
R00099,O00060,click,1760092231,mobile,Port Harcourt
R00099,O00114,impression,1761852848,mobile,Port Harcourt
R00099,O00036,impression,1762808129,mobile,Port Harcourt
R00099,O00109,impression,1764987671,mobile,Port Harcourt
R00100,O00025,click,1746674729,mobile,Enugu
R00100,O00064,click,1751103989,mobile,Enugu
R00100,O00026,impression,1751148464,mobile,Enugu
R00100,O00045,impression,1754899773,mobile,Enugu
R00101,O00097,impression,1741472304,tablet,Enugu
R00101,O00104,redeem,1746667768,tablet,Enugu
R00101,O00106,impression,1753963816,tablet,Enugu
R00101,O00061,impression,1756625567,tablet,Enugu
R00101,O00097,impression,1758025023,tablet,Enugu
R00101,O00028,impression,1761752688,tablet,Enugu
R00102,O00085,click,1742235125,tablet,Lagos
R00102,O00098,click,1758103266,tablet,Lagos
R00102,O00041,click,1758503225,tablet,Lagos
R00102,O00039,click,1761146278,tablet,Lagos
R00102,O00034,redeem,1762160501,tablet,Lagos
R00102,O00040,impression,1762679175,tablet,Lagos
R00102,O00115,impression,1764681598,tablet,Lagos
R00103,O00030,click,1742775297,tablet,Lagos
R00103,O00033,impression,1744609649,tablet,Lagos
R00103,O00048,impression,1745539945,tablet,Lagos
R00103,O00069,click,1747867331,tablet,Lagos
R00103,O00012,click,1747915830,tablet,Lagos
R00103,O00065,impression,1753376486,tablet,Lagos
R00104,O00022,click,1740877358,tablet,Abuja
R00104,O00081,click,1743158040,tablet,Abuja
R00104,O00081,redeem,1751676541,tablet,Abuja
R00104,O00023,impression,1753914042,tablet,Abuja
R00104,O00088,click,1760729090,tablet,Abuja
R00104,O00106,click,1761268871,tablet,Abuja
R00104,O00023,redeem,1763079897,tablet,Abuja
R00105,O00078,impression,1745094919,tablet,Lagos
R00105,O00036,redeem,1748330228,tablet,Lagos
R00105,O00104,impression,1751569615,tablet,Lagos
R00105,O00109,impression,1753155320,tablet,Lagos
R00105,O00092,impression,1758538595,tablet,Lagos
R00105,O00002,click,1762321481,tablet,Lagos
R00105,O00038,click,1765762817,tablet,Lagos
R00106,O00077,impression,1748523764,tablet,Ibadan
R00106,O00056,click,1751712361,tablet,Ibadan
R00106,O00090,impression,1760232783,tablet,Ibadan
R00106,O00056,impression,1763616810,tablet,Ibadan
R00107,O00032,impression,1737475601,web,Abuja
R00107,O00102,click,1741223324,web,Abuja
R00107,O00012,impression,1742355619,web,Abuja
R00107,O00110,click,1748380571,web,Abuja
R00107,O00001,click,1752345379,web,Abuja
R00107,O00042,impression,1752961389,web,Abuja
R00107,O00066,click,1766648438,web,Abuja
R00107,O00009,impression,1766654697,web,Abuja
R00108,O00086,click,1738921208,mobile,Port Harcourt
R00108,O00025,impression,1743813506,mobile,Port Harcourt
R00108,O00050,impression,1745565702,mobile,Port Harcourt
R00108,O00050,click,1746784272,mobile,Port Harcourt
R00108,O00061,click,1749616078,mobile,Port Harcourt
R00108,O00045,redeem,1756106695,mobile,Port Harcourt
R00108,O00062,click,1757534210,mobile,Port Harcourt
R00108,O00026,impression,1763445348,mobile,Port Harcourt
R00108,O00098,impression,1766684916,mobile,Port Harcourt
R00109,O00089,click,1738245694,mobile,Enugu
R00109,O00044,click,1743157769,mobile,Enugu
R00109,O00094,redeem,1749885497,mobile,Enugu
R00109,O00047,impression,1750054333,mobile,Enugu
R00109,O00085,impression,1752390748,mobile,Enugu
R00110,O00109,impression,1740873821,mobile,Enugu
R00110,O00089,click,1745972783,mobile,Enugu
R00110,O00038,redeem,1749282627,mobile,Enugu
R00110,O00072,impression,1753163144,mobile,Enugu
R00110,O00062,impression,1754326129,mobile,Enugu
R00110,O00092,impression,1756931093,mobile,Enugu
R00110,O00025,impression,1757380230,mobile,Enugu
R00110,O00055,impression,1766910992,mobile,Enugu
R00111,O00115,click,1737468524,mobile,Abuja
R00111,O00056,click,1746736343,mobile,Abuja
R00111,O00053,click,1747597363,mobile,Abuja
R00111,O00053,click,1748565321,mobile,Abuja
R00111,O00056,click,1752018212,mobile,Abuja
R00111,O00070,impression,1752041339,mobile,Abuja
R00111,O00077,impression,1752786423,mobile,Abuja
R00111,O00037,impression,1754061218,mobile,Abuja
R00111,O00027,impression,1755174333,mobile,Abuja
R00111,O00053,impression,1759410999,mobile,Abuja
R00112,O00030,impression,1748664843,mobile,Enugu
R00112,O00063,impression,1752118776,mobile,Enugu
R00112,O00048,redeem,1753108704,mobile,Enugu
R00112,O00063,impression,1755126830,mobile,Enugu
R00112,O00006,impression,1759078069,mobile,Enugu
R00112,O00012,click,1765075556,mobile,Enugu
R00113,O00066,impression,1741779949,tablet,Abuja
R00113,O00032,impression,1746025310,tablet,Abuja
R00113,O00008,impression,1750375783,tablet,Abuja
R00113,O00001,impression,1763238621,tablet,Abuja
R00114,O00060,redeem,1736447416,mobile,Lagos
R00114,O00088,redeem,1738455681,mobile,Lagos
R00114,O00099,impression,1739657335,mobile,Lagos
R00114,O00058,click,1747547418,mobile,Lagos
R00114,O00069,click,1755008035,mobile,Lagos
R00114,O00107,impression,1755177282,mobile,Lagos
R00114,O00062,impression,1764815911,mobile,Lagos
R00115,O00096,impression,1746018728,mobile,Ibadan
R00115,O00112,redeem,1747992574,mobile,Ibadan
R00115,O00096,impression,1751851754,mobile,Ibadan
R00115,O00024,redeem,1753037531,mobile,Ibadan
R00115,O00024,click,1754575051,mobile,Ibadan
R00115,O00024,click,1763130829,mobile,Ibadan
R00116,O00110,impression,1750445728,tablet,Abuja
R00116,O00114,click,1753302677,tablet,Abuja
R00116,O00032,click,1757082934,tablet,Abuja
R00116,O00042,click,1757498358,tablet,Abuja
R00117,O00009,impression,1739610270,tablet,Lagos
R00117,O00008,impression,1740559885,tablet,Lagos
R00117,O00114,click,1741565983,tablet,Lagos
R00117,O00018,impression,1741833981,tablet,Lagos
R00117,O00042,impression,1745857218,tablet,Lagos
R00117,O00042,redeem,1756007053,tablet,Lagos
R00117,O00030,click,1756204745,tablet,Lagos
R00117,O00120,click,1766658911,tablet,Lagos
R00118,O00007,impression,1737764903,mobile,Abuja
R00118,O00011,redeem,1739698725,mobile,Abuja
R00118,O00091,impression,1741423205,mobile,Abuja
R00118,O00091,impression,1744391342,mobile,Abuja
R00118,O00011,impression,1745712403,mobile,Abuja
R00118,O00091,impression,1752857047,mobile,Abuja
R00118,O00067,impression,1754211056,mobile,Abuja
R00118,O00011,click,1758087884,mobile,Abuja
R00118,O00067,click,1760425330,mobile,Abuja
R00118,O00029,click,1761321812,mobile,Abuja
R00119,O00055,click,1737245324,tablet,Abuja
R00119,O00089,click,1737873099,tablet,Abuja
R00119,O00116,click,1755712842,tablet,Abuja
R00119,O00072,impression,1762411686,tablet,Abuja
R00120,O00092,impression,1754142449,web,Lagos
R00120,O00107,redeem,1757863115,web,Lagos
R00120,O00099,impression,1759173357,web,Lagos
R00120,O00059,click,1759524805,web,Lagos
R00121,O00047,impression,1739214982,mobile,Port Harcourt
R00121,O00047,impression,1747340441,mobile,Port Harcourt
R00121,O00096,impression,1747871586,mobile,Port Harcourt
R00121,O00024,impression,1748152419,mobile,Port Harcourt
R00121,O00033,click,1755723986,mobile,Port Harcourt
R00122,O00117,impression,1735845513,web,Abuja
R00122,O00117,redeem,1747566005,web,Abuja
R00122,O00056,click,1749682342,web,Abuja
R00122,O00022,click,1750107605,web,Abuja
R00122,O00037,click,1766508650,web,Abuja
R00123,O00115,click,1738740486,web,Enugu
R00123,O00034,click,1743336022,web,Enugu
R00123,O00083,click,1744131187,web,Enugu
R00123,O00022,impression,1749640044,web,Enugu
R00123,O00076,impression,1754998241,web,Enugu
R00123,O00034,impression,1758572551,web,Enugu
R00123,O00015,click,1760174272,web,Enugu
R00123,O00083,click,1765840863,web,Enugu
R00124,O00110,redeem,1739730395,tablet,Abuja
R00124,O00066,click,1740996754,tablet,Abuja
R00124,O00031,impression,1743499473,tablet,Abuja
R00124,O00074,click,1752564355,tablet,Abuja
R00124,O00087,redeem,1756263688,tablet,Abuja
R00124,O00031,impression,1759009247,tablet,Abuja
R00124,O00031,click,1759871114,tablet,Abuja
R00125,O00011,impression,1738303152,web,Port Harcourt
R00125,O00007,redeem,1741004797,web,Port Harcourt
R00125,O00029,redeem,1741528732,web,Port Harcourt
R00125,O00067,click,1743671017,web,Port Harcourt
R00125,O00007,click,1749804786,web,Port Harcourt
R00125,O00007,impression,1756833309,web,Port Harcourt
R00125,O00007,click,1765695913,web,Port Harcourt
R00126,O00083,impression,1743008231,mobile,Ibadan
R00126,O00009,impression,1755215641,mobile,Ibadan
R00126,O00042,impression,1757065392,mobile,Ibadan
R00126,O00032,impression,1760788543,mobile,Ibadan
R00126,O00009,impression,1766891434,mobile,Ibadan
R00127,O00071,click,1737033177,tablet,Ibadan
R00127,O00101,redeem,1737469662,tablet,Ibadan
R00127,O00057,impression,1741511424,tablet,Ibadan
R00127,O00020,impression,1747466526,tablet,Ibadan
R00127,O00020,impression,1754409655,tablet,Ibadan
R00127,O00049,click,1755690939,tablet,Ibadan
R00127,O00058,impression,1762057763,tablet,Ibadan
R00127,O00020,impression,1762538683,tablet,Ibadan
R00127,O00071,redeem,1766410633,tablet,Ibadan
R00127,O00057,impression,1766841785,tablet,Ibadan
R00128,O00007,click,1737714971,tablet,Abuja
R00128,O00011,impression,1743354727,tablet,Abuja
R00128,O00067,redeem,1750639825,tablet,Abuja
R00128,O00067,impression,1752602599,tablet,Abuja
R00128,O00088,impression,1753690082,tablet,Abuja
R00128,O00011,impression,1755236478,tablet,Abuja
R00128,O00007,redeem,1756286601,tablet,Abuja
R00128,O00067,click,1758775683,tablet,Abuja
R00128,O00091,impression,1761525190,tablet,Abuja
R00128,O00007,impression,1765069568,tablet,Abuja
R00129,O00085,impression,1738632725,tablet,Enugu
R00129,O00022,impression,1741138502,tablet,Enugu
R00129,O00075,impression,1742304702,tablet,Enugu
R00129,O00039,impression,1755953134,tablet,Enugu
R00129,O00098,click,1756756859,tablet,Enugu
R00129,O00065,redeem,1759507125,tablet,Enugu
R00129,O00089,redeem,1762218345,tablet,Enugu
R00130,O00022,impression,1746029727,tablet,Abuja
R00130,O00040,impression,1746786668,tablet,Abuja
R00130,O00040,impression,1755959904,tablet,Abuja
R00130,O00005,click,1759457665,tablet,Abuja
R00130,O00108,click,1760956059,tablet,Abuja
R00131,O00062,impression,1747150086,web,Ibadan
R00131,O00003,impression,1749718003,web,Ibadan
R00131,O00039,click,1757997442,web,Ibadan
R00131,O00116,impression,1758125287,web,Ibadan
R00131,O00109,impression,1763277367,web,Ibadan
R00132,O00046,impression,1737033724,tablet,Port Harcourt
R00132,O00046,impression,1737934557,tablet,Port Harcourt
R00132,O00011,impression,1738862163,tablet,Port Harcourt
R00132,O00043,impression,1742823194,tablet,Port Harcourt
R00132,O00119,impression,1750983189,tablet,Port Harcourt
R00132,O00046,click,1760770679,tablet,Port Harcourt
R00132,O00043,impression,1766070601,tablet,Port Harcourt
R00133,O00008,impression,1736764150,mobile,Ibadan
R00133,O00084,impression,1736879541,mobile,Ibadan
R00133,O00100,click,1741306511,mobile,Ibadan
R00133,O00102,impression,1743131436,mobile,Ibadan
R00133,O00008,impression,1755086513,mobile,Ibadan
R00133,O00120,click,1757274300,mobile,Ibadan
R00133,O00032,impression,1761914433,mobile,Ibadan
R00133,O00092,impression,1765036115,mobile,Ibadan
R00133,O00064,impression,1765532066,mobile,Ibadan
R00133,O00059,click,1765612239,mobile,Ibadan
R00134,O00006,redeem,1736517781,tablet,Enugu
R00134,O00030,impression,1737170987,tablet,Enugu
R00134,O00065,impression,1738873140,tablet,Enugu
R00134,O00033,redeem,1743694555,tablet,Enugu
R00134,O00030,impression,1744819122,tablet,Enugu
R00134,O00033,impression,1754443760,tablet,Enugu
R00134,O00097,impression,1764993038,tablet,Enugu
R00135,O00115,impression,1741559556,mobile,Ibadan
R00135,O00041,impression,1741691208,mobile,Ibadan
R00135,O00085,click,1741954842,mobile,Ibadan
R00135,O00040,impression,1749784460,mobile,Ibadan
R00135,O00083,redeem,1750794967,mobile,Ibadan
R00135,O00044,impression,1753290354,mobile,Ibadan
R00135,O00040,impression,1760631178,mobile,Ibadan
R00135,O00022,click,1761607627,mobile,Ibadan
R00135,O00111,click,1763444400,mobile,Ibadan
R00136,O00083,impression,1739320814,web,Abuja
R00136,O00111,impression,1745637628,web,Abuja
R00136,O00044,click,1749483978,web,Abuja
R00136,O00115,click,1750721516,web,Abuja
R00136,O00039,impression,1751186983,web,Abuja
R00136,O00111,impression,1754344099,web,Abuja
R00136,O00085,click,1757397107,web,Abuja
R00136,O00115,impression,1759893144,web,Abuja
R00136,O00111,impression,1762436391,web,Abuja
R00137,O00093,redeem,1736728089,mobile,Enugu
R00137,O00066,impression,1740152904,mobile,Enugu
R00137,O00031,click,1743215484,mobile,Enugu
R00137,O00050,impression,1756286599,mobile,Enugu
R00137,O00035,redeem,1756493615,mobile,Enugu
R00137,O00050,click,1765882464,mobile,Enugu
R00138,O00077,click,1737481853,mobile,Port Harcourt
R00138,O00090,click,1737842301,mobile,Port Harcourt
R00138,O00077,click,1738842657,mobile,Port Harcourt
R00138,O00077,click,1739135366,mobile,Port Harcourt
R00138,O00070,click,1742948334,mobile,Port Harcourt
R00138,O00060,click,1746394681,mobile,Port Harcourt
R00138,O00056,impression,1751677454,mobile,Port Harcourt
R00138,O00050,impression,1751825266,mobile,Port Harcourt
R00138,O00041,redeem,1758848361,mobile,Port Harcourt
R00138,O00056,click,1764063830,mobile,Port Harcourt
R00139,O00120,impression,1740415308,web,Ibadan
R00139,O00011,redeem,1749074381,web,Ibadan
R00139,O00049,impression,1756881607,web,Ibadan
R00139,O00110,click,1763880929,web,Ibadan
R00140,O00070,impression,1735720641,mobile,Ibadan
R00140,O00041,impression,1743947729,mobile,Ibadan
R00140,O00053,impression,1745771325,mobile,Ibadan
R00140,O00090,click,1747085664,mobile,Ibadan
R00140,O00027,click,1756928868,mobile,Ibadan
R00140,O00077,redeem,1760156937,mobile,Ibadan
R00140,O00117,click,1761387892,mobile,Ibadan
R00141,O00011,click,1737894360,mobile,Abuja
R00141,O00091,click,1743743289,mobile,Abuja
R00141,O00029,impression,1747777364,mobile,Abuja
R00141,O00091,impression,1760509011,mobile,Abuja
R00141,O00067,impression,1760519114,mobile,Abuja
R00142,O00038,click,1738228951,web,Abuja
R00142,O00107,click,1741916006,web,Abuja
R00142,O00001,click,1747236718,web,Abuja
R00142,O00060,impression,1752975397,web,Abuja
R00142,O00099,click,1760431342,web,Abuja
R00142,O00052,redeem,1764121806,web,Abuja
R00142,O00036,click,1766736941,web,Abuja
R00143,O00075,click,1735709689,web,Lagos
R00143,O00015,impression,1753426966,web,Lagos
R00143,O00028,click,1758116847,web,Lagos
R00143,O00075,impression,1762406320,web,Lagos
R00144,O00117,redeem,1743343114,web,Ibadan
R00144,O00053,impression,1747523858,web,Ibadan
R00144,O00090,impression,1751925107,web,Ibadan
R00144,O00070,impression,1761019033,web,Ibadan
R00144,O00077,click,1762018940,web,Ibadan
R00144,O00117,click,1764351899,web,Ibadan
R00144,O00027,impression,1766695643,web,Ibadan
R00145,O00072,impression,1737213481,web,Lagos
R00145,O00020,click,1739269083,web,Lagos
R00145,O00002,click,1740830840,web,Lagos
R00145,O00089,click,1742829990,web,Lagos
R00145,O00038,click,1744837053,web,Lagos
R00145,O00036,click,1745184693,web,Lagos
R00145,O00092,impression,1750419475,web,Lagos
R00145,O00078,impression,1752991882,web,Lagos
R00145,O00082,impression,1763397363,web,Lagos
R00146,O00016,impression,1737110006,web,Port Harcourt
R00146,O00019,impression,1738061684,web,Port Harcourt
R00146,O00013,impression,1744507629,web,Port Harcourt
R00146,O00087,redeem,1745731400,web,Port Harcourt
R00146,O00017,click,1748895706,web,Port Harcourt
R00146,O00060,click,1749079051,web,Port Harcourt
R00146,O00098,impression,1753376981,web,Port Harcourt
R00146,O00080,impression,1754129059,web,Port Harcourt
R00146,O00087,click,1766724526,web,Port Harcourt
R00146,O00080,click,1766931135,web,Port Harcourt
R00147,O00038,redeem,1737078205,web,Port Harcourt
R00147,O00116,redeem,1742572007,web,Port Harcourt
R00147,O00092,impression,1744660898,web,Port Harcourt
R00147,O00008,click,1745950615,web,Port Harcourt
R00147,O00099,impression,1760065410,web,Port Harcourt
R00147,O00090,redeem,1763302244,web,Port Harcourt
R00148,O00109,click,1740164992,mobile,Ibadan
R00148,O00089,impression,1740310582,mobile,Ibadan
R00148,O00089,impression,1746720637,mobile,Ibadan
R00148,O00036,click,1748199282,mobile,Ibadan
R00148,O00010,redeem,1751537764,mobile,Ibadan
R00148,O00036,redeem,1751855937,mobile,Ibadan
R00148,O00002,impression,1754845929,mobile,Ibadan
R00148,O00107,click,1759948834,mobile,Ibadan
R00148,O00055,click,1764352621,mobile,Ibadan
R00149,O00107,impression,1738283579,web,Abuja
R00149,O00079,impression,1741208708,web,Abuja
R00149,O00009,click,1742465579,web,Abuja
R00149,O00089,impression,1744339887,web,Abuja
R00149,O00109,impression,1745361941,web,Abuja
R00149,O00038,impression,1746637831,web,Abuja
R00149,O00072,impression,1754112286,web,Abuja
R00149,O00062,impression,1762561953,web,Abuja
R00150,O00014,click,1735731827,tablet,Ibadan
R00150,O00014,impression,1738522381,tablet,Ibadan
R00150,O00014,impression,1739048170,tablet,Ibadan
R00150,O00051,impression,1742593072,tablet,Ibadan
R00150,O00026,click,1743384183,tablet,Ibadan
R00150,O00105,click,1745008808,tablet,Ibadan
R00150,O00078,impression,1746313021,tablet,Ibadan
R00150,O00014,impression,1747271310,tablet,Ibadan
R00150,O00035,click,1758811010,tablet,Ibadan
R00150,O00014,click,1760215663,tablet,Ibadan
R00151,O00081,impression,1736464572,mobile,Port Harcourt
R00151,O00088,impression,1737592163,mobile,Port Harcourt
R00151,O00088,impression,1738575123,mobile,Port Harcourt
R00151,O00011,click,1743323102,mobile,Port Harcourt
R00151,O00081,impression,1747618891,mobile,Port Harcourt
R00151,O00113,impression,1748937994,mobile,Port Harcourt
R00151,O00054,impression,1756647970,mobile,Port Harcourt
R00151,O00046,click,1758529976,mobile,Port Harcourt
R00151,O00070,click,1759283600,mobile,Port Harcourt
R00151,O00106,click,1762825284,mobile,Port Harcourt
R00152,O00064,impression,1736537931,tablet,Ibadan
R00152,O00110,impression,1739185400,tablet,Ibadan
R00152,O00084,redeem,1742574196,tablet,Ibadan
R00152,O00032,click,1752710770,tablet,Ibadan
R00152,O00120,click,1753404929,tablet,Ibadan
R00152,O00110,redeem,1754707941,tablet,Ibadan
R00152,O00113,click,1756332377,tablet,Ibadan
R00152,O00062,impression,1758280977,tablet,Ibadan
R00152,O00032,click,1760523966,tablet,Ibadan
R00153,O00090,impression,1738343700,web,Enugu
R00153,O00053,impression,1738454163,web,Enugu
R00153,O00029,redeem,1740852730,web,Enugu
R00153,O00056,impression,1743873328,web,Enugu
R00153,O00041,click,1756396393,web,Enugu
R00153,O00037,impression,1759188239,web,Enugu
R00153,O00053,impression,1760399203,web,Enugu
R00153,O00090,impression,1763100423,web,Enugu
R00153,O00045,click,1765754752,web,Enugu
R00154,O00041,impression,1738830554,mobile,Enugu
R00154,O00077,click,1738959656,mobile,Enugu
R00154,O00117,click,1744441748,mobile,Enugu
R00154,O00070,click,1751065419,mobile,Enugu
R00154,O00090,impression,1751317811,mobile,Enugu
R00154,O00053,impression,1757159757,mobile,Enugu
R00154,O00117,impression,1757212108,mobile,Enugu
R00154,O00112,impression,1764666557,mobile,Enugu
R00155,O00082,click,1736661813,web,Abuja
R00155,O00107,click,1739991922,web,Abuja
R00155,O00002,click,1740614057,web,Abuja
R00155,O00002,impression,1744243514,web,Abuja
R00155,O00003,click,1744441659,web,Abuja
R00155,O00003,impression,1745460091,web,Abuja
R00155,O00099,impression,1749166300,web,Abuja
R00155,O00076,click,1759726352,web,Abuja
R00155,O00089,click,1764954790,web,Abuja
R00156,O00106,click,1737897631,web,Port Harcourt
R00156,O00088,impression,1744619539,web,Port Harcourt
R00156,O00023,impression,1746858610,web,Port Harcourt
R00156,O00113,impression,1748920802,web,Port Harcourt
R00156,O00088,impression,1760810957,web,Port Harcourt
R00156,O00054,click,1766518118,web,Port Harcourt
R00157,O00029,impression,1743079293,web,Enugu
R00157,O00029,impression,1744375102,web,Enugu
R00157,O00007,redeem,1746439751,web,Enugu
R00157,O00018,click,1749374337,web,Enugu
R00157,O00007,impression,1750388613,web,Enugu
R00157,O00107,click,1751588978,web,Enugu
R00157,O00011,impression,1753323644,web,Enugu
R00157,O00029,impression,1754576551,web,Enugu
R00158,O00105,impression,1740555118,mobile,Ibadan
R00158,O00105,impression,1746855292,mobile,Ibadan
R00158,O00014,impression,1753880773,mobile,Ibadan
R00158,O00035,impression,1762052826,mobile,Ibadan
R00158,O00087,click,1763177617,mobile,Ibadan
R00159,O00028,redeem,1736919384,mobile,Abuja
R00159,O00019,click,1740173131,mobile,Abuja
R00159,O00013,impression,1748202401,mobile,Abuja
R00159,O00016,impression,1752277095,mobile,Abuja
R00159,O00080,impression,1756435979,mobile,Abuja
R00159,O00080,click,1764608729,mobile,Abuja
R00159,O00100,impression,1764743558,mobile,Abuja
R00160,O00066,impression,1736626486,tablet,Ibadan
R00160,O00115,click,1743476862,tablet,Ibadan
R00160,O00027,impression,1744195264,tablet,Ibadan
R00160,O00083,impression,1750992260,tablet,Ibadan
R00160,O00081,click,1752187345,tablet,Ibadan
R00160,O00057,impression,1752940672,tablet,Ibadan
R00160,O00075,impression,1764487152,tablet,Ibadan
R00161,O00060,impression,1737974097,tablet,Abuja
R00161,O00012,redeem,1740032427,tablet,Abuja
R00161,O00039,impression,1742250242,tablet,Abuja
R00161,O00089,impression,1751237005,tablet,Abuja
R00161,O00104,impression,1754021225,tablet,Abuja
R00161,O00055,impression,1754715301,tablet,Abuja
R00161,O00038,impression,1755991420,tablet,Abuja
R00162,O00076,impression,1737867976,tablet,Enugu
R00162,O00116,click,1739187763,tablet,Enugu
R00162,O00022,redeem,1739838844,tablet,Enugu
R00162,O00115,impression,1746154107,tablet,Enugu
R00162,O00118,impression,1746291085,tablet,Enugu
R00162,O00040,impression,1748929898,tablet,Enugu
R00162,O00083,impression,1755260777,tablet,Enugu
R00162,O00039,impression,1757180560,tablet,Enugu
R00162,O00044,click,1766663296,tablet,Enugu
R00162,O00018,impression,1766684615,tablet,Enugu
R00163,O00039,impression,1736131434,tablet,Lagos
R00163,O00098,impression,1738213024,tablet,Lagos
R00163,O00044,impression,1738421309,tablet,Lagos
R00163,O00075,impression,1742574595,tablet,Lagos
R00163,O00039,impression,1743015429,tablet,Lagos
R00163,O00098,impression,1746313154,tablet,Lagos
R00163,O00057,redeem,1766849583,tablet,Lagos
R00164,O00054,impression,1737748659,mobile,Enugu
R00164,O00088,impression,1741609893,mobile,Enugu
R00164,O00081,impression,1743262804,mobile,Enugu
R00164,O00113,click,1743608616,mobile,Enugu
R00164,O00106,click,1748608161,mobile,Enugu
R00164,O00054,redeem,1758601424,mobile,Enugu
R00164,O00088,impression,1765823589,mobile,Enugu
R00164,O00023,impression,1766348693,mobile,Enugu
R00165,O00081,impression,1743980369,tablet,Lagos
R00165,O00064,click,1747538582,tablet,Lagos
R00165,O00023,impression,1747972794,tablet,Lagos
R00165,O00091,impression,1750719975,tablet,Lagos
R00165,O00106,impression,1755718481,tablet,Lagos
R00165,O00053,click,1756080895,tablet,Lagos
R00165,O00088,impression,1759256686,tablet,Lagos
R00165,O00088,impression,1764000931,tablet,Lagos
R00165,O00081,click,1765390144,tablet,Lagos
R00166,O00097,redeem,1739398188,mobile,Lagos
R00166,O00079,click,1742210052,mobile,Lagos
R00166,O00061,click,1745595645,mobile,Lagos
R00166,O00021,impression,1758747068,mobile,Lagos
R00166,O00048,redeem,1758844438,mobile,Lagos
R00167,O00064,click,1738847030,tablet,Ibadan
R00167,O00001,impression,1740576326,tablet,Ibadan
R00167,O00106,impression,1741351008,tablet,Ibadan
R00167,O00042,click,1744265773,tablet,Ibadan
R00167,O00110,click,1748406688,tablet,Ibadan
R00167,O00084,impression,1748815177,tablet,Ibadan
R00167,O00064,redeem,1752583511,tablet,Ibadan
R00167,O00001,impression,1754988102,tablet,Ibadan
R00168,O00097,click,1737258592,tablet,Lagos
R00168,O00097,impression,1741954570,tablet,Lagos
R00168,O00061,impression,1745496907,tablet,Lagos
R00168,O00088,impression,1745532791,tablet,Lagos
R00168,O00028,click,1746139188,tablet,Lagos
R00168,O00083,impression,1754115353,tablet,Lagos
R00168,O00039,click,1754761302,tablet,Lagos
R00168,O00061,impression,1762833653,tablet,Lagos
R00169,O00116,impression,1745635137,mobile,Port Harcourt
R00169,O00080,click,1750679737,mobile,Port Harcourt
R00169,O00013,click,1751423263,mobile,Port Harcourt
R00169,O00013,impression,1751650961,mobile,Port Harcourt
R00169,O00077,click,1758557300,mobile,Port Harcourt
R00169,O00016,impression,1760576819,mobile,Port Harcourt
R00169,O00066,click,1760655112,mobile,Port Harcourt
R00169,O00017,impression,1766857095,mobile,Port Harcourt
R00170,O00056,impression,1738780061,tablet,Lagos
R00170,O00041,impression,1750444114,tablet,Lagos
R00170,O00056,impression,1751689991,tablet,Lagos
R00170,O00077,impression,1766517340,tablet,Lagos
R00171,O00002,redeem,1735887414,mobile,Abuja
R00171,O00089,click,1744454301,mobile,Abuja
R00171,O00031,click,1744918135,mobile,Abuja
R00171,O00116,impression,1748330260,mobile,Abuja
R00171,O00092,impression,1749793083,mobile,Abuja
R00171,O00010,impression,1755667829,mobile,Abuja
R00171,O00109,click,1765778330,mobile,Abuja
R00172,O00006,impression,1751002669,mobile,Ibadan
R00172,O00079,click,1759837691,mobile,Ibadan
R00172,O00111,impression,1764302364,mobile,Ibadan
R00172,O00048,redeem,1764891718,mobile,Ibadan
R00173,O00081,impression,1741163195,mobile,Enugu
R00173,O00097,impression,1751116721,mobile,Enugu
R00173,O00097,impression,1751926662,mobile,Enugu
R00173,O00097,click,1752965608,mobile,Enugu
R00174,O00036,impression,1737754335,web,Ibadan
R00174,O00062,click,1738377672,web,Ibadan
R00174,O00025,impression,1738602468,web,Ibadan
R00174,O00036,impression,1741680297,web,Ibadan
R00174,O00089,click,1742904770,web,Ibadan
R00174,O00116,impression,1745303646,web,Ibadan
R00174,O00036,impression,1758978135,web,Ibadan
R00174,O00002,impression,1761468314,web,Ibadan
R00175,O00082,impression,1741065123,mobile,Abuja
R00175,O00060,redeem,1743689600,mobile,Abuja
R00175,O00056,click,1752485239,mobile,Abuja
R00175,O00086,impression,1754555911,mobile,Abuja
R00175,O00062,click,1758594176,mobile,Abuja
R00176,O00108,impression,1740473278,tablet,Ibadan
R00176,O00083,impression,1750001535,tablet,Ibadan
R00176,O00094,impression,1750117342,tablet,Ibadan
R00176,O00022,impression,1751394918,tablet,Ibadan
R00176,O00111,impression,1754544646,tablet,Ibadan
R00176,O00034,click,1756829947,tablet,Ibadan
R00176,O00118,redeem,1758485904,tablet,Ibadan
R00176,O00115,click,1764739927,tablet,Ibadan
R00177,O00087,impression,1737005303,web,Enugu
R00177,O00120,redeem,1742457565,web,Enugu
R00177,O00108,click,1744731825,web,Enugu
R00177,O00087,click,1746804262,web,Enugu
R00177,O00017,click,1748917063,web,Enugu
R00177,O00013,redeem,1759364146,web,Enugu
R00177,O00013,click,1760927568,web,Enugu
R00177,O00013,impression,1763732595,web,Enugu
R00178,O00042,click,1736492892,tablet,Port Harcourt
R00178,O00001,impression,1741307231,tablet,Port Harcourt
R00178,O00084,impression,1741796835,tablet,Port Harcourt
R00178,O00066,impression,1743518993,tablet,Port Harcourt
R00178,O00008,click,1748538586,tablet,Port Harcourt
R00178,O00110,click,1749568775,tablet,Port Harcourt
R00178,O00086,impression,1758425737,tablet,Port Harcourt
R00178,O00120,click,1759311215,tablet,Port Harcourt
R00178,O00066,impression,1760195398,tablet,Port Harcourt
R00178,O00049,click,1766886935,tablet,Port Harcourt
R00179,O00051,impression,1736259809,mobile,Abuja
R00179,O00113,redeem,1738872591,mobile,Abuja
R00179,O00071,impression,1741993492,mobile,Abuja
R00179,O00101,click,1750516561,mobile,Abuja
R00179,O00109,click,1752917851,mobile,Abuja
R00179,O00020,click,1758879683,mobile,Abuja
R00180,O00062,impression,1736248755,tablet,Enugu
R00180,O00088,click,1749897539,tablet,Enugu
R00180,O00022,impression,1752492729,tablet,Enugu
R00180,O00115,click,1753113029,tablet,Enugu
R00180,O00034,click,1754023040,tablet,Enugu
R00180,O00080,click,1754371087,tablet,Enugu
R00180,O00118,impression,1755302893,tablet,Enugu
R00180,O00007,click,1762548665,tablet,Enugu
R00180,O00098,impression,1764801008,tablet,Enugu
R00181,O00003,click,1740870072,mobile,Abuja
R00181,O00002,impression,1744572393,mobile,Abuja
R00181,O00104,impression,1754104466,mobile,Abuja
R00181,O00062,impression,1758321333,mobile,Abuja
R00182,O00044,impression,1738998186,mobile,Lagos
R00182,O00039,impression,1743437201,mobile,Lagos
R00182,O00108,click,1751622925,mobile,Lagos
R00182,O00102,impression,1751794470,mobile,Lagos
R00182,O00034,click,1752516326,mobile,Lagos
R00182,O00094,impression,1754843251,mobile,Lagos
R00182,O00115,impression,1759974642,mobile,Lagos
R00182,O00034,impression,1762204504,mobile,Lagos
R00182,O00015,impression,1764003747,mobile,Lagos
R00183,O00026,impression,1740401536,mobile,Lagos
R00183,O00026,impression,1743097841,mobile,Lagos
R00183,O00045,impression,1747302065,mobile,Lagos
R00183,O00058,click,1747437352,mobile,Lagos
R00183,O00031,impression,1747551825,mobile,Lagos
R00183,O00074,impression,1751661430,mobile,Lagos
R00183,O00093,impression,1752413827,mobile,Lagos
R00183,O00050,impression,1754880854,mobile,Lagos
R00184,O00037,click,1738819647,tablet,Lagos
R00184,O00054,impression,1740485603,tablet,Lagos
R00184,O00081,impression,1744594227,tablet,Lagos
R00184,O00113,click,1745999131,tablet,Lagos
R00184,O00106,impression,1746529405,tablet,Lagos
R00184,O00088,click,1753506117,tablet,Lagos
R00184,O00088,impression,1756706924,tablet,Lagos
R00184,O00088,click,1758523985,tablet,Lagos
R00184,O00081,click,1760852185,tablet,Lagos
R00184,O00106,impression,1763983154,tablet,Lagos
R00185,O00087,impression,1740422024,mobile,Enugu
R00185,O00087,click,1743128329,mobile,Enugu
R00185,O00111,click,1744403834,mobile,Enugu
R00185,O00017,redeem,1745922457,mobile,Enugu
R00185,O00087,click,1751192070,mobile,Enugu
R00185,O00087,impression,1766712911,mobile,Enugu
R00186,O00103,impression,1735878455,mobile,Lagos
R00186,O00047,impression,1736437245,mobile,Lagos
R00186,O00103,click,1754957121,mobile,Lagos
R00186,O00047,impression,1759619809,mobile,Lagos
R00186,O00047,impression,1762821771,mobile,Lagos
R00186,O00112,click,1762859964,mobile,Lagos
R00187,O00048,impression,1739263381,tablet,Port Harcourt
R00187,O00065,click,1745027046,tablet,Port Harcourt
R00187,O00033,impression,1748121317,tablet,Port Harcourt
R00187,O00065,click,1751819989,tablet,Port Harcourt
R00187,O00063,impression,1755020971,tablet,Port Harcourt
R00187,O00030,impression,1759344466,tablet,Port Harcourt
R00187,O00011,impression,1759790229,tablet,Port Harcourt
R00188,O00093,click,1736642523,tablet,Ibadan
R00188,O00066,click,1748790188,tablet,Ibadan
R00188,O00120,click,1750130742,tablet,Ibadan
R00188,O00042,impression,1751384288,tablet,Ibadan
R00188,O00032,click,1755694018,tablet,Ibadan
R00188,O00001,redeem,1757074000,tablet,Ibadan
R00188,O00064,impression,1757741605,tablet,Ibadan
R00188,O00066,click,1761960154,tablet,Ibadan
R00188,O00114,impression,1764493770,tablet,Ibadan
R00188,O00032,impression,1765669973,tablet,Ibadan
R00189,O00042,click,1743520578,tablet,Port Harcourt
R00189,O00064,impression,1757060306,tablet,Port Harcourt
R00189,O00066,impression,1758337357,tablet,Port Harcourt
R00189,O00114,impression,1761134107,tablet,Port Harcourt
R00189,O00100,impression,1766658186,tablet,Port Harcourt
R00190,O00101,click,1737922006,web,Lagos
R00190,O00058,impression,1738387810,web,Lagos
R00190,O00101,impression,1749358668,web,Lagos
R00190,O00058,impression,1755507071,web,Lagos
R00190,O00020,impression,1756969027,web,Lagos
R00190,O00071,click,1758984049,web,Lagos
R00190,O00101,click,1764370216,web,Lagos
R00191,O00036,impression,1741376205,mobile,Lagos
R00191,O00060,redeem,1742299632,mobile,Lagos
R00191,O00107,click,1751225968,mobile,Lagos
R00191,O00062,redeem,1755177712,mobile,Lagos
R00191,O00009,click,1755824302,mobile,Lagos
R00191,O00045,click,1756072651,mobile,Lagos
R00191,O00109,impression,1762498777,mobile,Lagos
R00192,O00110,impression,1741267870,web,Enugu
R00192,O00114,click,1744364387,web,Enugu
R00192,O00066,impression,1744548350,web,Enugu
R00192,O00013,click,1749163742,web,Enugu
R00192,O00042,impression,1750582580,web,Enugu
R00192,O00032,impression,1755192686,web,Enugu
R00192,O00042,impression,1761022057,web,Enugu
R00192,O00026,click,1764512194,web,Enugu
R00192,O00042,click,1765717229,web,Enugu
R00193,O00081,impression,1736908106,mobile,Abuja
R00193,O00088,impression,1741965809,mobile,Abuja
R00193,O00023,impression,1757262834,mobile,Abuja
R00193,O00083,impression,1764414094,mobile,Abuja
R00194,O00051,click,1739158174,web,Enugu
R00194,O00083,impression,1740797037,web,Enugu
R00194,O00007,impression,1744728524,web,Enugu
R00194,O00011,click,1752906201,web,Enugu
R00194,O00007,impression,1755755640,web,Enugu
R00194,O00091,impression,1756435213,web,Enugu
R00194,O00007,click,1756896321,web,Enugu
R00194,O00091,click,1757372869,web,Enugu
R00194,O00011,impression,1766736226,web,Enugu
R00195,O00060,impression,1739830188,tablet,Port Harcourt
R00195,O00002,impression,1744619407,tablet,Port Harcourt
R00195,O00055,redeem,1758745347,tablet,Port Harcourt
R00195,O00087,impression,1765218499,tablet,Port Harcourt
R00196,O00060,impression,1740952756,mobile,Ibadan
R00196,O00038,click,1749132764,mobile,Ibadan
R00196,O00072,click,1750641608,mobile,Ibadan
R00196,O00107,impression,1758509114,mobile,Ibadan
R00196,O00060,impression,1761127623,mobile,Ibadan
R00196,O00116,impression,1763170807,mobile,Ibadan
R00197,O00053,impression,1740923999,tablet,Enugu
R00197,O00056,click,1743381429,tablet,Enugu
R00197,O00053,impression,1753421330,tablet,Enugu
R00197,O00053,impression,1754154459,tablet,Enugu
R00198,O00041,impression,1737551152,tablet,Lagos
R00198,O00115,click,1741522296,tablet,Lagos
R00198,O00085,impression,1748289276,tablet,Lagos
R00198,O00034,impression,1759027732,tablet,Lagos
R00198,O00040,impression,1759693586,tablet,Lagos
R00198,O00115,impression,1763361294,tablet,Lagos
R00199,O00041,impression,1736829074,tablet,Port Harcourt
R00199,O00041,impression,1755654831,tablet,Port Harcourt
R00199,O00056,impression,1760058559,tablet,Port Harcourt
R00199,O00053,impression,1762865549,tablet,Port Harcourt
R00200,O00026,impression,1741775878,mobile,Enugu
R00200,O00045,impression,1749157699,mobile,Enugu
R00200,O00026,impression,1749401570,mobile,Enugu
R00200,O00025,impression,1749657229,mobile,Enugu
R00200,O00058,impression,1750527844,mobile,Enugu
R00200,O00025,impression,1753506275,mobile,Enugu
R00200,O00025,impression,1755834575,mobile,Enugu
R00200,O00086,impression,1756191272,mobile,Enugu
R00200,O00050,impression,1764338154,mobile,Enugu
R00200,O00093,impression,1764525694,mobile,Enugu
R00201,O00120,click,1748131648,web,Port Harcourt
R00201,O00102,impression,1749214250,web,Port Harcourt
R00201,O00102,click,1749894569,web,Port Harcourt
R00201,O00009,click,1753141938,web,Port Harcourt
R00201,O00117,impression,1757936016,web,Port Harcourt
R00201,O00064,impression,1764814856,web,Port Harcourt
R00201,O00001,click,1765954891,web,Port Harcourt
R00201,O00120,impression,1766941578,web,Port Harcourt
R00202,O00036,impression,1743082607,tablet,Abuja
R00202,O00003,click,1745052946,tablet,Abuja
R00202,O00055,impression,1748268162,tablet,Abuja
R00202,O00036,click,1751875508,tablet,Abuja
R00202,O00109,click,1752966428,tablet,Abuja
R00202,O00099,impression,1754289996,tablet,Abuja
R00202,O00072,click,1756485659,tablet,Abuja
R00202,O00107,redeem,1760298695,tablet,Abuja
R00202,O00060,impression,1765108902,tablet,Abuja
R00203,O00040,impression,1735881747,tablet,Lagos
R00203,O00034,impression,1747272821,tablet,Lagos
R00203,O00040,click,1749083309,tablet,Lagos
R00203,O00019,impression,1755917419,tablet,Lagos
R00203,O00011,impression,1757187950,tablet,Lagos
R00203,O00022,impression,1761403738,tablet,Lagos
R00203,O00088,impression,1762693099,tablet,Lagos
R00203,O00098,click,1763390723,tablet,Lagos
R00204,O00112,impression,1739294900,web,Ibadan
R00204,O00096,click,1740372806,web,Ibadan
R00204,O00096,click,1743337921,web,Ibadan
R00204,O00035,click,1744179356,web,Ibadan
R00204,O00096,impression,1744406762,web,Ibadan
R00204,O00047,click,1749530446,web,Ibadan
R00204,O00103,impression,1751932077,web,Ibadan
R00204,O00096,impression,1756971306,web,Ibadan
R00205,O00068,click,1739681928,mobile,Abuja
R00205,O00119,click,1746334492,mobile,Abuja
R00205,O00119,click,1749931998,mobile,Abuja
R00205,O00046,impression,1756927316,mobile,Abuja
R00205,O00061,click,1757960308,mobile,Abuja
R00205,O00119,click,1762049837,mobile,Abuja
R00205,O00059,impression,1763341441,mobile,Abuja
R00205,O00095,impression,1766566630,mobile,Abuja
R00205,O00048,impression,1766704256,mobile,Abuja
R00206,O00105,click,1745822643,tablet,Lagos
R00206,O00105,impression,1747877267,tablet,Lagos
R00206,O00014,impression,1750252344,tablet,Lagos
R00206,O00005,redeem,1756580121,tablet,Lagos
R00206,O00035,impression,1763206192,tablet,Lagos
R00207,O00053,impression,1745725576,tablet,Lagos
R00207,O00077,impression,1748158559,tablet,Lagos
R00207,O00070,impression,1750827091,tablet,Lagos
R00207,O00077,click,1762717136,tablet,Lagos
R00207,O00070,impression,1763128429,tablet,Lagos
R00208,O00039,impression,1740654747,web,Lagos
R00208,O00076,impression,1742814054,web,Lagos
R00208,O00063,impression,1743289420,web,Lagos
R00208,O00085,impression,1743311654,web,Lagos
R00208,O00015,impression,1747276077,web,Lagos
R00208,O00039,redeem,1754306042,web,Lagos
R00208,O00085,click,1755119785,web,Lagos
R00208,O00108,click,1756194486,web,Lagos
R00208,O00040,impression,1758891384,web,Lagos
R00208,O00083,click,1760732052,web,Lagos
R00209,O00025,redeem,1739039343,tablet,Lagos
R00209,O00084,redeem,1743550616,tablet,Lagos
R00209,O00008,click,1744052718,tablet,Lagos
R00209,O00100,click,1745642931,tablet,Lagos
R00209,O00084,impression,1751729766,tablet,Lagos
R00209,O00009,impression,1754536511,tablet,Lagos
R00209,O00114,impression,1760702695,tablet,Lagos
R00209,O00001,click,1764422488,tablet,Lagos
R00209,O00032,impression,1766864552,tablet,Lagos
R00210,O00073,impression,1740901445,mobile,Port Harcourt
R00210,O00013,click,1742081504,mobile,Port Harcourt
R00210,O00017,click,1742512608,mobile,Port Harcourt
R00210,O00013,impression,1744799382,mobile,Port Harcourt
R00210,O00080,impression,1748289125,mobile,Port Harcourt
R00210,O00073,click,1759898596,mobile,Port Harcourt
R00211,O00015,click,1737814143,tablet,Port Harcourt
R00211,O00115,impression,1742526966,tablet,Port Harcourt
R00211,O00015,click,1743085547,tablet,Port Harcourt
R00211,O00034,impression,1748851378,tablet,Port Harcourt
R00211,O00111,click,1750321297,tablet,Port Harcourt
R00211,O00075,click,1751842269,tablet,Port Harcourt
R00211,O00024,impression,1753258440,tablet,Port Harcourt
R00211,O00076,impression,1754323094,tablet,Port Harcourt
R00211,O00094,click,1760359757,tablet,Port Harcourt
R00212,O00072,click,1742872390,tablet,Port Harcourt
R00212,O00066,impression,1744280884,tablet,Port Harcourt
R00212,O00056,impression,1753159696,tablet,Port Harcourt
R00212,O00117,impression,1754538271,tablet,Port Harcourt
R00212,O00070,impression,1766348515,tablet,Port Harcourt
R00213,O00014,impression,1738999812,web,Lagos
R00213,O00035,impression,1742843834,web,Lagos
R00213,O00035,impression,1743232931,web,Lagos
R00213,O00018,impression,1748646744,web,Lagos
R00213,O00014,impression,1749263231,web,Lagos
R00213,O00018,redeem,1754881396,web,Lagos
R00213,O00018,impression,1766384634,web,Lagos
R00214,O00060,redeem,1737302843,tablet,Ibadan
R00214,O00100,impression,1744774582,tablet,Ibadan
R00214,O00104,impression,1744902371,tablet,Ibadan
R00214,O00107,impression,1746438413,tablet,Ibadan
R00214,O00003,click,1753067444,tablet,Ibadan
R00214,O00072,impression,1760208313,tablet,Ibadan
R00214,O00099,impression,1761507623,tablet,Ibadan
R00214,O00089,click,1761584417,tablet,Ibadan
R00215,O00091,impression,1736464338,web,Ibadan
R00215,O00058,impression,1739558458,web,Ibadan
R00215,O00026,redeem,1741320634,web,Ibadan
R00215,O00051,impression,1746047774,web,Ibadan
R00215,O00058,impression,1752116709,web,Ibadan
R00215,O00020,click,1753203034,web,Ibadan
R00215,O00020,impression,1757160896,web,Ibadan
R00215,O00101,click,1759161032,web,Ibadan
R00215,O00051,impression,1760621171,web,Ibadan
R00215,O00101,click,1765366415,web,Ibadan
R00216,O00110,click,1742801661,mobile,Enugu
R00216,O00032,click,1746047795,mobile,Enugu
R00216,O00094,click,1750806772,mobile,Enugu
R00216,O00001,impression,1753297120,mobile,Enugu
R00217,O00001,impression,1743407865,mobile,Port Harcourt
R00217,O00100,impression,1745007416,mobile,Port Harcourt
R00217,O00001,click,1745336351,mobile,Port Harcourt
R00217,O00064,impression,1746773009,mobile,Port Harcourt
R00217,O00064,redeem,1750884149,mobile,Port Harcourt
R00217,O00120,impression,1754844425,mobile,Port Harcourt
R00217,O00102,impression,1755739050,mobile,Port Harcourt
R00217,O00102,click,1765194948,mobile,Port Harcourt
R00217,O00032,impression,1766412620,mobile,Port Harcourt
R00218,O00053,click,1737387651,web,Enugu
R00218,O00056,impression,1747728429,web,Enugu
R00218,O00027,impression,1751459684,web,Enugu
R00218,O00077,click,1752281164,web,Enugu
R00218,O00077,click,1754718928,web,Enugu
R00219,O00052,impression,1737889041,mobile,Abuja
R00219,O00021,click,1739116519,mobile,Abuja
R00219,O00097,impression,1743279355,mobile,Abuja
R00219,O00028,impression,1746131745,mobile,Abuja
R00219,O00028,impression,1747282548,mobile,Abuja
R00219,O00079,impression,1757377073,mobile,Abuja
R00219,O00097,impression,1759100710,mobile,Abuja
R00219,O00052,redeem,1759527979,mobile,Abuja
R00219,O00097,impression,1763826182,mobile,Abuja
R00220,O00005,impression,1735828751,web,Port Harcourt
R00220,O00018,impression,1750718531,web,Port Harcourt
R00220,O00018,impression,1753231555,web,Port Harcourt
R00220,O00105,redeem,1760718810,web,Port Harcourt
R00221,O00045,impression,1748729893,tablet,Lagos
R00221,O00045,click,1754269200,tablet,Lagos
R00221,O00074,impression,1757713832,tablet,Lagos
R00221,O00045,impression,1766120085,tablet,Lagos
R00221,O00031,impression,1766553234,tablet,Lagos
R00222,O00075,click,1743762814,web,Lagos
R00222,O00111,impression,1749033377,web,Lagos
R00222,O00044,impression,1753988678,web,Lagos
R00222,O00098,impression,1761395078,web,Lagos
R00222,O00085,click,1763082341,web,Lagos
R00223,O00040,redeem,1740077364,tablet,Port Harcourt
R00223,O00026,redeem,1745915394,tablet,Port Harcourt
R00223,O00031,click,1748001831,tablet,Port Harcourt
R00223,O00059,click,1754324359,tablet,Port Harcourt
R00223,O00026,click,1754689236,tablet,Port Harcourt
R00223,O00093,impression,1758569778,tablet,Port Harcourt
R00223,O00050,click,1758830315,tablet,Port Harcourt
R00223,O00086,click,1758914661,tablet,Port Harcourt
R00223,O00037,impression,1765342819,tablet,Port Harcourt
R00223,O00100,impression,1766491663,tablet,Port Harcourt
R00224,O00009,click,1736072953,web,Ibadan
R00224,O00066,redeem,1736941649,web,Ibadan
R00224,O00042,impression,1743893228,web,Ibadan
R00224,O00071,impression,1744902161,web,Ibadan
R00224,O00049,impression,1748995234,web,Ibadan
R00224,O00120,redeem,1753939411,web,Ibadan
R00224,O00008,click,1754873514,web,Ibadan
R00224,O00032,impression,1755650664,web,Ibadan
R00225,O00043,click,1743603682,web,Port Harcourt
R00225,O00077,impression,1746522313,web,Port Harcourt
R00225,O00119,impression,1753955492,web,Port Harcourt
R00225,O00059,impression,1760537071,web,Port Harcourt
R00226,O00077,click,1737013842,web,Abuja
R00226,O00041,impression,1743407342,web,Abuja
R00226,O00090,impression,1745013911,web,Abuja
R00226,O00076,impression,1754319232,web,Abuja
R00226,O00070,redeem,1756049042,web,Abuja
R00226,O00077,click,1759107713,web,Abuja
R00226,O00041,click,1759947992,web,Abuja
R00226,O00041,impression,1761631471,web,Abuja
R00226,O00056,click,1764252076,web,Abuja
R00227,O00044,click,1736665101,tablet,Abuja
R00227,O00070,click,1744994511,tablet,Abuja
R00227,O00107,impression,1747853583,tablet,Abuja
R00227,O00027,click,1750746128,tablet,Abuja
R00227,O00041,impression,1754029069,tablet,Abuja
R00227,O00018,impression,1754198031,tablet,Abuja
R00227,O00095,impression,1754332708,tablet,Abuja
R00227,O00090,click,1763910210,tablet,Abuja
R00228,O00008,click,1736966806,mobile,Port Harcourt
R00228,O00009,impression,1741655992,mobile,Port Harcourt
R00228,O00102,click,1742773969,mobile,Port Harcourt
R00228,O00032,click,1743133055,mobile,Port Harcourt
R00228,O00042,impression,1745453593,mobile,Port Harcourt
R00228,O00084,impression,1747706396,mobile,Port Harcourt
R00228,O00001,impression,1750193005,mobile,Port Harcourt
R00228,O00026,impression,1753263340,mobile,Port Harcourt
R00228,O00049,impression,1758501347,mobile,Port Harcourt
R00229,O00115,impression,1736046410,tablet,Ibadan
R00229,O00004,impression,1737074219,tablet,Ibadan
R00229,O00025,impression,1738001881,tablet,Ibadan
R00229,O00108,redeem,1739837742,tablet,Ibadan
R00229,O00039,impression,1746138181,tablet,Ibadan
R00229,O00076,impression,1747182085,tablet,Ibadan
R00229,O00098,click,1750612924,tablet,Ibadan
R00229,O00040,impression,1754254479,tablet,Ibadan
R00229,O00078,click,1755904817,tablet,Ibadan
R00229,O00044,impression,1759583723,tablet,Ibadan
R00230,O00058,click,1744151213,web,Abuja
R00230,O00099,impression,1752497709,web,Abuja
R00230,O00002,click,1753656939,web,Abuja
R00230,O00020,click,1761295973,web,Abuja
R00231,O00003,impression,1736983149,tablet,Enugu
R00231,O00036,impression,1739875926,tablet,Enugu
R00231,O00021,impression,1741214957,tablet,Enugu
R00231,O00095,click,1742186752,tablet,Enugu
R00231,O00109,impression,1742245106,tablet,Enugu
R00231,O00003,impression,1745689857,tablet,Enugu
R00231,O00060,impression,1746647961,tablet,Enugu
R00231,O00104,impression,1751902887,tablet,Enugu
R00231,O00060,impression,1755474403,tablet,Enugu
R00231,O00092,impression,1766930845,tablet,Enugu
R00232,O00026,click,1751357904,mobile,Ibadan
R00232,O00107,click,1761327808,mobile,Ibadan
R00232,O00031,impression,1761907649,mobile,Ibadan
R00232,O00039,impression,1764325042,mobile,Ibadan
R00233,O00014,impression,1736425483,web,Port Harcourt
R00233,O00018,impression,1738853036,web,Port Harcourt
R00233,O00075,impression,1741195671,web,Port Harcourt
R00233,O00078,impression,1745920624,web,Port Harcourt
R00233,O00018,click,1748201101,web,Port Harcourt
R00233,O00014,click,1749120589,web,Port Harcourt
R00233,O00035,impression,1751541525,web,Port Harcourt
R00233,O00035,impression,1753523413,web,Port Harcourt
R00233,O00018,impression,1763053643,web,Port Harcourt
R00233,O00105,impression,1764315559,web,Port Harcourt
R00234,O00042,click,1749866926,web,Lagos
R00234,O00024,click,1758515463,web,Lagos
R00234,O00041,impression,1758933160,web,Lagos
R00234,O00042,impression,1761885850,web,Lagos
R00235,O00113,impression,1744692983,web,Abuja
R00235,O00080,click,1752880238,web,Abuja
R00235,O00023,impression,1752911902,web,Abuja
R00235,O00086,click,1755133398,web,Abuja
R00236,O00026,click,1737631049,mobile,Enugu
R00236,O00074,redeem,1743800399,mobile,Enugu
R00236,O00031,click,1744591960,mobile,Enugu
R00236,O00093,impression,1746476099,mobile,Enugu
R00236,O00093,click,1762880979,mobile,Enugu
R00236,O00031,impression,1764600709,mobile,Enugu
R00237,O00001,redeem,1739698105,tablet,Lagos
R00237,O00066,impression,1747717533,tablet,Lagos
R00237,O00100,click,1751366570,tablet,Lagos
R00237,O00102,redeem,1758106089,tablet,Lagos
R00237,O00032,click,1762296480,tablet,Lagos
R00238,O00077,impression,1741324288,web,Enugu
R00238,O00084,click,1743261008,web,Enugu
R00238,O00084,click,1744338600,web,Enugu
R00238,O00084,impression,1748544769,web,Enugu
R00238,O00066,impression,1765126106,web,Enugu
R00239,O00004,click,1737489768,mobile,Port Harcourt
R00239,O00065,click,1744662720,mobile,Port Harcourt
R00239,O00012,impression,1757866215,mobile,Port Harcourt
R00239,O00055,impression,1764164384,mobile,Port Harcourt
R00240,O00073,impression,1738314498,mobile,Abuja
R00240,O00019,click,1740819290,mobile,Abuja
R00240,O00073,click,1746393130,mobile,Abuja
R00240,O00017,impression,1748793420,mobile,Abuja
R00240,O00080,impression,1755473556,mobile,Abuja
R00240,O00080,impression,1755769756,mobile,Abuja
R00240,O00017,impression,1766128022,mobile,Abuja
R00241,O00007,click,1739857582,mobile,Enugu
R00241,O00011,click,1741404737,mobile,Enugu
R00241,O00091,redeem,1742036281,mobile,Enugu
R00241,O00007,click,1747435903,mobile,Enugu
R00241,O00007,click,1747932861,mobile,Enugu
R00241,O00067,impression,1753842868,mobile,Enugu
R00241,O00067,impression,1754167112,mobile,Enugu
R00241,O00007,impression,1757940098,mobile,Enugu
R00242,O00062,impression,1739621837,web,Abuja
R00242,O00109,click,1744669323,web,Abuja
R00242,O00099,click,1752076318,web,Abuja
R00242,O00060,impression,1755192765,web,Abuja
R00242,O00062,impression,1755781901,web,Abuja
R00242,O00107,click,1757099296,web,Abuja
R00242,O00031,click,1757359245,web,Abuja
R00242,O00060,click,1762401766,web,Abuja
R00242,O00010,click,1765347971,web,Abuja
R00243,O00006,impression,1738730100,mobile,Lagos
R00243,O00001,impression,1744794219,mobile,Lagos
R00243,O00032,click,1752404514,mobile,Lagos
R00243,O00081,impression,1762402762,mobile,Lagos
R00243,O00008,impression,1763589741,mobile,Lagos
R00244,O00024,redeem,1739740885,mobile,Abuja
R00244,O00039,impression,1740446323,mobile,Abuja
R00244,O00084,impression,1745710289,mobile,Abuja
R00244,O00008,click,1746014340,mobile,Abuja
R00244,O00120,impression,1748250862,mobile,Abuja
R00244,O00109,impression,1755086693,mobile,Abuja
R00244,O00034,click,1759658253,mobile,Abuja
R00244,O00102,impression,1760953653,mobile,Abuja
R00244,O00097,click,1766849244,mobile,Abuja
R00244,O00001,click,1766875223,mobile,Abuja
R00245,O00028,impression,1736840567,web,Abuja
R00245,O00004,impression,1737352311,web,Abuja
R00245,O00012,impression,1740158104,web,Abuja
R00245,O00004,click,1755717405,web,Abuja
R00245,O00044,impression,1756959727,web,Abuja
R00245,O00042,redeem,1758979742,web,Abuja
R00245,O00012,impression,1759237458,web,Abuja
R00245,O00004,impression,1764278489,web,Abuja
R00245,O00033,click,1765474396,web,Abuja
R00245,O00069,redeem,1765526984,web,Abuja
R00246,O00056,impression,1738514646,mobile,Lagos
R00246,O00110,click,1739326497,mobile,Lagos
R00246,O00011,redeem,1741422447,mobile,Lagos
R00246,O00066,impression,1757292655,mobile,Lagos
R00246,O00089,click,1760283064,mobile,Lagos
R00246,O00084,click,1761189318,mobile,Lagos
R00246,O00064,impression,1761851320,mobile,Lagos
R00246,O00100,click,1762943655,mobile,Lagos
R00246,O00097,impression,1766392542,mobile,Lagos
R00247,O00045,click,1737646019,mobile,Port Harcourt
R00247,O00095,click,1738025761,mobile,Port Harcourt
R00247,O00046,click,1739260922,mobile,Port Harcourt
R00247,O00068,impression,1748079802,mobile,Port Harcourt
R00247,O00068,redeem,1751934022,mobile,Port Harcourt
R00247,O00059,click,1752066982,mobile,Port Harcourt
R00247,O00059,click,1758424727,mobile,Port Harcourt
R00247,O00095,click,1759468578,mobile,Port Harcourt
R00248,O00046,impression,1745517930,mobile,Lagos
R00248,O00043,impression,1746462274,mobile,Lagos
R00248,O00059,click,1750684556,mobile,Lagos
R00248,O00095,impression,1751206710,mobile,Lagos
R00248,O00068,click,1763330606,mobile,Lagos
R00249,O00077,click,1738820577,tablet,Ibadan
R00249,O00027,impression,1741896147,tablet,Ibadan
R00249,O00070,click,1744157345,tablet,Ibadan
R00249,O00053,impression,1756124744,tablet,Ibadan
R00249,O00117,impression,1763025260,tablet,Ibadan
R00249,O00027,redeem,1763500858,tablet,Ibadan
R00250,O00054,impression,1738090052,mobile,Port Harcourt
R00250,O00040,click,1739571818,mobile,Port Harcourt
R00250,O00054,impression,1744676532,mobile,Port Harcourt
R00250,O00023,click,1753138953,mobile,Port Harcourt
R00250,O00088,click,1753819740,mobile,Port Harcourt
R00250,O00054,click,1762016716,mobile,Port Harcourt
R00250,O00088,impression,1764961392,mobile,Port Harcourt
R00250,O00120,impression,1765750028,mobile,Port Harcourt
R00251,O00075,impression,1737004183,tablet,Abuja
R00251,O00118,impression,1744478775,tablet,Abuja
R00251,O00083,impression,1754686673,tablet,Abuja
R00251,O00076,redeem,1760248335,tablet,Abuja
R00251,O00098,impression,1762048507,tablet,Abuja
R00252,O00107,click,1745012352,tablet,Lagos
R00252,O00116,impression,1752443072,tablet,Lagos
R00252,O00008,impression,1757673651,tablet,Lagos
R00252,O00014,impression,1765734708,tablet,Lagos
R00253,O00066,impression,1744214673,mobile,Lagos
R00253,O00110,click,1750229281,mobile,Lagos
R00253,O00008,impression,1755191584,mobile,Lagos
R00253,O00102,impression,1765751996,mobile,Lagos
R00254,O00041,impression,1736336800,mobile,Enugu
R00254,O00099,impression,1739256396,mobile,Enugu
R00254,O00027,impression,1745414774,mobile,Enugu
R00254,O00117,impression,1754370568,mobile,Enugu
R00254,O00090,impression,1757649823,mobile,Enugu
R00254,O00070,click,1758507397,mobile,Enugu
R00254,O00070,click,1760581845,mobile,Enugu
R00255,O00108,impression,1736855439,tablet,Ibadan
R00255,O00115,impression,1746543617,tablet,Ibadan
R00255,O00094,impression,1754278116,tablet,Ibadan
R00255,O00094,click,1756194875,tablet,Ibadan
R00255,O00083,impression,1756564642,tablet,Ibadan
R00256,O00106,impression,1738183436,tablet,Abuja
R00256,O00106,click,1739987151,tablet,Abuja
R00256,O00081,impression,1742284756,tablet,Abuja
R00256,O00054,click,1744987269,tablet,Abuja
R00256,O00088,impression,1748876855,tablet,Abuja
R00256,O00081,impression,1750567355,tablet,Abuja
R00256,O00023,impression,1766009925,tablet,Abuja
R00257,O00094,click,1739074701,mobile,Abuja
R00257,O00111,click,1740702410,mobile,Abuja
R00257,O00082,click,1742602466,mobile,Abuja
R00257,O00075,redeem,1747512702,mobile,Abuja
R00257,O00034,click,1752555006,mobile,Abuja
R00257,O00085,impression,1753491523,mobile,Abuja
R00257,O00108,click,1753851339,mobile,Abuja
R00257,O00085,impression,1756554189,mobile,Abuja
R00257,O00043,impression,1761300416,mobile,Abuja
R00257,O00056,click,1764087221,mobile,Abuja
R00258,O00016,click,1738987412,tablet,Lagos
R00258,O00067,impression,1741023982,tablet,Lagos
R00258,O00091,click,1747782585,tablet,Lagos
R00258,O00019,click,1757697432,tablet,Lagos
R00258,O00114,click,1758604248,tablet,Lagos
R00258,O00007,click,1766401841,tablet,Lagos
R00258,O00067,impression,1766677643,tablet,Lagos
R00259,O00038,redeem,1736334974,tablet,Enugu
R00259,O00038,impression,1736554847,tablet,Enugu
R00259,O00099,redeem,1739342474,tablet,Enugu
R00259,O00055,impression,1744014289,tablet,Enugu
R00259,O00062,impression,1747218908,tablet,Enugu
R00259,O00062,impression,1747833089,tablet,Enugu
R00259,O00107,impression,1749009343,tablet,Enugu
R00259,O00010,click,1752736542,tablet,Enugu
R00259,O00099,redeem,1760062143,tablet,Enugu
R00259,O00056,impression,1764224610,tablet,Enugu
R00260,O00119,impression,1736430420,web,Enugu
R00260,O00059,click,1737827350,web,Enugu
R00260,O00046,redeem,1738037778,web,Enugu
R00260,O00043,impression,1738887837,web,Enugu
R00260,O00043,click,1739094847,web,Enugu
R00260,O00119,impression,1744498327,web,Enugu
R00260,O00043,click,1751977994,web,Enugu
R00260,O00095,click,1756140515,web,Enugu
R00260,O00046,click,1756369769,web,Enugu
R00260,O00043,impression,1765558917,web,Enugu
R00261,O00015,click,1739332740,mobile,Enugu
R00261,O00111,click,1746593518,mobile,Enugu
R00261,O00015,click,1752502050,mobile,Enugu
R00261,O00083,impression,1752981353,mobile,Enugu
R00261,O00033,impression,1761810779,mobile,Enugu
R00261,O00034,impression,1766105105,mobile,Enugu
R00261,O00029,impression,1766333791,mobile,Enugu
R00262,O00016,impression,1742880779,mobile,Enugu
R00262,O00030,impression,1751832254,mobile,Enugu
R00262,O00030,redeem,1753155070,mobile,Enugu
R00262,O00030,impression,1756549588,mobile,Enugu
R00263,O00032,impression,1745630619,web,Abuja
R00263,O00120,impression,1752416492,web,Abuja
R00263,O00042,click,1755743966,web,Abuja
R00263,O00008,impression,1757173579,web,Abuja
R00264,O00097,impression,1740760048,mobile,Port Harcourt
R00264,O00028,impression,1744236291,mobile,Port Harcourt
R00264,O00097,click,1744732323,mobile,Port Harcourt
R00264,O00021,click,1757228346,mobile,Port Harcourt
R00264,O00061,impression,1758628606,mobile,Port Harcourt
R00264,O00052,impression,1760140600,mobile,Port Harcourt
R00265,O00109,impression,1744541950,mobile,Enugu
R00265,O00109,click,1746358180,mobile,Enugu
R00265,O00116,click,1746501896,mobile,Enugu
R00265,O00089,impression,1746923740,mobile,Enugu
R00265,O00048,impression,1748974661,mobile,Enugu
R00265,O00104,redeem,1748999253,mobile,Enugu
R00265,O00082,impression,1749804209,mobile,Enugu
R00265,O00102,click,1756093962,mobile,Enugu
R00265,O00055,click,1764823906,mobile,Enugu
R00266,O00016,redeem,1737305789,mobile,Ibadan
R00266,O00080,impression,1738450372,mobile,Ibadan
R00266,O00017,impression,1740259856,mobile,Ibadan
R00266,O00073,click,1742437395,mobile,Ibadan
R00266,O00016,click,1747810359,mobile,Ibadan
R00266,O00019,impression,1747813617,mobile,Ibadan
R00266,O00019,click,1751083922,mobile,Ibadan
R00266,O00013,click,1754634957,mobile,Ibadan
R00266,O00080,impression,1757826021,mobile,Ibadan
R00266,O00013,impression,1759757394,mobile,Ibadan
R00267,O00005,impression,1738038155,tablet,Enugu
R00267,O00005,impression,1740254001,tablet,Enugu
R00267,O00105,impression,1743436175,tablet,Enugu
R00267,O00018,redeem,1749255891,tablet,Enugu
R00267,O00018,impression,1749596984,tablet,Enugu
R00267,O00105,impression,1750875812,tablet,Enugu
R00267,O00018,impression,1757446295,tablet,Enugu
R00267,O00018,impression,1759146672,tablet,Enugu
R00267,O00105,impression,1761289626,tablet,Enugu
R00268,O00094,impression,1740927606,web,Ibadan
R00268,O00113,click,1743150980,web,Ibadan
R00268,O00108,impression,1743686582,web,Ibadan
R00268,O00076,click,1749746909,web,Ibadan
R00268,O00046,impression,1750196030,web,Ibadan
R00268,O00075,redeem,1753841826,web,Ibadan
R00268,O00034,click,1758222058,web,Ibadan
R00268,O00115,impression,1765384311,web,Ibadan
R00268,O00081,click,1765893167,web,Ibadan
R00269,O00009,impression,1736567540,web,Enugu
R00269,O00023,click,1738023776,web,Enugu
R00269,O00100,impression,1744084956,web,Enugu
R00269,O00084,impression,1754259221,web,Enugu
R00269,O00049,impression,1758432478,web,Enugu
R00269,O00009,impression,1759144765,web,Enugu
R00269,O00120,click,1761919262,web,Enugu
R00270,O00109,impression,1739233694,web,Abuja
R00270,O00033,impression,1746281937,web,Abuja
R00270,O00061,impression,1747312833,web,Abuja
R00270,O00063,click,1749673307,web,Abuja
R00270,O00096,click,1759594450,web,Abuja
R00270,O00069,redeem,1762476033,web,Abuja
R00270,O00065,click,1762520489,web,Abuja
R00270,O00019,redeem,1763431800,web,Abuja
R00270,O00034,impression,1764974751,web,Abuja
R00271,O00032,click,1747528075,mobile,Port Harcourt
R00271,O00114,click,1750975838,mobile,Port Harcourt
R00271,O00001,impression,1751510378,mobile,Port Harcourt
R00271,O00090,impression,1753800241,mobile,Port Harcourt
R00271,O00084,impression,1754379841,mobile,Port Harcourt
R00272,O00039,redeem,1744079254,web,Lagos
R00272,O00075,impression,1750078740,web,Lagos
R00272,O00083,click,1762826450,web,Lagos
R00272,O00034,click,1766831212,web,Lagos
R00273,O00041,impression,1742122207,mobile,Enugu
R00273,O00041,impression,1749819951,mobile,Enugu
R00273,O00090,impression,1751324298,mobile,Enugu
R00273,O00013,impression,1751577146,mobile,Enugu
R00273,O00037,impression,1755688204,mobile,Enugu
R00273,O00077,click,1757233328,mobile,Enugu
R00273,O00013,impression,1759560546,mobile,Enugu
R00273,O00117,impression,1762875638,mobile,Enugu
R00273,O00056,impression,1763249631,mobile,Enugu
R00273,O00117,click,1765549714,mobile,Enugu
R00274,O00040,click,1739992835,mobile,Lagos
R00274,O00021,impression,1740170253,mobile,Lagos
R00274,O00039,click,1743583328,mobile,Lagos
R00274,O00016,impression,1748790824,mobile,Lagos
R00274,O00111,click,1754817967,mobile,Lagos
R00274,O00118,impression,1755787962,mobile,Lagos
R00275,O00028,impression,1742185236,web,Port Harcourt
R00275,O00097,impression,1745662618,web,Port Harcourt
R00275,O00021,click,1753106619,web,Port Harcourt
R00275,O00021,click,1759428229,web,Port Harcourt
R00276,O00119,click,1739758061,web,Enugu
R00276,O00046,click,1752161201,web,Enugu
R00276,O00068,click,1755571729,web,Enugu
R00276,O00053,impression,1764802544,web,Enugu
R00277,O00040,impression,1739269314,tablet,Lagos
R00277,O00115,impression,1739957683,tablet,Lagos
R00277,O00044,click,1742035406,tablet,Lagos
R00277,O00022,impression,1746362457,tablet,Lagos
R00277,O00075,impression,1760174884,tablet,Lagos
R00278,O00104,impression,1743498505,mobile,Abuja
R00278,O00092,click,1747082053,mobile,Abuja
R00278,O00062,redeem,1751978188,mobile,Abuja
R00278,O00038,click,1759070739,mobile,Abuja
R00278,O00060,click,1760741254,mobile,Abuja
R00278,O00089,impression,1762866879,mobile,Abuja
R00278,O00099,impression,1764569234,mobile,Abuja
R00278,O00072,click,1766502776,mobile,Abuja
R00279,O00027,click,1737110528,tablet,Ibadan
R00279,O00117,click,1742725886,tablet,Ibadan
R00279,O00056,impression,1743409117,tablet,Ibadan
R00279,O00043,click,1743493869,tablet,Ibadan
R00279,O00077,click,1744028173,tablet,Ibadan
R00279,O00027,click,1750241047,tablet,Ibadan
R00279,O00027,impression,1758327740,tablet,Ibadan
R00279,O00094,impression,1762782875,tablet,Ibadan
R00279,O00077,click,1766708996,tablet,Ibadan
R00280,O00047,redeem,1737808538,web,Ibadan
R00280,O00112,click,1738483511,web,Ibadan
R00280,O00024,impression,1741431529,web,Ibadan
R00280,O00103,redeem,1743520842,web,Ibadan
R00280,O00047,impression,1744159638,web,Ibadan
R00280,O00112,click,1746076791,web,Ibadan
R00280,O00024,click,1759470683,web,Ibadan
R00280,O00089,click,1764116940,web,Ibadan
R00280,O00047,click,1764433549,web,Ibadan
R00281,O00014,impression,1736515177,mobile,Port Harcourt
R00281,O00078,impression,1737274290,mobile,Port Harcourt
R00281,O00018,click,1739534915,mobile,Port Harcourt
R00281,O00078,click,1741299731,mobile,Port Harcourt
R00281,O00078,impression,1742276625,mobile,Port Harcourt
R00281,O00014,redeem,1744261557,mobile,Port Harcourt
R00281,O00005,redeem,1746399873,mobile,Port Harcourt
R00281,O00029,impression,1749722581,mobile,Port Harcourt
R00281,O00005,click,1750372341,mobile,Port Harcourt
R00282,O00032,impression,1737306141,tablet,Abuja
R00282,O00072,click,1741492162,tablet,Abuja
R00282,O00082,impression,1744895894,tablet,Abuja
R00282,O00030,impression,1756579819,tablet,Abuja
R00283,O00064,impression,1746722003,mobile,Ibadan
R00283,O00008,click,1747605578,mobile,Ibadan
R00283,O00072,click,1749394414,mobile,Ibadan
R00283,O00009,click,1749563043,mobile,Ibadan
R00283,O00102,click,1751381668,mobile,Ibadan
R00283,O00032,impression,1754655672,mobile,Ibadan
R00283,O00036,impression,1757561853,mobile,Ibadan
R00283,O00008,impression,1761958179,mobile,Ibadan
R00283,O00084,impression,1763070506,mobile,Ibadan
R00283,O00002,click,1765711116,mobile,Ibadan
R00284,O00072,impression,1736656825,tablet,Port Harcourt
R00284,O00038,click,1738146437,tablet,Port Harcourt
R00284,O00038,impression,1738234194,tablet,Port Harcourt
R00284,O00038,impression,1745302626,tablet,Port Harcourt
R00284,O00089,impression,1746438492,tablet,Port Harcourt
R00284,O00003,click,1748574986,tablet,Port Harcourt
R00284,O00013,impression,1752746282,tablet,Port Harcourt
R00284,O00117,impression,1756792175,tablet,Port Harcourt
R00284,O00097,impression,1760119321,tablet,Port Harcourt
R00284,O00060,impression,1766916376,tablet,Port Harcourt
R00285,O00041,impression,1735779405,mobile,Abuja
R00285,O00037,redeem,1739180592,mobile,Abuja
R00285,O00027,click,1744039623,mobile,Abuja
R00285,O00041,click,1748573324,mobile,Abuja
R00285,O00037,click,1764144991,mobile,Abuja
R00286,O00023,click,1737383967,web,Lagos
R00286,O00054,click,1738611117,web,Lagos
R00286,O00088,impression,1751010316,web,Lagos
R00286,O00081,click,1754272093,web,Lagos
R00286,O00106,click,1755984910,web,Lagos
R00286,O00088,click,1756414498,web,Lagos
R00286,O00023,impression,1765042000,web,Lagos
R00287,O00040,click,1739936546,web,Lagos
R00287,O00003,click,1741703627,web,Lagos
R00287,O00038,impression,1745719452,web,Lagos
R00287,O00038,impression,1748958051,web,Lagos
R00287,O00072,impression,1752112884,web,Lagos
R00287,O00010,redeem,1754448788,web,Lagos
R00287,O00099,redeem,1756352893,web,Lagos
R00287,O00089,impression,1757053287,web,Lagos
R00287,O00099,click,1758072192,web,Lagos
R00287,O00116,impression,1763579179,web,Lagos
R00288,O00072,impression,1745662352,mobile,Abuja
R00288,O00043,click,1746750335,mobile,Abuja
R00288,O00033,click,1751116083,mobile,Abuja
R00288,O00048,impression,1759874135,mobile,Abuja
R00289,O00079,impression,1746415059,mobile,Abuja
R00289,O00061,impression,1753100451,mobile,Abuja
R00289,O00106,impression,1761278698,mobile,Abuja
R00289,O00052,impression,1766316787,mobile,Abuja
R00290,O00019,impression,1738180144,web,Lagos
R00290,O00056,impression,1740466548,web,Lagos
R00290,O00089,click,1746968855,web,Lagos
R00290,O00056,impression,1747948821,web,Lagos
R00290,O00056,impression,1749271455,web,Lagos
R00290,O00070,click,1755249288,web,Lagos
R00291,O00017,click,1736150852,web,Ibadan
R00291,O00038,click,1744294809,web,Ibadan
R00291,O00060,click,1746070186,web,Ibadan
R00291,O00055,impression,1748949661,web,Ibadan
R00291,O00026,impression,1760588031,web,Ibadan
R00291,O00092,impression,1760903939,web,Ibadan
R00292,O00005,click,1738425728,mobile,Abuja
R00292,O00035,click,1741522136,mobile,Abuja
R00292,O00005,click,1754447316,mobile,Abuja
R00292,O00018,impression,1765706612,mobile,Abuja
R00293,O00110,click,1738238158,web,Lagos
R00293,O00100,click,1745612120,web,Lagos
R00293,O00001,click,1746589742,web,Lagos
R00293,O00110,impression,1748041857,web,Lagos
R00293,O00035,impression,1748627569,web,Lagos
R00293,O00044,click,1750572041,web,Lagos
R00293,O00032,redeem,1754176779,web,Lagos
R00293,O00084,impression,1754986548,web,Lagos
R00293,O00066,impression,1758299805,web,Lagos
R00293,O00114,impression,1766250534,web,Lagos
R00294,O00081,click,1744275178,web,Ibadan
R00294,O00023,click,1744931387,web,Ibadan
R00294,O00106,click,1746626250,web,Ibadan
R00294,O00088,click,1751575842,web,Ibadan
R00294,O00088,impression,1755733128,web,Ibadan
R00294,O00081,click,1756398029,web,Ibadan
R00294,O00106,redeem,1756985138,web,Ibadan
R00294,O00106,click,1765464630,web,Ibadan
R00295,O00023,impression,1738999334,mobile,Enugu
R00295,O00106,impression,1740942108,mobile,Enugu
R00295,O00039,impression,1751011722,mobile,Enugu
R00295,O00081,impression,1753152340,mobile,Enugu
R00295,O00106,impression,1755524905,mobile,Enugu
R00295,O00023,click,1765999531,mobile,Enugu
R00296,O00109,redeem,1738672339,tablet,Ibadan
R00296,O00116,impression,1743858544,tablet,Ibadan
R00296,O00003,impression,1753869745,tablet,Ibadan
R00296,O00107,click,1759168144,tablet,Ibadan
R00296,O00099,click,1760311041,tablet,Ibadan
R00296,O00072,impression,1760470296,tablet,Ibadan
R00296,O00025,redeem,1761781385,tablet,Ibadan
R00296,O00002,redeem,1763574595,tablet,Ibadan
R00297,O00045,impression,1738355061,web,Port Harcourt
R00297,O00028,impression,1739203395,web,Port Harcourt
R00297,O00079,impression,1742988719,web,Port Harcourt
R00297,O00028,impression,1746777621,web,Port Harcourt
R00297,O00052,impression,1748443363,web,Port Harcourt
R00297,O00052,click,1755974782,web,Port Harcourt
R00298,O00103,impression,1739570592,tablet,Abuja
R00298,O00103,click,1750540194,tablet,Abuja
R00298,O00024,click,1750762333,tablet,Abuja
R00298,O00048,redeem,1758534776,tablet,Abuja
R00298,O00112,impression,1760561906,tablet,Abuja
R00298,O00047,impression,1765152044,tablet,Abuja
R00298,O00024,click,1766054592,tablet,Abuja
R00299,O00102,impression,1742257879,tablet,Port Harcourt
R00299,O00102,impression,1757451486,tablet,Port Harcourt
R00299,O00100,click,1761245962,tablet,Port Harcourt
R00299,O00110,impression,1764660778,tablet,Port Harcourt
R00299,O00066,impression,1765323548,tablet,Port Harcourt
R00299,O00097,impression,1766570440,tablet,Port Harcourt
R00300,O00034,redeem,1739070536,tablet,Lagos
R00300,O00075,impression,1742665451,tablet,Lagos
R00300,O00038,impression,1748645777,tablet,Lagos
R00300,O00098,click,1748865582,tablet,Lagos
R00300,O00085,click,1754034583,tablet,Lagos
R00300,O00044,impression,1757660809,tablet,Lagos
R00300,O00098,click,1764551553,tablet,Lagos
R00301,O00065,click,1744160152,mobile,Enugu
R00301,O00033,click,1752846550,mobile,Enugu
R00301,O00069,impression,1752893011,mobile,Enugu
R00301,O00012,click,1757485465,mobile,Enugu
R00301,O00069,click,1758062213,mobile,Enugu
R00301,O00030,impression,1758112768,mobile,Enugu
R00301,O00063,click,1759894575,mobile,Enugu
R00301,O00004,click,1764012213,mobile,Enugu
R00301,O00063,impression,1765936523,mobile,Enugu
R00302,O00060,redeem,1744891551,mobile,Enugu
R00302,O00082,impression,1752073885,mobile,Enugu
R00302,O00109,impression,1760091144,mobile,Enugu
R00302,O00089,click,1763561270,mobile,Enugu
R00302,O00082,impression,1764832378,mobile,Enugu
R00303,O00003,impression,1735851668,tablet,Port Harcourt
R00303,O00003,redeem,1743748145,tablet,Port Harcourt
R00303,O00069,click,1744272286,tablet,Port Harcourt
R00303,O00116,click,1755368898,tablet,Port Harcourt
R00303,O00002,redeem,1757744824,tablet,Port Harcourt
R00303,O00104,click,1760613823,tablet,Port Harcourt
R00303,O00092,impression,1761358835,tablet,Port Harcourt
R00304,O00055,impression,1743620148,web,Ibadan
R00304,O00019,impression,1744173057,web,Ibadan
R00304,O00013,impression,1751665502,web,Ibadan
R00304,O00080,redeem,1751814301,web,Ibadan
R00304,O00080,click,1751897909,web,Ibadan
R00304,O00030,impression,1752145219,web,Ibadan
R00304,O00087,click,1759107381,web,Ibadan
R00304,O00073,click,1759111791,web,Ibadan
R00304,O00013,impression,1764407840,web,Ibadan
R00304,O00119,impression,1764657223,web,Ibadan
R00305,O00083,click,1740884714,web,Port Harcourt
R00305,O00085,impression,1742849915,web,Port Harcourt
R00305,O00076,redeem,1742946598,web,Port Harcourt
R00305,O00076,redeem,1744812670,web,Port Harcourt
R00305,O00019,impression,1747634800,web,Port Harcourt
R00305,O00094,click,1754834580,web,Port Harcourt
R00305,O00014,impression,1756337786,web,Port Harcourt
R00305,O00108,click,1758788505,web,Port Harcourt
R00306,O00087,impression,1736160881,tablet,Port Harcourt
R00306,O00036,impression,1736933815,tablet,Port Harcourt
R00306,O00010,impression,1740180574,tablet,Port Harcourt
R00306,O00010,impression,1749494474,tablet,Port Harcourt
R00306,O00003,click,1763293680,tablet,Port Harcourt
R00306,O00010,click,1763544283,tablet,Port Harcourt
R00307,O00115,click,1742200520,web,Abuja
R00307,O00108,impression,1742478113,web,Abuja
R00307,O00118,impression,1745952236,web,Abuja
R00307,O00034,impression,1759012265,web,Abuja
R00307,O00039,impression,1760606491,web,Abuja
R00307,O00092,click,1760993978,web,Abuja
R00307,O00083,click,1761866729,web,Abuja
R00307,O00076,impression,1766762027,web,Abuja
R00308,O00001,click,1742496980,tablet,Abuja
R00308,O00094,impression,1744596146,tablet,Abuja
R00308,O00094,impression,1749447900,tablet,Abuja
R00308,O00094,click,1754331856,tablet,Abuja
R00308,O00039,impression,1755806158,tablet,Abuja
R00308,O00018,click,1757692567,tablet,Abuja
R00308,O00044,impression,1761862995,tablet,Abuja
R00308,O00044,click,1762320200,tablet,Abuja
R00308,O00115,click,1763415882,tablet,Abuja
R00308,O00015,impression,1765529513,tablet,Abuja
R00309,O00093,impression,1739770207,mobile,Enugu
R00309,O00053,impression,1745216399,mobile,Enugu
R00309,O00106,impression,1745608338,mobile,Enugu
R00309,O00045,impression,1756856934,mobile,Enugu
R00309,O00031,impression,1757939171,mobile,Enugu
R00309,O00031,click,1757986227,mobile,Enugu
R00310,O00058,click,1736599819,mobile,Port Harcourt
R00310,O00101,click,1740155230,mobile,Port Harcourt
R00310,O00012,click,1740304615,mobile,Port Harcourt
R00310,O00057,click,1745286715,mobile,Port Harcourt
R00310,O00051,click,1746692783,mobile,Port Harcourt
R00310,O00090,redeem,1749794953,mobile,Port Harcourt
R00311,O00034,impression,1735868844,mobile,Abuja
R00311,O00076,impression,1736371583,mobile,Abuja
R00311,O00111,click,1749339305,mobile,Abuja
R00311,O00044,impression,1758144235,mobile,Abuja
R00311,O00034,click,1758691976,mobile,Abuja
R00311,O00075,redeem,1760649822,mobile,Abuja
R00311,O00118,impression,1764537229,mobile,Abuja
R00312,O00118,click,1743652202,web,Ibadan
R00312,O00083,click,1745279743,web,Ibadan
R00312,O00098,impression,1746580541,web,Ibadan
R00312,O00040,impression,1753311732,web,Ibadan
R00312,O00094,impression,1757324342,web,Ibadan
R00312,O00044,impression,1766818609,web,Ibadan
R00313,O00105,click,1737824651,tablet,Lagos
R00313,O00109,impression,1744295835,tablet,Lagos
R00313,O00089,impression,1752696948,tablet,Lagos
R00313,O00060,impression,1755186303,tablet,Lagos
R00313,O00116,click,1756292963,tablet,Lagos
R00313,O00082,click,1766409825,tablet,Lagos
R00314,O00036,click,1754002415,web,Port Harcourt
R00314,O00010,impression,1758639067,web,Port Harcourt
R00314,O00116,impression,1759735801,web,Port Harcourt
R00314,O00002,impression,1760161934,web,Port Harcourt
R00314,O00036,impression,1760502937,web,Port Harcourt
R00315,O00073,impression,1737217781,mobile,Enugu
R00315,O00115,impression,1753487405,mobile,Enugu
R00315,O00087,impression,1754485431,mobile,Enugu
R00315,O00019,impression,1755267969,mobile,Enugu
R00315,O00108,impression,1757950447,mobile,Enugu
R00315,O00073,impression,1761338592,mobile,Enugu
R00315,O00059,impression,1761545105,mobile,Enugu
R00315,O00017,click,1762381569,mobile,Enugu
R00315,O00018,impression,1763184937,mobile,Enugu
R00316,O00027,click,1742938936,mobile,Enugu
R00316,O00043,redeem,1746483189,mobile,Enugu
R00316,O00077,click,1752407643,mobile,Enugu
R00316,O00041,redeem,1756987235,mobile,Enugu
R00316,O00027,impression,1766011919,mobile,Enugu
R00317,O00063,redeem,1739840880,tablet,Enugu
R00317,O00065,impression,1741545574,tablet,Enugu
R00317,O00063,click,1756322669,tablet,Enugu
R00317,O00006,impression,1758166935,tablet,Enugu
R00317,O00042,impression,1760630104,tablet,Enugu
R00317,O00006,impression,1761615908,tablet,Enugu
R00317,O00048,click,1764084227,tablet,Enugu
R00317,O00048,click,1766462676,tablet,Enugu
R00318,O00021,redeem,1736422142,tablet,Abuja
R00318,O00096,impression,1736632148,tablet,Abuja
R00318,O00047,impression,1739551716,tablet,Abuja
R00318,O00024,impression,1741027810,tablet,Abuja
R00318,O00026,impression,1744637757,tablet,Abuja
R00318,O00103,redeem,1747727894,tablet,Abuja
R00318,O00096,impression,1753945458,tablet,Abuja
R00318,O00096,impression,1754013640,tablet,Abuja
R00318,O00096,impression,1758440165,tablet,Abuja
R00318,O00024,redeem,1761258884,tablet,Abuja
R00319,O00022,impression,1736842279,tablet,Abuja
R00319,O00015,redeem,1739822609,tablet,Abuja
R00319,O00076,click,1744605144,tablet,Abuja
R00319,O00044,impression,1745512920,tablet,Abuja
R00319,O00098,impression,1750600321,tablet,Abuja
R00319,O00084,impression,1753686368,tablet,Abuja
R00319,O00111,impression,1757846715,tablet,Abuja
R00319,O00115,click,1763892873,tablet,Abuja
R00320,O00093,click,1748849536,tablet,Abuja
R00320,O00095,redeem,1751230684,tablet,Abuja
R00320,O00032,impression,1758299354,tablet,Abuja
R00320,O00009,impression,1761813625,tablet,Abuja
R00321,O00068,click,1739413456,web,Lagos
R00321,O00095,impression,1739709818,web,Lagos
R00321,O00068,impression,1740252673,web,Lagos
R00321,O00068,redeem,1747541455,web,Lagos
R00321,O00052,impression,1749007341,web,Lagos
R00321,O00105,click,1752461331,web,Lagos
R00322,O00047,impression,1739858175,mobile,Enugu
R00322,O00047,impression,1742616327,mobile,Enugu
R00322,O00112,impression,1746824891,mobile,Enugu
R00322,O00112,impression,1754571324,mobile,Enugu
R00322,O00096,redeem,1759092536,mobile,Enugu
R00322,O00096,impression,1761044596,mobile,Enugu
R00322,O00047,click,1765601531,mobile,Enugu
R00323,O00119,impression,1738489465,mobile,Enugu
R00323,O00095,click,1738665836,mobile,Enugu
R00323,O00068,impression,1739887122,mobile,Enugu
R00323,O00065,click,1740741489,mobile,Enugu
R00323,O00068,impression,1741876290,mobile,Enugu
R00323,O00085,impression,1750123251,mobile,Enugu
R00323,O00043,impression,1759108141,mobile,Enugu
R00323,O00112,click,1761727768,mobile,Enugu
R00323,O00059,impression,1761823498,mobile,Enugu
R00324,O00001,click,1747220959,web,Port Harcourt
R00324,O00049,impression,1752472471,web,Port Harcourt
R00324,O00110,impression,1758116617,web,Port Harcourt
R00324,O00027,click,1758639355,web,Port Harcourt
R00325,O00103,click,1739239770,tablet,Port Harcourt
R00325,O00014,click,1748775486,tablet,Port Harcourt
R00325,O00035,click,1752531675,tablet,Port Harcourt
R00325,O00014,impression,1753593408,tablet,Port Harcourt
R00325,O00069,impression,1765489639,tablet,Port Harcourt
R00326,O00002,impression,1741539798,mobile,Lagos
R00326,O00051,impression,1743913422,mobile,Lagos
R00326,O00036,click,1744291197,mobile,Lagos
R00326,O00072,impression,1746805189,mobile,Lagos
R00326,O00089,click,1747058158,mobile,Lagos
R00326,O00109,click,1747520872,mobile,Lagos
R00326,O00060,impression,1749664366,mobile,Lagos
R00326,O00038,impression,1762096504,mobile,Lagos
R00327,O00085,impression,1736305576,tablet,Enugu
R00327,O00118,click,1752345438,tablet,Enugu
R00327,O00034,impression,1754555349,tablet,Enugu
R00327,O00083,impression,1756387314,tablet,Enugu
R00327,O00094,click,1757530076,tablet,Enugu
R00327,O00085,impression,1758596585,tablet,Enugu
R00327,O00081,impression,1758952538,tablet,Enugu
R00327,O00033,impression,1759529723,tablet,Enugu
R00327,O00081,click,1762220944,tablet,Enugu
R00327,O00015,click,1762912539,tablet,Enugu
R00328,O00061,impression,1741981948,mobile,Ibadan
R00328,O00033,impression,1742305263,mobile,Ibadan
R00328,O00059,impression,1744830931,mobile,Ibadan
R00328,O00043,redeem,1754898788,mobile,Ibadan
R00328,O00046,click,1757280219,mobile,Ibadan
R00328,O00043,impression,1757410360,mobile,Ibadan
R00328,O00095,impression,1757576336,mobile,Ibadan
R00329,O00038,impression,1737398476,mobile,Enugu
R00329,O00010,impression,1739452592,mobile,Enugu
R00329,O00089,click,1742606821,mobile,Enugu
R00329,O00003,impression,1745045713,mobile,Enugu
R00329,O00058,impression,1752916478,mobile,Enugu
R00329,O00116,impression,1763334120,mobile,Enugu
R00329,O00055,click,1763344860,mobile,Enugu
R00329,O00031,redeem,1763631536,mobile,Enugu
R00330,O00077,redeem,1739254414,web,Lagos
R00330,O00079,impression,1742408556,web,Lagos
R00330,O00011,redeem,1752460581,web,Lagos
R00330,O00011,click,1753540022,web,Lagos
R00330,O00067,impression,1755189713,web,Lagos
R00330,O00011,redeem,1758831366,web,Lagos
R00330,O00091,impression,1761227339,web,Lagos
R00330,O00007,impression,1765838265,web,Lagos
R00331,O00080,click,1745050069,tablet,Port Harcourt
R00331,O00066,click,1745694597,tablet,Port Harcourt
R00331,O00057,click,1745780738,tablet,Port Harcourt
R00331,O00051,click,1748301698,tablet,Port Harcourt
R00331,O00005,click,1751722682,tablet,Port Harcourt
R00331,O00057,redeem,1754455642,tablet,Port Harcourt
R00331,O00058,click,1757108949,tablet,Port Harcourt
R00331,O00020,click,1758904275,tablet,Port Harcourt
R00331,O00003,click,1761060895,tablet,Port Harcourt
R00331,O00002,click,1766517131,tablet,Port Harcourt
R00332,O00097,impression,1738469367,tablet,Port Harcourt
R00332,O00021,impression,1746386189,tablet,Port Harcourt
R00332,O00085,click,1746980393,tablet,Port Harcourt
R00332,O00006,impression,1753520376,tablet,Port Harcourt
R00332,O00004,impression,1754712329,tablet,Port Harcourt
R00332,O00021,impression,1760288112,tablet,Port Harcourt
R00332,O00007,redeem,1765587655,tablet,Port Harcourt
R00333,O00064,click,1742390836,web,Port Harcourt
R00333,O00102,impression,1742646980,web,Port Harcourt
R00333,O00008,impression,1743630252,web,Port Harcourt
R00333,O00120,click,1745608443,web,Port Harcourt
R00333,O00102,redeem,1748910566,web,Port Harcourt
R00333,O00110,impression,1759823016,web,Port Harcourt
R00333,O00120,impression,1759973047,web,Port Harcourt
R00333,O00100,impression,1764939728,web,Port Harcourt
R00334,O00073,redeem,1743625641,tablet,Port Harcourt
R00334,O00021,impression,1746589800,tablet,Port Harcourt
R00334,O00116,redeem,1747643972,tablet,Port Harcourt
R00334,O00087,impression,1752113507,tablet,Port Harcourt
R00334,O00019,impression,1753215656,tablet,Port Harcourt
R00334,O00080,click,1758963862,tablet,Port Harcourt
R00335,O00116,impression,1740695286,web,Lagos
R00335,O00036,impression,1741349218,web,Lagos
R00335,O00060,click,1743425080,web,Lagos
R00335,O00092,impression,1747388563,web,Lagos
R00335,O00003,impression,1748944377,web,Lagos
R00335,O00109,impression,1755778616,web,Lagos
R00335,O00092,impression,1761657222,web,Lagos
R00336,O00021,impression,1740378206,web,Lagos
R00336,O00079,impression,1742297016,web,Lagos
R00336,O00028,impression,1742678568,web,Lagos
R00336,O00021,click,1747132428,web,Lagos
R00336,O00052,impression,1747283672,web,Lagos
R00336,O00079,impression,1749000552,web,Lagos
R00336,O00024,impression,1753351830,web,Lagos
R00336,O00048,impression,1763893381,web,Lagos
R00337,O00001,impression,1749462501,web,Enugu
R00337,O00066,impression,1751568449,web,Enugu
R00337,O00001,click,1752624422,web,Enugu
R00337,O00066,click,1761081571,web,Enugu
R00337,O00001,impression,1761440727,web,Enugu
R00337,O00079,click,1764178115,web,Enugu
R00338,O00051,impression,1752259884,tablet,Ibadan
R00338,O00049,click,1756437034,tablet,Ibadan
R00338,O00043,impression,1756886889,tablet,Ibadan
R00338,O00100,impression,1760382395,tablet,Ibadan
R00338,O00032,impression,1761873394,tablet,Ibadan
R00338,O00001,click,1761943178,tablet,Ibadan
R00338,O00011,click,1763185555,tablet,Ibadan
R00338,O00033,click,1764531127,tablet,Ibadan
R00338,O00102,redeem,1765146344,tablet,Ibadan
R00339,O00107,impression,1741220866,mobile,Lagos
R00339,O00109,impression,1742663991,mobile,Lagos
R00339,O00116,click,1743165998,mobile,Lagos
R00339,O00055,click,1757368739,mobile,Lagos
R00339,O00003,impression,1759563943,mobile,Lagos
R00340,O00012,click,1747090554,web,Enugu
R00340,O00033,click,1751987739,web,Enugu
R00340,O00063,impression,1752737259,web,Enugu
R00340,O00048,impression,1753501879,web,Enugu
R00340,O00069,click,1755098223,web,Enugu
R00340,O00004,click,1757200981,web,Enugu
R00340,O00024,impression,1757485505,web,Enugu
R00340,O00048,impression,1763475635,web,Enugu
R00340,O00065,impression,1765948487,web,Enugu
R00340,O00065,redeem,1766085618,web,Enugu
R00341,O00057,click,1738508210,mobile,Enugu
R00341,O00071,impression,1739038424,mobile,Enugu
R00341,O00070,redeem,1741498591,mobile,Enugu
R00341,O00049,impression,1744097655,mobile,Enugu
R00341,O00101,impression,1744646012,mobile,Enugu
R00341,O00057,impression,1746246966,mobile,Enugu
R00341,O00101,impression,1750810281,mobile,Enugu
R00341,O00051,click,1752797988,mobile,Enugu
R00341,O00057,impression,1758877011,mobile,Enugu
R00341,O00101,impression,1760406881,mobile,Enugu
R00342,O00008,impression,1736830606,mobile,Enugu
R00342,O00001,impression,1738531520,mobile,Enugu
R00342,O00120,impression,1738908855,mobile,Enugu
R00342,O00100,redeem,1752351057,mobile,Enugu
R00342,O00110,impression,1758864696,mobile,Enugu
R00342,O00001,impression,1762145103,mobile,Enugu
R00342,O00009,click,1762527924,mobile,Enugu
R00342,O00110,click,1762940895,mobile,Enugu
R00342,O00102,impression,1764087780,mobile,Enugu
R00343,O00025,impression,1737559990,mobile,Ibadan
R00343,O00074,impression,1740371399,mobile,Ibadan
R00343,O00031,click,1742550029,mobile,Ibadan
R00343,O00104,impression,1745231051,mobile,Ibadan
R00343,O00025,redeem,1752438141,mobile,Ibadan
R00343,O00045,impression,1753957731,mobile,Ibadan
R00344,O00090,click,1738175824,mobile,Port Harcourt
R00344,O00090,redeem,1745457820,mobile,Port Harcourt
R00344,O00117,impression,1749227207,mobile,Port Harcourt
R00344,O00075,click,1751341130,mobile,Port Harcourt
R00344,O00105,redeem,1758204556,mobile,Port Harcourt
R00344,O00053,impression,1762412945,mobile,Port Harcourt
R00344,O00090,impression,1765213224,mobile,Port Harcourt
R00344,O00117,click,1765507765,mobile,Port Harcourt
R00345,O00110,click,1741026809,mobile,Port Harcourt
R00345,O00008,impression,1742405415,mobile,Port Harcourt
R00345,O00110,click,1744949213,mobile,Port Harcourt
R00345,O00102,impression,1749463177,mobile,Port Harcourt
R00345,O00008,impression,1755170384,mobile,Port Harcourt
R00346,O00096,redeem,1736056306,tablet,Enugu
R00346,O00103,click,1736755323,tablet,Enugu
R00346,O00103,impression,1740158716,tablet,Enugu
R00346,O00112,impression,1744499415,tablet,Enugu
R00346,O00047,impression,1745694113,tablet,Enugu
R00346,O00008,click,1747458907,tablet,Enugu
R00346,O00047,impression,1751550243,tablet,Enugu
R00346,O00112,click,1761143104,tablet,Enugu
R00346,O00096,redeem,1765995714,tablet,Enugu
R00347,O00099,click,1736130876,mobile,Port Harcourt
R00347,O00048,impression,1749577062,mobile,Port Harcourt
R00347,O00060,impression,1755612620,mobile,Port Harcourt
R00347,O00098,redeem,1761927168,mobile,Port Harcourt
R00348,O00119,click,1741491362,tablet,Abuja
R00348,O00068,impression,1746116042,tablet,Abuja
R00348,O00119,impression,1746409225,tablet,Abuja
R00348,O00108,redeem,1754546501,tablet,Abuja
R00348,O00095,redeem,1756367707,tablet,Abuja
R00349,O00046,redeem,1742953516,tablet,Port Harcourt
R00349,O00095,click,1759949606,tablet,Port Harcourt
R00349,O00046,click,1761190911,tablet,Port Harcourt
R00349,O00043,impression,1763767744,tablet,Port Harcourt
R00350,O00071,click,1738385298,web,Ibadan
R00350,O00039,click,1744979757,web,Ibadan
R00350,O00032,impression,1749429389,web,Ibadan
R00350,O00044,impression,1753818060,web,Ibadan
R00350,O00094,impression,1754026808,web,Ibadan
R00351,O00118,click,1738301241,tablet,Enugu
R00351,O00098,click,1747794218,tablet,Enugu
R00351,O00034,impression,1753349448,tablet,Enugu
R00351,O00104,click,1754197253,tablet,Enugu
R00351,O00098,impression,1762778316,tablet,Enugu
R00352,O00112,redeem,1736022366,mobile,Port Harcourt
R00352,O00086,click,1740576397,mobile,Port Harcourt
R00352,O00086,impression,1751131843,mobile,Port Harcourt
R00352,O00055,impression,1756997610,mobile,Port Harcourt
R00352,O00024,click,1763331708,mobile,Port Harcourt
R00352,O00096,impression,1763556901,mobile,Port Harcourt
R00352,O00103,click,1765473624,mobile,Port Harcourt
R00353,O00024,impression,1739677301,tablet,Port Harcourt
R00353,O00112,impression,1742792179,tablet,Port Harcourt
R00353,O00012,impression,1750974170,tablet,Port Harcourt
R00353,O00103,redeem,1759332903,tablet,Port Harcourt
R00353,O00047,impression,1766354279,tablet,Port Harcourt
R00354,O00032,impression,1736063004,tablet,Lagos
R00354,O00025,impression,1738979838,tablet,Lagos
R00354,O00026,click,1742756552,tablet,Lagos
R00354,O00093,impression,1743018744,tablet,Lagos
R00354,O00086,impression,1746628918,tablet,Lagos
R00354,O00030,redeem,1754564148,tablet,Lagos
R00354,O00026,impression,1755963473,tablet,Lagos
R00354,O00055,impression,1758674991,tablet,Lagos
R00354,O00050,click,1763564908,tablet,Lagos
R00355,O00095,click,1743820307,mobile,Ibadan
R00355,O00046,click,1748110851,mobile,Ibadan
R00355,O00119,click,1753790885,mobile,Ibadan
R00355,O00059,impression,1754524330,mobile,Ibadan
R00355,O00095,click,1757536894,mobile,Ibadan
R00355,O00095,click,1765018072,mobile,Ibadan
R00355,O00119,impression,1765222452,mobile,Ibadan
R00355,O00119,click,1765294807,mobile,Ibadan
R00356,O00029,redeem,1736211115,mobile,Abuja
R00356,O00097,impression,1737760688,mobile,Abuja
R00356,O00091,redeem,1743557182,mobile,Abuja
R00356,O00091,impression,1743894037,mobile,Abuja
R00356,O00067,impression,1745034317,mobile,Abuja
R00356,O00029,impression,1749362009,mobile,Abuja
R00356,O00029,click,1751945955,mobile,Abuja
R00356,O00025,impression,1754448964,mobile,Abuja
R00356,O00011,impression,1759295980,mobile,Abuja
R00356,O00067,impression,1766415467,mobile,Abuja
R00357,O00119,click,1747618257,mobile,Ibadan
R00357,O00046,impression,1752568001,mobile,Ibadan
R00357,O00068,impression,1752985517,mobile,Ibadan
R00357,O00083,click,1755253401,mobile,Ibadan
R00357,O00119,click,1765861625,mobile,Ibadan
R00357,O00068,impression,1766219408,mobile,Ibadan
R00358,O00075,click,1741611730,web,Port Harcourt
R00358,O00108,impression,1752420211,web,Port Harcourt
R00358,O00081,impression,1755354372,web,Port Harcourt
R00358,O00048,impression,1756584001,web,Port Harcourt
R00358,O00111,impression,1758392931,web,Port Harcourt
R00358,O00039,redeem,1762202354,web,Port Harcourt
R00358,O00085,impression,1765085992,web,Port Harcourt
R00358,O00083,impression,1765759167,web,Port Harcourt
R00358,O00040,impression,1766789702,web,Port Harcourt
R00359,O00042,redeem,1745947259,tablet,Abuja
R00359,O00100,click,1746168789,tablet,Abuja
R00359,O00086,redeem,1749095920,tablet,Abuja
R00359,O00110,impression,1754678877,tablet,Abuja
R00359,O00110,impression,1761085339,tablet,Abuja
R00359,O00102,click,1762335393,tablet,Abuja
R00360,O00020,click,1740380262,web,Enugu
R00360,O00016,click,1740588371,web,Enugu
R00360,O00016,redeem,1745232138,web,Enugu
R00360,O00087,click,1759159067,web,Enugu
R00360,O00073,impression,1766534710,web,Enugu
R00361,O00071,impression,1737976304,mobile,Ibadan
R00361,O00058,impression,1748033213,mobile,Ibadan
R00361,O00058,impression,1759674157,mobile,Ibadan
R00361,O00058,click,1761754516,mobile,Ibadan
R00361,O00020,impression,1765210768,mobile,Ibadan
R00361,O00020,redeem,1765651912,mobile,Ibadan
R00362,O00108,impression,1737073203,tablet,Ibadan
R00362,O00044,click,1749370954,tablet,Ibadan
R00362,O00076,redeem,1758090008,tablet,Ibadan
R00362,O00075,redeem,1760417855,tablet,Ibadan
R00362,O00098,impression,1762212026,tablet,Ibadan
R00362,O00039,impression,1762637810,tablet,Ibadan
R00362,O00011,redeem,1764703877,tablet,Ibadan
R00362,O00080,redeem,1766309032,tablet,Ibadan
R00363,O00063,click,1735958735,web,Enugu
R00363,O00048,impression,1738995796,web,Enugu
R00363,O00004,click,1746464339,web,Enugu
R00363,O00065,impression,1756759076,web,Enugu
R00363,O00069,redeem,1758923953,web,Enugu
R00363,O00030,impression,1764305964,web,Enugu
R00364,O00114,impression,1740997414,tablet,Ibadan
R00364,O00042,impression,1746943116,tablet,Ibadan
R00364,O00102,click,1748794567,tablet,Ibadan
R00364,O00049,impression,1759474340,tablet,Ibadan
R00364,O00100,redeem,1761524100,tablet,Ibadan
R00365,O00028,click,1741687613,mobile,Lagos
R00365,O00090,impression,1745254957,mobile,Lagos
R00365,O00026,click,1751661353,mobile,Lagos
R00365,O00021,impression,1752709293,mobile,Lagos
R00365,O00021,click,1753455459,mobile,Lagos
R00365,O00079,impression,1753973641,mobile,Lagos
R00365,O00052,impression,1756702573,mobile,Lagos
R00365,O00052,impression,1758631807,mobile,Lagos
R00365,O00028,impression,1761588140,mobile,Lagos
R00365,O00059,impression,1762804516,mobile,Lagos
R00366,O00103,click,1736451957,mobile,Port Harcourt
R00366,O00024,click,1739212774,mobile,Port Harcourt
R00366,O00096,impression,1743657390,mobile,Port Harcourt
R00366,O00047,impression,1748698425,mobile,Port Harcourt
R00366,O00024,redeem,1751283300,mobile,Port Harcourt
R00366,O00112,click,1752752012,mobile,Port Harcourt
R00366,O00024,impression,1757796378,mobile,Port Harcourt
R00366,O00109,click,1758831159,mobile,Port Harcourt
R00366,O00096,impression,1763699406,mobile,Port Harcourt
R00367,O00049,impression,1737593186,tablet,Enugu
R00367,O00032,impression,1739077586,tablet,Enugu
R00367,O00042,redeem,1747757839,tablet,Enugu
R00367,O00049,impression,1748918662,tablet,Enugu
R00367,O00066,click,1749119279,tablet,Enugu
R00367,O00008,impression,1749293552,tablet,Enugu
R00367,O00032,click,1758307749,tablet,Enugu
R00367,O00102,redeem,1759358389,tablet,Enugu
R00368,O00107,click,1740098802,mobile,Ibadan
R00368,O00107,impression,1742916479,mobile,Ibadan
R00368,O00072,impression,1745063178,mobile,Ibadan
R00368,O00116,impression,1752147102,mobile,Ibadan
R00368,O00104,redeem,1753794603,mobile,Ibadan
R00368,O00034,click,1756130742,mobile,Ibadan
R00368,O00104,impression,1756884378,mobile,Ibadan
R00368,O00107,click,1762721972,mobile,Ibadan
R00368,O00011,redeem,1764661900,mobile,Ibadan
R00368,O00071,redeem,1766231744,mobile,Ibadan
R00369,O00009,click,1736476313,mobile,Ibadan
R00369,O00120,redeem,1740473328,mobile,Ibadan
R00369,O00064,click,1748599250,mobile,Ibadan
R00369,O00008,click,1749261423,mobile,Ibadan
R00369,O00110,click,1759556066,mobile,Ibadan
R00369,O00102,impression,1759589341,mobile,Ibadan
R00369,O00042,redeem,1760468757,mobile,Ibadan
R00369,O00049,redeem,1760667604,mobile,Ibadan
R00370,O00111,impression,1736376652,tablet,Port Harcourt
R00370,O00115,impression,1736762370,tablet,Port Harcourt
R00370,O00039,redeem,1745027832,tablet,Port Harcourt
R00370,O00115,click,1746783371,tablet,Port Harcourt
R00370,O00075,impression,1747822517,tablet,Port Harcourt
R00370,O00075,impression,1759367748,tablet,Port Harcourt
R00370,O00044,click,1761015336,tablet,Port Harcourt
R00371,O00013,impression,1736290640,tablet,Abuja
R00371,O00033,impression,1749742049,tablet,Abuja
R00371,O00095,click,1752912223,tablet,Abuja
R00371,O00006,impression,1757857537,tablet,Abuja
R00371,O00062,impression,1765151203,tablet,Abuja
R00372,O00084,impression,1740174200,web,Enugu
R00372,O00084,impression,1744704394,web,Enugu
R00372,O00066,redeem,1751793384,web,Enugu
R00372,O00114,impression,1760056250,web,Enugu
R00372,O00001,impression,1763247117,web,Enugu
R00372,O00120,click,1763752939,web,Enugu
R00372,O00114,impression,1764440339,web,Enugu
R00373,O00028,impression,1740781808,tablet,Enugu
R00373,O00114,redeem,1741847693,tablet,Enugu
R00373,O00102,click,1743969044,tablet,Enugu
R00373,O00069,click,1748013559,tablet,Enugu
R00373,O00059,impression,1748682269,tablet,Enugu
R00373,O00064,impression,1755002990,tablet,Enugu
R00373,O00005,click,1761363683,tablet,Enugu
R00374,O00087,impression,1737896540,tablet,Port Harcourt
R00374,O00080,impression,1743467803,tablet,Port Harcourt
R00374,O00087,impression,1762593083,tablet,Port Harcourt
R00374,O00016,impression,1766055275,tablet,Port Harcourt
R00375,O00021,impression,1743415590,web,Enugu
R00375,O00108,impression,1745220003,web,Enugu
R00375,O00057,click,1756008538,web,Enugu
R00375,O00101,impression,1758741286,web,Enugu
R00375,O00101,click,1758946762,web,Enugu
R00375,O00051,impression,1760453785,web,Enugu
R00375,O00051,click,1760524596,web,Enugu
R00375,O00114,impression,1760789467,web,Enugu
R00375,O00071,impression,1763778100,web,Enugu
R00376,O00084,impression,1745091300,tablet,Ibadan
R00376,O00114,impression,1745641962,tablet,Ibadan
R00376,O00084,impression,1747731746,tablet,Ibadan
R00376,O00032,impression,1749919595,tablet,Ibadan
R00376,O00001,impression,1750776719,tablet,Ibadan
R00376,O00120,impression,1755547057,tablet,Ibadan
R00376,O00008,impression,1765805636,tablet,Ibadan
R00377,O00107,impression,1740768017,tablet,Lagos
R00377,O00107,click,1741258087,tablet,Lagos
R00377,O00116,click,1742644406,tablet,Lagos
R00377,O00107,impression,1752464556,tablet,Lagos
R00377,O00022,impression,1754488530,tablet,Lagos
R00377,O00116,click,1755514301,tablet,Lagos
R00377,O00092,impression,1755794647,tablet,Lagos
R00377,O00107,impression,1756001935,tablet,Lagos
R00377,O00060,click,1766587768,tablet,Lagos
R00378,O00033,impression,1736035841,mobile,Ibadan
R00378,O00004,impression,1737918683,mobile,Ibadan
R00378,O00012,click,1739759991,mobile,Ibadan
R00378,O00069,impression,1742109068,mobile,Ibadan
R00378,O00065,impression,1747548431,mobile,Ibadan
R00378,O00033,impression,1751792804,mobile,Ibadan
R00378,O00037,impression,1761597013,mobile,Ibadan
R00378,O00063,impression,1762408998,mobile,Ibadan
R00379,O00042,impression,1742194300,mobile,Abuja
R00379,O00049,redeem,1744403991,mobile,Abuja
R00379,O00001,impression,1753324307,mobile,Abuja
R00379,O00001,impression,1755858868,mobile,Abuja
R00379,O00104,impression,1766330625,mobile,Abuja
R00380,O00033,click,1743305220,mobile,Port Harcourt
R00380,O00063,impression,1747613980,mobile,Port Harcourt
R00380,O00069,click,1748892510,mobile,Port Harcourt
R00380,O00069,impression,1750451850,mobile,Port Harcourt
R00380,O00069,impression,1754651066,mobile,Port Harcourt
R00380,O00063,click,1761195690,mobile,Port Harcourt
R00381,O00054,impression,1736047065,mobile,Port Harcourt
R00381,O00088,impression,1740859816,mobile,Port Harcourt
R00381,O00081,impression,1750637748,mobile,Port Harcourt
R00381,O00088,impression,1751006033,mobile,Port Harcourt
R00381,O00054,impression,1752876468,mobile,Port Harcourt
R00381,O00081,impression,1760119609,mobile,Port Harcourt
R00381,O00023,impression,1761499639,mobile,Port Harcourt
R00381,O00054,impression,1762760189,mobile,Port Harcourt
R00382,O00002,impression,1738537333,mobile,Enugu
R00382,O00060,impression,1739143882,mobile,Enugu
R00382,O00010,impression,1741165692,mobile,Enugu
R00382,O00082,click,1744783449,mobile,Enugu
R00382,O00055,impression,1747808808,mobile,Enugu
R00382,O00061,redeem,1756813424,mobile,Enugu
R00382,O00072,click,1756825413,mobile,Enugu
R00382,O00104,impression,1757414064,mobile,Enugu
R00383,O00024,impression,1744260099,web,Port Harcourt
R00383,O00096,impression,1747524353,web,Port Harcourt
R00383,O00112,impression,1753434138,web,Port Harcourt
R00383,O00103,impression,1756333893,web,Port Harcourt
R00383,O00024,click,1760240663,web,Port Harcourt
R00384,O00060,click,1736121730,mobile,Lagos
R00384,O00038,impression,1740680016,mobile,Lagos
R00384,O00084,click,1760475903,mobile,Lagos
R00384,O00082,impression,1760816080,mobile,Lagos
R00384,O00003,click,1761900442,mobile,Lagos
R00384,O00095,impression,1763163618,mobile,Lagos
R00384,O00060,click,1764431370,mobile,Lagos
R00384,O00116,impression,1765454095,mobile,Lagos
R00385,O00075,redeem,1740603244,mobile,Enugu
R00385,O00022,impression,1741307463,mobile,Enugu
R00385,O00067,click,1756933894,mobile,Enugu
R00385,O00040,impression,1762786661,mobile,Enugu
R00386,O00099,click,1741194056,tablet,Enugu
R00386,O00038,impression,1743045550,tablet,Enugu
R00386,O00055,click,1747464249,tablet,Enugu
R00386,O00089,impression,1762655059,tablet,Enugu
R00387,O00080,click,1736429081,mobile,Ibadan
R00387,O00016,impression,1741246604,mobile,Ibadan
R00387,O00087,click,1742335782,mobile,Ibadan
R00387,O00043,click,1745486705,mobile,Ibadan
R00387,O00042,redeem,1754030376,mobile,Ibadan
R00387,O00073,impression,1754463847,mobile,Ibadan
R00387,O00016,click,1759954103,mobile,Ibadan
R00387,O00112,click,1763226610,mobile,Ibadan
R00388,O00089,click,1737188078,tablet,Abuja
R00388,O00117,click,1752848161,tablet,Abuja
R00388,O00087,impression,1758337392,tablet,Abuja
R00388,O00053,click,1759240861,tablet,Abuja
R00389,O00027,impression,1741289634,web,Port Harcourt
R00389,O00090,impression,1747890983,web,Port Harcourt
R00389,O00117,click,1754426857,web,Port Harcourt
R00389,O00041,impression,1758559133,web,Port Harcourt
R00390,O00083,click,1736067968,tablet,Ibadan
R00390,O00096,impression,1741696583,tablet,Ibadan
R00390,O00034,click,1747888437,tablet,Ibadan
R00390,O00072,click,1759700103,tablet,Ibadan
R00391,O00060,impression,1736398280,web,Port Harcourt
R00391,O00010,impression,1736461367,web,Port Harcourt
R00391,O00099,click,1737183991,web,Port Harcourt
R00391,O00055,impression,1742160236,web,Port Harcourt
R00391,O00062,click,1748310418,web,Port Harcourt
R00391,O00072,impression,1750482872,web,Port Harcourt
R00391,O00006,impression,1757283545,web,Port Harcourt
R00391,O00010,redeem,1758268452,web,Port Harcourt
R00391,O00116,click,1762375815,web,Port Harcourt
R00391,O00010,impression,1763049130,web,Port Harcourt
R00392,O00104,click,1738229549,web,Ibadan
R00392,O00055,impression,1738345532,web,Ibadan
R00392,O00099,impression,1741898106,web,Ibadan
R00392,O00036,impression,1744047577,web,Ibadan
R00392,O00060,impression,1753271739,web,Ibadan
R00392,O00023,click,1757486671,web,Ibadan
R00392,O00049,impression,1757706180,web,Ibadan
R00392,O00042,impression,1764209605,web,Ibadan
R00392,O00089,impression,1766034610,web,Ibadan
R00393,O00118,click,1742553488,web,Ibadan
R00393,O00022,impression,1746464120,web,Ibadan
R00393,O00098,click,1746655241,web,Ibadan
R00393,O00076,click,1748521813,web,Ibadan
R00393,O00040,redeem,1759107524,web,Ibadan
R00394,O00034,impression,1743952768,tablet,Ibadan
R00394,O00015,impression,1749405833,tablet,Ibadan
R00394,O00034,impression,1750593980,tablet,Ibadan
R00394,O00044,click,1753404698,tablet,Ibadan
R00394,O00040,redeem,1755301477,tablet,Ibadan
R00394,O00015,redeem,1756404927,tablet,Ibadan
R00394,O00040,impression,1758292403,tablet,Ibadan
R00394,O00098,impression,1762655486,tablet,Ibadan
R00394,O00108,click,1765212734,tablet,Ibadan
R00395,O00062,impression,1743313913,web,Abuja
R00395,O00109,impression,1751499465,web,Abuja
R00395,O00093,click,1752402252,web,Abuja
R00395,O00072,impression,1753122857,web,Abuja
R00396,O00113,impression,1739092080,mobile,Ibadan
R00396,O00034,impression,1739289505,mobile,Ibadan
R00396,O00047,impression,1739755962,mobile,Ibadan
R00396,O00042,impression,1741692386,mobile,Ibadan
R00396,O00110,click,1751406340,mobile,Ibadan
R00396,O00114,click,1760053720,mobile,Ibadan
R00396,O00008,impression,1761422929,mobile,Ibadan
R00396,O00047,impression,1761620256,mobile,Ibadan
R00396,O00066,click,1765187897,mobile,Ibadan
R00397,O00056,impression,1736619059,web,Lagos
R00397,O00070,impression,1736697794,web,Lagos
R00397,O00090,impression,1739389445,web,Lagos
R00397,O00070,click,1757930857,web,Lagos
R00397,O00090,impression,1758297406,web,Lagos
R00397,O00027,impression,1761554956,web,Lagos
R00397,O00019,click,1762104155,web,Lagos
R00397,O00077,impression,1763014849,web,Lagos
R00397,O00027,impression,1763517538,web,Lagos
R00397,O00041,redeem,1766742147,web,Lagos
R00398,O00037,click,1736161476,tablet,Ibadan
R00398,O00041,impression,1738476824,tablet,Ibadan
R00398,O00048,impression,1738576510,tablet,Ibadan
R00398,O00053,impression,1742427202,tablet,Ibadan
R00398,O00027,redeem,1750126841,tablet,Ibadan
R00398,O00050,impression,1750492826,tablet,Ibadan
R00398,O00027,redeem,1751799692,tablet,Ibadan
R00398,O00035,click,1763076910,tablet,Ibadan
R00399,O00024,click,1736730541,mobile,Abuja
R00399,O00041,click,1741791090,mobile,Abuja
R00399,O00070,impression,1742452842,mobile,Abuja
R00399,O00117,impression,1746186026,mobile,Abuja
R00399,O00041,click,1754336004,mobile,Abuja
R00399,O00037,click,1756860060,mobile,Abuja
R00399,O00053,click,1761290204,mobile,Abuja
R00399,O00067,impression,1764361054,mobile,Abuja
R00399,O00045,click,1764721720,mobile,Abuja
R00400,O00118,impression,1741021829,mobile,Abuja
R00400,O00076,click,1744116354,mobile,Abuja
R00400,O00015,impression,1754389869,mobile,Abuja
R00400,O00039,click,1761335680,mobile,Abuja
R00400,O00044,impression,1763312024,mobile,Abuja
R00400,O00111,impression,1764622177,mobile,Abuja
R00400,O00076,click,1765094044,mobile,Abuja
R00400,O00094,impression,1765415196,mobile,Abuja
R00401,O00018,click,1740546112,web,Enugu
R00401,O00060,click,1744503524,web,Enugu
R00401,O00072,click,1749735796,web,Enugu
R00401,O00104,impression,1750531242,web,Enugu
R00401,O00002,impression,1758652651,web,Enugu
R00401,O00104,click,1762313078,web,Enugu
R00401,O00095,impression,1762968215,web,Enugu
R00401,O00057,impression,1765667718,web,Enugu
R00401,O00092,impression,1766473950,web,Enugu
R00402,O00048,click,1739118315,web,Abuja
R00402,O00006,redeem,1757653620,web,Abuja
R00402,O00033,impression,1765153080,web,Abuja
R00402,O00012,impression,1766531044,web,Abuja
R00403,O00093,impression,1740773118,web,Enugu
R00403,O00026,impression,1746498297,web,Enugu
R00403,O00026,click,1748114953,web,Enugu
R00403,O00026,impression,1748435448,web,Enugu
R00403,O00031,impression,1749811608,web,Enugu
R00403,O00090,impression,1750125646,web,Enugu
R00403,O00045,impression,1756867081,web,Enugu
R00403,O00002,click,1756915462,web,Enugu
R00403,O00026,impression,1766101644,web,Enugu
R00404,O00020,redeem,1739213646,tablet,Ibadan
R00404,O00049,click,1739683429,tablet,Ibadan
R00404,O00033,click,1746211860,tablet,Ibadan
R00404,O00069,click,1747712112,tablet,Ibadan
R00404,O00004,impression,1754868186,tablet,Ibadan
R00405,O00022,click,1735888582,tablet,Abuja
R00405,O00040,click,1743369080,tablet,Abuja
R00405,O00094,impression,1743774448,tablet,Abuja
R00405,O00093,impression,1747600108,tablet,Abuja
R00405,O00090,impression,1749668587,tablet,Abuja
R00405,O00085,impression,1750204100,tablet,Abuja
R00405,O00098,impression,1751297603,tablet,Abuja
R00405,O00075,impression,1753373349,tablet,Abuja
R00405,O00108,click,1762063898,tablet,Abuja
R00406,O00067,redeem,1735894081,tablet,Abuja
R00406,O00020,impression,1738028055,tablet,Abuja
R00406,O00007,impression,1742566175,tablet,Abuja
R00406,O00011,click,1750622083,tablet,Abuja
R00406,O00067,impression,1755740504,tablet,Abuja
R00406,O00118,click,1758309670,tablet,Abuja
R00406,O00011,impression,1759525895,tablet,Abuja
R00406,O00067,redeem,1759643216,tablet,Abuja
R00406,O00100,click,1760320956,tablet,Abuja
R00406,O00011,impression,1766332118,tablet,Abuja
R00407,O00005,click,1746413660,tablet,Abuja
R00407,O00014,click,1750381508,tablet,Abuja
R00407,O00018,click,1755208761,tablet,Abuja
R00407,O00014,impression,1761505372,tablet,Abuja
R00407,O00014,impression,1762280638,tablet,Abuja
R00407,O00014,impression,1763839067,tablet,Abuja
R00407,O00018,impression,1766491710,tablet,Abuja
R00408,O00114,impression,1737270863,mobile,Lagos
R00408,O00085,click,1741294273,mobile,Lagos
R00408,O00111,impression,1741412040,mobile,Lagos
R00408,O00015,redeem,1753145403,mobile,Lagos
R00408,O00034,impression,1754615595,mobile,Lagos
R00408,O00091,click,1757722028,mobile,Lagos
R00408,O00109,impression,1758375966,mobile,Lagos
R00409,O00037,impression,1740690985,tablet,Ibadan
R00409,O00041,impression,1760337515,tablet,Ibadan
R00409,O00027,click,1762781301,tablet,Ibadan
R00409,O00077,click,1764903419,tablet,Ibadan
R00410,O00056,redeem,1753190709,mobile,Abuja
R00410,O00044,impression,1756677960,mobile,Abuja
R00410,O00083,click,1759907319,mobile,Abuja
R00410,O00039,impression,1760169935,mobile,Abuja
R00411,O00035,click,1737296609,web,Lagos
R00411,O00005,click,1738676663,web,Lagos
R00411,O00018,click,1739932040,web,Lagos
R00411,O00078,impression,1752270670,web,Lagos
R00411,O00051,impression,1763429540,web,Lagos
R00412,O00089,impression,1736433651,tablet,Ibadan
R00412,O00089,click,1748825880,tablet,Ibadan
R00412,O00055,impression,1753938234,tablet,Ibadan
R00412,O00062,click,1755892079,tablet,Ibadan
R00413,O00086,impression,1737875234,mobile,Port Harcourt
R00413,O00025,click,1743901877,mobile,Port Harcourt
R00413,O00074,click,1755401949,mobile,Port Harcourt
R00413,O00025,impression,1755413554,mobile,Port Harcourt
R00413,O00074,click,1758424226,mobile,Port Harcourt
R00413,O00113,click,1759617915,mobile,Port Harcourt
R00413,O00025,impression,1759982105,mobile,Port Harcourt
R00413,O00031,click,1761758603,mobile,Port Harcourt
R00413,O00086,click,1766435910,mobile,Port Harcourt
R00414,O00120,impression,1739753269,mobile,Ibadan
R00414,O00114,click,1740171903,mobile,Ibadan
R00414,O00120,impression,1753072640,mobile,Ibadan
R00414,O00059,impression,1759091812,mobile,Ibadan
R00414,O00009,impression,1766047828,mobile,Ibadan
R00415,O00021,click,1742294538,web,Port Harcourt
R00415,O00052,impression,1752115072,web,Port Harcourt
R00415,O00052,click,1753362009,web,Port Harcourt
R00415,O00028,impression,1754783913,web,Port Harcourt
R00415,O00052,click,1755378332,web,Port Harcourt
R00415,O00097,click,1756581003,web,Port Harcourt
R00415,O00041,impression,1761266453,web,Port Harcourt
R00416,O00104,impression,1743405074,web,Port Harcourt
R00416,O00116,impression,1746352078,web,Port Harcourt
R00416,O00060,impression,1749238756,web,Port Harcourt
R00416,O00055,impression,1754806352,web,Port Harcourt
R00416,O00010,click,1756447239,web,Port Harcourt
R00416,O00083,impression,1758035524,web,Port Harcourt
R00416,O00116,click,1760845961,web,Port Harcourt
R00416,O00036,impression,1764936601,web,Port Harcourt
R00416,O00082,click,1765446400,web,Port Harcourt
R00417,O00117,impression,1739137932,mobile,Enugu
R00417,O00061,click,1741281487,mobile,Enugu
R00417,O00061,impression,1742062837,mobile,Enugu
R00417,O00097,click,1744429052,mobile,Enugu
R00417,O00028,click,1747631017,mobile,Enugu
R00417,O00097,click,1750223702,mobile,Enugu
R00417,O00097,impression,1750905793,mobile,Enugu
R00417,O00079,impression,1754205360,mobile,Enugu
R00417,O00079,impression,1756947833,mobile,Enugu
R00418,O00065,impression,1738267270,web,Enugu
R00418,O00087,click,1752805734,web,Enugu
R00418,O00065,click,1755108592,web,Enugu
R00418,O00048,impression,1756656467,web,Enugu
R00418,O00030,impression,1766205680,web,Enugu
R00419,O00098,click,1738270140,tablet,Abuja
R00419,O00022,redeem,1748638841,tablet,Abuja
R00419,O00048,click,1748888749,tablet,Abuja
R00419,O00044,redeem,1752868799,tablet,Abuja
R00419,O00039,click,1753892435,tablet,Abuja
R00419,O00043,click,1754531870,tablet,Abuja
R00419,O00062,redeem,1754534858,tablet,Abuja
R00419,O00085,impression,1760044041,tablet,Abuja
R00420,O00107,impression,1736683688,web,Abuja
R00420,O00109,redeem,1739989743,web,Abuja
R00420,O00092,click,1741512166,web,Abuja
R00420,O00109,impression,1753634685,web,Abuja
R00420,O00109,click,1753809707,web,Abuja
R00420,O00010,impression,1754180444,web,Abuja
R00420,O00002,impression,1760942143,web,Abuja
R00420,O00099,impression,1763355963,web,Abuja
R00421,O00105,click,1742291089,web,Enugu
R00421,O00035,redeem,1745114388,web,Enugu
R00421,O00010,impression,1747929051,web,Enugu
R00421,O00060,impression,1750092123,web,Enugu
R00422,O00002,impression,1754386084,mobile,Port Harcourt
R00422,O00109,impression,1757538382,mobile,Port Harcourt
R00422,O00116,impression,1764438794,mobile,Port Harcourt
R00422,O00105,impression,1765525677,mobile,Port Harcourt
R00423,O00048,impression,1737841403,mobile,Abuja
R00423,O00004,click,1741023025,mobile,Abuja
R00423,O00033,click,1742355679,mobile,Abuja
R00423,O00048,impression,1756742774,mobile,Abuja
R00423,O00006,click,1761367776,mobile,Abuja
R00424,O00041,impression,1737676675,web,Ibadan
R00424,O00056,impression,1739441428,web,Ibadan
R00424,O00053,click,1748754725,web,Ibadan
R00424,O00037,click,1752205252,web,Ibadan
R00424,O00027,impression,1753050819,web,Ibadan
R00424,O00027,impression,1755466289,web,Ibadan
R00424,O00036,impression,1755622623,web,Ibadan
R00424,O00077,impression,1758346228,web,Ibadan
R00424,O00119,click,1761014059,web,Ibadan
R00425,O00022,impression,1740540305,tablet,Lagos
R00425,O00064,impression,1755933608,tablet,Lagos
R00425,O00072,impression,1757108117,tablet,Lagos
R00425,O00099,impression,1759195003,tablet,Lagos
R00425,O00036,impression,1761596933,tablet,Lagos
R00426,O00071,click,1744928556,web,Abuja
R00426,O00071,click,1745750929,web,Abuja
R00426,O00020,redeem,1746977082,web,Abuja
R00426,O00020,impression,1749382077,web,Abuja
R00426,O00101,click,1753555504,web,Abuja
R00426,O00020,click,1754309515,web,Abuja
R00426,O00101,impression,1755490805,web,Abuja
R00426,O00071,redeem,1758599868,web,Abuja
R00426,O00071,click,1760232980,web,Abuja
R00426,O00101,redeem,1760367768,web,Abuja
R00427,O00086,impression,1736604752,web,Abuja
R00427,O00050,impression,1737187118,web,Abuja
R00427,O00081,click,1738128220,web,Abuja
R00427,O00102,impression,1751473485,web,Abuja
R00427,O00018,impression,1763701696,web,Abuja
R00428,O00064,click,1738068249,mobile,Lagos
R00428,O00066,redeem,1751404370,mobile,Lagos
R00428,O00109,impression,1753084457,mobile,Lagos
R00428,O00060,impression,1759444797,mobile,Lagos
R00428,O00099,impression,1764813599,mobile,Lagos
R00428,O00115,redeem,1766834061,mobile,Lagos
R00429,O00109,impression,1744756922,web,Lagos
R00429,O00082,impression,1753620945,web,Lagos
R00429,O00038,impression,1757600435,web,Lagos
R00429,O00072,click,1762490425,web,Lagos
R00430,O00027,redeem,1735874386,web,Lagos
R00430,O00027,impression,1737270640,web,Lagos
R00430,O00056,impression,1743378466,web,Lagos
R00430,O00053,impression,1746614495,web,Lagos
R00430,O00041,impression,1748932327,web,Lagos
R00430,O00091,click,1749191244,web,Lagos
R00430,O00037,impression,1763941580,web,Lagos
R00431,O00092,impression,1735743541,tablet,Ibadan
R00431,O00089,click,1738386689,tablet,Ibadan
R00431,O00008,impression,1743203913,tablet,Ibadan
R00431,O00002,click,1747300815,tablet,Ibadan
R00431,O00061,click,1748332628,tablet,Ibadan
R00431,O00003,redeem,1758526777,tablet,Ibadan
R00431,O00099,impression,1765086033,tablet,Ibadan
R00431,O00104,impression,1766757886,tablet,Ibadan
R00432,O00078,click,1743273153,tablet,Lagos
R00432,O00009,click,1744733667,tablet,Lagos
R00432,O00008,impression,1749356569,tablet,Lagos
R00432,O00066,click,1766656553,tablet,Lagos
R00433,O00017,impression,1738349988,mobile,Lagos
R00433,O00087,click,1743511344,mobile,Lagos
R00433,O00087,impression,1744820658,mobile,Lagos
R00433,O00013,impression,1752097401,mobile,Lagos
R00433,O00087,impression,1754580034,mobile,Lagos
R00433,O00050,impression,1761900348,mobile,Lagos
R00433,O00019,impression,1763292119,mobile,Lagos
R00433,O00110,impression,1763580445,mobile,Lagos
R00434,O00067,impression,1743281234,tablet,Abuja
R00434,O00091,impression,1744752814,tablet,Abuja
R00434,O00067,click,1748390746,tablet,Abuja
R00434,O00011,click,1749445567,tablet,Abuja
R00434,O00067,impression,1749986854,tablet,Abuja
R00434,O00011,impression,1756835388,tablet,Abuja
R00434,O00007,click,1758357689,tablet,Abuja
R00435,O00055,click,1737208924,web,Ibadan
R00435,O00082,click,1741681804,web,Ibadan
R00435,O00010,impression,1744658032,web,Ibadan
R00435,O00002,impression,1758563498,web,Ibadan
R00436,O00090,impression,1736883998,web,Enugu
R00436,O00053,impression,1746259290,web,Enugu
R00436,O00053,impression,1749249983,web,Enugu
R00436,O00027,click,1758895942,web,Enugu
R00436,O00117,impression,1760110541,web,Enugu
R00437,O00062,redeem,1737141408,web,Abuja
R00437,O00036,click,1742710337,web,Abuja
R00437,O00107,impression,1749922653,web,Abuja
R00437,O00062,click,1750422438,web,Abuja
R00437,O00085,impression,1752384602,web,Abuja
R00437,O00056,impression,1754295186,web,Abuja
R00437,O00116,impression,1755689360,web,Abuja
R00437,O00116,impression,1761799845,web,Abuja
R00437,O00002,impression,1762260892,web,Abuja
R00438,O00089,impression,1739029291,web,Lagos
R00438,O00003,click,1743366462,web,Lagos
R00438,O00060,impression,1748553389,web,Lagos
R00438,O00010,impression,1748935784,web,Lagos
R00438,O00092,impression,1750472272,web,Lagos
R00438,O00109,impression,1753698669,web,Lagos
R00439,O00031,redeem,1740886871,tablet,Lagos
R00439,O00074,impression,1742020637,tablet,Lagos
R00439,O00093,click,1761361201,tablet,Lagos
R00439,O00081,impression,1762648842,tablet,Lagos
R00440,O00056,click,1746430864,mobile,Ibadan
R00440,O00070,impression,1754449537,mobile,Ibadan
R00440,O00005,click,1759243658,mobile,Ibadan
R00440,O00090,click,1759765336,mobile,Ibadan
R00440,O00053,impression,1765589482,mobile,Ibadan
R00441,O00096,click,1745662750,mobile,Ibadan
R00441,O00112,impression,1745911942,mobile,Ibadan
R00441,O00096,click,1755519215,mobile,Ibadan
R00441,O00065,click,1756191885,mobile,Ibadan
R00441,O00024,impression,1757850541,mobile,Ibadan
R00441,O00096,impression,1757975619,mobile,Ibadan
R00441,O00047,impression,1764494403,mobile,Ibadan
R00442,O00084,impression,1740526081,tablet,Ibadan
R00442,O00120,impression,1742361487,tablet,Ibadan
R00442,O00100,impression,1743395382,tablet,Ibadan
R00442,O00114,impression,1752930041,tablet,Ibadan
R00442,O00066,impression,1760294920,tablet,Ibadan
R00442,O00110,impression,1760668789,tablet,Ibadan
R00443,O00039,click,1736798491,web,Port Harcourt
R00443,O00039,impression,1739890967,web,Port Harcourt
R00443,O00034,impression,1744589620,web,Port Harcourt
R00443,O00039,impression,1750066145,web,Port Harcourt
R00443,O00015,impression,1755448500,web,Port Harcourt
R00443,O00040,impression,1756968500,web,Port Harcourt
R00443,O00075,redeem,1757774732,web,Port Harcourt
R00443,O00085,click,1760284568,web,Port Harcourt
R00443,O00022,impression,1766231037,web,Port Harcourt
R00443,O00085,click,1766789486,web,Port Harcourt
R00444,O00070,click,1746605299,mobile,Lagos
R00444,O00041,redeem,1747225831,mobile,Lagos
R00444,O00090,impression,1748779037,mobile,Lagos
R00444,O00070,redeem,1754993833,mobile,Lagos
R00444,O00012,impression,1756411790,mobile,Lagos
R00444,O00037,click,1756622890,mobile,Lagos
R00444,O00027,click,1760429145,mobile,Lagos
R00445,O00059,impression,1736836063,tablet,Port Harcourt
R00445,O00043,impression,1737063531,tablet,Port Harcourt
R00445,O00095,impression,1740861124,tablet,Port Harcourt
R00445,O00068,click,1745662956,tablet,Port Harcourt
R00445,O00078,impression,1746308147,tablet,Port Harcourt
R00445,O00059,impression,1746533133,tablet,Port Harcourt
R00445,O00059,impression,1746822510,tablet,Port Harcourt
R00445,O00059,redeem,1748068597,tablet,Port Harcourt
R00445,O00043,click,1758231677,tablet,Port Harcourt
R00446,O00034,impression,1737672832,mobile,Enugu
R00446,O00118,impression,1741003099,mobile,Enugu
R00446,O00115,click,1742225930,mobile,Enugu
R00446,O00115,click,1753007414,mobile,Enugu
R00446,O00108,click,1757041934,mobile,Enugu
R00446,O00094,click,1763243864,mobile,Enugu
R00447,O00118,impression,1736156779,web,Ibadan
R00447,O00054,impression,1741100968,web,Ibadan
R00447,O00113,impression,1755152812,web,Ibadan
R00447,O00098,impression,1755591359,web,Ibadan
R00447,O00044,impression,1756291822,web,Ibadan
R00447,O00044,impression,1757279981,web,Ibadan
R00447,O00005,impression,1757753571,web,Ibadan
R00447,O00108,redeem,1758711329,web,Ibadan
R00447,O00094,redeem,1766949701,web,Ibadan
R00448,O00067,impression,1735974956,mobile,Enugu
R00448,O00007,redeem,1738594107,mobile,Enugu
R00448,O00048,impression,1745004405,mobile,Enugu
R00448,O00007,redeem,1749235787,mobile,Enugu
R00448,O00091,click,1749892658,mobile,Enugu
R00448,O00011,redeem,1756201317,mobile,Enugu
R00448,O00038,impression,1757264489,mobile,Enugu
R00448,O00066,click,1757488607,mobile,Enugu
R00448,O00067,impression,1766392983,mobile,Enugu
R00449,O00040,impression,1735704863,mobile,Enugu
R00449,O00022,click,1739303165,mobile,Enugu
R00449,O00040,click,1744577419,mobile,Enugu
R00449,O00118,impression,1749789296,mobile,Enugu
R00449,O00108,impression,1759734971,mobile,Enugu
R00449,O00034,click,1760294289,mobile,Enugu
R00449,O00044,impression,1761155408,mobile,Enugu
R00449,O00111,impression,1762738309,mobile,Enugu
R00449,O00118,redeem,1764465950,mobile,Enugu
R00450,O00012,redeem,1736034166,tablet,Abuja
R00450,O00004,impression,1738001350,tablet,Abuja
R00450,O00004,impression,1739652352,tablet,Abuja
R00450,O00012,click,1742268474,tablet,Abuja
R00450,O00012,click,1747673270,tablet,Abuja
R00450,O00033,click,1750815193,tablet,Abuja
R00450,O00016,impression,1752661528,tablet,Abuja
R00451,O00015,impression,1738521382,tablet,Ibadan
R00451,O00094,click,1744827571,tablet,Ibadan
R00451,O00044,click,1748732453,tablet,Ibadan
R00451,O00015,impression,1758333480,tablet,Ibadan
R00451,O00034,redeem,1759632154,tablet,Ibadan
R00451,O00001,impression,1763388228,tablet,Ibadan
R00451,O00094,impression,1763741926,tablet,Ibadan
R00452,O00020,click,1740270571,mobile,Enugu
R00452,O00018,impression,1740277527,mobile,Enugu
R00452,O00058,impression,1752554388,mobile,Enugu
R00452,O00071,impression,1757167830,mobile,Enugu
R00452,O00071,impression,1763444192,mobile,Enugu
R00452,O00101,click,1764033077,mobile,Enugu
R00453,O00065,impression,1744496783,tablet,Port Harcourt
R00453,O00012,impression,1746798932,tablet,Port Harcourt
R00453,O00048,impression,1752493701,tablet,Port Harcourt
R00453,O00063,click,1754182680,tablet,Port Harcourt
R00453,O00027,impression,1755020605,tablet,Port Harcourt
R00453,O00004,impression,1757346305,tablet,Port Harcourt
R00453,O00069,click,1766851376,tablet,Port Harcourt
R00454,O00087,click,1735776189,mobile,Port Harcourt
R00454,O00016,click,1737548754,mobile,Port Harcourt
R00454,O00013,impression,1746902246,mobile,Port Harcourt
R00454,O00019,click,1750974712,mobile,Port Harcourt
R00454,O00013,impression,1751688888,mobile,Port Harcourt
R00454,O00016,click,1753271810,mobile,Port Harcourt
R00454,O00094,click,1756062923,mobile,Port Harcourt
R00454,O00031,click,1758137008,mobile,Port Harcourt
R00455,O00060,redeem,1736913478,web,Abuja
R00455,O00099,impression,1738936664,web,Abuja
R00455,O00002,impression,1742053378,web,Abuja
R00455,O00060,impression,1746955745,web,Abuja
R00455,O00060,click,1748916346,web,Abuja
R00455,O00030,impression,1751803287,web,Abuja
R00455,O00055,click,1757036607,web,Abuja
R00455,O00055,impression,1761992939,web,Abuja
R00455,O00099,click,1762029835,web,Abuja
R00456,O00051,click,1744805924,mobile,Port Harcourt
R00456,O00101,impression,1745099467,mobile,Port Harcourt
R00456,O00051,click,1745277630,mobile,Port Harcourt
R00456,O00051,impression,1746766557,mobile,Port Harcourt
R00456,O00057,redeem,1747446159,mobile,Port Harcourt
R00456,O00071,click,1757474432,mobile,Port Harcourt
R00456,O00020,impression,1758965004,mobile,Port Harcourt
R00456,O00090,impression,1764156508,mobile,Port Harcourt
R00456,O00014,impression,1765915923,mobile,Port Harcourt
R00457,O00114,impression,1741444663,mobile,Enugu
R00457,O00009,click,1741624101,mobile,Enugu
R00457,O00006,click,1742967882,mobile,Enugu
R00457,O00042,click,1750271709,mobile,Enugu
R00457,O00110,redeem,1754544585,mobile,Enugu
R00457,O00042,click,1762685214,mobile,Enugu
R00457,O00102,click,1762852967,mobile,Enugu
R00458,O00088,impression,1735784274,tablet,Enugu
R00458,O00023,impression,1736520621,tablet,Enugu
R00458,O00081,click,1739537116,tablet,Enugu
R00458,O00113,click,1742694410,tablet,Enugu
R00458,O00044,impression,1746523509,tablet,Enugu
R00458,O00081,click,1747290827,tablet,Enugu
R00458,O00022,click,1748744178,tablet,Enugu
R00458,O00054,click,1753610508,tablet,Enugu
R00458,O00081,click,1762873191,tablet,Enugu
R00458,O00088,click,1766936814,tablet,Enugu
R00459,O00045,click,1742925143,tablet,Enugu
R00459,O00073,impression,1744083078,tablet,Enugu
R00459,O00045,impression,1745543461,tablet,Enugu
R00459,O00044,impression,1747412816,tablet,Enugu
R00459,O00025,redeem,1752291856,tablet,Enugu
R00459,O00047,click,1754600753,tablet,Enugu
R00459,O00086,click,1756530845,tablet,Enugu
R00459,O00074,redeem,1759678305,tablet,Enugu
R00459,O00003,impression,1766045817,tablet,Enugu
R00460,O00108,impression,1736301147,web,Ibadan
R00460,O00111,click,1741734722,web,Ibadan
R00460,O00108,click,1742537812,web,Ibadan
R00460,O00044,impression,1743666635,web,Ibadan
R00460,O00015,redeem,1751266827,web,Ibadan
R00460,O00076,click,1757014151,web,Ibadan
R00460,O00115,click,1757878661,web,Ibadan
R00460,O00040,click,1758394055,web,Ibadan
R00461,O00003,click,1737770440,tablet,Abuja
R00461,O00085,impression,1738686127,tablet,Abuja
R00461,O00094,impression,1748849986,tablet,Abuja
R00461,O00108,click,1750678176,tablet,Abuja
R00461,O00048,click,1753771022,tablet,Abuja
R00461,O00115,click,1756796528,tablet,Abuja
R00461,O00040,click,1757944801,tablet,Abuja
R00461,O00034,click,1762482786,tablet,Abuja
R00461,O00115,impression,1766091223,tablet,Abuja
R00462,O00099,impression,1736411154,tablet,Port Harcourt
R00462,O00092,impression,1738303219,tablet,Port Harcourt
R00462,O00116,impression,1741053781,tablet,Port Harcourt
R00462,O00082,click,1743948570,tablet,Port Harcourt
R00462,O00055,redeem,1745375157,tablet,Port Harcourt
R00463,O00110,impression,1737407490,mobile,Enugu
R00463,O00036,impression,1743069368,mobile,Enugu
R00463,O00042,redeem,1745172717,mobile,Enugu
R00463,O00064,click,1748864050,mobile,Enugu
R00463,O00084,impression,1757482002,mobile,Enugu
R00463,O00084,impression,1759391537,mobile,Enugu
R00463,O00049,impression,1761437699,mobile,Enugu
R00464,O00011,impression,1737158745,mobile,Ibadan
R00464,O00029,impression,1741147149,mobile,Ibadan
R00464,O00067,impression,1743671375,mobile,Ibadan
R00464,O00007,click,1747327056,mobile,Ibadan
R00464,O00012,impression,1747696447,mobile,Ibadan
R00464,O00029,impression,1757740002,mobile,Ibadan
R00464,O00007,click,1759689735,mobile,Ibadan
R00464,O00067,click,1763691373,mobile,Ibadan
R00464,O00091,click,1766128984,mobile,Ibadan
R00465,O00073,click,1739867631,web,Abuja
R00465,O00019,click,1741300408,web,Abuja
R00465,O00013,redeem,1743198985,web,Abuja
R00465,O00017,impression,1749685747,web,Abuja
R00465,O00087,click,1762105924,web,Abuja
R00466,O00039,impression,1740781102,mobile,Ibadan
R00466,O00034,impression,1747134693,mobile,Ibadan
R00466,O00098,redeem,1749765222,mobile,Ibadan
R00466,O00044,impression,1753945292,mobile,Ibadan
R00466,O00108,click,1754973426,mobile,Ibadan
R00466,O00039,click,1757458534,mobile,Ibadan
R00466,O00083,impression,1760152491,mobile,Ibadan
R00466,O00108,click,1763852623,mobile,Ibadan
R00467,O00092,redeem,1744680099,tablet,Lagos
R00467,O00109,impression,1746489178,tablet,Lagos
R00467,O00116,impression,1757360011,tablet,Lagos
R00467,O00058,impression,1758340197,tablet,Lagos
R00467,O00109,impression,1758545479,tablet,Lagos
R00467,O00072,impression,1761513272,tablet,Lagos
R00467,O00055,impression,1765836106,tablet,Lagos
R00468,O00082,redeem,1752354153,tablet,Abuja
R00468,O00036,impression,1754053596,tablet,Abuja
R00468,O00109,impression,1759864425,tablet,Abuja
R00468,O00036,impression,1759946037,tablet,Abuja
R00468,O00063,impression,1764630988,tablet,Abuja
R00468,O00036,impression,1764719426,tablet,Abuja
R00469,O00021,impression,1744028267,web,Ibadan
R00469,O00009,click,1749726359,web,Ibadan
R00469,O00093,impression,1753060408,web,Ibadan
R00469,O00044,click,1758075514,web,Ibadan
R00469,O00039,impression,1761940228,web,Ibadan
R00470,O00027,click,1737904991,web,Lagos
R00470,O00053,impression,1748859765,web,Lagos
R00470,O00008,impression,1749920625,web,Lagos
R00470,O00077,impression,1750369154,web,Lagos
R00470,O00056,impression,1751781825,web,Lagos
R00470,O00117,impression,1753627448,web,Lagos
R00470,O00037,redeem,1754728855,web,Lagos
R00470,O00057,impression,1754965846,web,Lagos
R00470,O00041,impression,1759980914,web,Lagos
R00470,O00070,click,1761272967,web,Lagos
R00471,O00115,click,1737115177,tablet,Abuja
R00471,O00108,impression,1741482130,tablet,Abuja
R00471,O00098,click,1747288289,tablet,Abuja
R00471,O00108,impression,1751216275,tablet,Abuja
R00471,O00045,redeem,1766213134,tablet,Abuja
R00472,O00071,impression,1743107012,mobile,Port Harcourt
R00472,O00101,impression,1750895210,mobile,Port Harcourt
R00472,O00064,impression,1753770940,mobile,Port Harcourt
R00472,O00075,impression,1754682802,mobile,Port Harcourt
R00472,O00051,redeem,1756875942,mobile,Port Harcourt
R00472,O00071,click,1766651552,mobile,Port Harcourt
R00473,O00074,redeem,1738288244,mobile,Lagos
R00473,O00084,click,1754092377,mobile,Lagos
R00473,O00093,impression,1758211242,mobile,Lagos
R00473,O00093,impression,1763985549,mobile,Lagos
R00474,O00084,click,1739819134,web,Abuja
R00474,O00040,impression,1743988667,web,Abuja
R00474,O00066,impression,1744914905,web,Abuja
R00474,O00084,impression,1746189111,web,Abuja
R00474,O00042,click,1749589867,web,Abuja
R00474,O00008,impression,1759438987,web,Abuja
R00474,O00027,impression,1760020505,web,Abuja
R00475,O00087,impression,1735721900,web,Enugu
R00475,O00080,click,1749723726,web,Enugu
R00475,O00080,impression,1756759156,web,Enugu
R00475,O00016,impression,1756847451,web,Enugu
R00476,O00085,redeem,1750717620,mobile,Ibadan
R00476,O00071,impression,1751655457,mobile,Ibadan
R00476,O00066,click,1752283687,mobile,Ibadan
R00476,O00001,click,1754607441,mobile,Ibadan
R00476,O00001,impression,1759593767,mobile,Ibadan
R00476,O00008,impression,1759972863,mobile,Ibadan
R00476,O00063,click,1761155722,mobile,Ibadan
R00477,O00013,impression,1736038008,tablet,Ibadan
R00477,O00019,impression,1746371337,tablet,Ibadan
R00477,O00068,impression,1754200318,tablet,Ibadan
R00477,O00073,impression,1755661546,tablet,Ibadan
R00477,O00073,click,1762640127,tablet,Ibadan
R00478,O00078,impression,1736775320,web,Lagos
R00478,O00035,click,1736793170,web,Lagos
R00478,O00065,impression,1743760670,web,Lagos
R00478,O00105,click,1747902173,web,Lagos
R00478,O00018,impression,1753327073,web,Lagos
R00478,O00014,click,1759991891,web,Lagos
R00478,O00035,click,1761291189,web,Lagos
R00478,O00035,click,1765123699,web,Lagos
R00478,O00080,click,1766920196,web,Lagos
R00479,O00053,impression,1738061281,tablet,Lagos
R00479,O00041,click,1740543224,tablet,Lagos
R00479,O00090,impression,1741461049,tablet,Lagos
R00479,O00053,impression,1743227854,tablet,Lagos
R00479,O00090,impression,1753455382,tablet,Lagos
R00479,O00059,click,1754668092,tablet,Lagos
R00479,O00070,click,1758212860,tablet,Lagos
R00479,O00056,click,1759996005,tablet,Lagos
R00479,O00041,impression,1761997936,tablet,Lagos
R00479,O00037,impression,1764332430,tablet,Lagos
R00480,O00097,redeem,1741175941,mobile,Lagos
R00480,O00097,redeem,1743502610,mobile,Lagos
R00480,O00097,click,1750232767,mobile,Lagos
R00480,O00013,click,1750594481,mobile,Lagos
R00480,O00116,redeem,1752049743,mobile,Lagos
R00480,O00086,impression,1758764212,mobile,Lagos
R00481,O00020,click,1736428539,tablet,Port Harcourt
R00481,O00037,click,1737437423,tablet,Port Harcourt
R00481,O00020,click,1740296166,tablet,Port Harcourt
R00481,O00020,impression,1741738605,tablet,Port Harcourt
R00481,O00051,impression,1755456326,tablet,Port Harcourt
R00482,O00005,impression,1738145932,mobile,Abuja
R00482,O00035,impression,1738862358,mobile,Abuja
R00482,O00105,click,1739504896,mobile,Abuja
R00482,O00005,click,1745475839,mobile,Abuja
R00482,O00035,impression,1749139823,mobile,Abuja
R00482,O00105,click,1749245616,mobile,Abuja
R00482,O00018,impression,1753994943,mobile,Abuja
R00482,O00035,impression,1757289411,mobile,Abuja
R00482,O00005,impression,1758417448,mobile,Abuja
R00482,O00105,impression,1765629645,mobile,Abuja
R00483,O00083,impression,1739882106,web,Enugu
R00483,O00085,click,1742607095,web,Enugu
R00483,O00098,click,1749554560,web,Enugu
R00483,O00108,redeem,1756779483,web,Enugu
R00483,O00108,impression,1759879933,web,Enugu
R00484,O00037,impression,1736729026,mobile,Lagos
R00484,O00041,impression,1742196837,mobile,Lagos
R00484,O00056,click,1747919534,mobile,Lagos
R00484,O00027,click,1757156200,mobile,Lagos
R00484,O00077,impression,1766126487,mobile,Lagos
R00485,O00104,impression,1737973027,web,Abuja
R00485,O00105,click,1749610231,web,Abuja
R00485,O00005,impression,1752520733,web,Abuja
R00485,O00018,impression,1755108326,web,Abuja
R00485,O00013,click,1758053960,web,Abuja
R00485,O00005,impression,1758891437,web,Abuja
R00485,O00105,impression,1759681246,web,Abuja
R00485,O00063,impression,1759705494,web,Abuja
R00485,O00105,click,1760107025,web,Abuja
R00485,O00018,click,1765179563,web,Abuja
R00486,O00060,impression,1750609130,web,Abuja
R00486,O00055,click,1756239037,web,Abuja
R00486,O00099,impression,1756880354,web,Abuja
R00486,O00104,impression,1760798835,web,Abuja
R00486,O00114,click,1764750589,web,Abuja
R00486,O00015,impression,1765850001,web,Abuja
R00487,O00053,impression,1747623705,mobile,Port Harcourt
R00487,O00056,click,1750332860,mobile,Port Harcourt
R00487,O00053,click,1754839513,mobile,Port Harcourt
R00487,O00067,click,1761230457,mobile,Port Harcourt
R00487,O00077,impression,1763803764,mobile,Port Harcourt
R00488,O00066,redeem,1749908590,mobile,Abuja
R00488,O00084,impression,1755001911,mobile,Abuja
R00488,O00013,redeem,1756322051,mobile,Abuja
R00488,O00079,click,1765739327,mobile,Abuja
R00489,O00109,click,1735752489,web,Port Harcourt
R00489,O00036,redeem,1745302699,web,Port Harcourt
R00489,O00082,redeem,1746314691,web,Port Harcourt
R00489,O00062,click,1748304598,web,Port Harcourt
R00489,O00092,impression,1751829385,web,Port Harcourt
R00489,O00111,redeem,1754877897,web,Port Harcourt
R00489,O00062,impression,1766582945,web,Port Harcourt
R00490,O00055,redeem,1739379543,tablet,Port Harcourt
R00490,O00099,click,1740054079,tablet,Port Harcourt
R00490,O00116,impression,1742566825,tablet,Port Harcourt
R00490,O00003,impression,1746256052,tablet,Port Harcourt
R00490,O00062,impression,1754707802,tablet,Port Harcourt
R00490,O00038,redeem,1763405382,tablet,Port Harcourt
R00491,O00102,impression,1739257096,tablet,Ibadan
R00491,O00099,redeem,1741391457,tablet,Ibadan
R00491,O00104,click,1742616811,tablet,Ibadan
R00491,O00099,impression,1748648691,tablet,Ibadan
R00491,O00116,impression,1749117676,tablet,Ibadan
R00491,O00032,click,1760102249,tablet,Ibadan
R00492,O00066,click,1736328327,tablet,Port Harcourt
R00492,O00102,click,1746287002,tablet,Port Harcourt
R00492,O00120,impression,1748310089,tablet,Port Harcourt
R00492,O00084,redeem,1749163620,tablet,Port Harcourt
R00492,O00097,impression,1759698949,tablet,Port Harcourt
R00492,O00084,click,1762366456,tablet,Port Harcourt
R00492,O00008,impression,1764987818,tablet,Port Harcourt
R00492,O00100,click,1766185064,tablet,Port Harcourt
R00492,O00084,impression,1766811778,tablet,Port Harcourt
R00493,O00120,click,1737987535,tablet,Port Harcourt
R00493,O00104,impression,1749347894,tablet,Port Harcourt
R00493,O00064,click,1750615527,tablet,Port Harcourt
R00493,O00032,click,1759819431,tablet,Port Harcourt
R00494,O00027,redeem,1743705431,mobile,Port Harcourt
R00494,O00070,impression,1744478771,mobile,Port Harcourt
R00494,O00051,impression,1745548899,mobile,Port Harcourt
R00494,O00053,click,1745613514,mobile,Port Harcourt
R00494,O00027,click,1747103053,mobile,Port Harcourt
R00494,O00037,impression,1747254374,mobile,Port Harcourt
R00494,O00070,redeem,1747780612,mobile,Port Harcourt
R00494,O00027,click,1748657936,mobile,Port Harcourt
R00494,O00037,impression,1762959073,mobile,Port Harcourt
R00494,O00041,impression,1763791984,mobile,Port Harcourt
R00495,O00100,redeem,1741106867,web,Lagos
R00495,O00066,click,1741808053,web,Lagos
R00495,O00102,click,1749611284,web,Lagos
R00495,O00110,click,1752193608,web,Lagos
R00495,O00009,click,1752839481,web,Lagos
R00495,O00100,impression,1755628428,web,Lagos
R00495,O00008,click,1764071826,web,Lagos
R00495,O00100,impression,1764588742,web,Lagos
R00495,O00084,impression,1765340178,web,Lagos
R00496,O00094,impression,1739029956,web,Port Harcourt
R00496,O00015,impression,1742659409,web,Port Harcourt
R00496,O00118,impression,1743211360,web,Port Harcourt
R00496,O00015,impression,1747005056,web,Port Harcourt
R00496,O00015,click,1749544023,web,Port Harcourt
R00496,O00034,impression,1751271462,web,Port Harcourt
R00496,O00011,click,1752903584,web,Port Harcourt
R00496,O00034,impression,1760704393,web,Port Harcourt
R00496,O00034,impression,1765542274,web,Port Harcourt
R00496,O00039,click,1766180891,web,Port Harcourt
R00497,O00072,impression,1738880010,mobile,Enugu
R00497,O00112,redeem,1747032213,mobile,Enugu
R00497,O00002,click,1756016497,mobile,Enugu
R00497,O00010,impression,1758277134,mobile,Enugu
R00497,O00038,impression,1758337610,mobile,Enugu
R00498,O00025,redeem,1736796029,mobile,Ibadan
R00498,O00064,impression,1741470146,mobile,Ibadan
R00498,O00031,click,1742892653,mobile,Ibadan
R00498,O00026,impression,1758194337,mobile,Ibadan
R00499,O00061,impression,1736012390,tablet,Port Harcourt
R00499,O00061,click,1742236370,tablet,Port Harcourt
R00499,O00097,click,1746203103,tablet,Port Harcourt
R00499,O00021,redeem,1746965081,tablet,Port Harcourt
R00499,O00002,click,1748829805,tablet,Port Harcourt
R00499,O00021,click,1752025965,tablet,Port Harcourt
R00499,O00112,click,1761639875,tablet,Port Harcourt
R00499,O00097,impression,1761944704,tablet,Port Harcourt
R00499,O00079,click,1764512800,tablet,Port Harcourt
R00500,O00030,impression,1739389963,web,Abuja
R00500,O00006,click,1739447107,web,Abuja
R00500,O00033,impression,1740868162,web,Abuja
R00500,O00006,impression,1754793205,web,Abuja
R00500,O00069,click,1755878227,web,Abuja
R00500,O00065,click,1756357066,web,Abuja
R00501,O00088,impression,1740231056,tablet,Lagos
R00501,O00106,click,1743424031,tablet,Lagos
R00501,O00088,impression,1747336450,tablet,Lagos
R00501,O00011,impression,1750246407,tablet,Lagos
R00501,O00081,click,1755970306,tablet,Lagos
R00501,O00023,click,1758447678,tablet,Lagos
R00501,O00023,impression,1761765493,tablet,Lagos
R00501,O00106,click,1764245039,tablet,Lagos
R00501,O00054,impression,1765031996,tablet,Lagos
R00501,O00008,impression,1766196849,tablet,Lagos
R00502,O00107,impression,1738146611,mobile,Lagos
R00502,O00082,click,1750155375,mobile,Lagos
R00502,O00107,impression,1751035862,mobile,Lagos
R00502,O00109,impression,1761389398,mobile,Lagos
R00503,O00002,impression,1735908236,tablet,Port Harcourt
R00503,O00092,impression,1745760555,tablet,Port Harcourt
R00503,O00003,click,1755846557,tablet,Port Harcourt
R00503,O00072,click,1757857362,tablet,Port Harcourt
R00503,O00107,impression,1758341333,tablet,Port Harcourt
R00503,O00038,impression,1760709305,tablet,Port Harcourt
R00504,O00109,impression,1746730774,mobile,Lagos
R00504,O00036,impression,1748433352,mobile,Lagos
R00504,O00038,impression,1754590277,mobile,Lagos
R00504,O00092,impression,1762673486,mobile,Lagos
R00504,O00095,impression,1764825147,mobile,Lagos
R00504,O00010,impression,1765665504,mobile,Lagos
R00505,O00102,impression,1749590964,web,Port Harcourt
R00505,O00009,impression,1751992146,web,Port Harcourt
R00505,O00028,impression,1762315783,web,Port Harcourt
R00505,O00110,click,1766332317,web,Port Harcourt
R00506,O00076,click,1737073017,tablet,Lagos
R00506,O00079,impression,1740362039,tablet,Lagos
R00506,O00115,impression,1742643337,tablet,Lagos
R00506,O00034,impression,1742803194,tablet,Lagos
R00506,O00076,click,1743813853,tablet,Lagos
R00506,O00075,impression,1746164253,tablet,Lagos
R00506,O00118,impression,1753232110,tablet,Lagos
R00506,O00111,redeem,1754694547,tablet,Lagos
R00506,O00034,impression,1757347402,tablet,Lagos
R00506,O00097,click,1762239004,tablet,Lagos
R00507,O00025,redeem,1738542762,tablet,Enugu
R00507,O00074,click,1740443585,tablet,Enugu
R00507,O00026,impression,1744173950,tablet,Enugu
R00507,O00050,click,1744257741,tablet,Enugu
R00507,O00025,impression,1748806378,tablet,Enugu
R00507,O00025,impression,1751678229,tablet,Enugu
R00507,O00045,impression,1753437584,tablet,Enugu
R00507,O00026,impression,1762033678,tablet,Enugu
R00508,O00008,impression,1739923100,web,Abuja
R00508,O00040,impression,1741957707,web,Abuja
R00508,O00118,click,1750085367,web,Abuja
R00508,O00009,click,1753294001,web,Abuja
R00508,O00064,redeem,1755316793,web,Abuja
R00508,O00110,impression,1761204953,web,Abuja
R00508,O00016,impression,1761238054,web,Abuja
R00509,O00017,click,1740074815,mobile,Ibadan
R00509,O00019,redeem,1740338327,mobile,Ibadan
R00509,O00019,impression,1744826378,mobile,Ibadan
R00509,O00017,impression,1752375528,mobile,Ibadan
R00509,O00087,impression,1753602504,mobile,Ibadan
R00509,O00017,impression,1755980685,mobile,Ibadan
R00509,O00063,click,1756951119,mobile,Ibadan
R00509,O00080,impression,1757663700,mobile,Ibadan
R00510,O00046,impression,1737424059,mobile,Abuja
R00510,O00095,impression,1738052370,mobile,Abuja
R00510,O00095,redeem,1743163768,mobile,Abuja
R00510,O00046,impression,1748308116,mobile,Abuja
R00510,O00095,impression,1759839348,mobile,Abuja
R00510,O00098,click,1764744126,mobile,Abuja
R00511,O00113,impression,1739456365,web,Port Harcourt
R00511,O00081,click,1758241873,web,Port Harcourt
R00511,O00054,impression,1761799016,web,Port Harcourt
R00511,O00106,impression,1763417199,web,Port Harcourt
R00512,O00038,click,1746040633,web,Enugu
R00512,O00002,impression,1748787587,web,Enugu
R00512,O00072,impression,1749139045,web,Enugu
R00512,O00104,click,1750193540,web,Enugu
R00512,O00055,impression,1758630155,web,Enugu
R00513,O00085,click,1737355110,mobile,Ibadan
R00513,O00085,click,1744751867,mobile,Ibadan
R00513,O00115,impression,1749210386,mobile,Ibadan
R00513,O00022,impression,1751100998,mobile,Ibadan
R00513,O00085,impression,1759136120,mobile,Ibadan
R00513,O00038,impression,1759368023,mobile,Ibadan
R00513,O00076,impression,1765727173,mobile,Ibadan
R00514,O00115,impression,1736034423,web,Ibadan
R00514,O00074,impression,1738086909,web,Ibadan
R00514,O00031,impression,1743704834,web,Ibadan
R00514,O00086,click,1753060174,web,Ibadan
R00514,O00074,impression,1759979385,web,Ibadan
R00514,O00025,click,1762157622,web,Ibadan
R00514,O00050,impression,1764812244,web,Ibadan
R00514,O00025,impression,1766092638,web,Ibadan
R00515,O00073,impression,1745257294,tablet,Lagos
R00515,O00046,impression,1750920420,tablet,Lagos
R00515,O00095,impression,1751917564,tablet,Lagos
R00515,O00111,impression,1753967541,tablet,Lagos
R00515,O00095,click,1754860680,tablet,Lagos
R00515,O00059,impression,1766591786,tablet,Lagos
R00516,O00064,click,1738660987,web,Lagos
R00516,O00084,impression,1742242309,web,Lagos
R00516,O00001,impression,1743973316,web,Lagos
R00516,O00008,click,1752130896,web,Lagos
R00516,O00032,redeem,1754235511,web,Lagos
R00516,O00049,click,1755609739,web,Lagos
R00516,O00001,click,1755717114,web,Lagos
R00516,O00032,impression,1755999871,web,Lagos
R00516,O00095,click,1756067574,web,Lagos
R00516,O00002,click,1761943077,web,Lagos
R00517,O00089,impression,1749173420,web,Port Harcourt
R00517,O00100,impression,1752700106,web,Port Harcourt
R00517,O00053,impression,1753718906,web,Port Harcourt
R00517,O00104,impression,1754119326,web,Port Harcourt
R00517,O00038,impression,1756105315,web,Port Harcourt
R00517,O00034,click,1758197879,web,Port Harcourt
R00518,O00007,impression,1736738360,mobile,Port Harcourt
R00518,O00072,redeem,1757797666,mobile,Port Harcourt
R00518,O00007,impression,1758538807,mobile,Port Harcourt
R00518,O00029,impression,1759146407,mobile,Port Harcourt
R00518,O00039,click,1761701908,mobile,Port Harcourt
R00518,O00067,impression,1764954117,mobile,Port Harcourt
R00518,O00067,impression,1765847124,mobile,Port Harcourt
R00519,O00100,impression,1738165520,web,Port Harcourt
R00519,O00118,impression,1739679269,web,Port Harcourt
R00519,O00077,impression,1741638717,web,Port Harcourt
R00519,O00110,impression,1742232867,web,Port Harcourt
R00519,O00114,impression,1744253554,web,Port Harcourt
R00519,O00001,impression,1747985419,web,Port Harcourt
R00519,O00102,impression,1758015678,web,Port Harcourt
R00519,O00073,impression,1759971573,web,Port Harcourt
R00519,O00110,click,1760008942,web,Port Harcourt
R00519,O00042,click,1763871283,web,Port Harcourt
R00520,O00042,click,1736539956,tablet,Port Harcourt
R00520,O00008,impression,1740735877,tablet,Port Harcourt
R00520,O00042,click,1751422607,tablet,Port Harcourt
R00520,O00120,click,1754386103,tablet,Port Harcourt
R00520,O00100,impression,1759919499,tablet,Port Harcourt
R00520,O00009,impression,1763409781,tablet,Port Harcourt
R00520,O00110,impression,1765162234,tablet,Port Harcourt
R00521,O00083,impression,1738082627,web,Port Harcourt
R00521,O00015,impression,1745114921,web,Port Harcourt
R00521,O00115,click,1746155555,web,Port Harcourt
R00521,O00075,impression,1746626487,web,Port Harcourt
R00521,O00070,impression,1748886319,web,Port Harcourt
R00521,O00039,impression,1753298337,web,Port Harcourt
R00521,O00034,impression,1754149013,web,Port Harcourt
R00521,O00039,redeem,1764215332,web,Port Harcourt
R00521,O00075,click,1766782354,web,Port Harcourt
R00522,O00077,impression,1747576107,tablet,Enugu
R00522,O00053,impression,1748481265,tablet,Enugu
R00522,O00117,click,1750592233,tablet,Enugu
R00522,O00077,click,1755540148,tablet,Enugu
R00522,O00036,impression,1761590967,tablet,Enugu
R00523,O00079,click,1742029575,mobile,Ibadan
R00523,O00061,impression,1743915731,mobile,Ibadan
R00523,O00052,click,1744092990,mobile,Ibadan
R00523,O00097,click,1749821155,mobile,Ibadan
R00523,O00119,impression,1758586841,mobile,Ibadan
R00523,O00015,click,1762092368,mobile,Ibadan
R00524,O00071,impression,1736996613,mobile,Lagos
R00524,O00020,click,1738411315,mobile,Lagos
R00524,O00020,impression,1754441445,mobile,Lagos
R00524,O00058,impression,1755164517,mobile,Lagos
R00524,O00099,impression,1755500908,mobile,Lagos
R00524,O00043,click,1761219338,mobile,Lagos
R00525,O00062,impression,1737158147,mobile,Enugu
R00525,O00068,click,1739385255,mobile,Enugu
R00525,O00002,click,1752825556,mobile,Enugu
R00525,O00010,redeem,1753748530,mobile,Enugu
R00525,O00116,click,1757347964,mobile,Enugu
R00525,O00072,impression,1762524223,mobile,Enugu
R00526,O00010,click,1735867856,mobile,Enugu
R00526,O00050,impression,1740631260,mobile,Enugu
R00526,O00116,impression,1742351311,mobile,Enugu
R00526,O00060,click,1746060018,mobile,Enugu
R00526,O00082,click,1747280531,mobile,Enugu
R00526,O00082,impression,1750295906,mobile,Enugu
R00526,O00003,redeem,1751939080,mobile,Enugu
R00526,O00051,impression,1761787946,mobile,Enugu
R00526,O00110,click,1763259946,mobile,Enugu
R00526,O00107,click,1766292715,mobile,Enugu
R00527,O00065,impression,1735738737,tablet,Ibadan
R00527,O00063,impression,1747483206,tablet,Ibadan
R00527,O00065,impression,1755988219,tablet,Ibadan
R00527,O00004,impression,1759290292,tablet,Ibadan
R00528,O00044,impression,1736717864,mobile,Enugu
R00528,O00100,click,1745624864,mobile,Enugu
R00528,O00009,click,1746423536,mobile,Enugu
R00528,O00066,click,1749069001,mobile,Enugu
R00528,O00042,impression,1749837453,mobile,Enugu
R00528,O00064,impression,1750753062,mobile,Enugu
R00528,O00084,click,1755555683,mobile,Enugu
R00528,O00042,impression,1761561001,mobile,Enugu
R00528,O00102,click,1762208794,mobile,Enugu
R00529,O00120,impression,1743401849,mobile,Port Harcourt
R00529,O00100,impression,1744626660,mobile,Port Harcourt
R00529,O00120,click,1749869103,mobile,Port Harcourt
R00529,O00008,impression,1751904180,mobile,Port Harcourt
R00529,O00032,impression,1755825301,mobile,Port Harcourt
R00529,O00032,click,1760224332,mobile,Port Harcourt
R00529,O00065,impression,1765848697,mobile,Port Harcourt
R00529,O00013,impression,1766903675,mobile,Port Harcourt
R00530,O00010,click,1738462590,tablet,Enugu
R00530,O00064,click,1759875369,tablet,Enugu
R00530,O00062,click,1763329944,tablet,Enugu
R00530,O00002,click,1764898766,tablet,Enugu
R00531,O00111,impression,1739636302,mobile,Port Harcourt
R00531,O00108,impression,1742664781,mobile,Port Harcourt
R00531,O00075,impression,1749855678,mobile,Port Harcourt
R00531,O00044,impression,1751739027,mobile,Port Harcourt
R00531,O00108,redeem,1752332846,mobile,Port Harcourt
R00531,O00098,impression,1753823372,mobile,Port Harcourt
R00531,O00002,click,1761880666,mobile,Port Harcourt
R00531,O00098,impression,1763601517,mobile,Port Harcourt
R00532,O00086,impression,1739706029,tablet,Abuja
R00532,O00048,impression,1742123295,tablet,Abuja
R00532,O00025,click,1748311767,tablet,Abuja
R00532,O00050,click,1749280099,tablet,Abuja
R00532,O00086,impression,1757873910,tablet,Abuja
R00532,O00072,impression,1763430315,tablet,Abuja
R00532,O00025,impression,1763542177,tablet,Abuja
R00532,O00086,impression,1764998563,tablet,Abuja
R00532,O00026,click,1766364204,tablet,Abuja
R00533,O00044,impression,1746405356,web,Enugu
R00533,O00044,impression,1749985955,web,Enugu
R00533,O00076,click,1758044760,web,Enugu
R00533,O00111,impression,1765460994,web,Enugu
R00534,O00108,redeem,1741932115,mobile,Abuja
R00534,O00086,click,1744620006,mobile,Abuja
R00534,O00095,click,1745859189,mobile,Abuja
R00534,O00059,click,1752598283,mobile,Abuja
R00534,O00033,click,1752982821,mobile,Abuja
R00534,O00095,redeem,1753699524,mobile,Abuja
R00534,O00068,click,1761842042,mobile,Abuja
R00534,O00119,click,1762840307,mobile,Abuja
R00534,O00059,click,1765544889,mobile,Abuja
R00534,O00095,impression,1766733484,mobile,Abuja
R00535,O00022,click,1739698994,web,Lagos
R00535,O00044,impression,1743191874,web,Lagos
R00535,O00108,impression,1743381624,web,Lagos
R00535,O00109,impression,1749550519,web,Lagos
R00535,O00015,impression,1750983208,web,Lagos
R00535,O00085,impression,1752057789,web,Lagos
R00535,O00075,impression,1755440383,web,Lagos
R00535,O00118,impression,1758227864,web,Lagos
R00535,O00108,impression,1758311787,web,Lagos
R00535,O00032,click,1762117982,web,Lagos
R00536,O00035,impression,1737142299,tablet,Port Harcourt
R00536,O00028,impression,1738202745,tablet,Port Harcourt
R00536,O00014,impression,1744807501,tablet,Port Harcourt
R00536,O00105,impression,1747481799,tablet,Port Harcourt
R00536,O00078,impression,1747906005,tablet,Port Harcourt
R00536,O00081,impression,1751354083,tablet,Port Harcourt
R00536,O00018,click,1756680508,tablet,Port Harcourt
R00536,O00035,click,1758216209,tablet,Port Harcourt
R00536,O00005,redeem,1764221367,tablet,Port Harcourt
R00536,O00005,impression,1766372337,tablet,Port Harcourt
R00537,O00064,redeem,1737378699,web,Abuja
R00537,O00066,redeem,1743068290,web,Abuja
R00537,O00042,impression,1749749877,web,Abuja
R00537,O00008,redeem,1749993412,web,Abuja
R00537,O00114,impression,1751893037,web,Abuja
R00537,O00063,impression,1753980239,web,Abuja
R00537,O00100,click,1756215187,web,Abuja
R00537,O00102,impression,1763640749,web,Abuja
R00537,O00032,impression,1766684032,web,Abuja
R00538,O00019,impression,1741883156,web,Port Harcourt
R00538,O00017,click,1747586744,web,Port Harcourt
R00538,O00019,click,1749086867,web,Port Harcourt
R00538,O00097,impression,1755492399,web,Port Harcourt
R00538,O00080,impression,1757205354,web,Port Harcourt
R00538,O00087,impression,1757785686,web,Port Harcourt
R00538,O00013,click,1759075706,web,Port Harcourt
R00538,O00080,impression,1761194369,web,Port Harcourt
R00538,O00087,impression,1766148800,web,Port Harcourt
R00539,O00111,click,1737038460,tablet,Lagos
R00539,O00022,impression,1745860543,tablet,Lagos
R00539,O00116,impression,1747844770,tablet,Lagos
R00539,O00092,impression,1753135147,tablet,Lagos
R00539,O00115,impression,1757747794,tablet,Lagos
R00539,O00015,click,1758753141,tablet,Lagos
R00539,O00094,impression,1765856226,tablet,Lagos
R00540,O00009,click,1739422440,tablet,Ibadan
R00540,O00120,redeem,1741420576,tablet,Ibadan
R00540,O00066,impression,1743853265,tablet,Ibadan
R00540,O00008,redeem,1744128424,tablet,Ibadan
R00540,O00049,click,1750133992,tablet,Ibadan
R00540,O00049,impression,1755155746,tablet,Ibadan
R00540,O00114,click,1757658375,tablet,Ibadan
R00540,O00114,click,1762539509,tablet,Ibadan
R00540,O00084,impression,1763516919,tablet,Ibadan
R00540,O00049,click,1766444448,tablet,Ibadan
R00541,O00091,click,1738290204,web,Ibadan
R00541,O00007,impression,1738922183,web,Ibadan
R00541,O00011,click,1740916483,web,Ibadan
R00541,O00011,redeem,1741920702,web,Ibadan
R00541,O00029,impression,1746410751,web,Ibadan
R00541,O00007,click,1747634725,web,Ibadan
R00541,O00067,impression,1749909331,web,Ibadan
R00541,O00023,impression,1761302488,web,Ibadan
R00542,O00083,impression,1738352386,web,Port Harcourt
R00542,O00076,click,1757267357,web,Port Harcourt
R00542,O00097,impression,1758428935,web,Port Harcourt
R00542,O00108,click,1764626722,web,Port Harcourt
R00543,O00033,click,1736833884,tablet,Port Harcourt
R00543,O00033,impression,1738226176,tablet,Port Harcourt
R00543,O00069,click,1741061546,tablet,Port Harcourt
R00543,O00076,click,1744338143,tablet,Port Harcourt
R00543,O00069,impression,1747829273,tablet,Port Harcourt
R00543,O00054,click,1752091441,tablet,Port Harcourt
R00543,O00063,impression,1759844112,tablet,Port Harcourt
R00543,O00063,impression,1762028406,tablet,Port Harcourt
R00543,O00012,click,1762125048,tablet,Port Harcourt
R00543,O00006,impression,1766362422,tablet,Port Harcourt
R00544,O00049,impression,1740103025,tablet,Port Harcourt
R00544,O00067,impression,1748422275,tablet,Port Harcourt
R00544,O00053,impression,1752811747,tablet,Port Harcourt
R00544,O00049,click,1756169133,tablet,Port Harcourt
R00544,O00120,click,1766644506,tablet,Port Harcourt
R00545,O00083,impression,1740260012,web,Port Harcourt
R00545,O00098,impression,1747655525,web,Port Harcourt
R00545,O00044,redeem,1755338100,web,Port Harcourt
R00545,O00076,impression,1756146107,web,Port Harcourt
R00545,O00094,click,1759400404,web,Port Harcourt
R00546,O00072,impression,1735999198,mobile,Port Harcourt
R00546,O00055,impression,1758040751,mobile,Port Harcourt
R00546,O00107,impression,1759640786,mobile,Port Harcourt
R00546,O00062,redeem,1761218110,mobile,Port Harcourt
R00546,O00104,click,1764743313,mobile,Port Harcourt
R00547,O00073,impression,1737765093,mobile,Port Harcourt
R00547,O00073,redeem,1738022984,mobile,Port Harcourt
R00547,O00016,redeem,1751334490,mobile,Port Harcourt
R00547,O00080,click,1751634744,mobile,Port Harcourt
R00547,O00013,click,1751737387,mobile,Port Harcourt
R00547,O00017,click,1751823015,mobile,Port Harcourt
R00547,O00043,impression,1757050793,mobile,Port Harcourt
R00547,O00014,click,1759627184,mobile,Port Harcourt
R00548,O00067,impression,1752091146,mobile,Abuja
R00548,O00091,impression,1752247398,mobile,Abuja
R00548,O00067,impression,1757299674,mobile,Abuja
R00548,O00007,redeem,1759656176,mobile,Abuja
R00548,O00007,click,1765329438,mobile,Abuja
R00549,O00023,click,1740008763,tablet,Lagos
R00549,O00106,impression,1741005274,tablet,Lagos
R00549,O00023,impression,1742004862,tablet,Lagos
R00549,O00088,impression,1750352095,tablet,Lagos
R00549,O00113,impression,1756226914,tablet,Lagos
R00549,O00081,impression,1758252415,tablet,Lagos
R00549,O00106,impression,1762879614,tablet,Lagos
R00549,O00081,click,1765203484,tablet,Lagos
R00549,O00081,impression,1765603657,tablet,Lagos
R00550,O00093,impression,1747341411,tablet,Enugu
R00550,O00113,impression,1749771944,tablet,Enugu
R00550,O00088,click,1751081368,tablet,Enugu
R00550,O00106,impression,1763753997,tablet,Enugu
R00550,O00023,impression,1766748048,tablet,Enugu
R00551,O00015,impression,1738933516,tablet,Abuja
R00551,O00118,click,1741338888,tablet,Abuja
R00551,O00083,click,1742685900,tablet,Abuja
R00551,O00015,click,1750803233,tablet,Abuja
R00551,O00040,click,1755696377,tablet,Abuja
R00551,O00098,impression,1756597527,tablet,Abuja
R00551,O00015,click,1761781807,tablet,Abuja
R00551,O00034,impression,1762080486,tablet,Abuja
R00551,O00085,impression,1762547345,tablet,Abuja
R00551,O00044,impression,1764281607,tablet,Abuja
R00552,O00025,click,1738867333,mobile,Abuja
R00552,O00031,impression,1740206722,mobile,Abuja
R00552,O00013,click,1752433907,mobile,Abuja
R00552,O00050,redeem,1752779607,mobile,Abuja
R00552,O00045,impression,1756167004,mobile,Abuja
R00553,O00013,click,1741063557,tablet,Ibadan
R00553,O00073,impression,1741380346,tablet,Ibadan
R00553,O00091,impression,1741668285,tablet,Ibadan
R00553,O00016,impression,1752651621,tablet,Ibadan
R00553,O00080,impression,1755065930,tablet,Ibadan
R00553,O00019,click,1762829764,tablet,Ibadan
R00553,O00080,impression,1763029142,tablet,Ibadan
R00553,O00028,redeem,1763741164,tablet,Ibadan
R00553,O00019,impression,1765042390,tablet,Ibadan
R00553,O00037,impression,1766785297,tablet,Ibadan
R00554,O00016,impression,1736761015,tablet,Enugu
R00554,O00080,impression,1746741490,tablet,Enugu
R00554,O00019,impression,1751050984,tablet,Enugu
R00554,O00080,click,1751390244,tablet,Enugu
R00554,O00013,impression,1752728364,tablet,Enugu
R00554,O00017,click,1755839504,tablet,Enugu
R00554,O00017,click,1758658913,tablet,Enugu
R00555,O00106,click,1735771368,mobile,Abuja
R00555,O00022,impression,1736029459,mobile,Abuja
R00555,O00115,impression,1744922281,mobile,Abuja
R00555,O00006,redeem,1755399785,mobile,Abuja
R00555,O00118,click,1755987460,mobile,Abuja
R00555,O00044,impression,1756035875,mobile,Abuja
R00555,O00106,impression,1758406941,mobile,Abuja
R00555,O00022,redeem,1760120683,mobile,Abuja
R00556,O00119,impression,1737512932,web,Ibadan
R00556,O00043,click,1745004376,web,Ibadan
R00556,O00046,impression,1746330532,web,Ibadan
R00556,O00059,click,1751379697,web,Ibadan
R00556,O00043,impression,1760252038,web,Ibadan
R00556,O00095,impression,1760510461,web,Ibadan
R00556,O00119,impression,1760702738,web,Ibadan
R00556,O00095,click,1763064841,web,Ibadan
R00556,O00119,redeem,1766045606,web,Ibadan
R00557,O00111,click,1738165142,web,Port Harcourt
R00557,O00108,click,1742351171,web,Port Harcourt
R00557,O00098,impression,1742448470,web,Port Harcourt
R00557,O00044,impression,1744698611,web,Port Harcourt
R00557,O00118,click,1748253241,web,Port Harcourt
R00557,O00098,click,1752206395,web,Port Harcourt
R00557,O00044,click,1757238675,web,Port Harcourt
R00557,O00022,impression,1760964678,web,Port Harcourt
R00558,O00069,impression,1750588045,web,Lagos
R00558,O00036,impression,1755219831,web,Lagos
R00558,O00107,impression,1759437314,web,Lagos
R00558,O00036,click,1762086774,web,Lagos
R00558,O00104,click,1762161960,web,Lagos
R00559,O00045,click,1743757879,mobile,Lagos
R00559,O00045,impression,1747913049,mobile,Lagos
R00559,O00094,redeem,1755809680,mobile,Lagos
R00559,O00030,impression,1757033947,mobile,Lagos
R00559,O00050,impression,1757716444,mobile,Lagos
R00559,O00093,impression,1758712762,mobile,Lagos
R00559,O00045,click,1763397568,mobile,Lagos
R00560,O00014,impression,1738014266,mobile,Ibadan
R00560,O00035,impression,1740556054,mobile,Ibadan
R00560,O00005,click,1742530536,mobile,Ibadan
R00560,O00018,impression,1752509289,mobile,Ibadan
R00560,O00018,redeem,1757331649,mobile,Ibadan
R00560,O00078,click,1758166266,mobile,Ibadan
R00560,O00014,impression,1766120540,mobile,Ibadan
R00561,O00036,impression,1745785030,tablet,Port Harcourt
R00561,O00072,click,1746310340,tablet,Port Harcourt
R00561,O00080,impression,1746648259,tablet,Port Harcourt
R00561,O00092,impression,1747904972,tablet,Port Harcourt
R00561,O00112,impression,1748494044,tablet,Port Harcourt
R00561,O00010,click,1752643108,tablet,Port Harcourt
R00561,O00072,impression,1752756924,tablet,Port Harcourt
R00561,O00092,impression,1754640021,tablet,Port Harcourt
R00561,O00116,impression,1755348982,tablet,Port Harcourt
R00561,O00062,impression,1762209287,tablet,Port Harcourt
R00562,O00057,redeem,1746617196,tablet,Lagos
R00562,O00058,click,1749325636,tablet,Lagos
R00562,O00057,redeem,1765341676,tablet,Lagos
R00562,O00057,redeem,1766567662,tablet,Lagos
R00563,O00017,impression,1737554265,web,Enugu
R00563,O00087,impression,1740689729,web,Enugu
R00563,O00017,click,1759178968,web,Enugu
R00563,O00080,click,1759793116,web,Enugu
R00563,O00039,impression,1760178798,web,Enugu
R00564,O00076,impression,1741963474,mobile,Abuja
R00564,O00102,click,1745149364,mobile,Abuja
R00564,O00049,impression,1745478417,mobile,Abuja
R00564,O00110,impression,1747603147,mobile,Abuja
R00564,O00009,click,1753683353,mobile,Abuja
R00564,O00034,click,1760073930,mobile,Abuja
R00564,O00089,redeem,1760372857,mobile,Abuja
R00564,O00084,redeem,1762506945,mobile,Abuja
R00564,O00008,impression,1765712387,mobile,Abuja
R00564,O00110,impression,1765853790,mobile,Abuja
R00565,O00036,click,1739865003,web,Abuja
R00565,O00092,impression,1745847197,web,Abuja
R00565,O00072,click,1748678775,web,Abuja
R00565,O00082,impression,1751841206,web,Abuja
R00565,O00062,impression,1751954961,web,Abuja
R00565,O00099,impression,1752130347,web,Abuja
R00565,O00060,impression,1756496869,web,Abuja
R00565,O00082,impression,1756537040,web,Abuja
R00565,O00010,impression,1758736970,web,Abuja
R00565,O00104,impression,1765487218,web,Abuja
R00566,O00012,click,1739417390,tablet,Enugu
R00566,O00033,click,1750999598,tablet,Enugu
R00566,O00069,redeem,1754134183,tablet,Enugu
R00566,O00006,impression,1754257229,tablet,Enugu
R00567,O00022,impression,1739421610,tablet,Port Harcourt
R00567,O00042,click,1740100875,tablet,Port Harcourt
R00567,O00015,impression,1741375147,tablet,Port Harcourt
R00567,O00111,click,1742982346,tablet,Port Harcourt
R00567,O00015,impression,1744961431,tablet,Port Harcourt
R00567,O00039,click,1745109553,tablet,Port Harcourt
R00567,O00107,impression,1745571874,tablet,Port Harcourt
R00567,O00044,impression,1763577387,tablet,Port Harcourt
R00568,O00120,impression,1737855545,mobile,Port Harcourt
R00568,O00102,click,1748818623,mobile,Port Harcourt
R00568,O00046,impression,1749034521,mobile,Port Harcourt
R00568,O00102,impression,1750115795,mobile,Port Harcourt
R00568,O00110,click,1763779768,mobile,Port Harcourt
R00569,O00026,impression,1738664561,web,Abuja
R00569,O00026,click,1743628628,web,Abuja
R00569,O00086,impression,1743771408,web,Abuja
R00569,O00031,impression,1748145637,web,Abuja
R00569,O00086,impression,1756222501,web,Abuja
R00570,O00044,impression,1743546876,web,Lagos
R00570,O00078,impression,1747969474,web,Lagos
R00570,O00118,impression,1748438868,web,Lagos
R00570,O00118,redeem,1748591414,web,Lagos
R00570,O00034,click,1762501776,web,Lagos
R00570,O00044,click,1763119997,web,Lagos
R00570,O00030,click,1764348933,web,Lagos
R00570,O00111,impression,1764810266,web,Lagos
R00570,O00111,click,1766415664,web,Lagos
R00571,O00039,impression,1736573566,mobile,Port Harcourt
R00571,O00094,click,1745884481,mobile,Port Harcourt
R00571,O00115,impression,1746026825,mobile,Port Harcourt
R00571,O00083,impression,1747622178,mobile,Port Harcourt
R00571,O00115,impression,1750010148,mobile,Port Harcourt
R00571,O00083,impression,1752896036,mobile,Port Harcourt
R00571,O00067,impression,1753346396,mobile,Port Harcourt
R00571,O00085,impression,1753651068,mobile,Port Harcourt
R00571,O00094,impression,1759679401,mobile,Port Harcourt
R00571,O00011,impression,1760646338,mobile,Port Harcourt
R00572,O00108,impression,1743292103,mobile,Lagos
R00572,O00111,click,1743848116,mobile,Lagos
R00572,O00015,click,1758483339,mobile,Lagos
R00572,O00085,click,1762525815,mobile,Lagos
R00572,O00094,impression,1765975147,mobile,Lagos
R00572,O00098,impression,1766748356,mobile,Lagos
R00573,O00100,click,1737722693,web,Abuja
R00573,O00114,impression,1743995625,web,Abuja
R00573,O00114,impression,1752267290,web,Abuja
R00573,O00066,impression,1755574267,web,Abuja
R00573,O00022,impression,1756180401,web,Abuja
R00573,O00066,click,1758113498,web,Abuja
R00573,O00027,redeem,1764485749,web,Abuja
R00573,O00114,click,1765498070,web,Abuja
R00574,O00101,impression,1743042940,mobile,Lagos
R00574,O00057,impression,1744675551,mobile,Lagos
R00574,O00020,impression,1749505017,mobile,Lagos
R00574,O00020,impression,1750468316,mobile,Lagos
R00574,O00101,impression,1750509813,mobile,Lagos
R00574,O00101,impression,1751764675,mobile,Lagos
R00574,O00079,click,1765541697,mobile,Lagos
R00575,O00054,impression,1736879651,mobile,Enugu
R00575,O00100,impression,1743230371,mobile,Enugu
R00575,O00054,redeem,1743391299,mobile,Enugu
R00575,O00054,click,1753438386,mobile,Enugu
R00575,O00106,redeem,1757917369,mobile,Enugu
R00575,O00081,impression,1760616774,mobile,Enugu
R00575,O00088,impression,1763288970,mobile,Enugu
R00576,O00039,redeem,1737618462,tablet,Lagos
R00576,O00086,impression,1741906844,tablet,Lagos
R00576,O00031,click,1745210712,tablet,Lagos
R00576,O00093,click,1750722217,tablet,Lagos
R00576,O00074,impression,1752439104,tablet,Lagos
R00576,O00086,click,1758433271,tablet,Lagos
R00576,O00086,impression,1761948072,tablet,Lagos
R00576,O00093,impression,1766447314,tablet,Lagos
R00576,O00086,impression,1766631462,tablet,Lagos
R00577,O00081,redeem,1740473977,tablet,Ibadan
R00577,O00076,click,1744140593,tablet,Ibadan
R00577,O00039,impression,1744627551,tablet,Ibadan
R00577,O00040,impression,1745480915,tablet,Ibadan
R00577,O00075,impression,1746636823,tablet,Ibadan
R00577,O00076,redeem,1760269161,tablet,Ibadan
R00577,O00085,impression,1761908293,tablet,Ibadan
R00577,O00022,click,1763502935,tablet,Ibadan
R00578,O00073,click,1740485779,mobile,Lagos
R00578,O00017,impression,1743772353,mobile,Lagos
R00578,O00087,impression,1746695113,mobile,Lagos
R00578,O00013,impression,1748133922,mobile,Lagos
R00578,O00016,redeem,1749494026,mobile,Lagos
R00578,O00073,redeem,1751717309,mobile,Lagos
R00578,O00013,impression,1766046953,mobile,Lagos
R00579,O00059,impression,1739727673,mobile,Lagos
R00579,O00016,click,1740370734,mobile,Lagos
R00579,O00046,click,1743897016,mobile,Lagos
R00579,O00059,redeem,1748405490,mobile,Lagos
R00579,O00068,impression,1750551497,mobile,Lagos
R00579,O00046,click,1754699785,mobile,Lagos
R00579,O00046,impression,1759710505,mobile,Lagos
R00579,O00046,impression,1764348141,mobile,Lagos
R00580,O00085,click,1739901746,tablet,Enugu
R00580,O00015,impression,1745756661,tablet,Enugu
R00580,O00098,impression,1746809805,tablet,Enugu
R00580,O00076,click,1752378188,tablet,Enugu
R00580,O00115,click,1758789013,tablet,Enugu
R00580,O00048,click,1760769009,tablet,Enugu
R00580,O00015,click,1761318723,tablet,Enugu
R00580,O00039,click,1763601381,tablet,Enugu
R00581,O00029,click,1746782488,web,Abuja
R00581,O00012,click,1747750723,web,Abuja
R00581,O00063,impression,1748950372,web,Abuja
R00581,O00012,impression,1750786623,web,Abuja
R00581,O00006,impression,1760793921,web,Abuja
R00582,O00064,impression,1740626456,mobile,Abuja
R00582,O00084,impression,1745208777,mobile,Abuja
R00582,O00008,impression,1751773482,mobile,Abuja
R00582,O00032,click,1751986039,mobile,Abuja
R00582,O00114,click,1754426945,mobile,Abuja
R00582,O00042,impression,1758182496,mobile,Abuja
R00582,O00073,impression,1761825462,mobile,Abuja
R00582,O00049,impression,1763522603,mobile,Abuja
R00582,O00102,impression,1765505756,mobile,Abuja
R00583,O00092,click,1735830536,tablet,Enugu
R00583,O00101,impression,1755129556,tablet,Enugu
R00583,O00107,redeem,1758232019,tablet,Enugu
R00583,O00046,impression,1766202782,tablet,Enugu
R00584,O00041,impression,1741966591,mobile,Enugu
R00584,O00070,impression,1744146635,mobile,Enugu
R00584,O00117,impression,1745055184,mobile,Enugu
R00584,O00090,impression,1754564611,mobile,Enugu
R00584,O00090,click,1756931824,mobile,Enugu
R00585,O00025,click,1735761209,web,Port Harcourt
R00585,O00026,click,1736204156,web,Port Harcourt
R00585,O00017,click,1737525654,web,Port Harcourt
R00585,O00093,impression,1740247689,web,Port Harcourt
R00585,O00032,redeem,1754185047,web,Port Harcourt
R00585,O00074,click,1760138646,web,Port Harcourt
R00586,O00001,impression,1735901776,tablet,Abuja
R00586,O00032,impression,1741780096,tablet,Abuja
R00586,O00102,click,1748792597,tablet,Abuja
R00586,O00104,impression,1749810051,tablet,Abuja
R00586,O00100,click,1752112921,tablet,Abuja
R00586,O00049,impression,1756481533,tablet,Abuja
R00586,O00114,click,1756484476,tablet,Abuja
R00586,O00102,impression,1759586007,tablet,Abuja
R00586,O00120,impression,1765424812,tablet,Abuja
R00586,O00009,impression,1766287570,tablet,Abuja
R00587,O00055,impression,1738741039,web,Port Harcourt
R00587,O00072,click,1738965908,web,Port Harcourt
R00587,O00099,impression,1741459667,web,Port Harcourt
R00587,O00010,impression,1765320870,web,Port Harcourt
R00588,O00009,click,1739597582,mobile,Lagos
R00588,O00110,impression,1741350429,mobile,Lagos
R00588,O00014,impression,1747425424,mobile,Lagos
R00588,O00066,click,1750210850,mobile,Lagos
R00588,O00047,redeem,1766919547,mobile,Lagos
R00589,O00074,redeem,1736509475,tablet,Lagos
R00589,O00074,impression,1741046408,tablet,Lagos
R00589,O00086,click,1741430817,tablet,Lagos
R00589,O00074,impression,1742887076,tablet,Lagos
R00589,O00074,click,1761517676,tablet,Lagos
R00590,O00071,click,1742126219,mobile,Port Harcourt
R00590,O00020,click,1744612223,mobile,Port Harcourt
R00590,O00058,impression,1745170109,mobile,Port Harcourt
R00590,O00018,impression,1750392818,mobile,Port Harcourt
R00590,O00020,impression,1751337259,mobile,Port Harcourt
R00590,O00049,impression,1761174221,mobile,Port Harcourt
R00590,O00057,impression,1763428314,mobile,Port Harcourt
R00590,O00071,impression,1766729124,mobile,Port Harcourt
R00591,O00034,impression,1736602394,mobile,Lagos
R00591,O00115,impression,1739074540,mobile,Lagos
R00591,O00029,impression,1740688025,mobile,Lagos
R00591,O00085,impression,1759438910,mobile,Lagos
R00591,O00022,click,1760549126,mobile,Lagos
R00592,O00018,impression,1735695786,mobile,Lagos
R00592,O00054,impression,1736001002,mobile,Lagos
R00592,O00079,impression,1748599679,mobile,Lagos
R00592,O00079,click,1751332778,mobile,Lagos
R00592,O00008,impression,1758419776,mobile,Lagos
R00592,O00061,impression,1763586945,mobile,Lagos
R00593,O00076,click,1742459351,web,Abuja
R00593,O00023,click,1746974086,web,Abuja
R00593,O00022,impression,1747696278,web,Abuja
R00593,O00076,click,1749939604,web,Abuja
R00593,O00094,impression,1756552473,web,Abuja
R00593,O00083,click,1759354394,web,Abuja
R00593,O00094,impression,1761550262,web,Abuja
R00593,O00085,click,1762856568,web,Abuja
R00593,O00085,impression,1763188921,web,Abuja
R00594,O00007,click,1742847088,tablet,Lagos
R00594,O00102,redeem,1745026868,tablet,Lagos
R00594,O00042,redeem,1745472986,tablet,Lagos
R00594,O00032,impression,1759508022,tablet,Lagos
R00595,O00052,click,1737903952,web,Port Harcourt
R00595,O00021,click,1741111777,web,Port Harcourt
R00595,O00006,impression,1755289337,web,Port Harcourt
R00595,O00021,impression,1756564196,web,Port Harcourt
R00595,O00028,click,1757007133,web,Port Harcourt
R00595,O00052,click,1757693959,web,Port Harcourt
R00595,O00028,click,1759322305,web,Port Harcourt
R00596,O00015,redeem,1735805931,tablet,Abuja
R00596,O00004,click,1745386848,tablet,Abuja
R00596,O00111,impression,1765339123,tablet,Abuja
R00596,O00024,click,1765940606,tablet,Abuja
R00596,O00040,click,1766125116,tablet,Abuja
R00597,O00108,click,1741731573,web,Ibadan
R00597,O00087,impression,1746157604,web,Ibadan
R00597,O00019,click,1750322477,web,Ibadan
R00597,O00073,impression,1754329098,web,Ibadan
R00597,O00017,click,1754891683,web,Ibadan
R00597,O00016,impression,1759199432,web,Ibadan
R00597,O00080,impression,1759711533,web,Ibadan
R00597,O00016,impression,1761358867,web,Ibadan
R00597,O00073,redeem,1763564458,web,Ibadan
R00597,O00073,impression,1764897482,web,Ibadan
R00598,O00113,click,1736387674,mobile,Port Harcourt
R00598,O00050,impression,1743663744,mobile,Port Harcourt
R00598,O00106,impression,1743832474,mobile,Port Harcourt
R00598,O00027,click,1756318124,mobile,Port Harcourt
R00599,O00060,click,1736385949,web,Port Harcourt
R00599,O00104,click,1744121694,web,Port Harcourt
R00599,O00019,click,1745020626,web,Port Harcourt
R00599,O00092,impression,1745038028,web,Port Harcourt
R00599,O00062,impression,1750537531,web,Port Harcourt
R00599,O00003,impression,1759436335,web,Port Harcourt
R00600,O00113,impression,1736435239,web,Enugu
R00600,O00088,impression,1736544798,web,Enugu
R00600,O00099,click,1742123616,web,Enugu
R00600,O00054,click,1745114504,web,Enugu
R00600,O00064,impression,1747541357,web,Enugu
R00600,O00081,impression,1748795941,web,Enugu
R00600,O00022,impression,1753090599,web,Enugu
R00600,O00106,redeem,1756875355,web,Enugu
R00600,O00089,click,1758594946,web,Enugu
R00601,O00056,impression,1746042518,web,Abuja
R00601,O00096,impression,1746562205,web,Abuja
R00601,O00090,redeem,1758474486,web,Abuja
R00601,O00096,click,1761493731,web,Abuja
R00601,O00070,impression,1765851092,web,Abuja
R00602,O00076,impression,1738037743,web,Abuja
R00602,O00034,impression,1750272137,web,Abuja
R00602,O00022,impression,1754765664,web,Abuja
R00602,O00094,impression,1764310335,web,Abuja
R00603,O00024,impression,1739900752,web,Lagos
R00603,O00059,redeem,1740188806,web,Lagos
R00603,O00046,impression,1747927246,web,Lagos
R00603,O00095,impression,1748920911,web,Lagos
R00603,O00059,redeem,1750645843,web,Lagos
R00603,O00046,impression,1760698743,web,Lagos
R00603,O00036,impression,1764066976,web,Lagos
R00603,O00095,impression,1764371190,web,Lagos
R00604,O00026,impression,1738972408,web,Lagos
R00604,O00113,click,1739647483,web,Lagos
R00604,O00045,click,1739898166,web,Lagos
R00604,O00031,impression,1745904563,web,Lagos
R00604,O00093,click,1746579744,web,Lagos
R00604,O00015,impression,1748328739,web,Lagos
R00604,O00026,click,1748623476,web,Lagos
R00604,O00025,impression,1750762894,web,Lagos
R00604,O00020,impression,1751282089,web,Lagos
R00604,O00031,impression,1752410378,web,Lagos
R00605,O00074,impression,1739470334,mobile,Lagos
R00605,O00045,impression,1744644276,mobile,Lagos
R00605,O00074,impression,1756833747,mobile,Lagos
R00605,O00074,impression,1765030142,mobile,Lagos
R00606,O00033,impression,1740790995,mobile,Ibadan
R00606,O00065,click,1748020342,mobile,Ibadan
R00606,O00012,impression,1754230328,mobile,Ibadan
R00606,O00033,redeem,1759334638,mobile,Ibadan
R00607,O00031,impression,1736462821,web,Abuja
R00607,O00045,impression,1749999647,web,Abuja
R00607,O00093,click,1751976658,web,Abuja
R00607,O00086,click,1755551060,web,Abuja
R00608,O00037,click,1739884056,mobile,Enugu
R00608,O00117,impression,1742950463,mobile,Enugu
R00608,O00041,impression,1761290079,mobile,Enugu
R00608,O00117,impression,1761624104,mobile,Enugu
R00609,O00025,click,1735910342,tablet,Abuja
R00609,O00033,redeem,1742919108,tablet,Abuja
R00609,O00048,impression,1747196425,tablet,Abuja
R00609,O00074,impression,1752786454,tablet,Abuja
R00609,O00004,click,1753782065,tablet,Abuja
R00609,O00025,impression,1754135040,tablet,Abuja
R00609,O00012,impression,1754511642,tablet,Abuja
R00609,O00030,impression,1756477897,tablet,Abuja
R00609,O00063,click,1762669875,tablet,Abuja
R00610,O00021,redeem,1737588722,tablet,Lagos
R00610,O00012,redeem,1739089220,tablet,Lagos
R00610,O00021,impression,1744016621,tablet,Lagos
R00610,O00028,impression,1744415198,tablet,Lagos
R00610,O00018,impression,1766473229,tablet,Lagos
R00611,O00120,click,1739002268,tablet,Abuja
R00611,O00114,impression,1740900142,tablet,Abuja
R00611,O00114,impression,1746149290,tablet,Abuja
R00611,O00049,click,1746915337,tablet,Abuja
R00611,O00114,impression,1747411198,tablet,Abuja
R00611,O00001,click,1751256040,tablet,Abuja
R00611,O00120,impression,1762876996,tablet,Abuja
R00611,O00049,impression,1766658297,tablet,Abuja
R00611,O00110,redeem,1766778474,tablet,Abuja
R00612,O00111,impression,1750295680,tablet,Abuja
R00612,O00052,click,1750460859,tablet,Abuja
R00612,O00039,impression,1751896766,tablet,Abuja
R00612,O00039,impression,1755685856,tablet,Abuja
R00612,O00083,impression,1755787917,tablet,Abuja
R00613,O00050,click,1741388897,tablet,Ibadan
R00613,O00050,impression,1741992353,tablet,Ibadan
R00613,O00036,impression,1743078547,tablet,Ibadan
R00613,O00026,redeem,1749705504,tablet,Ibadan
R00613,O00026,click,1754450258,tablet,Ibadan
R00613,O00002,impression,1754464231,tablet,Ibadan
R00613,O00086,click,1766027075,tablet,Ibadan
R00614,O00064,impression,1749982873,mobile,Ibadan
R00614,O00031,impression,1754801769,mobile,Ibadan
R00614,O00093,impression,1758108111,mobile,Ibadan
R00614,O00031,impression,1766730977,mobile,Ibadan
R00615,O00032,impression,1738293047,mobile,Ibadan
R00615,O00063,impression,1741265595,mobile,Ibadan
R00615,O00006,impression,1749689087,mobile,Ibadan
R00615,O00103,impression,1750005833,mobile,Ibadan
R00615,O00006,click,1764360550,mobile,Ibadan
R00616,O00107,impression,1738747634,web,Abuja
R00616,O00072,impression,1744002746,web,Abuja
R00616,O00104,impression,1746116658,web,Abuja
R00616,O00024,click,1748585550,web,Abuja
R00616,O00038,click,1750799372,web,Abuja
R00616,O00099,redeem,1753797001,web,Abuja
R00616,O00109,click,1754769545,web,Abuja
R00616,O00002,click,1757932367,web,Abuja
R00617,O00051,impression,1739157105,mobile,Lagos
R00617,O00058,impression,1739690955,mobile,Lagos
R00617,O00101,impression,1745134590,mobile,Lagos
R00617,O00051,impression,1746584429,mobile,Lagos
R00617,O00067,impression,1754871880,mobile,Lagos
R00617,O00071,impression,1766568601,mobile,Lagos
R00618,O00044,impression,1737615561,mobile,Ibadan
R00618,O00118,impression,1741642108,mobile,Ibadan
R00618,O00094,impression,1746541152,mobile,Ibadan
R00618,O00085,impression,1752001276,mobile,Ibadan
R00618,O00085,impression,1757218324,mobile,Ibadan
R00618,O00015,impression,1762918024,mobile,Ibadan
R00619,O00045,impression,1738311842,web,Abuja
R00619,O00045,click,1738518861,web,Abuja
R00619,O00073,impression,1741600559,web,Abuja
R00619,O00086,impression,1746963307,web,Abuja
R00619,O00093,impression,1747983124,web,Abuja
R00619,O00031,impression,1755628647,web,Abuja
R00619,O00050,click,1756510530,web,Abuja
R00619,O00093,impression,1761899225,web,Abuja
R00619,O00090,redeem,1762960407,web,Abuja
R00619,O00074,click,1764498479,web,Abuja
R00620,O00102,impression,1741714887,web,Enugu
R00620,O00008,impression,1747489866,web,Enugu
R00620,O00009,impression,1751940067,web,Enugu
R00620,O00120,click,1752693338,web,Enugu
R00620,O00100,click,1753725545,web,Enugu
R00620,O00042,click,1756194283,web,Enugu
R00620,O00114,impression,1757992237,web,Enugu
R00620,O00026,impression,1762578709,web,Enugu
R00620,O00009,redeem,1762768735,web,Enugu
R00620,O00066,impression,1763544024,web,Enugu
R00621,O00009,impression,1743718663,mobile,Port Harcourt
R00621,O00120,impression,1743943402,mobile,Port Harcourt
R00621,O00053,impression,1744484193,mobile,Port Harcourt
R00621,O00049,click,1745092543,mobile,Port Harcourt
R00621,O00043,impression,1745620002,mobile,Port Harcourt
R00621,O00110,click,1753750916,mobile,Port Harcourt
R00621,O00084,click,1759210071,mobile,Port Harcourt
R00621,O00032,click,1764728041,mobile,Port Harcourt
R00622,O00051,click,1738529017,tablet,Lagos
R00622,O00094,click,1741090653,tablet,Lagos
R00622,O00076,click,1745330366,tablet,Lagos
R00622,O00091,click,1751383520,tablet,Lagos
R00622,O00098,impression,1754257943,tablet,Lagos
R00622,O00085,impression,1755591562,tablet,Lagos
R00622,O00044,impression,1756628612,tablet,Lagos
R00622,O00098,impression,1759820671,tablet,Lagos
R00623,O00032,redeem,1736820420,tablet,Abuja
R00623,O00029,click,1737158004,tablet,Abuja
R00623,O00091,click,1739424050,tablet,Abuja
R00623,O00091,impression,1739747180,tablet,Abuja
R00623,O00007,impression,1746679629,tablet,Abuja
R00623,O00067,click,1747456785,tablet,Abuja
R00623,O00007,impression,1756535071,tablet,Abuja
R00623,O00011,impression,1760904497,tablet,Abuja
R00623,O00091,click,1765683978,tablet,Abuja
R00623,O00067,impression,1765950728,tablet,Abuja
R00624,O00089,click,1739598537,mobile,Port Harcourt
R00624,O00083,redeem,1739924681,mobile,Port Harcourt
R00624,O00116,click,1744183754,mobile,Port Harcourt
R00624,O00099,impression,1747002718,mobile,Port Harcourt
R00624,O00060,click,1748990284,mobile,Port Harcourt
R00624,O00018,impression,1749651271,mobile,Port Harcourt
R00624,O00107,impression,1751077547,mobile,Port Harcourt
R00624,O00043,impression,1752105506,mobile,Port Harcourt
R00624,O00036,impression,1762646467,mobile,Port Harcourt
R00624,O00010,impression,1764246194,mobile,Port Harcourt
R00625,O00064,impression,1736045033,web,Ibadan
R00625,O00069,click,1746608907,web,Ibadan
R00625,O00042,impression,1748701392,web,Ibadan
R00625,O00100,redeem,1753079577,web,Ibadan
R00626,O00060,click,1736124900,web,Ibadan
R00626,O00062,impression,1747841107,web,Ibadan
R00626,O00116,impression,1749952837,web,Ibadan
R00626,O00076,impression,1750671714,web,Ibadan
R00626,O00072,impression,1753175538,web,Ibadan
R00626,O00055,impression,1753280831,web,Ibadan
R00626,O00082,impression,1755948327,web,Ibadan
R00626,O00074,impression,1759318315,web,Ibadan
R00626,O00003,impression,1764981658,web,Ibadan
R00626,O00109,click,1766957444,web,Ibadan
R00627,O00052,click,1736067575,mobile,Lagos
R00627,O00066,impression,1741668547,mobile,Lagos
R00627,O00102,click,1750952594,mobile,Lagos
R00627,O00102,click,1751905376,mobile,Lagos
R00627,O00066,impression,1753351723,mobile,Lagos
R00627,O00042,click,1760185644,mobile,Lagos
R00627,O00100,click,1765030314,mobile,Lagos
R00628,O00011,click,1747873888,tablet,Abuja
R00628,O00023,click,1760341177,tablet,Abuja
R00628,O00029,click,1760441488,tablet,Abuja
R00628,O00091,impression,1765333595,tablet,Abuja
R00628,O00100,click,1766153058,tablet,Abuja
R00629,O00116,click,1737899755,web,Enugu
R00629,O00028,click,1738984753,web,Enugu
R00629,O00089,click,1745481572,web,Enugu
R00629,O00021,impression,1750022103,web,Enugu
R00629,O00085,impression,1750599669,web,Enugu
R00629,O00107,click,1753347558,web,Enugu
R00629,O00019,impression,1754567946,web,Enugu
R00629,O00008,click,1755816303,web,Enugu
R00629,O00055,impression,1763391892,web,Enugu
R00629,O00114,redeem,1765594594,web,Enugu
R00630,O00044,click,1735711186,tablet,Ibadan
R00630,O00118,impression,1743258250,tablet,Ibadan
R00630,O00118,impression,1747616477,tablet,Ibadan
R00630,O00108,impression,1749910180,tablet,Ibadan
R00630,O00040,click,1753747189,tablet,Ibadan
R00631,O00068,click,1736162799,web,Port Harcourt
R00631,O00095,click,1743196825,web,Port Harcourt
R00631,O00059,impression,1744394772,web,Port Harcourt
R00631,O00119,click,1745636219,web,Port Harcourt
R00631,O00095,impression,1755091134,web,Port Harcourt
R00631,O00059,redeem,1757989409,web,Port Harcourt
R00631,O00046,click,1759687732,web,Port Harcourt
R00631,O00095,click,1763602425,web,Port Harcourt
R00631,O00100,redeem,1764547417,web,Port Harcourt
R00632,O00095,click,1745221787,tablet,Enugu
R00632,O00005,click,1752951560,tablet,Enugu
R00632,O00078,click,1753927318,tablet,Enugu
R00632,O00035,click,1762677402,tablet,Enugu
R00632,O00005,redeem,1766745481,tablet,Enugu
R00633,O00033,impression,1738634909,web,Abuja
R00633,O00101,click,1739628297,web,Abuja
R00633,O00030,impression,1746751932,web,Abuja
R00633,O00030,click,1747113892,web,Abuja
R00633,O00030,impression,1747552659,web,Abuja
R00633,O00030,impression,1747721432,web,Abuja
R00633,O00069,click,1753188378,web,Abuja
R00633,O00006,click,1753524917,web,Abuja
R00633,O00063,click,1759255058,web,Abuja
R00634,O00099,impression,1735938432,mobile,Lagos
R00634,O00038,impression,1741585136,mobile,Lagos
R00634,O00082,impression,1746799532,mobile,Lagos
R00634,O00089,click,1747455727,mobile,Lagos
R00634,O00082,impression,1751324093,mobile,Lagos
R00634,O00060,click,1764884550,mobile,Lagos
R00635,O00043,click,1737008877,tablet,Lagos
R00635,O00059,impression,1738574778,tablet,Lagos
R00635,O00095,impression,1740491148,tablet,Lagos
R00635,O00119,impression,1744255956,tablet,Lagos
R00635,O00084,impression,1751448961,tablet,Lagos
R00635,O00043,redeem,1754333882,tablet,Lagos
R00635,O00032,impression,1765936168,tablet,Lagos
R00636,O00065,click,1736419431,web,Port Harcourt
R00636,O00100,click,1746079781,web,Port Harcourt
R00636,O00117,impression,1750580779,web,Port Harcourt
R00636,O00053,click,1752791062,web,Port Harcourt
R00637,O00056,click,1736896983,web,Port Harcourt
R00637,O00117,click,1739209182,web,Port Harcourt
R00637,O00090,click,1739957503,web,Port Harcourt
R00637,O00115,click,1742088263,web,Port Harcourt
R00637,O00117,click,1746572379,web,Port Harcourt
R00637,O00077,click,1750445776,web,Port Harcourt
R00638,O00091,click,1748324855,tablet,Lagos
R00638,O00029,redeem,1749643065,tablet,Lagos
R00638,O00018,click,1751273564,tablet,Lagos
R00638,O00094,click,1755966978,tablet,Lagos
R00638,O00064,impression,1757636247,tablet,Lagos
R00638,O00067,click,1762325636,tablet,Lagos
R00639,O00091,impression,1738201498,web,Enugu
R00639,O00029,click,1740783059,web,Enugu
R00639,O00011,click,1743258648,web,Enugu
R00639,O00039,impression,1743570929,web,Enugu
R00639,O00011,impression,1758393742,web,Enugu
R00639,O00059,click,1761105733,web,Enugu
R00639,O00011,click,1764372111,web,Enugu
R00639,O00011,click,1766003911,web,Enugu
R00640,O00120,impression,1738398744,tablet,Ibadan
R00640,O00120,click,1742665754,tablet,Ibadan
R00640,O00032,redeem,1745506496,tablet,Ibadan
R00640,O00042,click,1745731414,tablet,Ibadan
R00640,O00066,redeem,1752540311,tablet,Ibadan
R00640,O00056,click,1758443351,tablet,Ibadan
R00640,O00110,redeem,1759383151,tablet,Ibadan
R00640,O00009,click,1760461945,tablet,Ibadan
R00640,O00061,click,1763852575,tablet,Ibadan
R00641,O00015,click,1741693245,mobile,Enugu
R00641,O00075,click,1742964624,mobile,Enugu
R00641,O00094,impression,1747027748,mobile,Enugu
R00641,O00118,redeem,1759603071,mobile,Enugu
R00642,O00017,impression,1737460342,mobile,Port Harcourt
R00642,O00016,impression,1741854411,mobile,Port Harcourt
R00642,O00073,click,1742522482,mobile,Port Harcourt
R00642,O00113,impression,1743097576,mobile,Port Harcourt
R00642,O00073,impression,1753953822,mobile,Port Harcourt
R00642,O00079,click,1754000757,mobile,Port Harcourt
R00643,O00032,impression,1737055822,mobile,Abuja
R00643,O00001,click,1737449319,mobile,Abuja
R00643,O00066,impression,1758351532,mobile,Abuja
R00643,O00109,impression,1760885114,mobile,Abuja
R00643,O00064,click,1766169365,mobile,Abuja
R00644,O00025,click,1748309969,web,Port Harcourt
R00644,O00114,click,1755102358,web,Port Harcourt
R00644,O00041,impression,1755426364,web,Port Harcourt
R00644,O00114,click,1760750578,web,Port Harcourt
R00645,O00052,impression,1741050949,mobile,Enugu
R00645,O00049,click,1748786581,mobile,Enugu
R00645,O00009,impression,1750022164,mobile,Enugu
R00645,O00042,click,1751062746,mobile,Enugu
R00645,O00049,click,1751296970,mobile,Enugu
R00645,O00120,click,1753966837,mobile,Enugu
R00645,O00100,click,1756589188,mobile,Enugu
R00645,O00049,impression,1757533628,mobile,Enugu
R00645,O00102,impression,1766042911,mobile,Enugu
R00646,O00092,click,1741266096,web,Port Harcourt
R00646,O00097,impression,1748923562,web,Port Harcourt
R00646,O00065,impression,1750437699,web,Port Harcourt
R00646,O00055,click,1758208400,web,Port Harcourt
R00646,O00109,impression,1765555025,web,Port Harcourt
R00647,O00069,impression,1737644535,mobile,Ibadan
R00647,O00065,impression,1739389926,mobile,Ibadan
R00647,O00048,impression,1740225441,mobile,Ibadan
R00647,O00004,impression,1752576140,mobile,Ibadan
R00647,O00065,impression,1758635158,mobile,Ibadan
R00647,O00033,click,1759217787,mobile,Ibadan
R00647,O00048,impression,1760056112,mobile,Ibadan
R00647,O00048,impression,1762058247,mobile,Ibadan
R00648,O00089,impression,1740661852,tablet,Ibadan
R00648,O00109,impression,1747837295,tablet,Ibadan
R00648,O00003,click,1759174897,tablet,Ibadan
R00648,O00003,click,1764866448,tablet,Ibadan
R00648,O00072,impression,1765841730,tablet,Ibadan
R00648,O00108,click,1766257880,tablet,Ibadan
R00649,O00010,impression,1740868141,mobile,Abuja
R00649,O00042,impression,1742386285,mobile,Abuja
R00649,O00116,impression,1751538700,mobile,Abuja
R00649,O00112,click,1763588352,mobile,Abuja
R00649,O00094,redeem,1765784929,mobile,Abuja
R00650,O00054,impression,1739627049,tablet,Ibadan
R00650,O00106,impression,1739826123,tablet,Ibadan
R00650,O00113,impression,1746135821,tablet,Ibadan
R00650,O00106,impression,1748871755,tablet,Ibadan
R00650,O00010,impression,1751047488,tablet,Ibadan
R00650,O00081,impression,1755748615,tablet,Ibadan
R00650,O00106,impression,1757820099,tablet,Ibadan
R00650,O00081,impression,1758757737,tablet,Ibadan
R00651,O00049,impression,1740116032,web,Ibadan
R00651,O00102,impression,1741480523,web,Ibadan
R00651,O00114,redeem,1743375987,web,Ibadan
R00651,O00114,impression,1743508538,web,Ibadan
R00651,O00008,click,1743884893,web,Ibadan
R00651,O00008,impression,1743937878,web,Ibadan
R00651,O00114,click,1756631275,web,Ibadan
R00651,O00120,impression,1757833184,web,Ibadan
R00651,O00001,click,1766632866,web,Ibadan
R00652,O00049,click,1737088282,web,Lagos
R00652,O00053,click,1738207877,web,Lagos
R00652,O00111,click,1740998697,web,Lagos
R00652,O00040,click,1742377338,web,Lagos
R00652,O00098,click,1757258017,web,Lagos
R00652,O00108,impression,1757529010,web,Lagos
R00652,O00094,click,1757701526,web,Lagos
R00652,O00015,click,1758538570,web,Lagos
R00653,O00079,impression,1739402645,tablet,Lagos
R00653,O00061,click,1748209306,tablet,Lagos
R00653,O00028,click,1750926113,tablet,Lagos
R00653,O00097,impression,1751848320,tablet,Lagos
R00653,O00028,impression,1762584129,tablet,Lagos
R00653,O00021,impression,1762771507,tablet,Lagos
R00654,O00085,impression,1744254273,tablet,Enugu
R00654,O00020,click,1748289122,tablet,Enugu
R00654,O00071,click,1760306798,tablet,Enugu
R00654,O00057,impression,1761930651,tablet,Enugu
R00655,O00001,click,1750957544,mobile,Ibadan
R00655,O00041,click,1757740306,mobile,Ibadan
R00655,O00077,click,1761670846,mobile,Ibadan
R00655,O00029,impression,1763590843,mobile,Ibadan
R00655,O00027,impression,1764156691,mobile,Ibadan
R00655,O00041,impression,1766938970,mobile,Ibadan
R00656,O00089,click,1744787388,mobile,Enugu
R00656,O00089,impression,1745944901,mobile,Enugu
R00656,O00003,redeem,1746253238,mobile,Enugu
R00656,O00089,click,1749865804,mobile,Enugu
R00656,O00115,click,1757058360,mobile,Enugu
R00657,O00020,impression,1742307357,tablet,Lagos
R00657,O00051,redeem,1744529988,tablet,Lagos
R00657,O00051,impression,1745117224,tablet,Lagos
R00657,O00051,redeem,1746937067,tablet,Lagos
R00657,O00111,click,1754469949,tablet,Lagos
R00657,O00099,click,1760042192,tablet,Lagos
R00657,O00080,impression,1763334667,tablet,Lagos
R00657,O00010,click,1765850709,tablet,Lagos
R00658,O00022,impression,1751870853,tablet,Abuja
R00658,O00004,impression,1756497494,tablet,Abuja
R00658,O00111,click,1758871684,tablet,Abuja
R00658,O00040,impression,1760337074,tablet,Abuja
R00658,O00015,impression,1760791752,tablet,Abuja
R00659,O00036,impression,1740206726,mobile,Abuja
R00659,O00036,impression,1742868190,mobile,Abuja
R00659,O00060,impression,1755972499,mobile,Abuja
R00659,O00062,impression,1758500215,mobile,Abuja
R00659,O00092,redeem,1764776818,mobile,Abuja
R00659,O00010,impression,1766328823,mobile,Abuja
R00660,O00086,click,1740086552,tablet,Enugu
R00660,O00112,click,1743286942,tablet,Enugu
R00660,O00025,click,1745834441,tablet,Enugu
R00660,O00074,click,1746915721,tablet,Enugu
R00660,O00031,click,1750211881,tablet,Enugu
R00660,O00026,impression,1754215759,tablet,Enugu
R00660,O00093,click,1755341821,tablet,Enugu
R00660,O00031,impression,1756789987,tablet,Enugu
R00661,O00095,impression,1736053889,web,Port Harcourt
R00661,O00072,click,1740195447,web,Port Harcourt
R00661,O00116,click,1744714038,web,Port Harcourt
R00661,O00055,click,1746931568,web,Port Harcourt
R00661,O00038,click,1752311592,web,Port Harcourt
R00661,O00117,click,1763459914,web,Port Harcourt
R00661,O00003,click,1766398376,web,Port Harcourt
R00662,O00094,impression,1742567017,tablet,Abuja
R00662,O00115,click,1746925343,tablet,Abuja
R00662,O00098,impression,1749238708,tablet,Abuja
R00662,O00115,click,1750043869,tablet,Abuja
R00662,O00083,impression,1755632019,tablet,Abuja
R00662,O00115,click,1756621361,tablet,Abuja
R00662,O00039,click,1757191448,tablet,Abuja
R00662,O00118,click,1761799636,tablet,Abuja
R00662,O00022,click,1762613363,tablet,Abuja
R00662,O00111,click,1765173954,tablet,Abuja
R00663,O00079,click,1743556626,tablet,Abuja
R00663,O00061,impression,1750786516,tablet,Abuja
R00663,O00061,impression,1760411750,tablet,Abuja
R00663,O00097,impression,1766762514,tablet,Abuja
R00664,O00090,impression,1738832606,web,Ibadan
R00664,O00117,click,1738947667,web,Ibadan
R00664,O00056,impression,1745614546,web,Ibadan
R00664,O00117,impression,1747432520,web,Ibadan
R00664,O00092,redeem,1750799704,web,Ibadan
R00664,O00077,click,1753534403,web,Ibadan
R00664,O00090,impression,1756454769,web,Ibadan
R00664,O00070,impression,1762606845,web,Ibadan
R00664,O00027,impression,1762706749,web,Ibadan
R00664,O00056,impression,1762854054,web,Ibadan
R00665,O00085,impression,1736520481,tablet,Ibadan
R00665,O00075,click,1752276627,tablet,Ibadan
R00665,O00034,redeem,1752699680,tablet,Ibadan
R00665,O00083,impression,1754097971,tablet,Ibadan
R00665,O00111,redeem,1754507424,tablet,Ibadan
R00665,O00115,impression,1754838454,tablet,Ibadan
R00665,O00034,impression,1756303764,tablet,Ibadan
R00665,O00118,impression,1758882575,tablet,Ibadan
R00665,O00083,impression,1763149285,tablet,Ibadan
R00666,O00054,click,1740766315,mobile,Port Harcourt
R00666,O00088,click,1745076742,mobile,Port Harcourt
R00666,O00088,click,1749163885,mobile,Port Harcourt
R00666,O00113,impression,1756050955,mobile,Port Harcourt
R00666,O00066,click,1759233749,mobile,Port Harcourt
R00666,O00113,click,1759571016,mobile,Port Harcourt
R00666,O00106,impression,1760146866,mobile,Port Harcourt
R00666,O00106,click,1760947636,mobile,Port Harcourt
R00666,O00081,redeem,1763067583,mobile,Port Harcourt
R00667,O00057,impression,1742739531,tablet,Abuja
R00667,O00101,impression,1747500615,tablet,Abuja
R00667,O00094,impression,1758613929,tablet,Abuja
R00667,O00101,impression,1763434148,tablet,Abuja
R00667,O00041,click,1764696245,tablet,Abuja
R00667,O00051,impression,1764850949,tablet,Abuja
R00668,O00103,click,1735863470,mobile,Abuja
R00668,O00002,click,1745055182,mobile,Abuja
R00668,O00055,click,1748651435,mobile,Abuja
R00668,O00003,click,1748686862,mobile,Abuja
R00668,O00007,click,1751276218,mobile,Abuja
R00668,O00092,click,1753745707,mobile,Abuja
R00668,O00038,impression,1759658908,mobile,Abuja
R00668,O00010,click,1760073318,mobile,Abuja
R00669,O00013,click,1739204535,tablet,Enugu
R00669,O00033,impression,1741792088,tablet,Enugu
R00669,O00016,click,1746113427,tablet,Enugu
R00669,O00013,impression,1747506536,tablet,Enugu
R00669,O00073,redeem,1750740642,tablet,Enugu
R00669,O00073,click,1755762249,tablet,Enugu
R00669,O00080,impression,1760568821,tablet,Enugu
R00669,O00087,impression,1761731276,tablet,Enugu
R00669,O00019,click,1766628655,tablet,Enugu
R00670,O00011,impression,1737730723,web,Enugu
R00670,O00029,click,1739995248,web,Enugu
R00670,O00067,impression,1742244963,web,Enugu
R00670,O00011,impression,1745949625,web,Enugu
R00670,O00011,click,1749477861,web,Enugu
R00670,O00067,click,1753365817,web,Enugu
R00670,O00011,impression,1754949597,web,Enugu
R00670,O00091,impression,1757122592,web,Enugu
R00670,O00011,click,1759630332,web,Enugu
R00670,O00029,impression,1763669251,web,Enugu
R00671,O00119,impression,1737146176,web,Abuja
R00671,O00119,click,1739643597,web,Abuja
R00671,O00059,impression,1743217246,web,Abuja
R00671,O00046,redeem,1748357300,web,Abuja
R00671,O00043,impression,1753642347,web,Abuja
R00671,O00046,impression,1755090965,web,Abuja
R00671,O00046,impression,1766906842,web,Abuja
R00672,O00041,click,1736017354,tablet,Port Harcourt
R00672,O00090,click,1736949199,tablet,Port Harcourt
R00672,O00037,click,1739024225,tablet,Port Harcourt
R00672,O00070,click,1741053814,tablet,Port Harcourt
R00672,O00068,redeem,1749999119,tablet,Port Harcourt
R00672,O00079,impression,1751001065,tablet,Port Harcourt
R00672,O00027,click,1753264131,tablet,Port Harcourt
R00672,O00053,impression,1763041150,tablet,Port Harcourt
R00673,O00104,impression,1736394186,web,Lagos
R00673,O00089,impression,1739952990,web,Lagos
R00673,O00036,impression,1748587704,web,Lagos
R00673,O00060,click,1758002025,web,Lagos
R00673,O00104,impression,1763399648,web,Lagos
R00673,O00107,impression,1763570140,web,Lagos
R00673,O00092,impression,1763573263,web,Lagos
R00673,O00089,impression,1764971348,web,Lagos
R00674,O00064,impression,1736531232,tablet,Ibadan
R00674,O00068,impression,1748663550,tablet,Ibadan
R00674,O00059,click,1750387898,tablet,Ibadan
R00674,O00068,impression,1761663010,tablet,Ibadan
R00675,O00001,impression,1735814295,mobile,Abuja
R00675,O00064,click,1738140011,mobile,Abuja
R00675,O00001,click,1738692471,mobile,Abuja
R00675,O00064,click,1739052078,mobile,Abuja
R00675,O00066,click,1740363433,mobile,Abuja
R00675,O00009,impression,1743511591,mobile,Abuja
R00675,O00008,redeem,1746166192,mobile,Abuja
R00675,O00114,impression,1748756160,mobile,Abuja
R00675,O00049,impression,1750608698,mobile,Abuja
R00675,O00068,click,1760299211,mobile,Abuja
R00676,O00096,click,1749208489,tablet,Lagos
R00676,O00096,redeem,1758290367,tablet,Lagos
R00676,O00096,impression,1759137307,tablet,Lagos
R00676,O00112,click,1762632063,tablet,Lagos
R00676,O00047,click,1763618649,tablet,Lagos
R00676,O00096,click,1765761750,tablet,Lagos
R00677,O00087,impression,1736157138,web,Abuja
R00677,O00016,click,1736906008,web,Abuja
R00677,O00019,impression,1744321022,web,Abuja
R00677,O00102,impression,1751655823,web,Abuja
R00677,O00013,click,1753284933,web,Abuja
R00677,O00087,impression,1760449280,web,Abuja
R00677,O00037,impression,1762615072,web,Abuja
R00677,O00087,impression,1764678979,web,Abuja
R00678,O00053,impression,1736676869,web,Enugu
R00678,O00072,click,1761170375,web,Enugu
R00678,O00107,click,1761195983,web,Enugu
R00678,O00116,impression,1763640183,web,Enugu
R00678,O00013,click,1763879678,web,Enugu
R00679,O00086,impression,1738049746,mobile,Ibadan
R00679,O00026,click,1741262479,mobile,Ibadan
R00679,O00031,click,1745752856,mobile,Ibadan
R00679,O00047,impression,1745762187,mobile,Ibadan
R00679,O00002,impression,1755877397,mobile,Ibadan
R00679,O00071,impression,1757910524,mobile,Ibadan
R00680,O00052,impression,1738617777,mobile,Abuja
R00680,O00061,click,1751423570,mobile,Abuja
R00680,O00114,click,1751865414,mobile,Abuja
R00680,O00102,impression,1761091889,mobile,Abuja
R00680,O00089,click,1762888705,mobile,Abuja
R00680,O00120,impression,1763201607,mobile,Abuja
R00680,O00061,impression,1766219307,mobile,Abuja
R00680,O00097,click,1766338677,mobile,Abuja
R00681,O00074,click,1736882329,mobile,Abuja
R00681,O00039,impression,1748196802,mobile,Abuja
R00681,O00086,impression,1749794017,mobile,Abuja
R00681,O00026,click,1750592299,mobile,Abuja
R00681,O00074,impression,1752816800,mobile,Abuja
R00681,O00050,click,1755529008,mobile,Abuja
R00681,O00031,impression,1756534319,mobile,Abuja
R00681,O00074,click,1759746831,mobile,Abuja
R00681,O00045,click,1764720743,mobile,Abuja
R00681,O00086,redeem,1765605929,mobile,Abuja
R00682,O00100,impression,1742158862,tablet,Abuja
R00682,O00120,impression,1743132589,tablet,Abuja
R00682,O00032,click,1747900183,tablet,Abuja
R00682,O00100,click,1749067065,tablet,Abuja
R00682,O00074,impression,1764239600,tablet,Abuja
R00683,O00076,impression,1739704482,mobile,Enugu
R00683,O00015,impression,1741456398,mobile,Enugu
R00683,O00015,click,1747884232,mobile,Enugu
R00683,O00034,impression,1747975423,mobile,Enugu
R00683,O00085,click,1753609932,mobile,Enugu
R00683,O00075,redeem,1756055672,mobile,Enugu
R00683,O00083,click,1756805196,mobile,Enugu
R00683,O00083,redeem,1757501517,mobile,Enugu
R00683,O00076,click,1758532771,mobile,Enugu
R00683,O00108,click,1758621331,mobile,Enugu
R00684,O00068,redeem,1736789717,tablet,Port Harcourt
R00684,O00112,click,1742393163,tablet,Port Harcourt
R00684,O00001,impression,1745676249,tablet,Port Harcourt
R00684,O00048,impression,1765760979,tablet,Port Harcourt
R00685,O00058,impression,1737426299,tablet,Enugu
R00685,O00058,click,1744608902,tablet,Enugu
R00685,O00051,impression,1746673259,tablet,Enugu
R00685,O00057,impression,1750826995,tablet,Enugu
R00685,O00058,impression,1763560730,tablet,Enugu
R00686,O00012,impression,1737879286,tablet,Abuja
R00686,O00069,click,1745159324,tablet,Abuja
R00686,O00004,impression,1753279810,tablet,Abuja
R00686,O00033,impression,1754137986,tablet,Abuja
R00686,O00006,click,1760783420,tablet,Abuja
R00686,O00069,impression,1761318596,tablet,Abuja
R00686,O00065,impression,1763629081,tablet,Abuja
R00686,O00065,impression,1765019942,tablet,Abuja
R00686,O00030,impression,1766274304,tablet,Abuja
R00687,O00102,click,1736788625,mobile,Port Harcourt
R00687,O00049,click,1743982609,mobile,Port Harcourt
R00687,O00100,impression,1745977629,mobile,Port Harcourt
R00687,O00114,click,1747344986,mobile,Port Harcourt
R00687,O00032,click,1748002260,mobile,Port Harcourt
R00687,O00064,impression,1755462687,mobile,Port Harcourt
R00687,O00066,click,1756861949,mobile,Port Harcourt
R00687,O00008,click,1758686727,mobile,Port Harcourt
R00687,O00100,impression,1763583677,mobile,Port Harcourt
R00687,O00042,click,1765509002,mobile,Port Harcourt
R00688,O00002,redeem,1738513721,mobile,Abuja
R00688,O00090,click,1740494957,mobile,Abuja
R00688,O00077,impression,1740706771,mobile,Abuja
R00688,O00037,impression,1741513458,mobile,Abuja
R00688,O00027,click,1744582496,mobile,Abuja
R00688,O00041,redeem,1745253892,mobile,Abuja
R00688,O00056,impression,1751521260,mobile,Abuja
R00688,O00041,impression,1753878794,mobile,Abuja
R00688,O00074,click,1756813683,mobile,Abuja
R00688,O00008,click,1765809747,mobile,Abuja
R00689,O00023,impression,1736534448,web,Ibadan
R00689,O00034,click,1741444124,web,Ibadan
R00689,O00113,click,1745651933,web,Ibadan
R00689,O00081,impression,1750790873,web,Ibadan
R00689,O00054,click,1756916348,web,Ibadan
R00690,O00106,click,1736808268,tablet,Enugu
R00690,O00054,redeem,1740596308,tablet,Enugu
R00690,O00023,impression,1740628248,tablet,Enugu
R00690,O00015,click,1746636653,tablet,Enugu
R00690,O00062,impression,1751999125,tablet,Enugu
R00690,O00113,impression,1754124548,tablet,Enugu
R00690,O00104,click,1760809690,tablet,Enugu
R00690,O00023,impression,1765840310,tablet,Enugu
R00691,O00042,click,1738667574,tablet,Port Harcourt
R00691,O00032,click,1742642224,tablet,Port Harcourt
R00691,O00105,impression,1745541908,tablet,Port Harcourt
R00691,O00064,impression,1745914913,tablet,Port Harcourt
R00691,O00042,impression,1753747360,tablet,Port Harcourt
R00691,O00042,click,1754390726,tablet,Port Harcourt
R00691,O00064,impression,1758637389,tablet,Port Harcourt
R00691,O00049,impression,1758724047,tablet,Port Harcourt
R00691,O00001,click,1761820714,tablet,Port Harcourt
R00692,O00082,impression,1743426908,web,Ibadan
R00692,O00116,impression,1744046338,web,Ibadan
R00692,O00107,impression,1744543837,web,Ibadan
R00692,O00082,impression,1751847549,web,Ibadan
R00692,O00089,click,1752917780,web,Ibadan
R00692,O00062,impression,1758076929,web,Ibadan
R00692,O00082,redeem,1759764826,web,Ibadan
R00693,O00120,impression,1735855238,mobile,Enugu
R00693,O00060,redeem,1737374926,mobile,Enugu
R00693,O00102,click,1744767199,mobile,Enugu
R00693,O00114,impression,1744986100,mobile,Enugu
R00693,O00114,click,1756619038,mobile,Enugu
R00693,O00020,impression,1758700871,mobile,Enugu
R00693,O00114,impression,1758799122,mobile,Enugu
R00693,O00032,click,1763755092,mobile,Enugu
R00694,O00087,impression,1743049467,mobile,Enugu
R00694,O00073,impression,1743980223,mobile,Enugu
R00694,O00026,click,1745213301,mobile,Enugu
R00694,O00031,impression,1746618335,mobile,Enugu
R00694,O00087,impression,1752451833,mobile,Enugu
R00694,O00073,click,1753469865,mobile,Enugu
R00694,O00073,impression,1753793029,mobile,Enugu
R00694,O00032,impression,1754177335,mobile,Enugu
R00694,O00017,impression,1754316123,mobile,Enugu
R00694,O00108,impression,1757116456,mobile,Enugu
R00695,O00076,impression,1743284206,web,Enugu
R00695,O00034,impression,1746906192,web,Enugu
R00695,O00118,impression,1756334186,web,Enugu
R00695,O00082,click,1758129036,web,Enugu
R00695,O00108,impression,1761618665,web,Enugu
R00696,O00048,click,1737039468,web,Enugu
R00696,O00080,click,1742536049,web,Enugu
R00696,O00111,impression,1746455477,web,Enugu
R00696,O00064,impression,1746634078,web,Enugu
R00696,O00115,impression,1754943547,web,Enugu
R00696,O00016,impression,1757591850,web,Enugu
R00696,O00066,impression,1760656209,web,Enugu
R00696,O00001,click,1765241794,web,Enugu
R00697,O00007,impression,1740072154,mobile,Port Harcourt
R00697,O00030,click,1741827926,mobile,Port Harcourt
R00697,O00012,click,1743615914,mobile,Port Harcourt
R00697,O00063,click,1743991481,mobile,Port Harcourt
R00697,O00058,impression,1745915971,mobile,Port Harcourt
R00697,O00006,impression,1752839207,mobile,Port Harcourt
R00697,O00006,redeem,1757349626,mobile,Port Harcourt
R00697,O00033,click,1759270293,mobile,Port Harcourt
R00697,O00063,impression,1763094476,mobile,Port Harcourt
R00698,O00106,click,1737548387,mobile,Abuja
R00698,O00023,click,1745017200,mobile,Abuja
R00698,O00088,impression,1745107143,mobile,Abuja
R00698,O00023,click,1745676441,mobile,Abuja
R00698,O00081,click,1746699383,mobile,Abuja
R00698,O00023,impression,1754036505,mobile,Abuja
R00698,O00088,impression,1761521447,mobile,Abuja
R00699,O00096,click,1741419603,tablet,Lagos
R00699,O00034,redeem,1750654236,tablet,Lagos
R00699,O00098,impression,1757528722,tablet,Lagos
R00699,O00050,impression,1765332425,tablet,Lagos
R00700,O00105,click,1738368952,mobile,Port Harcourt
R00700,O00105,impression,1747410725,mobile,Port Harcourt
R00700,O00014,click,1753542459,mobile,Port Harcourt
R00700,O00035,impression,1759169242,mobile,Port Harcourt
R00701,O00094,impression,1737153023,mobile,Enugu
R00701,O00108,impression,1740950082,mobile,Enugu
R00701,O00085,impression,1746070435,mobile,Enugu
R00701,O00118,impression,1754192047,mobile,Enugu
R00701,O00115,impression,1755052922,mobile,Enugu
R00701,O00083,click,1762438251,mobile,Enugu
R00701,O00115,impression,1763933874,mobile,Enugu
R00702,O00117,click,1746781706,tablet,Enugu
R00702,O00090,click,1756053461,tablet,Enugu
R00702,O00090,impression,1757545504,tablet,Enugu
R00702,O00090,impression,1760791567,tablet,Enugu
R00702,O00070,impression,1762800478,tablet,Enugu
R00703,O00007,impression,1747095585,tablet,Abuja
R00703,O00117,redeem,1751740528,tablet,Abuja
R00703,O00031,impression,1756077874,tablet,Abuja
R00703,O00056,impression,1756625492,tablet,Abuja
R00703,O00068,click,1760878725,tablet,Abuja
R00704,O00104,impression,1736797605,web,Abuja
R00704,O00010,click,1742385844,web,Abuja
R00704,O00082,impression,1744660243,web,Abuja
R00704,O00062,redeem,1745338942,web,Abuja
R00704,O00055,click,1750790154,web,Abuja
R00704,O00002,impression,1752358871,web,Abuja
R00704,O00002,impression,1753895109,web,Abuja
R00704,O00082,impression,1756537404,web,Abuja
R00704,O00003,click,1760743102,web,Abuja
R00705,O00037,impression,1744958899,web,Ibadan
R00705,O00033,click,1752948301,web,Ibadan
R00705,O00006,impression,1754005405,web,Ibadan
R00705,O00012,impression,1755687928,web,Ibadan
R00705,O00006,impression,1757515108,web,Ibadan
R00705,O00004,click,1762075208,web,Ibadan
R00705,O00048,impression,1762406959,web,Ibadan
R00705,O00069,impression,1763074968,web,Ibadan
R00706,O00017,impression,1740189531,tablet,Enugu
R00706,O00062,impression,1746497906,tablet,Enugu
R00706,O00010,impression,1747789606,tablet,Enugu
R00706,O00104,click,1755233165,tablet,Enugu
R00706,O00082,impression,1755594693,tablet,Enugu
R00706,O00028,impression,1758221550,tablet,Enugu
R00706,O00062,click,1763267174,tablet,Enugu
R00707,O00093,click,1746357156,mobile,Abuja
R00707,O00036,click,1752273013,mobile,Abuja
R00707,O00055,click,1752414044,mobile,Abuja
R00707,O00104,impression,1759303616,mobile,Abuja
R00707,O00089,click,1761340906,mobile,Abuja
R00708,O00082,click,1736575380,tablet,Abuja
R00708,O00109,impression,1740715481,tablet,Abuja
R00708,O00010,click,1741373981,tablet,Abuja
R00708,O00107,redeem,1743669536,tablet,Abuja
R00708,O00089,redeem,1744471733,tablet,Abuja
R00708,O00038,impression,1752437577,tablet,Abuja
R00708,O00107,click,1758605086,tablet,Abuja
R00708,O00082,impression,1761029988,tablet,Abuja
R00708,O00036,impression,1761383210,tablet,Abuja
R00708,O00082,impression,1766276426,tablet,Abuja
R00709,O00069,click,1739117680,mobile,Ibadan
R00709,O00014,redeem,1760804226,mobile,Ibadan
R00709,O00095,click,1764027115,mobile,Ibadan
R00709,O00037,click,1766281981,mobile,Ibadan
R00710,O00010,click,1738816588,mobile,Enugu
R00710,O00092,click,1757977826,mobile,Enugu
R00710,O00003,impression,1766217540,mobile,Enugu
R00710,O00089,impression,1766240517,mobile,Enugu
R00711,O00080,redeem,1744365010,web,Port Harcourt
R00711,O00003,click,1746115752,web,Port Harcourt
R00711,O00057,click,1749368132,web,Port Harcourt
R00711,O00101,impression,1751952707,web,Port Harcourt
R00712,O00083,impression,1738101961,web,Lagos
R00712,O00062,impression,1739453656,web,Lagos
R00712,O00015,click,1741023889,web,Lagos
R00712,O00115,click,1752470036,web,Lagos
R00712,O00022,impression,1757412826,web,Lagos
R00712,O00111,impression,1760668794,web,Lagos
R00713,O00044,click,1739501280,web,Port Harcourt
R00713,O00040,impression,1744105417,web,Port Harcourt
R00713,O00098,impression,1744423375,web,Port Harcourt
R00713,O00075,impression,1751065351,web,Port Harcourt
R00713,O00118,impression,1752985282,web,Port Harcourt
R00713,O00076,impression,1759819828,web,Port Harcourt
R00714,O00016,impression,1741606477,mobile,Lagos
R00714,O00041,impression,1746077076,mobile,Lagos
R00714,O00020,impression,1751029229,mobile,Lagos
R00714,O00014,impression,1753856286,mobile,Lagos
R00714,O00051,impression,1754043548,mobile,Lagos
R00714,O00101,impression,1756802678,mobile,Lagos
R00714,O00020,click,1757983025,mobile,Lagos
R00714,O00020,redeem,1758205465,mobile,Lagos
R00714,O00051,impression,1762174233,mobile,Lagos
R00715,O00089,click,1737981877,web,Enugu
R00715,O00073,click,1738734001,web,Enugu
R00715,O00087,click,1749538936,web,Enugu
R00715,O00080,impression,1749934227,web,Enugu
R00715,O00001,click,1756087228,web,Enugu
R00715,O00019,impression,1760691322,web,Enugu
R00715,O00073,impression,1763299339,web,Enugu
R00715,O00019,redeem,1763813862,web,Enugu
R00715,O00013,impression,1765642832,web,Enugu
R00716,O00054,click,1739778552,tablet,Abuja
R00716,O00088,click,1747188366,tablet,Abuja
R00716,O00023,impression,1749102817,tablet,Abuja
R00716,O00120,impression,1754561122,tablet,Abuja
R00716,O00014,impression,1757434978,tablet,Abuja
R00716,O00088,impression,1760698628,tablet,Abuja
R00716,O00113,click,1763152815,tablet,Abuja
R00717,O00119,impression,1739333612,tablet,Lagos
R00717,O00119,click,1739479919,tablet,Lagos
R00717,O00049,click,1740786063,tablet,Lagos
R00717,O00095,click,1748200113,tablet,Lagos
R00717,O00059,click,1752996238,tablet,Lagos
R00717,O00043,impression,1756812920,tablet,Lagos
R00717,O00023,redeem,1757135065,tablet,Lagos
R00717,O00051,redeem,1764177446,tablet,Lagos
R00718,O00043,redeem,1742952141,tablet,Enugu
R00718,O00111,click,1744705617,tablet,Enugu
R00718,O00044,redeem,1754906510,tablet,Enugu
R00718,O00094,redeem,1756482777,tablet,Enugu
R00718,O00118,impression,1760156309,tablet,Enugu
R00718,O00044,redeem,1763807566,tablet,Enugu
R00719,O00106,click,1739639395,mobile,Enugu
R00719,O00023,impression,1742133893,mobile,Enugu
R00719,O00054,impression,1744643504,mobile,Enugu
R00719,O00101,click,1750640655,mobile,Enugu
R00719,O00081,impression,1754701363,mobile,Enugu
R00719,O00081,impression,1759390654,mobile,Enugu
R00719,O00011,impression,1766921345,mobile,Enugu
R00720,O00099,click,1738417825,mobile,Ibadan
R00720,O00082,redeem,1755794165,mobile,Ibadan
R00720,O00055,impression,1761211083,mobile,Ibadan
R00720,O00055,click,1762674473,mobile,Ibadan
R00720,O00010,impression,1763803280,mobile,Ibadan
R00720,O00107,click,1765181769,mobile,Ibadan
R00721,O00034,click,1736034571,mobile,Ibadan
R00721,O00039,click,1737480726,mobile,Ibadan
R00721,O00118,impression,1738883438,mobile,Ibadan
R00721,O00052,click,1740594019,mobile,Ibadan
R00721,O00034,impression,1742138948,mobile,Ibadan
R00721,O00094,impression,1742633443,mobile,Ibadan
R00721,O00040,impression,1743486749,mobile,Ibadan
R00721,O00115,click,1744195483,mobile,Ibadan
R00721,O00039,impression,1750953409,mobile,Ibadan
R00721,O00094,impression,1762827117,mobile,Ibadan
R00722,O00063,impression,1736735837,tablet,Abuja
R00722,O00026,click,1737343777,tablet,Abuja
R00722,O00045,click,1739586115,tablet,Abuja
R00722,O00045,click,1752466385,tablet,Abuja
R00722,O00074,redeem,1755167545,tablet,Abuja
R00722,O00026,click,1757441937,tablet,Abuja
R00722,O00031,click,1760734420,tablet,Abuja
R00722,O00025,impression,1763130944,tablet,Abuja
R00723,O00116,click,1755396577,tablet,Lagos
R00723,O00003,impression,1758192243,tablet,Lagos
R00723,O00099,impression,1762638220,tablet,Lagos
R00723,O00010,click,1765039426,tablet,Lagos
R00723,O00072,redeem,1765067144,tablet,Lagos
R00724,O00106,impression,1742793255,mobile,Port Harcourt
R00724,O00081,click,1749451018,mobile,Port Harcourt
R00724,O00088,click,1749684919,mobile,Port Harcourt
R00724,O00023,impression,1752151967,mobile,Port Harcourt
R00724,O00113,click,1752239632,mobile,Port Harcourt
R00724,O00113,click,1765697510,mobile,Port Harcourt
R00725,O00012,impression,1738054871,mobile,Ibadan
R00725,O00065,impression,1739091572,mobile,Ibadan
R00725,O00032,impression,1744947511,mobile,Ibadan
R00725,O00069,click,1745413036,mobile,Ibadan
R00725,O00004,click,1746906629,mobile,Ibadan
R00725,O00048,redeem,1747547504,mobile,Ibadan
R00725,O00069,redeem,1753520534,mobile,Ibadan
R00725,O00120,redeem,1759576272,mobile,Ibadan
R00726,O00018,impression,1736585856,tablet,Port Harcourt
R00726,O00054,click,1740843498,tablet,Port Harcourt
R00726,O00078,impression,1741645757,tablet,Port Harcourt
R00726,O00018,impression,1747259405,tablet,Port Harcourt
R00726,O00035,redeem,1748939225,tablet,Port Harcourt
R00726,O00014,redeem,1749639068,tablet,Port Harcourt
R00726,O00078,impression,1751557900,tablet,Port Harcourt
R00726,O00078,impression,1755519293,tablet,Port Harcourt
R00726,O00055,click,1758833343,tablet,Port Harcourt
R00726,O00005,click,1763860124,tablet,Port Harcourt
R00727,O00044,click,1736492776,tablet,Ibadan
R00727,O00040,redeem,1736740389,tablet,Ibadan
R00727,O00039,click,1736933882,tablet,Ibadan
R00727,O00075,impression,1739778468,tablet,Ibadan
R00727,O00111,impression,1746137596,tablet,Ibadan
R00727,O00040,impression,1752211269,tablet,Ibadan
R00727,O00034,redeem,1754097489,tablet,Ibadan
R00727,O00094,impression,1761716913,tablet,Ibadan
R00727,O00044,impression,1763968529,tablet,Ibadan
R00728,O00073,click,1740442032,mobile,Abuja
R00728,O00013,click,1747138283,mobile,Abuja
R00728,O00080,impression,1748578713,mobile,Abuja
R00728,O00108,impression,1757396315,mobile,Abuja
R00728,O00087,redeem,1760361708,mobile,Abuja
R00728,O00089,click,1763886852,mobile,Abuja
R00729,O00120,click,1753321419,tablet,Ibadan
R00729,O00114,impression,1758083402,tablet,Ibadan
R00729,O00036,impression,1762037978,tablet,Ibadan
R00729,O00009,click,1762836434,tablet,Ibadan
R00730,O00097,impression,1738543903,mobile,Abuja
R00730,O00061,impression,1739164003,mobile,Abuja
R00730,O00087,impression,1742425886,mobile,Abuja
R00730,O00061,click,1748487974,mobile,Abuja
R00730,O00109,impression,1752919770,mobile,Abuja
R00730,O00061,impression,1762711793,mobile,Abuja
R00730,O00079,click,1766817767,mobile,Abuja
R00731,O00055,impression,1738317823,tablet,Lagos
R00731,O00006,impression,1747383579,tablet,Lagos
R00731,O00069,impression,1753597582,tablet,Lagos
R00731,O00006,impression,1754308678,tablet,Lagos
R00731,O00107,redeem,1756329136,tablet,Lagos
R00731,O00006,click,1763710011,tablet,Lagos
R00731,O00073,impression,1764245850,tablet,Lagos
R00732,O00107,impression,1737163229,tablet,Ibadan
R00732,O00054,impression,1741174364,tablet,Ibadan
R00732,O00072,click,1754323213,tablet,Ibadan
R00732,O00010,impression,1757042329,tablet,Ibadan
R00732,O00036,click,1764313944,tablet,Ibadan
R00732,O00069,click,1764551100,tablet,Ibadan
R00733,O00072,click,1739935747,mobile,Lagos
R00733,O00116,click,1749047925,mobile,Lagos
R00733,O00038,impression,1750226167,mobile,Lagos
R00733,O00002,impression,1751800651,mobile,Lagos
R00733,O00099,impression,1752483840,mobile,Lagos
R00733,O00038,impression,1753794618,mobile,Lagos
R00733,O00007,click,1754339554,mobile,Lagos
R00733,O00036,click,1760270228,mobile,Lagos
R00734,O00073,click,1738724980,tablet,Lagos
R00734,O00006,redeem,1739161054,tablet,Lagos
R00734,O00078,impression,1741423368,tablet,Lagos
R00734,O00065,impression,1743161472,tablet,Lagos
R00734,O00065,click,1749371787,tablet,Lagos
R00734,O00006,impression,1761449888,tablet,Lagos
R00734,O00030,impression,1764160655,tablet,Lagos
R00734,O00006,click,1766478621,tablet,Lagos
R00735,O00056,impression,1736815745,tablet,Port Harcourt
R00735,O00066,click,1739470867,tablet,Port Harcourt
R00735,O00027,impression,1748419856,tablet,Port Harcourt
R00735,O00090,click,1757750268,tablet,Port Harcourt
R00736,O00013,redeem,1737049143,mobile,Enugu
R00736,O00006,click,1738062186,mobile,Enugu
R00736,O00035,click,1738193683,mobile,Enugu
R00736,O00053,click,1738420827,mobile,Enugu
R00736,O00027,impression,1741237293,mobile,Enugu
R00736,O00053,impression,1756481226,mobile,Enugu
R00736,O00009,redeem,1762021955,mobile,Enugu
R00737,O00081,impression,1747006071,tablet,Lagos
R00737,O00113,impression,1747480713,tablet,Lagos
R00737,O00081,click,1761005916,tablet,Lagos
R00737,O00119,impression,1761090623,tablet,Lagos
R00737,O00054,impression,1765528885,tablet,Lagos
R00738,O00079,click,1741638596,web,Ibadan
R00738,O00079,impression,1744605089,web,Ibadan
R00738,O00021,click,1748627246,web,Ibadan
R00738,O00061,impression,1749115404,web,Ibadan
R00738,O00021,impression,1751949628,web,Ibadan
R00738,O00026,click,1765604675,web,Ibadan
R00738,O00079,impression,1765773614,web,Ibadan
R00739,O00082,impression,1738841606,web,Enugu
R00739,O00089,impression,1738855667,web,Enugu
R00739,O00092,redeem,1748801782,web,Enugu
R00739,O00010,click,1755247899,web,Enugu
R00739,O00089,impression,1758203364,web,Enugu
R00739,O00104,impression,1765715241,web,Enugu
R00740,O00039,click,1752421709,web,Abuja
R00740,O00108,redeem,1754675550,web,Abuja
R00740,O00115,impression,1759013038,web,Abuja
R00740,O00040,impression,1763586610,web,Abuja
R00741,O00047,click,1747287144,web,Ibadan
R00741,O00024,click,1754392641,web,Ibadan
R00741,O00096,click,1756282791,web,Ibadan
R00741,O00112,impression,1764588745,web,Ibadan
R00742,O00070,impression,1736856183,tablet,Port Harcourt
R00742,O00053,impression,1745106970,tablet,Port Harcourt
R00742,O00053,impression,1748398391,tablet,Port Harcourt
R00742,O00041,click,1755783217,tablet,Port Harcourt
R00742,O00053,click,1755899493,tablet,Port Harcourt
R00742,O00053,impression,1759523404,tablet,Port Harcourt
R00742,O00053,impression,1763388128,tablet,Port Harcourt
R00742,O00117,impression,1764551370,tablet,Port Harcourt
R00743,O00094,click,1736933753,mobile,Ibadan
R00743,O00044,impression,1739553759,mobile,Ibadan
R00743,O00111,impression,1753598075,mobile,Ibadan
R00743,O00042,impression,1764314415,mobile,Ibadan
R00744,O00001,impression,1745054293,web,Port Harcourt
R00744,O00032,click,1748722995,web,Port Harcourt
R00744,O00060,click,1752247978,web,Port Harcourt
R00744,O00042,click,1753454095,web,Port Harcourt
R00744,O00042,impression,1756982226,web,Port Harcourt
R00744,O00008,click,1759455688,web,Port Harcourt
R00744,O00066,impression,1759569764,web,Port Harcourt
R00744,O00114,click,1761238171,web,Port Harcourt
R00744,O00114,impression,1766394857,web,Port Harcourt
R00744,O00049,click,1766549894,web,Port Harcourt
R00745,O00026,impression,1742478040,web,Port Harcourt
R00745,O00026,impression,1746739598,web,Port Harcourt
R00745,O00036,impression,1747518499,web,Port Harcourt
R00745,O00045,impression,1748593236,web,Port Harcourt
R00745,O00028,redeem,1748840375,web,Port Harcourt
R00745,O00050,click,1752064529,web,Port Harcourt
R00745,O00031,click,1752639784,web,Port Harcourt
R00745,O00093,impression,1759988069,web,Port Harcourt
R00745,O00026,click,1762709169,web,Port Harcourt
R00745,O00086,click,1765863629,web,Port Harcourt
R00746,O00020,impression,1737545692,web,Port Harcourt
R00746,O00101,click,1738723041,web,Port Harcourt
R00746,O00057,click,1743650603,web,Port Harcourt
R00746,O00051,redeem,1757401948,web,Port Harcourt
R00746,O00071,click,1763635796,web,Port Harcourt
R00747,O00027,redeem,1746860480,mobile,Enugu
R00747,O00056,impression,1747326586,mobile,Enugu
R00747,O00075,impression,1750274350,mobile,Enugu
R00747,O00053,impression,1751358538,mobile,Enugu
R00747,O00056,impression,1758009786,mobile,Enugu
R00747,O00056,click,1760587168,mobile,Enugu
R00747,O00090,redeem,1760763258,mobile,Enugu
R00747,O00098,click,1762854295,mobile,Enugu
R00747,O00053,impression,1764934251,mobile,Enugu
R00748,O00048,impression,1739296142,mobile,Enugu
R00748,O00069,impression,1744527322,mobile,Enugu
R00748,O00012,impression,1758496754,mobile,Enugu
R00748,O00033,redeem,1760510561,mobile,Enugu
R00748,O00030,impression,1762007134,mobile,Enugu
R00749,O00098,impression,1737204269,mobile,Ibadan
R00749,O00009,impression,1737587339,mobile,Ibadan
R00749,O00008,click,1743489964,mobile,Ibadan
R00749,O00009,click,1752901345,mobile,Ibadan
R00749,O00066,click,1753417175,mobile,Ibadan
R00749,O00001,impression,1764510310,mobile,Ibadan
R00749,O00001,impression,1764958150,mobile,Ibadan
R00749,O00110,click,1765659996,mobile,Ibadan
R00750,O00064,impression,1745282707,web,Abuja
R00750,O00042,impression,1750647357,web,Abuja
R00750,O00100,impression,1763262294,web,Abuja
R00750,O00049,redeem,1763639198,web,Abuja
R00750,O00110,impression,1766486866,web,Abuja
R00751,O00062,click,1738515063,tablet,Abuja
R00751,O00111,impression,1740022082,tablet,Abuja
R00751,O00083,impression,1741463523,tablet,Abuja
R00751,O00085,redeem,1743124105,tablet,Abuja
R00751,O00034,redeem,1753652980,tablet,Abuja
R00751,O00108,impression,1766295742,tablet,Abuja
R00752,O00120,impression,1738292484,tablet,Abuja
R00752,O00084,click,1758248711,tablet,Abuja
R00752,O00042,click,1760071508,tablet,Abuja
R00752,O00008,impression,1764066369,tablet,Abuja
R00753,O00015,redeem,1740890552,web,Ibadan
R00753,O00098,impression,1748654650,web,Ibadan
R00753,O00022,click,1755924427,web,Ibadan
R00753,O00108,click,1758658268,web,Ibadan
R00753,O00002,redeem,1760362405,web,Ibadan
R00753,O00083,impression,1766614995,web,Ibadan
R00754,O00040,click,1736496693,tablet,Port Harcourt
R00754,O00015,redeem,1739093053,tablet,Port Harcourt
R00754,O00098,impression,1739697343,tablet,Port Harcourt
R00754,O00015,impression,1746416475,tablet,Port Harcourt
R00754,O00118,click,1746911508,tablet,Port Harcourt
R00754,O00098,click,1763210442,tablet,Port Harcourt
R00755,O00003,impression,1737204258,mobile,Port Harcourt
R00755,O00104,impression,1738077111,mobile,Port Harcourt
R00755,O00092,impression,1742263718,mobile,Port Harcourt
R00755,O00092,impression,1753860634,mobile,Port Harcourt
R00756,O00084,click,1739830567,tablet,Lagos
R00756,O00049,click,1746858519,tablet,Lagos
R00756,O00032,impression,1748725438,tablet,Lagos
R00756,O00032,click,1751190062,tablet,Lagos
R00756,O00008,click,1766364262,tablet,Lagos
R00757,O00072,click,1736952241,mobile,Abuja
R00757,O00072,redeem,1737795485,mobile,Abuja
R00757,O00038,click,1742251700,mobile,Abuja
R00757,O00003,click,1743132231,mobile,Abuja
R00757,O00060,click,1744293038,mobile,Abuja
R00757,O00062,redeem,1744347012,mobile,Abuja
R00757,O00055,click,1757642929,mobile,Abuja
R00757,O00035,redeem,1760412599,mobile,Abuja
R00757,O00063,click,1761670933,mobile,Abuja
R00757,O00109,impression,1765640495,mobile,Abuja
R00758,O00066,click,1736041424,mobile,Port Harcourt
R00758,O00049,redeem,1737610042,mobile,Port Harcourt
R00758,O00009,click,1738451217,mobile,Port Harcourt
R00758,O00117,impression,1747517165,mobile,Port Harcourt
R00758,O00018,impression,1754057764,mobile,Port Harcourt
R00758,O00032,click,1757777856,mobile,Port Harcourt
R00759,O00059,impression,1738155089,tablet,Lagos
R00759,O00059,impression,1740826546,tablet,Lagos
R00759,O00119,impression,1747285527,tablet,Lagos
R00759,O00119,click,1750250156,tablet,Lagos
R00759,O00095,redeem,1760257726,tablet,Lagos
R00760,O00003,click,1738938137,web,Enugu
R00760,O00089,impression,1739778037,web,Enugu
R00760,O00010,impression,1740784211,web,Enugu
R00760,O00104,click,1747880253,web,Enugu
R00760,O00062,impression,1751875834,web,Enugu
R00760,O00092,impression,1756865177,web,Enugu
R00760,O00085,click,1762998694,web,Enugu
R00760,O00072,redeem,1765322371,web,Enugu
R00760,O00104,redeem,1766643861,web,Enugu
R00760,O00024,click,1766836318,web,Enugu
R00761,O00063,click,1738044380,tablet,Enugu
R00761,O00030,click,1743234993,tablet,Enugu
R00761,O00033,impression,1745481605,tablet,Enugu
R00761,O00056,click,1748553188,tablet,Enugu
R00761,O00120,redeem,1752474927,tablet,Enugu
R00761,O00063,impression,1757328039,tablet,Enugu
R00761,O00112,impression,1759535436,tablet,Enugu
R00761,O00063,impression,1759624098,tablet,Enugu
R00761,O00033,impression,1765114465,tablet,Enugu
R00761,O00012,click,1765380699,tablet,Enugu
R00762,O00021,click,1736563301,tablet,Port Harcourt
R00762,O00061,impression,1751850142,tablet,Port Harcourt
R00762,O00061,click,1751890673,tablet,Port Harcourt
R00762,O00021,impression,1762578750,tablet,Port Harcourt
R00762,O00021,click,1763706549,tablet,Port Harcourt
R00763,O00032,click,1736838421,mobile,Port Harcourt
R00763,O00084,impression,1740966376,mobile,Port Harcourt
R00763,O00064,impression,1758791305,mobile,Port Harcourt
R00763,O00064,click,1763487739,mobile,Port Harcourt
R00763,O00064,click,1763830363,mobile,Port Harcourt
R00764,O00039,redeem,1746996609,tablet,Enugu
R00764,O00036,impression,1755232789,tablet,Enugu
R00764,O00089,click,1756013520,tablet,Enugu
R00764,O00098,click,1762147532,tablet,Enugu
R00765,O00037,click,1746957651,mobile,Enugu
R00765,O00070,click,1751462315,mobile,Enugu
R00765,O00016,click,1751597548,mobile,Enugu
R00765,O00117,impression,1753762533,mobile,Enugu
R00765,O00020,click,1754781996,mobile,Enugu
R00765,O00056,impression,1755946596,mobile,Enugu
R00765,O00077,click,1757374877,mobile,Enugu
R00766,O00007,click,1737355911,tablet,Abuja
R00766,O00067,impression,1743657130,tablet,Abuja
R00766,O00053,impression,1745225057,tablet,Abuja
R00766,O00091,impression,1747996013,tablet,Abuja
R00766,O00011,click,1748415555,tablet,Abuja
R00766,O00029,click,1756229473,tablet,Abuja
R00767,O00078,click,1742308724,tablet,Abuja
R00767,O00108,click,1742788929,tablet,Abuja
R00767,O00013,impression,1744794861,tablet,Abuja
R00767,O00015,impression,1750541821,tablet,Abuja
R00767,O00056,click,1752599290,tablet,Abuja
R00767,O00075,impression,1754769923,tablet,Abuja
R00767,O00097,impression,1755924817,tablet,Abuja
R00767,O00040,impression,1763632979,tablet,Abuja
R00767,O00015,impression,1764990516,tablet,Abuja
R00768,O00066,impression,1736024262,mobile,Lagos
R00768,O00117,impression,1744068771,mobile,Lagos
R00768,O00042,impression,1746866842,mobile,Lagos
R00768,O00084,click,1757158897,mobile,Lagos
R00768,O00009,click,1759725397,mobile,Lagos
R00768,O00032,impression,1760283132,mobile,Lagos
R00768,O00017,impression,1764921030,mobile,Lagos
R00769,O00095,impression,1750486712,web,Lagos
R00769,O00043,impression,1752524648,web,Lagos
R00769,O00059,impression,1752802255,web,Lagos
R00769,O00053,impression,1756248022,web,Lagos
R00769,O00059,click,1764891851,web,Lagos
R00770,O00052,click,1740484278,tablet,Lagos
R00770,O00028,impression,1746328221,tablet,Lagos
R00770,O00009,impression,1754143010,tablet,Lagos
R00770,O00061,click,1754322210,tablet,Lagos
R00770,O00048,click,1758738902,tablet,Lagos
R00770,O00079,impression,1762307612,tablet,Lagos
R00770,O00072,click,1765081480,tablet,Lagos
R00770,O00071,impression,1765796576,tablet,Lagos
R00771,O00101,impression,1740021735,tablet,Lagos
R00771,O00020,impression,1744447108,tablet,Lagos
R00771,O00058,impression,1756767167,tablet,Lagos
R00771,O00071,click,1758508523,tablet,Lagos
R00771,O00071,redeem,1759115811,tablet,Lagos
R00771,O00118,click,1761052811,tablet,Lagos
R00771,O00022,click,1761169800,tablet,Lagos
R00771,O00057,impression,1765644022,tablet,Lagos
R00772,O00078,impression,1740364877,tablet,Abuja
R00772,O00028,impression,1742098410,tablet,Abuja
R00772,O00030,impression,1748644374,tablet,Abuja
R00772,O00069,click,1750227904,tablet,Abuja
R00772,O00030,impression,1753891730,tablet,Abuja
R00772,O00004,impression,1757089926,tablet,Abuja
R00772,O00034,impression,1763595600,tablet,Abuja
R00772,O00004,redeem,1764022829,tablet,Abuja
R00772,O00006,click,1765267774,tablet,Abuja
R00773,O00027,redeem,1737127707,tablet,Abuja
R00773,O00037,click,1738480169,tablet,Abuja
R00773,O00056,impression,1745544786,tablet,Abuja
R00773,O00053,impression,1748573089,tablet,Abuja
R00773,O00077,click,1752140843,tablet,Abuja
R00773,O00056,click,1759209117,tablet,Abuja
R00773,O00075,impression,1759846842,tablet,Abuja
R00773,O00037,redeem,1760792043,tablet,Abuja
R00774,O00063,impression,1739582475,web,Enugu
R00774,O00004,click,1743994583,web,Enugu
R00774,O00006,impression,1752635303,web,Enugu
R00774,O00119,impression,1759019186,web,Enugu
R00775,O00090,impression,1737523456,web,Port Harcourt
R00775,O00056,click,1740257396,web,Port Harcourt
R00775,O00090,impression,1743565556,web,Port Harcourt
R00775,O00041,impression,1753116927,web,Port Harcourt
R00775,O00091,impression,1756839511,web,Port Harcourt
R00775,O00084,impression,1763320510,web,Port Harcourt
R00775,O00037,impression,1766965615,web,Port Harcourt
R00776,O00109,click,1737834125,tablet,Lagos
R00776,O00095,click,1740134517,tablet,Lagos
R00776,O00007,click,1742356580,tablet,Lagos
R00776,O00062,impression,1744401449,tablet,Lagos
R00776,O00038,impression,1745880205,tablet,Lagos
R00776,O00081,impression,1748304651,tablet,Lagos
R00776,O00089,redeem,1748923132,tablet,Lagos
R00776,O00038,impression,1763236154,tablet,Lagos
R00776,O00092,impression,1766797087,tablet,Lagos
R00777,O00116,click,1736737541,mobile,Enugu
R00777,O00109,impression,1739684877,mobile,Enugu
R00777,O00038,click,1741771870,mobile,Enugu
R00777,O00055,click,1754217025,mobile,Enugu
R00777,O00012,click,1760624677,mobile,Enugu
R00777,O00012,click,1766315913,mobile,Enugu
R00778,O00070,impression,1735788376,web,Abuja
R00778,O00116,impression,1737901448,web,Abuja
R00778,O00025,redeem,1740816743,web,Abuja
R00778,O00072,impression,1747629029,web,Abuja
R00778,O00071,impression,1748809839,web,Abuja
R00778,O00109,click,1752156532,web,Abuja
R00778,O00036,redeem,1754110500,web,Abuja
R00778,O00073,impression,1760102684,web,Abuja
R00778,O00082,impression,1760254921,web,Abuja
R00778,O00010,impression,1765348486,web,Abuja
R00779,O00113,impression,1735813485,mobile,Enugu
R00779,O00022,impression,1738958889,mobile,Enugu
R00779,O00023,redeem,1744060705,mobile,Enugu
R00779,O00113,impression,1744995612,mobile,Enugu
R00779,O00023,impression,1750363636,mobile,Enugu
R00779,O00054,click,1756509943,mobile,Enugu
R00779,O00111,click,1756952231,mobile,Enugu
R00779,O00088,click,1762087887,mobile,Enugu
R00779,O00088,click,1766923771,mobile,Enugu
R00780,O00101,impression,1738057784,mobile,Ibadan
R00780,O00108,redeem,1745901833,mobile,Ibadan
R00780,O00108,impression,1747357079,mobile,Ibadan
R00780,O00034,impression,1749057318,mobile,Ibadan
R00780,O00115,impression,1757591578,mobile,Ibadan
R00780,O00076,impression,1758145629,mobile,Ibadan
R00780,O00108,impression,1758413807,mobile,Ibadan
R00780,O00022,impression,1758588226,mobile,Ibadan
R00780,O00076,click,1758954794,mobile,Ibadan
R00781,O00047,redeem,1737145698,web,Abuja
R00781,O00024,click,1742027774,web,Abuja
R00781,O00024,click,1743668229,web,Abuja
R00781,O00019,click,1751663555,web,Abuja
R00781,O00112,click,1752760122,web,Abuja
R00781,O00096,impression,1754896413,web,Abuja
R00781,O00112,click,1760976822,web,Abuja
R00782,O00085,click,1737873188,tablet,Lagos
R00782,O00065,impression,1741956207,tablet,Lagos
R00782,O00075,click,1743901297,tablet,Lagos
R00782,O00075,impression,1748284252,tablet,Lagos
R00782,O00108,impression,1759881505,tablet,Lagos
R00782,O00098,impression,1760455049,tablet,Lagos
R00782,O00045,impression,1760534249,tablet,Lagos
R00782,O00015,impression,1761412617,tablet,Lagos
R00782,O00031,click,1762111222,tablet,Lagos
R00783,O00024,impression,1737054648,mobile,Ibadan
R00783,O00047,impression,1738314457,mobile,Ibadan
R00783,O00096,impression,1742212412,mobile,Ibadan
R00783,O00079,impression,1757708131,mobile,Ibadan
R00784,O00022,impression,1735803781,web,Abuja
R00784,O00076,impression,1745872744,web,Abuja
R00784,O00076,click,1749367513,web,Abuja
R00784,O00034,click,1753775137,web,Abuja
R00784,O00085,impression,1755106328,web,Abuja
R00784,O00076,redeem,1755125479,web,Abuja
R00784,O00039,impression,1757421391,web,Abuja
R00784,O00044,impression,1758914131,web,Abuja
R00784,O00034,redeem,1762834348,web,Abuja
R00785,O00066,impression,1739714205,tablet,Port Harcourt
R00785,O00049,impression,1740868116,tablet,Port Harcourt
R00785,O00120,impression,1742151155,tablet,Port Harcourt
R00785,O00120,impression,1743760894,tablet,Port Harcourt
R00785,O00066,impression,1752640154,tablet,Port Harcourt
R00785,O00007,redeem,1762868181,tablet,Port Harcourt
R00785,O00001,impression,1765522372,tablet,Port Harcourt
R00786,O00074,redeem,1741795700,web,Lagos
R00786,O00026,impression,1743964446,web,Lagos
R00786,O00116,redeem,1745609191,web,Lagos
R00786,O00074,click,1750003246,web,Lagos
R00786,O00078,click,1764703048,web,Lagos
R00787,O00061,click,1739340067,mobile,Lagos
R00787,O00027,impression,1741440654,mobile,Lagos
R00787,O00027,redeem,1758217121,mobile,Lagos
R00787,O00037,redeem,1765878628,mobile,Lagos
R00788,O00114,impression,1735730826,tablet,Enugu
R00788,O00068,click,1736530373,tablet,Enugu
R00788,O00110,impression,1737553573,tablet,Enugu
R00788,O00064,impression,1745777640,tablet,Enugu
R00788,O00049,impression,1752408474,tablet,Enugu
R00788,O00042,impression,1753464760,tablet,Enugu
R00788,O00009,impression,1753934281,tablet,Enugu
R00788,O00036,click,1755397456,tablet,Enugu
R00788,O00008,impression,1756208495,tablet,Enugu
R00789,O00063,click,1742909540,mobile,Ibadan
R00789,O00033,click,1751490145,mobile,Ibadan
R00789,O00006,impression,1753004417,mobile,Ibadan
R00789,O00063,impression,1755001121,mobile,Ibadan
R00789,O00069,click,1757627129,mobile,Ibadan
R00789,O00088,click,1757885847,mobile,Ibadan
R00789,O00074,click,1760471753,mobile,Ibadan
R00789,O00059,click,1761798267,mobile,Ibadan
R00789,O00012,impression,1765527076,mobile,Ibadan
R00789,O00069,impression,1765642379,mobile,Ibadan
R00790,O00048,impression,1753359923,web,Port Harcourt
R00790,O00006,click,1758861195,web,Port Harcourt
R00790,O00105,impression,1760771369,web,Port Harcourt
R00790,O00048,impression,1763914729,web,Port Harcourt
R00790,O00063,impression,1766223240,web,Port Harcourt
R00791,O00023,click,1736558355,mobile,Lagos
R00791,O00054,click,1741687320,mobile,Lagos
R00791,O00106,redeem,1753417433,mobile,Lagos
R00791,O00054,redeem,1764817116,mobile,Lagos
R00791,O00113,impression,1765414580,mobile,Lagos
R00792,O00098,click,1736427761,web,Abuja
R00792,O00111,impression,1741296136,web,Abuja
R00792,O00098,impression,1745570874,web,Abuja
R00792,O00012,impression,1750764665,web,Abuja
R00792,O00034,click,1753281684,web,Abuja
R00792,O00039,impression,1760124089,web,Abuja
R00792,O00118,impression,1761850292,web,Abuja
R00793,O00031,click,1744139753,tablet,Ibadan
R00793,O00093,impression,1745723132,tablet,Ibadan
R00793,O00085,impression,1746232890,tablet,Ibadan
R00793,O00031,impression,1759621010,tablet,Ibadan
R00793,O00025,click,1763178394,tablet,Ibadan
R00793,O00045,click,1766306649,tablet,Ibadan
R00794,O00116,impression,1737906285,web,Abuja
R00794,O00082,impression,1740165406,web,Abuja
R00794,O00055,redeem,1742338674,web,Abuja
R00794,O00051,click,1742926257,web,Abuja
R00794,O00116,click,1753204439,web,Abuja
R00794,O00072,click,1753771963,web,Abuja
R00794,O00010,click,1755291447,web,Abuja
R00794,O00092,click,1756187178,web,Abuja
R00794,O00116,impression,1760981501,web,Abuja
R00794,O00089,impression,1764688632,web,Abuja
R00795,O00032,click,1743746388,web,Ibadan
R00795,O00077,click,1744974183,web,Ibadan
R00795,O00090,impression,1750383166,web,Ibadan
R00795,O00056,click,1756708282,web,Ibadan
R00795,O00027,impression,1757427923,web,Ibadan
R00796,O00078,click,1738543998,web,Lagos
R00796,O00078,click,1744053574,web,Lagos
R00796,O00014,click,1747401337,web,Lagos
R00796,O00014,click,1751304889,web,Lagos
R00796,O00105,impression,1753453958,web,Lagos
R00796,O00018,impression,1754129753,web,Lagos
R00796,O00014,impression,1755979070,web,Lagos
R00796,O00078,click,1756852359,web,Lagos
R00796,O00078,impression,1762808985,web,Lagos
R00796,O00096,impression,1763117415,web,Lagos
R00797,O00033,redeem,1738438809,tablet,Port Harcourt
R00797,O00006,impression,1740432537,tablet,Port Harcourt
R00797,O00048,impression,1741702594,tablet,Port Harcourt
R00797,O00006,impression,1742494838,tablet,Port Harcourt
R00797,O00063,impression,1753826929,tablet,Port Harcourt
R00798,O00084,click,1735770258,tablet,Ibadan
R00798,O00094,click,1737560998,tablet,Ibadan
R00798,O00034,impression,1740705968,tablet,Ibadan
R00798,O00115,impression,1747033382,tablet,Ibadan
R00798,O00115,impression,1750392413,tablet,Ibadan
R00798,O00015,impression,1751305193,tablet,Ibadan
R00798,O00015,impression,1754867140,tablet,Ibadan
R00798,O00098,click,1760564909,tablet,Ibadan
R00798,O00094,click,1761028238,tablet,Ibadan
R00799,O00085,impression,1735870666,mobile,Lagos
R00799,O00118,impression,1749265759,mobile,Lagos
R00799,O00064,impression,1749304802,mobile,Lagos
R00799,O00021,click,1761678593,mobile,Lagos
R00800,O00003,click,1739142213,mobile,Enugu
R00800,O00012,impression,1740124624,mobile,Enugu
R00800,O00003,click,1740299838,mobile,Enugu
R00800,O00023,impression,1746361077,mobile,Enugu
R00801,O00037,impression,1737438084,tablet,Port Harcourt
R00801,O00024,click,1738745315,tablet,Port Harcourt
R00801,O00056,impression,1740283253,tablet,Port Harcourt
R00801,O00041,impression,1744534453,tablet,Port Harcourt
R00801,O00053,impression,1747063629,tablet,Port Harcourt
R00801,O00090,click,1755071387,tablet,Port Harcourt
R00801,O00117,impression,1758794114,tablet,Port Harcourt
R00801,O00080,impression,1759443182,tablet,Port Harcourt
R00801,O00108,click,1761359841,tablet,Port Harcourt
R00801,O00117,impression,1761903489,tablet,Port Harcourt
R00802,O00005,click,1737360014,mobile,Lagos
R00802,O00085,impression,1740782098,mobile,Lagos
R00802,O00063,click,1741289545,mobile,Lagos
R00802,O00105,impression,1746089438,mobile,Lagos
R00802,O00022,impression,1756493055,mobile,Lagos
R00802,O00014,impression,1765375013,mobile,Lagos
R00802,O00018,click,1765697012,mobile,Lagos
R00803,O00098,impression,1737056631,tablet,Port Harcourt
R00803,O00039,click,1745430144,tablet,Port Harcourt
R00803,O00076,click,1749415274,tablet,Port Harcourt
R00803,O00011,impression,1749832668,tablet,Port Harcourt
R00803,O00040,impression,1751628106,tablet,Port Harcourt
R00803,O00085,impression,1765833782,tablet,Port Harcourt
R00803,O00039,impression,1765920711,tablet,Port Harcourt
R00804,O00066,click,1743353806,mobile,Abuja
R00804,O00066,click,1745620025,mobile,Abuja
R00804,O00043,impression,1748875760,mobile,Abuja
R00804,O00078,impression,1754609152,mobile,Abuja
R00804,O00102,impression,1755517348,mobile,Abuja
R00805,O00118,impression,1737574467,tablet,Port Harcourt
R00805,O00040,impression,1739700403,tablet,Port Harcourt
R00805,O00111,impression,1740021057,tablet,Port Harcourt
R00805,O00027,click,1741771369,tablet,Port Harcourt
R00805,O00118,impression,1754496788,tablet,Port Harcourt
R00805,O00118,redeem,1760965100,tablet,Port Harcourt
R00805,O00115,click,1761417244,tablet,Port Harcourt
R00805,O00083,click,1761726377,tablet,Port Harcourt
R00805,O00098,click,1763650730,tablet,Port Harcourt
R00806,O00026,click,1736909049,tablet,Port Harcourt
R00806,O00020,click,1739518186,tablet,Port Harcourt
R00806,O00045,redeem,1740779085,tablet,Port Harcourt
R00806,O00086,impression,1742673930,tablet,Port Harcourt
R00806,O00025,click,1744191755,tablet,Port Harcourt
R00806,O00045,impression,1748244681,tablet,Port Harcourt
R00806,O00026,redeem,1765767980,tablet,Port Harcourt
R00807,O00044,impression,1736946505,tablet,Port Harcourt
R00807,O00076,impression,1738454768,tablet,Port Harcourt
R00807,O00076,redeem,1740419183,tablet,Port Harcourt
R00807,O00098,impression,1744945345,tablet,Port Harcourt
R00807,O00015,impression,1748189003,tablet,Port Harcourt
R00807,O00115,impression,1750546796,tablet,Port Harcourt
R00807,O00040,click,1751293087,tablet,Port Harcourt
R00807,O00076,redeem,1752996008,tablet,Port Harcourt
R00807,O00098,click,1761276780,tablet,Port Harcourt
R00807,O00044,click,1765838878,tablet,Port Harcourt
R00808,O00078,click,1742848815,mobile,Ibadan
R00808,O00097,redeem,1744014299,mobile,Ibadan
R00808,O00018,impression,1745687627,mobile,Ibadan
R00808,O00014,impression,1753823976,mobile,Ibadan
R00808,O00105,impression,1764090368,mobile,Ibadan
R00809,O00118,click,1739349972,mobile,Lagos
R00809,O00118,impression,1739602189,mobile,Lagos
R00809,O00034,impression,1742577218,mobile,Lagos
R00809,O00075,impression,1750899764,mobile,Lagos
R00809,O00111,impression,1754062462,mobile,Lagos
R00809,O00108,click,1755090165,mobile,Lagos
R00809,O00076,impression,1758236150,mobile,Lagos
R00809,O00023,impression,1761374593,mobile,Lagos
R00810,O00110,click,1747244778,mobile,Enugu
R00810,O00066,click,1748380221,mobile,Enugu
R00810,O00084,click,1749101497,mobile,Enugu
R00810,O00001,impression,1755121151,mobile,Enugu
R00810,O00102,click,1762626819,mobile,Enugu
R00811,O00066,impression,1738531029,tablet,Ibadan
R00811,O00037,click,1753374844,tablet,Ibadan
R00811,O00053,impression,1754617694,tablet,Ibadan
R00811,O00077,impression,1763322959,tablet,Ibadan
R00812,O00067,impression,1738108712,mobile,Ibadan
R00812,O00001,click,1748388630,mobile,Ibadan
R00812,O00064,click,1751099791,mobile,Ibadan
R00812,O00120,impression,1759142389,mobile,Ibadan
R00813,O00109,impression,1735725820,mobile,Enugu
R00813,O00089,impression,1738827880,mobile,Enugu
R00813,O00036,click,1739988521,mobile,Enugu
R00813,O00036,click,1740321159,mobile,Enugu
R00813,O00038,click,1748750121,mobile,Enugu
R00813,O00009,impression,1751724104,mobile,Enugu
R00813,O00110,impression,1755274335,mobile,Enugu
R00813,O00072,click,1756116826,mobile,Enugu
R00813,O00003,click,1757859772,mobile,Enugu
R00813,O00104,impression,1760294193,mobile,Enugu
R00814,O00077,impression,1740096674,mobile,Ibadan
R00814,O00013,impression,1742393081,mobile,Ibadan
R00814,O00056,impression,1745847401,mobile,Ibadan
R00814,O00077,impression,1747579454,mobile,Ibadan
R00814,O00037,impression,1749130570,mobile,Ibadan
R00814,O00066,click,1757613492,mobile,Ibadan
R00814,O00118,impression,1765400154,mobile,Ibadan
R00815,O00033,click,1735817967,tablet,Ibadan
R00815,O00063,impression,1737617994,tablet,Ibadan
R00815,O00030,redeem,1737780916,tablet,Ibadan
R00815,O00048,impression,1746387835,tablet,Ibadan
R00815,O00048,redeem,1747189297,tablet,Ibadan
R00815,O00060,impression,1755533374,tablet,Ibadan
R00815,O00063,click,1758894207,tablet,Ibadan
R00815,O00030,redeem,1759836188,tablet,Ibadan
R00815,O00069,impression,1761366608,tablet,Ibadan
R00815,O00069,redeem,1764386688,tablet,Ibadan
R00816,O00034,impression,1736025528,tablet,Port Harcourt
R00816,O00044,click,1739274242,tablet,Port Harcourt
R00816,O00022,click,1743196447,tablet,Port Harcourt
R00816,O00085,impression,1759699606,tablet,Port Harcourt
R00816,O00044,impression,1761602870,tablet,Port Harcourt
R00816,O00015,impression,1765926255,tablet,Port Harcourt
R00817,O00042,click,1740874679,mobile,Port Harcourt
R00817,O00120,impression,1742951970,mobile,Port Harcourt
R00817,O00091,impression,1744605940,mobile,Port Harcourt
R00817,O00053,impression,1745015729,mobile,Port Harcourt
R00817,O00084,redeem,1747184265,mobile,Port Harcourt
R00817,O00081,click,1748686582,mobile,Port Harcourt
R00817,O00048,impression,1766832203,mobile,Port Harcourt
R00818,O00001,click,1737368967,mobile,Abuja
R00818,O00032,impression,1740905187,mobile,Abuja
R00818,O00048,redeem,1747206682,mobile,Abuja
R00818,O00114,redeem,1749870423,mobile,Abuja
R00818,O00066,click,1755424407,mobile,Abuja
R00818,O00100,impression,1762473465,mobile,Abuja
R00818,O00032,click,1762833881,mobile,Abuja
R00818,O00064,redeem,1763132228,mobile,Abuja
R00819,O00003,impression,1737552786,mobile,Ibadan
R00819,O00029,impression,1748962613,mobile,Ibadan
R00819,O00107,click,1752641868,mobile,Ibadan
R00819,O00036,click,1759560004,mobile,Ibadan
R00819,O00060,redeem,1760684613,mobile,Ibadan
R00819,O00038,impression,1762544284,mobile,Ibadan
R00819,O00104,click,1762754966,mobile,Ibadan
R00819,O00072,impression,1764421230,mobile,Ibadan
R00820,O00102,click,1736108227,tablet,Enugu
R00820,O00111,click,1745315920,tablet,Enugu
R00820,O00115,impression,1745457452,tablet,Enugu
R00820,O00085,click,1750146122,tablet,Enugu
R00820,O00083,click,1756007966,tablet,Enugu
R00820,O00083,redeem,1756389374,tablet,Enugu
R00820,O00034,click,1759035297,tablet,Enugu
R00820,O00033,impression,1765775982,tablet,Enugu
R00821,O00078,impression,1736294785,mobile,Enugu
R00821,O00031,impression,1738178474,mobile,Enugu
R00821,O00093,click,1752422972,mobile,Enugu
R00821,O00050,impression,1764745498,mobile,Enugu
R00822,O00086,impression,1736909847,mobile,Ibadan
R00822,O00001,impression,1741911686,mobile,Ibadan
R00822,O00049,click,1750992465,mobile,Ibadan
R00822,O00064,impression,1762294962,mobile,Ibadan
R00822,O00062,impression,1763708968,mobile,Ibadan
R00822,O00102,impression,1763888288,mobile,Ibadan
R00822,O00104,click,1766832233,mobile,Ibadan
R00823,O00082,impression,1740607997,mobile,Port Harcourt
R00823,O00099,impression,1742869312,mobile,Port Harcourt
R00823,O00109,impression,1748133406,mobile,Port Harcourt
R00823,O00003,impression,1748796089,mobile,Port Harcourt
R00823,O00092,click,1754336266,mobile,Port Harcourt
R00823,O00089,redeem,1754463634,mobile,Port Harcourt
R00823,O00116,impression,1756071008,mobile,Port Harcourt
R00823,O00109,click,1759282796,mobile,Port Harcourt
R00823,O00055,impression,1763375274,mobile,Port Harcourt
R00823,O00003,impression,1765687355,mobile,Port Harcourt
R00824,O00077,impression,1738797554,mobile,Ibadan
R00824,O00117,click,1742973794,mobile,Ibadan
R00824,O00053,impression,1752700733,mobile,Ibadan
R00824,O00056,impression,1757291246,mobile,Ibadan
R00824,O00056,impression,1760650178,mobile,Ibadan
R00824,O00041,impression,1766168045,mobile,Ibadan
R00824,O00087,click,1766918005,mobile,Ibadan
R00825,O00060,redeem,1745175531,web,Port Harcourt
R00825,O00062,click,1745648376,web,Port Harcourt
R00825,O00002,redeem,1746843593,web,Port Harcourt
R00825,O00036,impression,1765635543,web,Port Harcourt
R00826,O00053,impression,1738031232,web,Enugu
R00826,O00077,redeem,1746718175,web,Enugu
R00826,O00053,click,1751060261,web,Enugu
R00826,O00077,impression,1756089958,web,Enugu
R00826,O00117,impression,1760244280,web,Enugu
R00826,O00090,click,1765633786,web,Enugu
R00826,O00102,click,1766697202,web,Enugu
R00827,O00024,impression,1736899436,mobile,Enugu
R00827,O00119,click,1758085948,mobile,Enugu
R00827,O00024,click,1758701852,mobile,Enugu
R00827,O00095,impression,1764280075,mobile,Enugu
R00828,O00042,click,1737076373,web,Lagos
R00828,O00120,impression,1738714385,web,Lagos
R00828,O00084,impression,1738771152,web,Lagos
R00828,O00049,impression,1740548788,web,Lagos
R00828,O00013,impression,1761697728,web,Lagos
R00828,O00042,impression,1764285334,web,Lagos
R00828,O00001,click,1764648392,web,Lagos
R00828,O00066,click,1765410602,web,Lagos
R00828,O00101,impression,1765806792,web,Lagos
R00829,O00099,click,1740135087,tablet,Port Harcourt
R00829,O00002,click,1740656375,tablet,Port Harcourt
R00829,O00089,click,1742908609,tablet,Port Harcourt
R00829,O00072,click,1743076473,tablet,Port Harcourt
R00829,O00033,impression,1756654101,tablet,Port Harcourt
R00829,O00117,impression,1764462863,tablet,Port Harcourt
R00830,O00067,click,1749782580,mobile,Lagos
R00830,O00007,click,1756634269,mobile,Lagos
R00830,O00011,click,1760035782,mobile,Lagos
R00830,O00029,impression,1760753095,mobile,Lagos
R00831,O00086,impression,1737111432,mobile,Ibadan
R00831,O00074,click,1741279437,mobile,Ibadan
R00831,O00074,click,1742112515,mobile,Ibadan
R00831,O00074,impression,1743885129,mobile,Ibadan
R00831,O00086,impression,1746625678,mobile,Ibadan
R00831,O00050,impression,1751044351,mobile,Ibadan
R00831,O00026,redeem,1753190206,mobile,Ibadan
R00831,O00026,click,1758785002,mobile,Ibadan
R00832,O00116,click,1740218987,web,Ibadan
R00832,O00062,click,1742459088,web,Ibadan
R00832,O00060,impression,1743505431,web,Ibadan
R00832,O00099,impression,1743989907,web,Ibadan
R00832,O00038,impression,1747057705,web,Ibadan
R00832,O00010,impression,1748299618,web,Ibadan
R00832,O00055,impression,1751200076,web,Ibadan
R00832,O00062,impression,1758614174,web,Ibadan
R00833,O00012,click,1741807657,mobile,Port Harcourt
R00833,O00046,impression,1742120282,mobile,Port Harcourt
R00833,O00038,impression,1744069380,mobile,Port Harcourt
R00833,O00013,redeem,1746319312,mobile,Port Harcourt
R00833,O00044,impression,1750865367,mobile,Port Harcourt
R00833,O00095,click,1758816561,mobile,Port Harcourt
R00833,O00059,impression,1761460774,mobile,Port Harcourt
R00834,O00054,click,1740194157,tablet,Ibadan
R00834,O00001,click,1746464878,tablet,Ibadan
R00834,O00054,click,1749622562,tablet,Ibadan
R00834,O00003,impression,1763015810,tablet,Ibadan
R00834,O00054,impression,1766101727,tablet,Ibadan
R00835,O00004,click,1738260264,mobile,Lagos
R00835,O00048,impression,1739362016,mobile,Lagos
R00835,O00069,click,1741677701,mobile,Lagos
R00835,O00063,click,1744111491,mobile,Lagos
R00835,O00006,click,1745245669,mobile,Lagos
R00835,O00030,click,1746767275,mobile,Lagos
R00835,O00046,impression,1750921737,mobile,Lagos
R00835,O00012,impression,1753086025,mobile,Lagos
R00835,O00012,impression,1766184453,mobile,Lagos
R00836,O00002,impression,1744266531,web,Port Harcourt
R00836,O00062,impression,1748536592,web,Port Harcourt
R00836,O00060,click,1756476589,web,Port Harcourt
R00836,O00010,click,1760908757,web,Port Harcourt
R00837,O00066,impression,1740250338,web,Port Harcourt
R00837,O00077,impression,1748991425,web,Port Harcourt
R00837,O00045,impression,1752016257,web,Port Harcourt
R00837,O00009,impression,1756673147,web,Port Harcourt
R00838,O00037,click,1738006500,web,Lagos
R00838,O00112,impression,1739429598,web,Lagos
R00838,O00003,impression,1744168762,web,Lagos
R00838,O00089,redeem,1745596695,web,Lagos
R00838,O00003,click,1748551369,web,Lagos
R00838,O00082,impression,1764764870,web,Lagos
R00839,O00015,impression,1736200706,tablet,Ibadan
R00839,O00034,redeem,1738893467,tablet,Ibadan
R00839,O00111,click,1742202686,tablet,Ibadan
R00839,O00040,click,1744021991,tablet,Ibadan
R00839,O00044,impression,1748962770,tablet,Ibadan
R00839,O00115,impression,1749892631,tablet,Ibadan
R00839,O00044,impression,1757220671,tablet,Ibadan
R00839,O00098,click,1760818888,tablet,Ibadan
R00839,O00118,impression,1761851746,tablet,Ibadan
R00839,O00044,impression,1763945729,tablet,Ibadan
R00840,O00071,click,1744612226,mobile,Enugu
R00840,O00084,impression,1753134239,mobile,Enugu
R00840,O00100,redeem,1754785123,mobile,Enugu
R00840,O00120,impression,1763616208,mobile,Enugu
R00841,O00118,impression,1737832133,mobile,Ibadan
R00841,O00039,redeem,1739978569,mobile,Ibadan
R00841,O00012,impression,1742364591,mobile,Ibadan
R00841,O00005,impression,1742444157,mobile,Ibadan
R00841,O00083,impression,1761561573,mobile,Ibadan
R00842,O00103,impression,1745581925,tablet,Lagos
R00842,O00047,impression,1749606544,tablet,Lagos
R00842,O00112,impression,1753560436,tablet,Lagos
R00842,O00112,impression,1753742679,tablet,Lagos
R00842,O00011,impression,1759117778,tablet,Lagos
R00842,O00077,redeem,1761164225,tablet,Lagos
R00843,O00078,click,1742538915,mobile,Port Harcourt
R00843,O00064,redeem,1743169656,mobile,Port Harcourt
R00843,O00110,click,1744736407,mobile,Port Harcourt
R00843,O00042,impression,1747229168,mobile,Port Harcourt
R00843,O00102,impression,1758196538,mobile,Port Harcourt
R00843,O00120,impression,1760596177,mobile,Port Harcourt
R00843,O00032,impression,1762266325,mobile,Port Harcourt
R00844,O00002,impression,1738149964,mobile,Lagos
R00844,O00097,impression,1740401918,mobile,Lagos
R00844,O00061,click,1744374677,mobile,Lagos
R00844,O00028,redeem,1748371815,mobile,Lagos
R00844,O00079,click,1753510859,mobile,Lagos
R00844,O00079,impression,1760150934,mobile,Lagos
R00845,O00077,redeem,1738495533,mobile,Ibadan
R00845,O00041,click,1744853460,mobile,Ibadan
R00845,O00037,impression,1752757466,mobile,Ibadan
R00845,O00062,impression,1756154020,mobile,Ibadan
R00845,O00090,click,1759456326,mobile,Ibadan
R00845,O00056,impression,1762848920,mobile,Ibadan
R00845,O00027,redeem,1765902661,mobile,Ibadan
R00845,O00027,impression,1766555100,mobile,Ibadan
R00846,O00073,impression,1737560349,mobile,Lagos
R00846,O00080,click,1740599736,mobile,Lagos
R00846,O00073,click,1743228449,mobile,Lagos
R00846,O00073,impression,1744789439,mobile,Lagos
R00846,O00084,click,1754508658,mobile,Lagos
R00846,O00013,click,1757877831,mobile,Lagos
R00846,O00073,impression,1760539900,mobile,Lagos
R00846,O00080,impression,1760627864,mobile,Lagos
R00846,O00080,click,1764930820,mobile,Lagos
R00847,O00090,click,1744077588,mobile,Port Harcourt
R00847,O00049,impression,1746169894,mobile,Port Harcourt
R00847,O00037,click,1754564838,mobile,Port Harcourt
R00847,O00041,impression,1755974497,mobile,Port Harcourt
R00847,O00090,click,1756946152,mobile,Port Harcourt
R00847,O00117,click,1759534654,mobile,Port Harcourt
R00848,O00036,impression,1736337122,tablet,Port Harcourt
R00848,O00104,redeem,1742786573,tablet,Port Harcourt
R00848,O00002,impression,1748132369,tablet,Port Harcourt
R00848,O00036,impression,1754789434,tablet,Port Harcourt
R00848,O00062,impression,1754887018,tablet,Port Harcourt
R00848,O00055,impression,1760999876,tablet,Port Harcourt
R00849,O00044,click,1735986463,web,Enugu
R00849,O00056,impression,1743871705,web,Enugu
R00849,O00040,impression,1751042788,web,Enugu
R00849,O00104,click,1753963017,web,Enugu
R00849,O00083,redeem,1758063239,web,Enugu
R00849,O00098,impression,1763478010,web,Enugu
R00850,O00014,click,1739892598,mobile,Enugu
R00850,O00018,click,1746604488,mobile,Enugu
R00850,O00078,click,1747036186,mobile,Enugu
R00850,O00064,impression,1751993168,mobile,Enugu
R00850,O00078,click,1757140300,mobile,Enugu
R00850,O00005,click,1757274050,mobile,Enugu
R00850,O00096,click,1759305707,mobile,Enugu
R00850,O00105,impression,1759979196,mobile,Enugu
R00850,O00014,click,1763312644,mobile,Enugu
R00850,O00018,impression,1763496324,mobile,Enugu
R00851,O00021,click,1742919223,mobile,Ibadan
R00851,O00016,click,1752105665,mobile,Ibadan
R00851,O00013,click,1756577524,mobile,Ibadan
R00851,O00073,impression,1761437237,mobile,Ibadan
R00852,O00078,impression,1738189463,mobile,Lagos
R00852,O00002,redeem,1756908106,mobile,Lagos
R00852,O00003,click,1759259317,mobile,Lagos
R00852,O00116,impression,1761813390,mobile,Lagos
R00852,O00060,impression,1762252560,mobile,Lagos
R00852,O00089,click,1762660884,mobile,Lagos
R00852,O00107,impression,1763197834,mobile,Lagos
R00852,O00077,click,1766509828,mobile,Lagos
R00853,O00086,click,1744397595,mobile,Enugu
R00853,O00069,impression,1744444452,mobile,Enugu
R00853,O00065,click,1748774876,mobile,Enugu
R00853,O00063,impression,1750439745,mobile,Enugu
R00853,O00004,impression,1758205388,mobile,Enugu
R00854,O00028,click,1749751575,tablet,Enugu
R00854,O00058,click,1750389661,tablet,Enugu
R00854,O00084,impression,1750672771,tablet,Enugu
R00854,O00020,impression,1758165013,tablet,Enugu
R00854,O00057,impression,1761720861,tablet,Enugu
R00855,O00035,click,1738680745,mobile,Enugu
R00855,O00034,impression,1741321203,mobile,Enugu
R00855,O00076,click,1742601734,mobile,Enugu
R00855,O00118,impression,1742721303,mobile,Enugu
R00855,O00044,click,1760504277,mobile,Enugu
R00855,O00015,impression,1763755412,mobile,Enugu
R00855,O00104,redeem,1764539788,mobile,Enugu
R00856,O00041,redeem,1739099630,mobile,Abuja
R00856,O00044,click,1753157239,mobile,Abuja
R00856,O00053,impression,1753530018,mobile,Abuja
R00856,O00044,impression,1761883594,mobile,Abuja
R00856,O00015,redeem,1762568594,mobile,Abuja
R00857,O00082,click,1736236316,web,Abuja
R00857,O00072,impression,1743818661,web,Abuja
R00857,O00116,impression,1749039521,web,Abuja
R00857,O00002,impression,1755807728,web,Abuja
R00858,O00026,click,1736241517,web,Lagos
R00858,O00039,click,1742588280,web,Lagos
R00858,O00111,impression,1743077273,web,Lagos
R00858,O00075,impression,1744938882,web,Lagos
R00858,O00015,click,1755525147,web,Lagos
R00858,O00118,impression,1762073810,web,Lagos
R00859,O00029,impression,1737550166,mobile,Lagos
R00859,O00086,redeem,1755333286,mobile,Lagos
R00859,O00029,impression,1757443208,mobile,Lagos
R00859,O00064,impression,1762452115,mobile,Lagos
R00859,O00011,impression,1764943544,mobile,Lagos
R00859,O00067,impression,1766869634,mobile,Lagos
R00860,O00115,impression,1740060002,tablet,Lagos
R00860,O00085,click,1744583716,tablet,Lagos
R00860,O00115,click,1746204600,tablet,Lagos
R00860,O00085,impression,1746262033,tablet,Lagos
R00860,O00115,click,1753018767,tablet,Lagos
R00860,O00075,impression,1761335934,tablet,Lagos
R00860,O00039,click,1762219325,tablet,Lagos
R00860,O00044,impression,1764228689,tablet,Lagos
R00860,O00111,click,1764518674,tablet,Lagos
R00860,O00076,impression,1764867309,tablet,Lagos
R00861,O00030,impression,1737346616,mobile,Ibadan
R00861,O00006,impression,1744954126,mobile,Ibadan
R00861,O00004,impression,1745130489,mobile,Ibadan
R00861,O00069,impression,1748800779,mobile,Ibadan
R00861,O00033,click,1757670887,mobile,Ibadan
R00861,O00048,impression,1758347196,mobile,Ibadan
R00861,O00002,redeem,1763775537,mobile,Ibadan
R00862,O00029,click,1743483643,tablet,Lagos
R00862,O00017,click,1744174092,tablet,Lagos
R00862,O00065,impression,1755722404,tablet,Lagos
R00862,O00033,redeem,1761082659,tablet,Lagos
R00862,O00063,impression,1761593408,tablet,Lagos
R00863,O00078,click,1746629753,tablet,Ibadan
R00863,O00035,click,1749476214,tablet,Ibadan
R00863,O00005,impression,1750873428,tablet,Ibadan
R00863,O00014,impression,1752691128,tablet,Ibadan
R00863,O00005,impression,1755136621,tablet,Ibadan
R00863,O00078,impression,1758255292,tablet,Ibadan
R00864,O00087,impression,1737272106,web,Ibadan
R00864,O00047,impression,1739915555,web,Ibadan
R00864,O00024,impression,1752174583,web,Ibadan
R00864,O00103,click,1754767215,web,Ibadan
R00864,O00047,impression,1757717034,web,Ibadan
R00864,O00112,impression,1762298945,web,Ibadan
R00864,O00103,redeem,1763809002,web,Ibadan
R00864,O00024,impression,1763890402,web,Ibadan
R00864,O00103,click,1766536191,web,Ibadan
R00865,O00077,impression,1739172247,mobile,Lagos
R00865,O00044,click,1739456546,mobile,Lagos
R00865,O00117,click,1740046922,mobile,Lagos
R00865,O00077,click,1740115744,mobile,Lagos
R00865,O00037,click,1742621148,mobile,Lagos
R00865,O00070,click,1744974752,mobile,Lagos
R00865,O00117,redeem,1757040454,mobile,Lagos
R00865,O00037,impression,1757376248,mobile,Lagos
R00865,O00032,impression,1760578848,mobile,Lagos
R00866,O00015,click,1740603459,web,Lagos
R00866,O00115,impression,1757026829,web,Lagos
R00866,O00083,impression,1757177861,web,Lagos
R00866,O00022,impression,1760147580,web,Lagos
R00866,O00075,click,1760321080,web,Lagos
R00866,O00044,impression,1764603898,web,Lagos
R00867,O00020,click,1735859264,web,Ibadan
R00867,O00071,impression,1740883806,web,Ibadan
R00867,O00058,impression,1743974730,web,Ibadan
R00867,O00051,impression,1749696468,web,Ibadan
R00867,O00020,impression,1750601026,web,Ibadan
R00867,O00051,click,1760086304,web,Ibadan
R00867,O00071,impression,1761180401,web,Ibadan
R00867,O00051,redeem,1765022008,web,Ibadan
R00868,O00107,impression,1739927402,web,Ibadan
R00868,O00003,click,1753160299,web,Ibadan
R00868,O00055,click,1754544354,web,Ibadan
R00868,O00003,click,1756197350,web,Ibadan
R00868,O00104,impression,1763480914,web,Ibadan
R00868,O00089,redeem,1766416885,web,Ibadan
R00869,O00076,impression,1735901693,web,Port Harcourt
R00869,O00034,click,1743062801,web,Port Harcourt
R00869,O00094,click,1750992568,web,Port Harcourt
R00869,O00076,impression,1751376074,web,Port Harcourt
R00869,O00085,impression,1759472446,web,Port Harcourt
R00869,O00115,impression,1760112798,web,Port Harcourt
R00869,O00111,impression,1761758041,web,Port Harcourt
R00870,O00055,click,1745183821,tablet,Enugu
R00870,O00055,click,1754135028,tablet,Enugu
R00870,O00101,impression,1756128092,tablet,Enugu
R00870,O00116,click,1758053144,tablet,Enugu
R00870,O00082,click,1761697018,tablet,Enugu
R00871,O00045,click,1749216236,mobile,Lagos
R00871,O00050,impression,1761190026,mobile,Lagos
R00871,O00050,impression,1762012655,mobile,Lagos
R00871,O00050,impression,1762179961,mobile,Lagos
R00872,O00054,impression,1735801218,tablet,Lagos
R00872,O00023,impression,1746075501,tablet,Lagos
R00872,O00081,click,1749618036,tablet,Lagos
R00872,O00104,impression,1751693416,tablet,Lagos
R00872,O00054,click,1752859489,tablet,Lagos
R00872,O00006,redeem,1764891483,tablet,Lagos
R00872,O00113,impression,1766767751,tablet,Lagos
R00873,O00001,impression,1737731779,mobile,Abuja
R00873,O00084,click,1745741455,mobile,Abuja
R00873,O00028,impression,1747317246,mobile,Abuja
R00873,O00102,impression,1759210467,mobile,Abuja
R00873,O00053,impression,1761882340,mobile,Abuja
R00873,O00084,impression,1762675221,mobile,Abuja
R00873,O00064,impression,1763465935,mobile,Abuja
R00874,O00008,impression,1737276443,tablet,Lagos
R00874,O00026,impression,1742105790,tablet,Lagos
R00874,O00008,impression,1756146945,tablet,Lagos
R00874,O00064,impression,1756379415,tablet,Lagos
R00875,O00044,redeem,1747858666,tablet,Enugu
R00875,O00044,impression,1751212340,tablet,Enugu
R00875,O00040,impression,1761903034,tablet,Enugu
R00875,O00022,click,1766542335,tablet,Enugu
R00876,O00116,click,1743479455,web,Port Harcourt
R00876,O00089,click,1743908672,web,Port Harcourt
R00876,O00003,impression,1761846080,web,Port Harcourt
R00876,O00089,click,1761980497,web,Port Harcourt
R00877,O00030,impression,1740065030,web,Enugu
R00877,O00063,redeem,1745219429,web,Enugu
R00877,O00012,click,1747240581,web,Enugu
R00877,O00119,click,1752727563,web,Enugu
R00877,O00104,impression,1761441346,web,Enugu
R00877,O00065,click,1766082589,web,Enugu
R00877,O00065,click,1766489763,web,Enugu
R00878,O00109,click,1740228493,web,Abuja
R00878,O00109,impression,1744528215,web,Abuja
R00878,O00060,click,1751059123,web,Abuja
R00878,O00099,click,1751096368,web,Abuja
R00878,O00010,impression,1751291523,web,Abuja
R00878,O00092,click,1754270063,web,Abuja
R00878,O00036,impression,1758232202,web,Abuja
R00878,O00010,impression,1762158241,web,Abuja
R00878,O00109,impression,1763813558,web,Abuja
R00879,O00058,click,1751623062,tablet,Enugu
R00879,O00058,impression,1754766514,tablet,Enugu
R00879,O00082,click,1759612678,tablet,Enugu
R00879,O00058,redeem,1766392701,tablet,Enugu
R00879,O00101,impression,1766860631,tablet,Enugu
R00880,O00005,impression,1737202951,tablet,Abuja
R00880,O00078,impression,1742956344,tablet,Abuja
R00880,O00005,redeem,1743228568,tablet,Abuja
R00880,O00035,click,1745115055,tablet,Abuja
R00880,O00091,redeem,1745278293,tablet,Abuja
R00880,O00035,redeem,1752044983,tablet,Abuja
R00880,O00005,impression,1754538042,tablet,Abuja
R00880,O00092,redeem,1757485854,tablet,Abuja
R00880,O00005,impression,1760298983,tablet,Abuja
R00881,O00001,click,1736171983,web,Lagos
R00881,O00102,click,1737225779,web,Lagos
R00881,O00008,impression,1739658868,web,Lagos
R00881,O00120,click,1753482358,web,Lagos
R00881,O00102,impression,1753683675,web,Lagos
R00881,O00086,click,1754024863,web,Lagos
R00881,O00032,click,1763700878,web,Lagos
R00881,O00102,click,1765842555,web,Lagos
R00882,O00111,impression,1736597452,web,Port Harcourt
R00882,O00085,impression,1741990858,web,Port Harcourt
R00882,O00085,impression,1745966104,web,Port Harcourt
R00882,O00083,click,1751711299,web,Port Harcourt
R00882,O00076,redeem,1751833500,web,Port Harcourt
R00882,O00044,impression,1758795220,web,Port Harcourt
R00882,O00002,impression,1765488740,web,Port Harcourt
R00883,O00076,click,1735871724,mobile,Lagos
R00883,O00098,impression,1745646222,mobile,Lagos
R00883,O00034,click,1748872751,mobile,Lagos
R00883,O00040,click,1749983663,mobile,Lagos
R00883,O00034,impression,1754723358,mobile,Lagos
R00883,O00075,click,1755855650,mobile,Lagos
R00883,O00085,impression,1762220838,mobile,Lagos
R00884,O00034,impression,1742247738,mobile,Abuja
R00884,O00034,impression,1752841515,mobile,Abuja
R00884,O00044,impression,1756988059,mobile,Abuja
R00884,O00061,redeem,1758190464,mobile,Abuja
R00884,O00108,redeem,1764507078,mobile,Abuja
R00885,O00045,impression,1736503652,tablet,Lagos
R00885,O00104,click,1737301834,tablet,Lagos
R00885,O00109,impression,1738188219,tablet,Lagos
R00885,O00038,click,1738325442,tablet,Lagos
R00885,O00116,click,1739829261,tablet,Lagos
R00885,O00099,click,1753825831,tablet,Lagos
R00885,O00010,impression,1757295781,tablet,Lagos
R00885,O00062,impression,1763151700,tablet,Lagos
R00886,O00052,impression,1756062597,mobile,Lagos
R00886,O00052,impression,1760235373,mobile,Lagos
R00886,O00089,impression,1761045769,mobile,Lagos
R00886,O00052,click,1762764474,mobile,Lagos
R00886,O00097,click,1765074988,mobile,Lagos
R00887,O00026,click,1739473569,mobile,Ibadan
R00887,O00025,impression,1743519242,mobile,Ibadan
R00887,O00074,redeem,1749716183,mobile,Ibadan
R00887,O00025,click,1756697731,mobile,Ibadan
R00887,O00093,impression,1756855785,mobile,Ibadan
R00887,O00086,impression,1759295640,mobile,Ibadan
R00887,O00102,click,1759859668,mobile,Ibadan
R00887,O00030,click,1761595848,mobile,Ibadan
R00888,O00088,click,1736853088,tablet,Enugu
R00888,O00023,impression,1745417439,tablet,Enugu
R00888,O00081,impression,1750196078,tablet,Enugu
R00888,O00089,impression,1756327458,tablet,Enugu
R00888,O00023,impression,1757680137,tablet,Enugu
R00888,O00106,impression,1758745617,tablet,Enugu
R00888,O00113,click,1765287493,tablet,Enugu
R00889,O00110,click,1754890743,mobile,Port Harcourt
R00889,O00011,impression,1757459233,mobile,Port Harcourt
R00889,O00066,click,1759287950,mobile,Port Harcourt
R00889,O00079,click,1761715105,mobile,Port Harcourt
R00890,O00042,impression,1739590317,tablet,Lagos
R00890,O00020,impression,1742534073,tablet,Lagos
R00890,O00057,click,1743753057,tablet,Lagos
R00890,O00101,impression,1744994720,tablet,Lagos
R00890,O00064,impression,1754223745,tablet,Lagos
R00890,O00041,click,1759529151,tablet,Lagos
R00890,O00101,click,1760713260,tablet,Lagos
R00890,O00043,click,1762781558,tablet,Lagos
R00890,O00067,impression,1765474700,tablet,Lagos
R00890,O00071,impression,1766201155,tablet,Lagos
R00891,O00038,redeem,1740389112,mobile,Lagos
R00891,O00104,impression,1747621107,mobile,Lagos
R00891,O00116,impression,1749430819,mobile,Lagos
R00891,O00099,click,1749529731,mobile,Lagos
R00891,O00013,impression,1751314377,mobile,Lagos
R00891,O00120,impression,1754888940,mobile,Lagos
R00891,O00099,impression,1761701801,mobile,Lagos
R00891,O00109,redeem,1762817601,mobile,Lagos
R00891,O00002,impression,1764500219,mobile,Lagos
R00891,O00082,click,1766447734,mobile,Lagos
R00892,O00113,redeem,1738240010,mobile,Abuja
R00892,O00023,impression,1743367918,mobile,Abuja
R00892,O00070,click,1745634552,mobile,Abuja
R00892,O00106,impression,1749307987,mobile,Abuja
R00892,O00113,impression,1756531034,mobile,Abuja
R00892,O00054,click,1762598437,mobile,Abuja
R00893,O00084,click,1738402176,tablet,Port Harcourt
R00893,O00008,redeem,1739096078,tablet,Port Harcourt
R00893,O00028,redeem,1739365457,tablet,Port Harcourt
R00893,O00120,click,1742652685,tablet,Port Harcourt
R00893,O00064,click,1756378472,tablet,Port Harcourt
R00893,O00042,redeem,1756434530,tablet,Port Harcourt
R00893,O00114,click,1765953784,tablet,Port Harcourt
R00894,O00065,impression,1743533560,tablet,Abuja
R00894,O00069,click,1748825485,tablet,Abuja
R00894,O00048,click,1757826996,tablet,Abuja
R00894,O00065,click,1760854980,tablet,Abuja
R00894,O00033,impression,1765893036,tablet,Abuja
R00894,O00063,impression,1766299556,tablet,Abuja
R00895,O00091,impression,1739833731,tablet,Ibadan
R00895,O00067,click,1741241585,tablet,Ibadan
R00895,O00007,impression,1748419048,tablet,Ibadan
R00895,O00029,redeem,1763275974,tablet,Ibadan
R00896,O00037,click,1738282042,mobile,Lagos
R00896,O00037,click,1739045514,mobile,Lagos
R00896,O00053,impression,1742985046,mobile,Lagos
R00896,O00070,impression,1753295662,mobile,Lagos
R00896,O00037,impression,1753779730,mobile,Lagos
R00896,O00055,impression,1754328109,mobile,Lagos
R00896,O00077,impression,1760175482,mobile,Lagos
R00896,O00041,impression,1760843505,mobile,Lagos
R00897,O00107,click,1738981837,tablet,Port Harcourt
R00897,O00003,click,1740060783,tablet,Port Harcourt
R00897,O00116,redeem,1754286267,tablet,Port Harcourt
R00897,O00104,click,1762311559,tablet,Port Harcourt
R00898,O00073,impression,1739908019,tablet,Lagos
R00898,O00013,impression,1742448729,tablet,Lagos
R00898,O00073,impression,1744285391,tablet,Lagos
R00898,O00073,impression,1749735008,tablet,Lagos
R00899,O00039,click,1735977503,tablet,Abuja
R00899,O00051,redeem,1748650695,tablet,Abuja
R00899,O00067,impression,1753501256,tablet,Abuja
R00899,O00115,impression,1756098697,tablet,Abuja
R00899,O00083,click,1756186903,tablet,Abuja
R00899,O00039,impression,1761387178,tablet,Abuja
R00899,O00118,impression,1764510760,tablet,Abuja
R00900,O00040,impression,1738855866,web,Enugu
R00900,O00095,impression,1745848528,web,Enugu
R00900,O00022,impression,1748503076,web,Enugu
R00900,O00022,impression,1750414501,web,Enugu
R00900,O00119,click,1755564585,web,Enugu
R00900,O00043,redeem,1757795831,web,Enugu
R00900,O00059,click,1760122853,web,Enugu
R00901,O00031,impression,1740523531,tablet,Port Harcourt
R00901,O00026,click,1742583788,tablet,Port Harcourt
R00901,O00092,click,1743296385,tablet,Port Harcourt
R00901,O00086,click,1745055631,tablet,Port Harcourt
R00901,O00025,impression,1759065174,tablet,Port Harcourt
R00901,O00093,impression,1765720210,tablet,Port Harcourt
R00902,O00048,impression,1737007656,web,Lagos
R00902,O00048,impression,1740457182,web,Lagos
R00902,O00048,click,1740929229,web,Lagos
R00902,O00004,click,1749474743,web,Lagos
R00902,O00069,impression,1749956605,web,Lagos
R00902,O00020,click,1751520432,web,Lagos
R00902,O00033,impression,1763883159,web,Lagos
R00902,O00033,impression,1764983437,web,Lagos
R00903,O00062,redeem,1738428669,mobile,Lagos
R00903,O00036,impression,1739026214,mobile,Lagos
R00903,O00020,click,1744810118,mobile,Lagos
R00903,O00092,click,1748151550,mobile,Lagos
R00903,O00082,impression,1751169477,mobile,Lagos
R00903,O00038,impression,1753471764,mobile,Lagos
R00903,O00072,impression,1762467969,mobile,Lagos
R00904,O00019,impression,1737680892,mobile,Enugu
R00904,O00080,click,1741711934,mobile,Enugu
R00904,O00087,click,1758005022,mobile,Enugu
R00904,O00019,impression,1761859400,mobile,Enugu
R00905,O00103,impression,1744912905,web,Abuja
R00905,O00024,impression,1744950706,web,Abuja
R00905,O00024,click,1750661675,web,Abuja
R00905,O00055,impression,1751057157,web,Abuja
R00905,O00103,impression,1754437437,web,Abuja
R00905,O00047,click,1760604366,web,Abuja
R00905,O00110,impression,1766325098,web,Abuja
R00906,O00100,impression,1742158414,tablet,Port Harcourt
R00906,O00102,click,1747472899,tablet,Port Harcourt
R00906,O00077,click,1755400350,tablet,Port Harcourt
R00906,O00064,impression,1755756263,tablet,Port Harcourt
R00906,O00114,impression,1759292697,tablet,Port Harcourt
R00906,O00102,impression,1765541570,tablet,Port Harcourt
R00907,O00104,click,1736508641,web,Lagos
R00907,O00060,click,1742673154,web,Lagos
R00907,O00062,impression,1743790217,web,Lagos
R00907,O00107,click,1749007215,web,Lagos
R00907,O00003,click,1749028892,web,Lagos
R00907,O00010,impression,1749251321,web,Lagos
R00907,O00072,impression,1750604242,web,Lagos
R00907,O00038,impression,1752907719,web,Lagos
R00907,O00002,impression,1754123334,web,Lagos
R00907,O00099,redeem,1765539139,web,Lagos
R00908,O00102,click,1737848624,mobile,Port Harcourt
R00908,O00024,click,1741323006,mobile,Port Harcourt
R00908,O00102,impression,1743928142,mobile,Port Harcourt
R00908,O00114,redeem,1748139940,mobile,Port Harcourt
R00908,O00084,impression,1750675996,mobile,Port Harcourt
R00908,O00049,impression,1754456103,mobile,Port Harcourt
R00908,O00049,click,1754460617,mobile,Port Harcourt
R00908,O00001,impression,1764965069,mobile,Port Harcourt
R00909,O00016,impression,1736974932,web,Port Harcourt
R00909,O00017,redeem,1745941462,web,Port Harcourt
R00909,O00016,impression,1749694574,web,Port Harcourt
R00909,O00094,redeem,1751884442,web,Port Harcourt
R00909,O00016,click,1758721101,web,Port Harcourt
R00909,O00073,click,1760743043,web,Port Harcourt
R00909,O00019,redeem,1763509831,web,Port Harcourt
R00909,O00016,click,1766067330,web,Port Harcourt
R00910,O00060,impression,1751416803,web,Enugu
R00910,O00120,impression,1755447758,web,Enugu
R00910,O00027,click,1755546244,web,Enugu
R00910,O00089,click,1755576285,web,Enugu
R00910,O00051,redeem,1759436940,web,Enugu
R00910,O00072,impression,1762249512,web,Enugu
R00910,O00010,impression,1765561620,web,Enugu
R00910,O00104,redeem,1766857801,web,Enugu
R00911,O00115,impression,1744050040,web,Abuja
R00911,O00026,click,1744238142,web,Abuja
R00911,O00111,click,1745460955,web,Abuja
R00911,O00075,click,1747910010,web,Abuja
R00911,O00061,redeem,1752990770,web,Abuja
R00911,O00039,click,1757641197,web,Abuja
R00912,O00031,click,1740149154,mobile,Abuja
R00912,O00074,impression,1745182882,mobile,Abuja
R00912,O00026,impression,1745740530,mobile,Abuja
R00912,O00086,impression,1755943521,mobile,Abuja
R00912,O00031,redeem,1758619250,mobile,Abuja
R00913,O00001,impression,1745508000,web,Lagos
R00913,O00110,click,1748723690,web,Lagos
R00913,O00110,impression,1754865874,web,Lagos
R00913,O00048,impression,1759601254,web,Lagos
R00913,O00009,click,1765834931,web,Lagos
R00914,O00034,click,1736815129,mobile,Port Harcourt
R00914,O00078,redeem,1737009278,mobile,Port Harcourt
R00914,O00094,click,1743216540,mobile,Port Harcourt
R00914,O00057,impression,1746207758,mobile,Port Harcourt
R00914,O00060,impression,1755043513,mobile,Port Harcourt
R00914,O00015,impression,1761332010,mobile,Port Harcourt
R00914,O00015,click,1762981222,mobile,Port Harcourt
R00915,O00116,impression,1736931560,tablet,Abuja
R00915,O00117,impression,1738024407,tablet,Abuja
R00915,O00092,impression,1739403815,tablet,Abuja
R00915,O00060,redeem,1747493692,tablet,Abuja
R00915,O00089,click,1765528282,tablet,Abuja
R00915,O00003,click,1766525723,tablet,Abuja
R00916,O00020,redeem,1750847067,mobile,Ibadan
R00916,O00058,impression,1756730731,mobile,Ibadan
R00916,O00058,click,1763927495,mobile,Ibadan
R00916,O00020,impression,1765484980,mobile,Ibadan
R00917,O00027,click,1749462877,mobile,Abuja
R00917,O00036,click,1756333628,mobile,Abuja
R00917,O00109,impression,1758128309,mobile,Abuja
R00917,O00092,redeem,1758765162,mobile,Abuja
R00917,O00116,click,1758882979,mobile,Abuja
R00917,O00092,click,1761844601,mobile,Abuja
R00918,O00116,impression,1741248408,web,Port Harcourt
R00918,O00104,click,1745802172,web,Port Harcourt
R00918,O00082,impression,1749306634,web,Port Harcourt
R00918,O00072,click,1751865826,web,Port Harcourt
R00918,O00116,impression,1756542457,web,Port Harcourt
R00918,O00062,click,1760033313,web,Port Harcourt
R00919,O00031,impression,1735814629,tablet,Lagos
R00919,O00089,impression,1736492394,tablet,Lagos
R00919,O00074,click,1741801207,tablet,Lagos
R00919,O00026,impression,1750691604,tablet,Lagos
R00919,O00025,click,1757578604,tablet,Lagos
R00919,O00104,impression,1761567034,tablet,Lagos
R00919,O00086,impression,1763844956,tablet,Lagos
R00920,O00017,click,1736241282,tablet,Lagos
R00920,O00073,impression,1744450510,tablet,Lagos
R00920,O00017,impression,1746546080,tablet,Lagos
R00920,O00019,click,1748168046,tablet,Lagos
R00920,O00087,click,1763222020,tablet,Lagos
R00921,O00060,impression,1735782729,tablet,Abuja
R00921,O00005,redeem,1739258909,tablet,Abuja
R00921,O00081,click,1740237566,tablet,Abuja
R00921,O00089,click,1742860314,tablet,Abuja
R00921,O00104,click,1746662492,tablet,Abuja
R00921,O00072,impression,1757071227,tablet,Abuja
R00921,O00003,click,1758575924,tablet,Abuja
R00921,O00099,impression,1763037261,tablet,Abuja
R00921,O00107,impression,1765212498,tablet,Abuja
R00921,O00107,redeem,1766770704,tablet,Abuja
R00922,O00111,impression,1736340110,tablet,Enugu
R00922,O00044,impression,1737020859,tablet,Enugu
R00922,O00095,impression,1746507114,tablet,Enugu
R00922,O00076,click,1750748497,tablet,Enugu
R00923,O00078,click,1736848203,mobile,Port Harcourt
R00923,O00035,impression,1746385346,mobile,Port Harcourt
R00923,O00018,impression,1746562326,mobile,Port Harcourt
R00923,O00018,click,1747571948,mobile,Port Harcourt
R00923,O00019,impression,1752555457,mobile,Port Harcourt
R00923,O00028,click,1760416775,mobile,Port Harcourt
R00923,O00105,impression,1760593137,mobile,Port Harcourt
R00923,O00007,impression,1765292283,mobile,Port Harcourt
R00924,O00119,redeem,1736018665,tablet,Abuja
R00924,O00046,redeem,1738106962,tablet,Abuja
R00924,O00119,click,1750561624,tablet,Abuja
R00924,O00095,click,1764872940,tablet,Abuja
R00925,O00106,click,1736357716,web,Abuja
R00925,O00106,redeem,1737566057,web,Abuja
R00925,O00113,redeem,1742614043,web,Abuja
R00925,O00081,impression,1745479454,web,Abuja
R00925,O00106,impression,1749724824,web,Abuja
R00925,O00054,impression,1753128790,web,Abuja
R00925,O00088,impression,1753141202,web,Abuja
R00925,O00023,click,1755212508,web,Abuja
R00925,O00054,impression,1762005055,web,Abuja
R00925,O00023,impression,1766834785,web,Abuja
R00926,O00042,impression,1755536062,mobile,Port Harcourt
R00926,O00009,impression,1761261719,mobile,Port Harcourt
R00926,O00032,click,1762633793,mobile,Port Harcourt
R00926,O00114,impression,1764575958,mobile,Port Harcourt
R00927,O00017,impression,1736215578,mobile,Enugu
R00927,O00017,redeem,1738290106,mobile,Enugu
R00927,O00088,impression,1738434297,mobile,Enugu
R00927,O00087,click,1742978206,mobile,Enugu
R00927,O00080,click,1747064875,mobile,Enugu
R00927,O00080,click,1749060704,mobile,Enugu
R00927,O00013,click,1750532695,mobile,Enugu
R00927,O00017,impression,1760668825,mobile,Enugu
R00927,O00073,impression,1760954852,mobile,Enugu
R00928,O00111,impression,1739128062,web,Enugu
R00928,O00051,redeem,1740091845,web,Enugu
R00928,O00020,impression,1750835362,web,Enugu
R00928,O00057,click,1752499457,web,Enugu
R00928,O00022,impression,1753494199,web,Enugu
R00928,O00071,click,1755032243,web,Enugu
R00928,O00071,click,1756359773,web,Enugu
R00928,O00051,impression,1757762885,web,Enugu
R00928,O00096,impression,1763845990,web,Enugu
R00929,O00004,click,1737577553,mobile,Ibadan
R00929,O00014,click,1740019102,mobile,Ibadan
R00929,O00049,click,1743795160,mobile,Ibadan
R00929,O00106,click,1750960896,mobile,Ibadan
R00929,O00100,impression,1751670653,mobile,Ibadan
R00929,O00104,impression,1761164595,mobile,Ibadan
R00929,O00077,click,1761365810,mobile,Ibadan
R00929,O00104,click,1761435512,mobile,Ibadan
R00930,O00086,impression,1740834790,tablet,Enugu
R00930,O00040,impression,1740965010,tablet,Enugu
R00930,O00111,redeem,1750767512,tablet,Enugu
R00930,O00022,impression,1752493623,tablet,Enugu
R00930,O00111,impression,1754925960,tablet,Enugu
R00930,O00039,impression,1758421134,tablet,Enugu
R00930,O00085,impression,1759174285,tablet,Enugu
R00930,O00075,impression,1762683613,tablet,Enugu
R00931,O00047,impression,1740504963,mobile,Enugu
R00931,O00024,click,1740841876,mobile,Enugu
R00931,O00047,impression,1741968207,mobile,Enugu
R00931,O00103,impression,1743561072,mobile,Enugu
R00931,O00084,impression,1747803473,mobile,Enugu
R00931,O00103,impression,1749502409,mobile,Enugu
R00931,O00024,click,1763984342,mobile,Enugu
R00932,O00033,impression,1738212698,tablet,Port Harcourt
R00932,O00011,redeem,1740183258,tablet,Port Harcourt
R00932,O00033,redeem,1745059649,tablet,Port Harcourt
R00932,O00048,redeem,1751284467,tablet,Port Harcourt
R00932,O00004,click,1752455527,tablet,Port Harcourt
R00932,O00048,impression,1754257213,tablet,Port Harcourt
R00932,O00030,impression,1755501162,tablet,Port Harcourt
R00932,O00092,click,1760637840,tablet,Port Harcourt
R00932,O00030,click,1761416275,tablet,Port Harcourt
R00933,O00109,impression,1742340547,web,Ibadan
R00933,O00104,redeem,1746252743,web,Ibadan
R00933,O00036,impression,1746784741,web,Ibadan
R00933,O00096,impression,1749739579,web,Ibadan
R00933,O00002,impression,1753488739,web,Ibadan
R00933,O00104,click,1753940919,web,Ibadan
R00933,O00010,click,1754389062,web,Ibadan
R00933,O00030,impression,1762577158,web,Ibadan
R00933,O00003,impression,1764694597,web,Ibadan
R00933,O00046,impression,1765129993,web,Ibadan
R00934,O00063,impression,1737629229,tablet,Lagos
R00934,O00030,impression,1743389191,tablet,Lagos
R00934,O00104,impression,1751044340,tablet,Lagos
R00934,O00065,impression,1763527504,tablet,Lagos
R00934,O00073,click,1763580929,tablet,Lagos
R00935,O00094,click,1736577305,tablet,Ibadan
R00935,O00118,click,1744135538,tablet,Ibadan
R00935,O00111,impression,1747150012,tablet,Ibadan
R00935,O00085,impression,1748697067,tablet,Ibadan
R00935,O00111,impression,1753133717,tablet,Ibadan
R00935,O00108,impression,1753197045,tablet,Ibadan
R00935,O00115,impression,1754920212,tablet,Ibadan
R00935,O00034,impression,1755887448,tablet,Ibadan
R00935,O00023,impression,1758445416,tablet,Ibadan
R00935,O00015,impression,1765137992,tablet,Ibadan
R00936,O00015,impression,1743143883,mobile,Enugu
R00936,O00085,click,1743395259,mobile,Enugu
R00936,O00111,impression,1747714934,mobile,Enugu
R00936,O00040,impression,1747959123,mobile,Enugu
R00936,O00084,click,1753943664,mobile,Enugu
R00936,O00015,impression,1761411432,mobile,Enugu
R00936,O00098,redeem,1764944166,mobile,Enugu
R00936,O00022,redeem,1765171017,mobile,Enugu
R00936,O00039,impression,1766108392,mobile,Enugu
R00937,O00038,click,1737535578,mobile,Ibadan
R00937,O00089,click,1752272124,mobile,Ibadan
R00937,O00003,redeem,1752945801,mobile,Ibadan
R00937,O00109,redeem,1753193097,mobile,Ibadan
R00937,O00029,click,1764492448,mobile,Ibadan
R00938,O00104,impression,1737903302,tablet,Abuja
R00938,O00107,impression,1740793830,tablet,Abuja
R00938,O00032,click,1747026576,tablet,Abuja
R00938,O00082,impression,1747716421,tablet,Abuja
R00938,O00002,impression,1752774254,tablet,Abuja
R00938,O00007,impression,1754998252,tablet,Abuja
R00938,O00012,impression,1759523502,tablet,Abuja
R00938,O00107,click,1763151247,tablet,Abuja
R00938,O00010,click,1763223804,tablet,Abuja
R00939,O00095,click,1737803454,web,Enugu
R00939,O00043,redeem,1743307485,web,Enugu
R00939,O00059,click,1753423394,web,Enugu
R00939,O00095,click,1754424945,web,Enugu
R00939,O00043,redeem,1760307145,web,Enugu
R00939,O00095,redeem,1762360278,web,Enugu
R00940,O00090,click,1747512498,mobile,Abuja
R00940,O00090,impression,1748570130,mobile,Abuja
R00940,O00117,impression,1753697159,mobile,Abuja
R00940,O00003,impression,1756146412,mobile,Abuja
R00940,O00103,click,1761537881,mobile,Abuja
R00940,O00074,impression,1766189225,mobile,Abuja
R00941,O00116,impression,1735971617,web,Lagos
R00941,O00010,click,1745266530,web,Lagos
R00941,O00031,click,1752810938,web,Lagos
R00941,O00116,click,1757150567,web,Lagos
R00941,O00099,impression,1759268251,web,Lagos
R00941,O00082,redeem,1761858765,web,Lagos
R00942,O00107,click,1736031934,tablet,Port Harcourt
R00942,O00107,impression,1742075036,tablet,Port Harcourt
R00942,O00055,impression,1762116239,tablet,Port Harcourt
R00942,O00109,impression,1762702509,tablet,Port Harcourt
R00942,O00099,impression,1764726533,tablet,Port Harcourt
R00942,O00082,redeem,1765729324,tablet,Port Harcourt
R00943,O00047,click,1743853427,mobile,Port Harcourt
R00943,O00056,impression,1747966925,mobile,Port Harcourt
R00943,O00090,impression,1749109590,mobile,Port Harcourt
R00943,O00070,click,1751333356,mobile,Port Harcourt
R00943,O00056,impression,1757163292,mobile,Port Harcourt
R00943,O00041,impression,1758260832,mobile,Port Harcourt
R00943,O00027,click,1758526476,mobile,Port Harcourt
R00944,O00076,impression,1736537354,web,Port Harcourt
R00944,O00108,impression,1738379699,web,Port Harcourt
R00944,O00118,click,1740911807,web,Port Harcourt
R00944,O00075,click,1750681551,web,Port Harcourt
R00944,O00022,impression,1751813854,web,Port Harcourt
R00944,O00118,click,1754176084,web,Port Harcourt
R00944,O00094,click,1758869571,web,Port Harcourt
R00944,O00044,impression,1765113455,web,Port Harcourt
R00944,O00015,click,1766622022,web,Port Harcourt
R00944,O00015,click,1766669595,web,Port Harcourt
R00945,O00001,impression,1737812509,mobile,Ibadan
R00945,O00008,impression,1744943571,mobile,Ibadan
R00945,O00070,impression,1753413014,mobile,Ibadan
R00945,O00009,impression,1757767776,mobile,Ibadan
R00945,O00008,impression,1758255034,mobile,Ibadan
R00945,O00066,impression,1759630768,mobile,Ibadan
R00946,O00062,impression,1742915736,web,Enugu
R00946,O00016,impression,1744785152,web,Enugu
R00946,O00109,impression,1749765973,web,Enugu
R00946,O00092,impression,1752441454,web,Enugu
R00946,O00036,click,1754821237,web,Enugu
R00946,O00036,redeem,1755619403,web,Enugu
R00946,O00108,impression,1763090036,web,Enugu
R00946,O00116,impression,1763868116,web,Enugu
R00946,O00107,click,1765250107,web,Enugu
R00947,O00010,click,1736627076,tablet,Lagos
R00947,O00037,click,1741116091,tablet,Lagos
R00947,O00117,impression,1746999206,tablet,Lagos
R00947,O00090,click,1751809323,tablet,Lagos
R00947,O00077,impression,1757689135,tablet,Lagos
R00947,O00039,impression,1758307458,tablet,Lagos
R00947,O00037,redeem,1759389565,tablet,Lagos
R00947,O00077,impression,1761428685,tablet,Lagos
R00947,O00117,impression,1761952042,tablet,Lagos
R00947,O00070,impression,1766275827,tablet,Lagos
R00948,O00104,impression,1736028736,tablet,Ibadan
R00948,O00097,click,1738646033,tablet,Ibadan
R00948,O00097,click,1745083877,tablet,Ibadan
R00948,O00061,impression,1745873102,tablet,Ibadan
R00948,O00028,click,1751815657,tablet,Ibadan
R00948,O00061,impression,1757528875,tablet,Ibadan
R00948,O00052,click,1764281171,tablet,Ibadan
R00948,O00021,click,1764517505,tablet,Ibadan
R00948,O00111,impression,1765857599,tablet,Ibadan
R00949,O00019,click,1741503810,mobile,Lagos
R00949,O00013,redeem,1741656802,mobile,Lagos
R00949,O00080,impression,1745098982,mobile,Lagos
R00949,O00017,redeem,1754960843,mobile,Lagos
R00949,O00087,impression,1755648941,mobile,Lagos
R00949,O00087,impression,1760077223,mobile,Lagos
R00949,O00081,redeem,1762693703,mobile,Lagos
R00949,O00017,impression,1762879402,mobile,Lagos
R00950,O00016,impression,1736053738,tablet,Ibadan
R00950,O00001,impression,1742662503,tablet,Ibadan
R00950,O00081,click,1744062465,tablet,Ibadan
R00950,O00110,click,1744671489,tablet,Ibadan
R00950,O00032,click,1748429980,tablet,Ibadan
R00950,O00066,click,1749533197,tablet,Ibadan
R00950,O00114,impression,1756000710,tablet,Ibadan
R00950,O00084,click,1757234822,tablet,Ibadan
R00950,O00066,impression,1762897828,tablet,Ibadan
R00950,O00066,impression,1766516344,tablet,Ibadan
R00951,O00116,impression,1736452453,web,Ibadan
R00951,O00089,click,1744385559,web,Ibadan
R00951,O00055,redeem,1746338303,web,Ibadan
R00951,O00036,impression,1747069975,web,Ibadan
R00951,O00082,impression,1752271690,web,Ibadan
R00951,O00092,impression,1754895048,web,Ibadan
R00951,O00116,click,1762503951,web,Ibadan
R00952,O00006,click,1738381172,tablet,Port Harcourt
R00952,O00018,redeem,1743518457,tablet,Port Harcourt
R00952,O00004,click,1743889782,tablet,Port Harcourt
R00952,O00012,click,1766463946,tablet,Port Harcourt
R00953,O00078,click,1739063497,web,Abuja
R00953,O00105,click,1739074274,web,Abuja
R00953,O00105,click,1739587966,web,Abuja
R00953,O00069,click,1740249912,web,Abuja
R00953,O00035,impression,1740725519,web,Abuja
R00953,O00035,impression,1757488704,web,Abuja
R00953,O00105,click,1764100186,web,Abuja
R00954,O00012,impression,1745628398,tablet,Abuja
R00954,O00063,impression,1757955977,tablet,Abuja
R00954,O00115,click,1764757150,tablet,Abuja
R00954,O00063,click,1766607536,tablet,Abuja
R00955,O00120,impression,1745122692,web,Enugu
R00955,O00042,redeem,1750900469,web,Enugu
R00955,O00082,impression,1760995102,web,Enugu
R00955,O00096,click,1765816527,web,Enugu
R00956,O00068,click,1739572884,mobile,Abuja
R00956,O00043,impression,1740626097,mobile,Abuja
R00956,O00068,click,1742922801,mobile,Abuja
R00956,O00034,impression,1747253937,mobile,Abuja
R00956,O00059,impression,1750869796,mobile,Abuja
R00956,O00095,impression,1751156461,mobile,Abuja
R00956,O00046,click,1757114501,mobile,Abuja
R00956,O00095,impression,1760557654,mobile,Abuja
R00956,O00119,impression,1761349402,mobile,Abuja
R00956,O00083,impression,1765536626,mobile,Abuja
R00957,O00012,impression,1739228256,mobile,Enugu
R00957,O00004,click,1747563319,mobile,Enugu
R00957,O00046,click,1752941013,mobile,Enugu
R00957,O00004,impression,1755208678,mobile,Enugu
R00957,O00006,impression,1757515315,mobile,Enugu
R00957,O00048,impression,1761327499,mobile,Enugu
R00958,O00087,impression,1742435825,mobile,Ibadan
R00958,O00073,click,1742863511,mobile,Ibadan
R00958,O00074,impression,1746213819,mobile,Ibadan
R00958,O00087,impression,1760657164,mobile,Ibadan
R00958,O00073,redeem,1763739926,mobile,Ibadan
R00959,O00031,click,1736756051,web,Port Harcourt
R00959,O00086,click,1746714428,web,Port Harcourt
R00959,O00074,impression,1750045568,web,Port Harcourt
R00959,O00050,impression,1766393045,web,Port Harcourt
R00960,O00006,click,1735844441,web,Lagos
R00960,O00048,impression,1743066526,web,Lagos
R00960,O00033,impression,1751393930,web,Lagos
R00960,O00065,impression,1755299292,web,Lagos
R00960,O00069,impression,1760475935,web,Lagos
R00960,O00063,impression,1761986660,web,Lagos
R00960,O00075,impression,1762748152,web,Lagos
R00961,O00076,impression,1736681365,tablet,Lagos
R00961,O00025,impression,1738958199,tablet,Lagos
R00961,O00032,click,1747746502,tablet,Lagos
R00961,O00050,impression,1748410841,tablet,Lagos
R00961,O00026,click,1755646061,tablet,Lagos
R00961,O00096,click,1755825436,tablet,Lagos
R00961,O00021,click,1762681189,tablet,Lagos
R00961,O00093,click,1766343175,tablet,Lagos
R00962,O00020,impression,1737640148,web,Ibadan
R00962,O00042,impression,1738488234,web,Ibadan
R00962,O00058,impression,1744892615,web,Ibadan
R00962,O00014,impression,1748718073,web,Ibadan
R00962,O00051,impression,1752088063,web,Ibadan
R00962,O00051,click,1755029220,web,Ibadan
R00962,O00051,impression,1759376348,web,Ibadan
R00962,O00058,impression,1763127636,web,Ibadan
R00962,O00058,impression,1763208507,web,Ibadan
R00962,O00101,redeem,1766456658,web,Ibadan
R00963,O00058,impression,1742370989,web,Abuja
R00963,O00101,impression,1743409844,web,Abuja
R00963,O00094,impression,1747322778,web,Abuja
R00963,O00057,redeem,1749608184,web,Abuja
R00963,O00020,impression,1750808719,web,Abuja
R00963,O00046,click,1757382854,web,Abuja
R00963,O00096,click,1758374388,web,Abuja
R00963,O00058,impression,1762338420,web,Abuja
R00963,O00101,click,1763858159,web,Abuja
R00964,O00040,impression,1742934014,tablet,Ibadan
R00964,O00018,click,1753012580,tablet,Ibadan
R00964,O00111,click,1759999010,tablet,Ibadan
R00964,O00040,impression,1762313462,tablet,Ibadan
R00964,O00083,impression,1763360481,tablet,Ibadan
R00964,O00044,click,1764605059,tablet,Ibadan
R00965,O00006,impression,1736986915,web,Abuja
R00965,O00030,impression,1742633374,web,Abuja
R00965,O00012,redeem,1757591509,web,Abuja
R00965,O00065,redeem,1763208119,web,Abuja
R00965,O00065,click,1763808552,web,Abuja
R00966,O00053,impression,1737459200,tablet,Port Harcourt
R00966,O00077,impression,1740492542,tablet,Port Harcourt
R00966,O00077,click,1742716895,tablet,Port Harcourt
R00966,O00093,click,1744367161,tablet,Port Harcourt
R00966,O00077,impression,1749292244,tablet,Port Harcourt
R00966,O00070,click,1754627365,tablet,Port Harcourt
R00966,O00041,impression,1760025802,tablet,Port Harcourt
R00966,O00090,impression,1763088227,tablet,Port Harcourt
R00967,O00051,click,1747831907,mobile,Enugu
R00967,O00012,impression,1757709004,mobile,Enugu
R00967,O00057,impression,1764810664,mobile,Enugu
R00967,O00071,impression,1764971131,mobile,Enugu
R00968,O00096,click,1745255612,web,Ibadan
R00968,O00103,impression,1746637897,web,Ibadan
R00968,O00096,impression,1751455275,web,Ibadan
R00968,O00047,impression,1761321362,web,Ibadan
R00969,O00010,redeem,1738553542,mobile,Abuja
R00969,O00116,impression,1748733682,mobile,Abuja
R00969,O00112,click,1749313909,mobile,Abuja
R00969,O00048,impression,1749761763,mobile,Abuja
R00969,O00004,click,1752447473,mobile,Abuja
R00969,O00109,impression,1752575090,mobile,Abuja
R00969,O00107,impression,1758055287,mobile,Abuja
R00969,O00038,click,1763653033,mobile,Abuja
R00970,O00030,click,1741757807,tablet,Enugu
R00970,O00012,click,1742873691,tablet,Enugu
R00970,O00012,impression,1743505778,tablet,Enugu
R00970,O00033,impression,1746958359,tablet,Enugu
R00970,O00065,impression,1751012980,tablet,Enugu
R00970,O00006,impression,1764777796,tablet,Enugu
R00970,O00012,impression,1765485955,tablet,Enugu
R00970,O00113,click,1766494849,tablet,Enugu
R00971,O00008,click,1736891284,web,Abuja
R00971,O00073,redeem,1739219170,web,Abuja
R00971,O00001,redeem,1743150496,web,Abuja
R00971,O00009,redeem,1750153105,web,Abuja
R00971,O00110,impression,1752048971,web,Abuja
R00971,O00114,impression,1754572873,web,Abuja
R00971,O00102,impression,1760111755,web,Abuja
R00971,O00110,redeem,1765296944,web,Abuja
R00972,O00067,click,1736253992,web,Lagos
R00972,O00036,click,1736284930,web,Lagos
R00972,O00092,impression,1738481012,web,Lagos
R00972,O00113,click,1740881403,web,Lagos
R00972,O00003,impression,1742322404,web,Lagos
R00972,O00092,click,1743052802,web,Lagos
R00972,O00036,impression,1752464549,web,Lagos
R00972,O00036,impression,1752576114,web,Lagos
R00972,O00082,impression,1762375640,web,Lagos
R00972,O00092,impression,1764570423,web,Lagos
R00973,O00084,impression,1740805301,tablet,Lagos
R00973,O00064,click,1746902842,tablet,Lagos
R00973,O00091,click,1748122915,tablet,Lagos
R00973,O00001,impression,1748907403,tablet,Lagos
R00973,O00120,impression,1757512108,tablet,Lagos
R00973,O00100,impression,1761804210,tablet,Lagos
R00973,O00042,impression,1761812441,tablet,Lagos
R00974,O00053,impression,1739680059,mobile,Lagos
R00974,O00117,impression,1743650190,mobile,Lagos
R00974,O00041,impression,1744036950,mobile,Lagos
R00974,O00041,impression,1744452900,mobile,Lagos
R00974,O00027,impression,1748478384,mobile,Lagos
R00974,O00056,impression,1758575753,mobile,Lagos
R00974,O00056,impression,1759523500,mobile,Lagos
R00974,O00018,impression,1761266023,mobile,Lagos
R00975,O00016,click,1740695969,tablet,Port Harcourt
R00975,O00051,impression,1744255749,tablet,Port Harcourt
R00975,O00017,impression,1749050586,tablet,Port Harcourt
R00975,O00013,impression,1752772640,tablet,Port Harcourt
R00975,O00019,impression,1753202029,tablet,Port Harcourt
R00975,O00017,impression,1757463290,tablet,Port Harcourt
R00975,O00019,click,1760369137,tablet,Port Harcourt
R00975,O00019,redeem,1762078382,tablet,Port Harcourt
R00975,O00073,impression,1762163836,tablet,Port Harcourt
R00975,O00007,impression,1764685926,tablet,Port Harcourt
R00976,O00058,impression,1738382202,mobile,Port Harcourt
R00976,O00072,click,1739662843,mobile,Port Harcourt
R00976,O00092,redeem,1745441329,mobile,Port Harcourt
R00976,O00042,impression,1745603343,mobile,Port Harcourt
R00976,O00055,redeem,1746051561,mobile,Port Harcourt
R00976,O00038,click,1761615070,mobile,Port Harcourt
R00976,O00038,impression,1765781558,mobile,Port Harcourt
R00977,O00041,impression,1742487966,tablet,Enugu
R00977,O00025,impression,1742568769,tablet,Enugu
R00977,O00027,click,1744915526,tablet,Enugu
R00977,O00053,click,1747012743,tablet,Enugu
R00977,O00090,impression,1748661328,tablet,Enugu
R00977,O00056,impression,1750350518,tablet,Enugu
R00977,O00065,click,1758392340,tablet,Enugu
R00978,O00011,click,1736921445,tablet,Abuja
R00978,O00002,redeem,1738621951,tablet,Abuja
R00978,O00038,impression,1746145380,tablet,Abuja
R00978,O00082,click,1751263748,tablet,Abuja
R00978,O00104,impression,1751635036,tablet,Abuja
R00978,O00055,impression,1755876294,tablet,Abuja
R00978,O00104,click,1760438973,tablet,Abuja
R00978,O00008,click,1763224712,tablet,Abuja
R00978,O00104,click,1764136411,tablet,Abuja
R00978,O00010,click,1765200417,tablet,Abuja
R00979,O00061,click,1741170836,mobile,Lagos
R00979,O00052,redeem,1749757462,mobile,Lagos
R00979,O00097,click,1757183828,mobile,Lagos
R00979,O00052,impression,1758463736,mobile,Lagos
R00979,O00034,impression,1765575234,mobile,Lagos
R00980,O00016,impression,1738024000,tablet,Abuja
R00980,O00043,click,1758305417,tablet,Abuja
R00980,O00017,impression,1762552426,tablet,Abuja
R00980,O00017,click,1763695379,tablet,Abuja
R00981,O00042,redeem,1737651525,mobile,Port Harcourt
R00981,O00009,click,1743977325,mobile,Port Harcourt
R00981,O00066,click,1753204538,mobile,Port Harcourt
R00981,O00120,impression,1763627455,mobile,Port Harcourt
R00982,O00049,impression,1737173721,tablet,Enugu
R00982,O00079,click,1737457769,tablet,Enugu
R00982,O00110,impression,1738157422,tablet,Enugu
R00982,O00064,impression,1740243660,tablet,Enugu
R00982,O00120,click,1745384449,tablet,Enugu
R00982,O00064,impression,1747393763,tablet,Enugu
R00982,O00100,impression,1748449776,tablet,Enugu
R00982,O00120,impression,1752292594,tablet,Enugu
R00982,O00100,impression,1754886681,tablet,Enugu
R00982,O00059,click,1758230896,tablet,Enugu
R00983,O00061,click,1739751258,tablet,Ibadan
R00983,O00069,click,1739955530,tablet,Ibadan
R00983,O00006,impression,1740029683,tablet,Ibadan
R00983,O00069,click,1740936596,tablet,Ibadan
R00983,O00048,impression,1740959278,tablet,Ibadan
R00983,O00115,click,1741153043,tablet,Ibadan
R00983,O00048,impression,1746998860,tablet,Ibadan
R00983,O00048,click,1747251255,tablet,Ibadan
R00983,O00065,impression,1755680325,tablet,Ibadan
R00983,O00006,impression,1758561758,tablet,Ibadan
R00984,O00091,click,1736481587,web,Lagos
R00984,O00011,click,1738783676,web,Lagos
R00984,O00067,impression,1760117643,web,Lagos
R00984,O00007,impression,1762757793,web,Lagos
R00985,O00020,click,1739605217,web,Enugu
R00985,O00044,impression,1739800120,web,Enugu
R00985,O00101,impression,1740658846,web,Enugu
R00985,O00087,click,1754669003,web,Enugu
R00985,O00060,click,1756318855,web,Enugu
R00985,O00058,click,1761834036,web,Enugu
R00985,O00016,impression,1764372780,web,Enugu
R00985,O00051,click,1764414288,web,Enugu
R00985,O00078,impression,1764920423,web,Enugu
R00986,O00012,impression,1740941177,mobile,Port Harcourt
R00986,O00057,redeem,1741146362,mobile,Port Harcourt
R00986,O00058,impression,1743758694,mobile,Port Harcourt
R00986,O00020,impression,1744012045,mobile,Port Harcourt
R00986,O00101,click,1746235021,mobile,Port Harcourt
R00986,O00101,redeem,1753368452,mobile,Port Harcourt
R00986,O00020,click,1755408827,mobile,Port Harcourt
R00986,O00057,impression,1760246309,mobile,Port Harcourt
R00987,O00092,redeem,1739658574,mobile,Port Harcourt
R00987,O00022,click,1744581844,mobile,Port Harcourt
R00987,O00083,click,1748278492,mobile,Port Harcourt
R00987,O00064,impression,1754683180,mobile,Port Harcourt
R00988,O00099,impression,1738238069,tablet,Port Harcourt
R00988,O00102,click,1743491953,tablet,Port Harcourt
R00988,O00010,impression,1747475514,tablet,Port Harcourt
R00988,O00092,redeem,1750003250,tablet,Port Harcourt
R00988,O00116,impression,1750009471,tablet,Port Harcourt
R00988,O00104,impression,1756119211,tablet,Port Harcourt
R00988,O00036,impression,1758362848,tablet,Port Harcourt
R00988,O00032,click,1759589377,tablet,Port Harcourt
R00988,O00003,click,1763396510,tablet,Port Harcourt
R00989,O00006,click,1736953809,web,Ibadan
R00989,O00055,click,1738003076,web,Ibadan
R00989,O00010,impression,1738891017,web,Ibadan
R00989,O00107,impression,1739468179,web,Ibadan
R00989,O00089,click,1743477384,web,Ibadan
R00989,O00010,click,1752683644,web,Ibadan
R00989,O00027,impression,1759464546,web,Ibadan
R00989,O00085,impression,1763620539,web,Ibadan
R00989,O00104,click,1764976664,web,Ibadan
R00989,O00060,impression,1766619112,web,Ibadan
R00990,O00093,click,1749656557,tablet,Ibadan
R00990,O00047,impression,1750289547,tablet,Ibadan
R00990,O00045,impression,1751012823,tablet,Ibadan
R00990,O00115,impression,1752541261,tablet,Ibadan
R00990,O00031,click,1758809201,tablet,Ibadan
R00991,O00058,impression,1737029228,tablet,Enugu
R00991,O00051,impression,1740897384,tablet,Enugu
R00991,O00057,click,1744061331,tablet,Enugu
R00991,O00057,impression,1745223097,tablet,Enugu
R00991,O00057,click,1746824626,tablet,Enugu
R00991,O00057,impression,1749814468,tablet,Enugu
R00991,O00057,click,1754400154,tablet,Enugu
R00991,O00057,click,1763601573,tablet,Enugu
R00991,O00072,impression,1764249057,tablet,Enugu
R00992,O00066,impression,1739352544,mobile,Abuja
R00992,O00009,impression,1740758737,mobile,Abuja
R00992,O00001,click,1744544950,mobile,Abuja
R00992,O00100,click,1748823725,mobile,Abuja
R00992,O00032,impression,1759976878,mobile,Abuja
R00992,O00064,click,1760109437,mobile,Abuja
R00992,O00032,impression,1763396546,mobile,Abuja
R00992,O00114,redeem,1764928450,mobile,Abuja
R00993,O00076,impression,1736397330,tablet,Enugu
R00993,O00021,impression,1736845215,tablet,Enugu
R00993,O00060,impression,1740090960,tablet,Enugu
R00993,O00099,impression,1740436127,tablet,Enugu
R00993,O00038,impression,1746745917,tablet,Enugu
R00993,O00107,impression,1750905978,tablet,Enugu
R00993,O00010,click,1751001542,tablet,Enugu
R00993,O00116,click,1755249803,tablet,Enugu
R00993,O00062,impression,1755603033,tablet,Enugu
R00993,O00107,impression,1766417651,tablet,Enugu
R00994,O00034,impression,1744660308,tablet,Lagos
R00994,O00023,impression,1757005309,tablet,Lagos
R00994,O00039,click,1760689499,tablet,Lagos
R00994,O00113,redeem,1765100423,tablet,Lagos
R00995,O00052,click,1740726803,tablet,Enugu
R00995,O00028,click,1742900373,tablet,Enugu
R00995,O00033,click,1750969746,tablet,Enugu
R00995,O00079,click,1751231065,tablet,Enugu
R00995,O00052,impression,1751965806,tablet,Enugu
R00995,O00038,impression,1753884684,tablet,Enugu
R00995,O00021,click,1757355285,tablet,Enugu
R00995,O00061,click,1761097174,tablet,Enugu
R00995,O00061,impression,1765096552,tablet,Enugu
R00996,O00079,click,1736483643,mobile,Abuja
R00996,O00006,impression,1736968133,mobile,Abuja
R00996,O00079,impression,1742525961,mobile,Abuja
R00996,O00097,impression,1744574910,mobile,Abuja
R00996,O00052,impression,1750125745,mobile,Abuja
R00996,O00097,impression,1756223773,mobile,Abuja
R00996,O00061,impression,1759127368,mobile,Abuja
R00996,O00097,click,1761983693,mobile,Abuja
R00996,O00052,click,1765417459,mobile,Abuja
R00996,O00102,click,1766368032,mobile,Abuja
R00997,O00060,click,1750455288,mobile,Abuja
R00997,O00055,redeem,1751970377,mobile,Abuja
R00997,O00062,click,1751981606,mobile,Abuja
R00997,O00072,impression,1759832911,mobile,Abuja
R00997,O00109,impression,1763600652,mobile,Abuja
R00997,O00107,click,1764203456,mobile,Abuja
R00997,O00010,impression,1765001010,mobile,Abuja
R00998,O00078,impression,1736680049,web,Lagos
R00998,O00005,impression,1740686025,web,Lagos
R00998,O00018,click,1741299863,web,Lagos
R00998,O00069,impression,1754332259,web,Lagos
R00998,O00097,impression,1756082797,web,Lagos
R00998,O00055,redeem,1757493664,web,Lagos
R00998,O00018,redeem,1761843254,web,Lagos
R00998,O00018,impression,1765349216,web,Lagos
R00999,O00034,impression,1740227105,tablet,Lagos
R00999,O00085,click,1740853389,tablet,Lagos
R00999,O00076,click,1742468867,tablet,Lagos
R00999,O00044,impression,1751270458,tablet,Lagos
R00999,O00108,click,1758567502,tablet,Lagos
R00999,O00108,redeem,1759603677,tablet,Lagos
R00999,O00040,impression,1760596448,tablet,Lagos
R01000,O00037,impression,1742046465,tablet,Port Harcourt
R01000,O00006,click,1743955217,tablet,Port Harcourt
R01000,O00027,impression,1744860314,tablet,Port Harcourt
R01000,O00023,impression,1748405605,tablet,Port Harcourt
R01000,O00090,click,1754213652,tablet,Port Harcourt
R01000,O00077,impression,1754264786,tablet,Port Harcourt
R01000,O00056,impression,1765460105,tablet,Port Harcourt
