transaction_id,customer_id,amount,currency,hour,velocity_1h,country,device,merchant_category,is_fraud
T00017645,F00175,9908.28,NGN,15,6,GH,ios,electronics,0
T00004313,F00695,3984.01,NGN,16,11,US,ios,electronics,0
T00018401,F00217,553.99,NGN,11,12,NG,android,digital,0
T00018782,F00993,1578.45,NGN,6,10,GH,web,travel,0
T00005044,F00939,993.39,NGN,0,5,GB,ios,fuel,0
T00013703,F00921,493.85,NGN,23,9,US,ios,electronics,0
T00004159,F00946,988.14,NGN,9,8,US,ios,digital,0
T00005336,F00075,1163.86,NGN,2,9,GB,android,digital,0
T00016097,F00969,149.29,NGN,3,5,GH,ios,retail,0
T00009372,F00472,1692.51,NGN,12,7,NG,web,food,0
T00009146,F01135,229.39,NGN,4,9,GH,web,travel,0
T00001648,F00301,5369.76,NGN,0,7,NG,android,electronics,0
T00010637,F01073,393.29,NGN,3,12,GB,ios,fuel,1
T00007295,F00670,1166.1,NGN,16,1,NG,ios,electronics,0
T00000780,F01194,612.74,NGN,4,2,GB,web,retail,0
T00013587,F01190,512.73,NGN,9,6,NG,android,digital,0
T00016136,F00739,1903.71,NGN,14,9,GH,ios,retail,0
T00016038,F00338,568.69,NGN,10,12,NG,ios,fuel,0
T00003868,F00393,1141.63,NGN,4,9,NG,android,electronics,1
T00007483,F01198,2599.74,NGN,16,9,NG,android,digital,0
T00000566,F00526,263.23,NGN,19,9,GB,ios,retail,0
T00008645,F00789,1156.69,NGN,16,7,NG,web,electronics,0
T00009580,F00821,5297.44,NGN,8,11,GB,web,food,0
T00013215,F00855,1053.99,NGN,14,7,NG,android,electronics,0
T00015184,F00372,253.43,NGN,4,11,NG,web,fuel,0
T00005497,F00878,608.72,NGN,16,2,GH,ios,retail,1
T00018830,F00064,1319.91,NGN,20,4,NG,ios,electronics,0
T00000663,F00074,3108.33,NGN,10,12,NG,android,electronics,0
T00000262,F00432,4187.65,NGN,21,8,NG,android,retail,0
T00017049,F00102,2821.68,NGN,4,8,NG,ios,food,0
T00016181,F00641,1283.98,NGN,7,2,US,android,retail,0
T00006454,F00278,157.1,NGN,14,7,NG,web,digital,0
T00019941,F00319,948.99,NGN,22,4,GH,ios,food,0
T00004952,F00994,711.52,NGN,0,1,GH,web,retail,0
T00016052,F00777,641.38,NGN,19,11,NG,ios,retail,0
T00014967,F00554,848.13,NGN,19,3,NG,android,digital,0
T00011340,F00115,238.46,NGN,9,3,NG,android,digital,0
T00019397,F01160,391.26,NGN,14,7,NG,ios,travel,0
T00001142,F01151,2248.61,NGN,10,8,GH,android,travel,0
T00000985,F00078,2630.74,NGN,7,11,NG,web,fuel,0
T00001588,F01041,625.0,NGN,19,5,GB,ios,retail,0
T00017148,F00721,3646.92,NGN,15,1,NG,web,digital,0
T00009831,F00289,788.27,NGN,12,3,NG,android,retail,0
T00011320,F00244,423.19,NGN,18,9,NG,ios,travel,0
T00001490,F00101,559.98,NGN,11,11,US,ios,travel,0
T00013045,F01189,453.18,NGN,6,1,NG,ios,travel,0
T00003555,F01113,5290.97,NGN,18,10,GH,android,retail,0
T00011806,F00465,819.24,NGN,2,2,US,web,retail,0
T00004639,F00277,3876.5,NGN,22,2,NG,web,fuel,0
T00008060,F00492,478.48,NGN,19,12,NG,android,food,0
T00001882,F00845,1714.24,NGN,11,4,GB,android,food,0
T00013511,F00243,3296.76,NGN,3,3,US,ios,fuel,0
T00011654,F00301,808.04,NGN,21,6,NG,web,electronics,0
T00011010,F01063,1860.15,NGN,13,3,NG,android,fuel,0
T00014156,F00764,4329.15,NGN,1,3,NG,web,food,0
T00003178,F00946,1212.43,NGN,5,6,GH,web,retail,0
T00004174,F00264,986.77,NGN,5,8,NG,android,digital,0
T00012999,F00148,699.33,NGN,16,2,GB,ios,travel,0
T00010695,F00148,2981.38,NGN,3,10,GB,web,travel,0
T00008356,F01022,2463.62,NGN,13,12,NG,android,retail,0
T00011230,F00860,932.94,NGN,19,12,GH,web,retail,0
T00010020,F00191,2279.61,NGN,18,1,GH,ios,digital,0
T00014705,F00661,1042.78,NGN,12,5,US,android,fuel,0
T00018659,F00593,557.77,NGN,18,4,NG,ios,digital,0
T00009077,F00047,1470.56,NGN,8,6,NG,web,travel,0
T00007565,F00913,237.21,NGN,12,5,NG,ios,retail,0
T00000996,F01064,1581.74,NGN,3,11,GB,web,digital,1
T00007390,F00473,1853.4,NGN,18,11,NG,web,travel,0
T00002847,F00545,1140.57,NGN,4,5,GH,ios,digital,0
T00016071,F00260,1225.7,NGN,4,1,NG,ios,retail,0
T00014255,F00245,2466.53,NGN,15,6,NG,android,food,0
T00009136,F00264,4835.88,NGN,23,10,US,ios,travel,0
T00001181,F00674,428.39,NGN,14,2,NG,web,food,0
T00015916,F00752,1374.97,NGN,5,12,NG,android,fuel,0
T00015741,F00047,841.33,NGN,4,10,NG,web,retail,0
T00008042,F00514,2516.8,NGN,8,3,GB,web,food,1
T00010397,F01108,1069.15,NGN,14,9,GH,android,fuel,0
T00005666,F00552,2523.13,NGN,6,2,NG,web,electronics,0
T00015516,F00423,924.97,NGN,6,9,GH,ios,electronics,0
T00010183,F00564,2554.79,NGN,16,12,NG,web,fuel,0
T00019908,F00593,1925.86,NGN,15,7,NG,ios,electronics,0
T00004743,F00593,2757.68,NGN,5,11,NG,web,retail,0
T00004799,F00325,844.5,NGN,6,6,GB,android,digital,0
T00000666,F00751,2473.87,NGN,13,8,GB,android,travel,0
T00017711,F00952,111.08,NGN,18,3,GB,android,travel,0
T00004915,F01088,1322.23,NGN,11,9,NG,ios,food,0
T00005208,F00835,1373.04,NGN,19,1,GH,android,food,0
T00018944,F00580,403.44,NGN,7,3,US,android,travel,0
T00003638,F01179,796.21,NGN,7,7,NG,web,retail,0
T00009111,F01193,1802.99,NGN,14,5,NG,ios,electronics,0
T00003293,F00358,261.78,NGN,20,6,GH,web,retail,0
T00005873,F01103,692.35,NGN,15,8,GB,web,fuel,0
T00014434,F00103,495.24,NGN,13,9,US,ios,digital,0
T00017179,F01083,525.74,NGN,16,6,GB,android,retail,0
T00000942,F01024,1291.44,NGN,4,8,US,web,digital,1
T00008442,F01129,1009.06,NGN,23,6,NG,web,retail,0
T00013207,F00613,2325.34,NGN,8,1,NG,web,electronics,0
T00001117,F00299,2976.4,NGN,12,11,NG,android,electronics,0
T00011922,F00543,813.15,NGN,13,8,GB,web,food,0
T00018289,F00669,1203.75,NGN,13,10,US,ios,digital,0
T00018087,F00351,963.76,NGN,9,8,NG,android,travel,0
T00018931,F00392,1122.45,NGN,5,8,GB,web,fuel,0
T00010186,F00244,386.41,NGN,22,5,US,ios,food,0
T00015308,F01096,957.93,NGN,7,12,NG,ios,retail,0
T00011579,F01163,1491.36,NGN,11,2,GB,ios,electronics,0
T00019686,F00610,1103.61,NGN,5,8,US,ios,food,0
T00013736,F00871,1995.06,NGN,18,3,NG,ios,digital,0
T00005426,F00215,5704.86,NGN,11,1,GH,ios,food,0
T00010768,F01096,452.28,NGN,23,8,NG,ios,travel,0
T00000459,F00224,400.95,NGN,22,1,NG,android,retail,0
T00002888,F00587,1302.62,NGN,23,9,NG,web,digital,0
T00009426,F01124,1170.82,NGN,22,2,GB,android,digital,0
T00012913,F00258,3115.87,NGN,14,1,US,ios,travel,0
T00017259,F00012,2252.28,NGN,3,3,US,web,fuel,0
T00017339,F00643,249.34,NGN,7,8,US,web,digital,0
T00016089,F00394,4481.58,NGN,16,3,NG,web,fuel,0
T00008432,F00993,1868.44,NGN,9,12,GH,android,food,0
T00012480,F00390,3969.08,NGN,13,1,GB,web,electronics,0
T00003599,F00939,791.87,NGN,8,6,US,web,digital,0
T00016064,F00308,2162.87,NGN,13,8,NG,ios,food,0
T00003545,F00577,2570.63,NGN,3,8,NG,web,fuel,1
T00001091,F00513,7401.99,NGN,11,4,NG,ios,food,0
T00017249,F00650,1090.36,NGN,14,9,NG,ios,food,0
T00002101,F00347,1079.63,NGN,9,4,GB,android,travel,0
T00004378,F00651,616.83,NGN,3,1,US,web,fuel,0
T00017939,F00545,877.44,NGN,15,8,GB,web,retail,0
T00016747,F00128,1103.61,NGN,15,6,GH,android,travel,0
T00006794,F00870,682.28,NGN,23,11,GH,android,digital,0
T00010473,F00304,2078.79,NGN,13,6,NG,web,fuel,0
T00006410,F00105,10759.49,NGN,23,6,GH,web,food,0
T00013553,F00913,874.61,NGN,20,12,NG,web,fuel,0
T00000588,F00663,1214.79,NGN,18,12,NG,android,fuel,0
T00001809,F00352,2566.95,NGN,16,8,NG,web,electronics,0
T00004436,F00074,3074.65,NGN,10,7,GH,android,digital,0
T00001888,F01030,425.46,NGN,21,5,GH,android,travel,0
T00005266,F00369,1650.58,NGN,7,6,NG,android,travel,0
T00002081,F00189,2886.07,NGN,7,1,NG,web,travel,0
T00009191,F01124,230.41,NGN,10,12,NG,ios,retail,0
T00009970,F00813,617.22,NGN,19,5,NG,ios,fuel,0
T00015651,F00201,861.66,NGN,7,9,NG,android,food,0
T00010280,F00132,262.37,NGN,4,9,US,ios,travel,1
T00001807,F00567,715.65,NGN,6,2,NG,ios,electronics,0
T00014716,F00238,410.72,NGN,1,10,NG,web,travel,1
T00018454,F00843,3411.52,NGN,21,12,US,web,food,0
T00002613,F00360,1745.96,NGN,4,5,GH,android,electronics,0
T00016852,F00723,2002.0,NGN,7,9,US,ios,fuel,0
T00013376,F00472,652.68,NGN,18,7,GB,android,fuel,0
T00012337,F00780,7129.4,NGN,10,9,GH,web,food,0
T00019816,F00693,3098.09,NGN,4,5,GH,web,digital,0
T00012964,F00273,3112.17,NGN,14,11,NG,web,electronics,0
T00010515,F00360,1067.27,NGN,16,4,GB,web,retail,0
T00002650,F00030,477.36,NGN,7,9,GB,android,travel,0
T00010122,F00087,784.68,NGN,2,3,US,web,fuel,0
T00018771,F00563,1057.77,NGN,13,11,NG,ios,fuel,0
T00001772,F00864,622.82,NGN,23,3,NG,ios,retail,0
T00014811,F00062,3299.01,NGN,7,2,GB,android,fuel,0
T00000642,F00930,1008.15,NGN,5,3,NG,android,food,0
T00006893,F00352,635.88,NGN,20,1,NG,web,digital,0
T00006434,F01022,793.97,NGN,1,6,GB,ios,fuel,0
T00018457,F00895,322.23,NGN,4,6,NG,ios,digital,1
T00015024,F00675,2884.73,NGN,18,8,GH,web,digital,0
T00013406,F01132,1857.92,NGN,5,4,NG,ios,fuel,0
T00003194,F00130,701.8,NGN,21,6,GH,android,fuel,0
T00012677,F01071,967.85,NGN,18,6,GB,android,travel,0
T00001603,F00843,480.05,NGN,23,10,US,ios,food,0
T00005964,F00966,1136.83,NGN,5,10,NG,ios,fuel,0
T00019074,F00605,3054.96,NGN,6,6,GH,web,food,1
T00001247,F00504,567.71,NGN,14,12,GH,ios,travel,0
T00014161,F00840,926.61,NGN,4,11,US,ios,electronics,1
T00010914,F00669,2465.25,NGN,21,2,NG,web,fuel,0
T00007165,F00212,1965.29,NGN,21,9,NG,web,retail,0
T00018106,F00343,1136.28,NGN,17,7,GB,ios,electronics,0
T00013071,F00122,2144.4,NGN,0,5,GB,web,electronics,0
T00002958,F00604,1066.77,NGN,5,9,NG,ios,food,0
T00004274,F00718,482.5,NGN,18,9,US,web,digital,0
T00016501,F00621,794.69,NGN,3,7,GB,web,fuel,1
T00011581,F00911,5811.97,NGN,13,7,GB,ios,travel,0
T00003414,F00276,2673.48,NGN,9,5,NG,web,travel,0
T00007862,F00454,258.98,NGN,20,1,NG,android,fuel,0
T00008600,F00673,1034.34,NGN,22,3,US,ios,fuel,0
T00002801,F00016,4632.53,NGN,14,1,NG,web,digital,0
T00015118,F00742,562.27,NGN,9,11,NG,ios,fuel,0
T00013911,F00375,1308.05,NGN,15,3,NG,android,fuel,0
T00004439,F00249,1095.11,NGN,13,12,GB,web,travel,0
T00018468,F00734,607.42,NGN,6,10,NG,ios,fuel,0
T00010350,F01097,5857.35,NGN,0,1,GH,ios,food,0
T00002895,F00881,2331.94,NGN,8,9,GB,ios,food,0
T00010149,F00551,1338.71,NGN,12,11,NG,android,fuel,0
T00007825,F01005,921.17,NGN,18,4,NG,web,food,0
T00019549,F00092,5540.07,NGN,13,4,GB,android,travel,0
T00017584,F00437,344.53,NGN,17,11,NG,ios,food,0
T00017402,F00846,1540.12,NGN,18,8,NG,ios,digital,0
T00004377,F01107,334.44,NGN,12,7,NG,web,retail,0
T00014046,F00888,6006.1,NGN,10,11,NG,web,digital,0
T00009431,F00904,3099.28,NGN,17,5,GH,android,retail,0
T00019619,F00765,270.87,NGN,5,9,NG,android,travel,0
T00003629,F01085,459.09,NGN,18,1,GB,android,retail,0
T00004894,F00163,2116.46,NGN,18,12,US,web,fuel,0
T00016643,F00373,735.08,NGN,22,3,US,android,retail,0
T00018904,F00337,2313.78,NGN,11,9,GH,web,digital,0
T00004402,F00906,431.84,NGN,21,5,NG,web,travel,0
T00015009,F00717,1222.19,NGN,23,7,US,android,food,0
T00012379,F01110,634.54,NGN,12,1,US,web,food,0
T00007800,F00921,880.96,NGN,9,7,NG,android,electronics,0
T00012670,F01176,1178.27,NGN,3,4,GB,ios,electronics,0
T00013362,F00559,1625.2,NGN,0,11,GB,ios,digital,0
T00003082,F00129,2908.49,NGN,12,1,NG,ios,food,0
T00013481,F00304,3990.04,NGN,19,11,US,android,electronics,0
T00007304,F00325,1718.42,NGN,19,8,GB,web,food,0
T00012101,F00215,7386.1,NGN,23,4,NG,android,travel,0
T00001127,F00242,2901.66,NGN,16,10,NG,web,retail,0
T00009537,F00345,1300.41,NGN,8,7,NG,ios,travel,0
T00009448,F01112,571.98,NGN,20,4,NG,ios,fuel,0
T00010842,F00736,567.94,NGN,21,4,NG,ios,retail,0
T00014285,F00118,486.86,NGN,14,12,GH,web,digital,0
T00006351,F00067,414.93,NGN,23,5,GH,web,electronics,0
T00012000,F00138,1037.87,NGN,7,5,NG,android,retail,0
T00014407,F00859,753.65,NGN,17,6,NG,ios,retail,0
T00018806,F00099,261.75,NGN,9,1,NG,android,electronics,0
T00010297,F00485,3616.65,NGN,23,7,US,web,travel,0
T00002716,F00185,1050.51,NGN,20,11,GH,ios,digital,0
T00018278,F01131,234.0,NGN,16,5,GH,ios,food,0
T00014562,F01179,2329.46,NGN,0,4,GH,web,food,0
T00010541,F00811,449.28,NGN,20,4,NG,web,fuel,0
T00018020,F00653,3670.17,NGN,6,8,NG,android,fuel,0
T00000182,F01117,741.09,NGN,1,8,GH,android,fuel,1
T00012266,F00327,741.07,NGN,0,5,NG,ios,digital,0
T00002446,F00152,2980.3,NGN,5,2,GH,web,fuel,0
T00006491,F00503,1325.34,NGN,5,3,GB,android,retail,0
T00019388,F00157,6537.51,NGN,11,4,NG,android,fuel,0
T00018568,F00749,1082.79,NGN,6,4,US,web,retail,0
T00015813,F00679,2810.1,NGN,0,4,GB,web,retail,0
T00018338,F00700,1034.52,NGN,21,1,US,android,travel,0
T00019721,F00852,823.55,NGN,11,7,GB,ios,electronics,0
T00003877,F00539,532.75,NGN,14,4,NG,ios,electronics,0
T00018883,F01170,206.16,NGN,20,7,GH,web,electronics,0
T00001417,F00923,387.22,NGN,8,8,NG,web,digital,0
T00017365,F00802,1540.33,NGN,0,7,US,android,retail,0
T00019756,F00318,573.93,NGN,5,4,GB,ios,retail,0
T00001036,F00732,700.54,NGN,17,5,NG,web,retail,0
T00015124,F00356,937.89,NGN,14,12,NG,ios,fuel,0
T00002588,F00280,542.15,NGN,14,11,NG,web,travel,0
T00005593,F00331,313.58,NGN,17,5,NG,web,electronics,0
T00003674,F00632,529.71,NGN,8,3,NG,android,retail,0
T00007170,F00043,1378.34,NGN,15,3,NG,ios,retail,0
T00003392,F00301,414.93,NGN,6,4,GH,web,electronics,0
T00004443,F00881,224.09,NGN,4,8,NG,android,food,0
T00007875,F01172,185.73,NGN,2,6,NG,web,retail,0
T00019199,F00375,786.67,NGN,21,9,GB,ios,travel,0
T00019463,F00435,165.18,NGN,4,7,NG,ios,electronics,1
T00019880,F00215,1235.22,NGN,9,1,NG,android,fuel,0
T00003546,F00890,3555.81,NGN,2,2,NG,android,digital,0
T00011665,F00145,2190.31,NGN,4,12,NG,web,food,1
T00015332,F00879,1396.72,NGN,0,2,NG,android,electronics,0
T00001493,F00742,1657.13,NGN,23,8,NG,ios,digital,0
T00003904,F00793,938.39,NGN,9,8,GB,web,retail,0
T00019079,F00656,3188.53,NGN,19,11,NG,web,digital,0
T00013748,F01042,489.72,NGN,15,12,US,web,retail,0
T00016204,F00182,4141.61,NGN,18,3,GB,android,fuel,0
T00011983,F00824,620.74,NGN,5,3,US,ios,electronics,0
T00002054,F00947,2872.77,NGN,8,12,NG,web,retail,0
T00001967,F01190,744.84,NGN,0,11,NG,web,travel,0
T00009680,F00662,555.47,NGN,3,1,NG,ios,retail,0
T00014897,F01125,210.99,NGN,23,11,US,web,travel,0
T00004333,F00703,156.77,NGN,11,3,US,ios,travel,0
T00010198,F00266,734.65,NGN,23,6,NG,android,electronics,0
T00002733,F00457,1023.44,NGN,16,3,GH,ios,retail,0
T00014502,F00179,126.25,NGN,19,6,GH,android,fuel,0
T00008852,F00254,2017.34,NGN,11,7,GB,ios,electronics,0
T00007941,F00709,939.28,NGN,23,10,GB,android,digital,0
T00010504,F00313,898.52,NGN,0,3,GH,android,travel,0
T00015614,F01115,273.14,NGN,5,2,NG,ios,travel,0
T00000786,F01073,515.72,NGN,1,9,NG,android,food,1
T00006917,F00746,1369.12,NGN,13,1,NG,android,travel,0
T00011147,F00482,5056.71,NGN,3,5,GH,android,retail,0
T00003598,F00424,1652.73,NGN,7,3,GH,android,fuel,0
T00013913,F00153,975.61,NGN,22,7,GB,android,fuel,0
T00004852,F00424,572.08,NGN,6,8,US,web,digital,0
T00000470,F00131,564.87,NGN,3,11,GH,ios,food,1
T00016223,F00005,306.16,NGN,1,3,GH,ios,travel,0
T00005670,F01090,2983.42,NGN,5,2,US,ios,fuel,0
T00000084,F00249,364.02,NGN,12,1,NG,android,retail,0
T00015265,F00808,251.75,NGN,10,7,NG,ios,fuel,0
T00018475,F01153,1591.89,NGN,1,12,NG,web,electronics,1
T00006580,F00158,2310.76,NGN,8,10,NG,ios,digital,0
T00007925,F00094,961.48,NGN,11,10,NG,web,food,0
T00013264,F01032,1585.63,NGN,19,11,US,ios,electronics,0
T00014822,F00722,887.63,NGN,11,1,NG,web,retail,0
T00007784,F00075,712.04,NGN,5,9,GB,android,food,0
T00001998,F00169,1090.34,NGN,2,11,NG,ios,retail,0
T00018235,F00413,459.85,NGN,0,7,GB,web,electronics,0
T00004573,F00562,1264.21,NGN,9,10,NG,ios,retail,0
T00004416,F00257,6089.63,NGN,5,1,NG,android,electronics,0
T00007562,F00032,612.68,NGN,17,8,NG,web,fuel,0
T00004776,F01084,1061.42,NGN,19,6,GH,android,retail,0
T00004000,F00289,529.0,NGN,5,9,GB,web,digital,0
T00016339,F00642,642.79,NGN,11,6,GH,android,electronics,0
T00008660,F00963,1443.91,NGN,20,3,NG,ios,travel,0
T00006213,F00047,1593.82,NGN,9,3,GH,web,retail,0
T00000838,F00184,3780.85,NGN,1,11,NG,ios,digital,1
T00008490,F00569,3805.14,NGN,14,4,NG,ios,travel,0
T00017290,F00115,5502.91,NGN,4,1,NG,android,fuel,0
T00008267,F00993,451.01,NGN,11,8,NG,android,electronics,0
T00010125,F00674,730.9,NGN,17,5,GB,web,food,0
T00012978,F00209,1279.51,NGN,3,11,US,android,travel,1
T00008287,F01129,1070.68,NGN,2,12,NG,ios,fuel,1
T00013016,F00826,1642.22,NGN,18,7,GB,web,electronics,0
T00013494,F00496,676.26,NGN,16,11,NG,android,digital,0
T00019363,F00095,5384.71,NGN,15,11,NG,android,retail,0
T00010157,F00328,8066.62,NGN,4,10,NG,android,food,1
T00013734,F00054,1002.6,NGN,10,11,NG,ios,digital,0
T00015839,F00383,2440.0,NGN,18,5,GB,web,retail,0
T00011122,F00463,866.96,NGN,4,3,GB,ios,food,0
T00005766,F00767,1200.83,NGN,1,4,GH,android,travel,0
T00017023,F00293,1828.79,NGN,10,6,GB,web,retail,0
T00010821,F00358,4219.56,NGN,3,9,GB,android,retail,1
T00016579,F00081,503.85,NGN,20,11,NG,android,food,0
T00001542,F00815,5178.79,NGN,18,9,GB,ios,digital,0
T00011373,F00815,1028.7,NGN,8,12,NG,ios,fuel,0
T00006420,F00125,2333.17,NGN,7,3,NG,ios,travel,0
T00008366,F00768,569.63,NGN,0,9,NG,android,digital,0
T00009934,F00991,1089.76,NGN,7,7,NG,ios,digital,0
T00000052,F00262,585.27,NGN,9,5,US,web,electronics,0
T00011684,F00665,4255.64,NGN,14,7,NG,android,fuel,0
T00019089,F00167,3006.72,NGN,20,8,NG,android,digital,0
T00000271,F00665,1072.79,NGN,17,4,US,android,fuel,0
T00002791,F00952,506.77,NGN,1,12,GB,android,digital,1
T00018737,F00744,855.01,NGN,0,4,NG,web,travel,0
T00019980,F00971,2749.53,NGN,5,7,NG,android,electronics,0
T00001069,F00613,1875.44,NGN,0,1,GB,ios,digital,0
T00001139,F00123,493.73,NGN,2,5,GH,ios,fuel,0
T00016251,F00919,683.83,NGN,7,12,GH,ios,travel,0
T00005328,F00313,1492.76,NGN,4,11,GH,web,travel,0
T00011927,F00698,5367.23,NGN,21,3,GB,web,fuel,0
T00001584,F01163,1363.52,NGN,6,1,NG,android,electronics,0
T00008199,F00217,1981.08,NGN,15,5,NG,android,electronics,0
T00009936,F00559,471.8,NGN,8,4,GH,ios,food,0
T00005581,F00075,292.28,NGN,16,8,GH,ios,travel,0
T00002981,F00091,5809.29,NGN,16,10,US,web,digital,0
T00003978,F00141,1553.15,NGN,22,3,NG,web,electronics,0
T00015570,F01144,393.11,NGN,9,4,US,web,fuel,0
T00002751,F00724,2079.39,NGN,18,10,NG,ios,digital,0
T00012295,F00245,3141.68,NGN,1,4,NG,ios,digital,0
T00019369,F01183,2366.76,NGN,19,1,NG,ios,food,0
T00002399,F00100,666.33,NGN,17,2,GH,ios,travel,0
T00011093,F00265,2630.87,NGN,14,9,NG,web,electronics,0
T00001170,F00187,1148.73,NGN,12,1,GH,web,food,0
T00016581,F01029,2127.73,NGN,20,5,NG,android,fuel,0
T00001756,F00207,646.3,NGN,13,2,GB,android,fuel,0
T00019059,F00763,1057.32,NGN,4,1,NG,android,digital,0
T00013267,F00576,1366.98,NGN,4,11,GB,android,fuel,1
T00003328,F00097,1303.94,NGN,18,12,US,web,travel,0
T00002442,F00695,4046.56,NGN,22,9,GH,ios,travel,0
T00010763,F00529,532.79,NGN,5,9,NG,web,electronics,0
T00000966,F00994,3721.5,NGN,0,2,NG,web,travel,0
T00010537,F00494,1396.12,NGN,10,10,GB,android,travel,0
T00019455,F00986,2851.81,NGN,14,3,US,ios,food,0
T00019142,F00262,822.0,NGN,9,2,GH,ios,fuel,0
T00012155,F00262,1609.39,NGN,4,8,US,ios,digital,1
T00016570,F01081,880.56,NGN,13,1,GH,web,food,0
T00004936,F00425,1469.14,NGN,9,7,GH,android,electronics,0
T00000046,F00803,663.0,NGN,7,6,GH,android,food,0
T00018435,F00299,679.78,NGN,0,3,NG,web,fuel,0
T00002954,F00761,387.36,NGN,4,11,NG,ios,travel,0
T00012129,F00242,2406.89,NGN,17,5,GB,web,digital,1
T00015325,F01038,1265.22,NGN,17,9,NG,web,fuel,0
T00014273,F00757,4901.42,NGN,19,2,US,ios,retail,0
T00000793,F00391,1077.61,NGN,15,12,NG,ios,food,0
T00010553,F00458,208.6,NGN,5,3,US,android,fuel,0
T00017883,F00924,689.86,NGN,16,1,NG,web,digital,0
T00019934,F00997,880.63,NGN,16,2,US,android,food,0
T00013982,F00301,1943.3,NGN,22,6,GH,ios,digital,0
T00002047,F00658,1886.89,NGN,3,8,NG,android,food,1
T00009535,F00332,3929.36,NGN,6,10,NG,ios,travel,0
T00014184,F00887,525.25,NGN,11,11,NG,android,food,0
T00004596,F00886,1012.51,NGN,18,7,NG,web,travel,0
T00001689,F00542,544.47,NGN,6,11,NG,android,digital,0
T00009864,F00738,922.31,NGN,0,10,NG,android,retail,0
T00001006,F00154,703.45,NGN,1,4,NG,android,food,0
T00006066,F01109,1413.25,NGN,18,8,GB,android,fuel,0
T00015634,F00061,2283.91,NGN,4,1,US,web,food,0
T00006169,F00852,785.94,NGN,15,9,GH,web,electronics,0
T00013946,F00468,215.86,NGN,12,2,NG,web,digital,0
T00010427,F00464,2627.54,NGN,14,9,GB,android,fuel,0
T00010632,F00954,1109.32,NGN,22,6,NG,ios,digital,0
T00009104,F00508,374.38,NGN,1,1,US,ios,travel,0
T00009041,F00155,1847.41,NGN,11,5,US,ios,electronics,0
T00005083,F00632,1052.6,NGN,2,4,NG,android,food,0
T00017606,F00054,280.97,NGN,7,9,GH,android,travel,0
T00010921,F01052,605.54,NGN,10,1,GB,ios,electronics,0
T00010215,F01004,1786.72,NGN,11,12,NG,web,food,0
T00000319,F00970,1729.66,NGN,3,6,GB,android,electronics,0
T00003235,F00934,346.68,NGN,21,12,US,ios,travel,0
T00001159,F00066,1487.2,NGN,9,7,NG,android,fuel,0
T00017421,F00225,5482.37,NGN,6,10,GH,ios,digital,0
T00016714,F00998,717.39,NGN,3,10,NG,android,fuel,1
T00007283,F00670,2412.69,NGN,21,11,NG,ios,travel,0
T00015282,F00719,257.06,NGN,22,1,US,web,food,0
T00001896,F00882,1903.36,NGN,9,12,NG,android,travel,0
T00006520,F00754,886.74,NGN,8,3,NG,web,food,0
T00012360,F00462,285.26,NGN,5,11,GH,web,electronics,0
T00011571,F00808,64.09,NGN,20,3,NG,ios,food,0
T00003417,F00585,8354.52,NGN,4,2,NG,android,digital,0
T00010339,F00692,1324.6,NGN,14,12,NG,android,electronics,0
T00007557,F00364,720.17,NGN,14,9,NG,ios,retail,0
T00013712,F00588,474.03,NGN,1,11,GB,web,fuel,1
T00016505,F00928,773.4,NGN,20,2,GB,android,food,0
T00015094,F01077,580.05,NGN,8,8,US,android,travel,0
T00009561,F00332,426.37,NGN,1,3,NG,ios,travel,0
T00004300,F00304,1077.61,NGN,6,5,NG,web,travel,0
T00015264,F00584,296.01,NGN,9,3,NG,web,food,0
T00017693,F00148,6717.41,NGN,22,5,NG,web,retail,0
T00006676,F00429,1726.09,NGN,22,3,GB,web,travel,0
T00014509,F00024,188.33,NGN,5,5,GB,ios,digital,0
T00016937,F01151,4294.16,NGN,2,8,NG,android,retail,1
T00011238,F00122,650.49,NGN,0,3,NG,web,electronics,0
T00001206,F00607,395.6,NGN,14,7,NG,android,electronics,0
T00007789,F01057,6458.87,NGN,20,8,NG,android,travel,0
T00002703,F00247,247.55,NGN,6,5,NG,ios,electronics,0
T00018979,F00467,786.12,NGN,3,3,NG,android,digital,0
T00003542,F01096,4100.61,NGN,6,8,NG,ios,fuel,0
T00003897,F00455,1423.43,NGN,3,2,GB,web,electronics,0
T00014247,F00577,441.55,NGN,13,4,GB,ios,electronics,0
T00016045,F00108,588.08,NGN,14,2,NG,android,electronics,0
T00003543,F00673,231.4,NGN,5,8,NG,web,electronics,0
T00012926,F00565,2074.71,NGN,16,7,NG,web,digital,0
T00016398,F00308,1693.67,NGN,15,1,NG,web,fuel,0
T00006618,F00046,252.64,NGN,23,4,US,ios,electronics,0
T00009952,F00519,1331.8,NGN,15,10,GB,web,retail,0
T00015019,F00227,2349.57,NGN,13,4,US,android,fuel,0
T00016699,F01063,1759.69,NGN,15,9,NG,ios,digital,0
T00019381,F00020,1184.06,NGN,8,5,NG,android,electronics,0
T00004136,F00761,298.87,NGN,18,3,NG,ios,retail,0
T00009018,F00306,1911.33,NGN,8,6,GH,android,retail,0
T00014355,F00488,1620.64,NGN,4,6,NG,web,travel,1
T00006593,F00963,264.41,NGN,13,2,GH,web,travel,0
T00011025,F00049,1124.97,NGN,20,10,NG,ios,travel,0
T00016805,F00814,940.26,NGN,2,12,NG,web,fuel,1
T00015605,F00002,849.1,NGN,1,4,GH,web,electronics,0
T00007460,F00444,2700.37,NGN,0,9,NG,web,fuel,0
T00016380,F00535,2115.56,NGN,8,5,US,web,food,0
T00018215,F00274,1187.65,NGN,13,11,GH,web,digital,0
T00008788,F00407,1067.61,NGN,10,9,GB,android,travel,0
T00012430,F00360,1139.25,NGN,11,6,GH,android,travel,0
T00018333,F00562,2161.19,NGN,16,2,NG,ios,digital,0
T00000473,F00092,601.39,NGN,0,4,US,web,food,0
T00000236,F00357,735.78,NGN,3,1,GH,web,food,0
T00014952,F00466,410.51,NGN,3,2,NG,ios,electronics,0
T00006806,F00193,5120.86,NGN,15,3,GB,android,digital,0
T00013707,F00252,2717.48,NGN,7,1,NG,ios,retail,0
T00014636,F00927,814.67,NGN,11,2,GH,web,retail,0
T00011874,F00668,322.38,NGN,5,1,GH,web,travel,0
T00001939,F00646,932.53,NGN,21,5,NG,ios,electronics,0
T00013216,F00078,753.36,NGN,4,8,NG,ios,food,0
T00007011,F01139,727.74,NGN,5,2,NG,web,electronics,0
T00017751,F01011,3544.05,NGN,3,6,GH,web,food,1
T00014637,F00516,1913.16,NGN,13,2,GB,ios,electronics,0
T00004468,F00402,280.66,NGN,9,10,GH,ios,food,0
T00004590,F00502,1025.31,NGN,5,9,NG,web,travel,0
T00007863,F00828,500.8,NGN,13,9,NG,android,retail,0
T00011310,F00087,291.58,NGN,19,5,NG,web,travel,0
T00012033,F00915,1431.48,NGN,23,3,NG,web,electronics,0
T00017335,F00205,1857.73,NGN,3,6,US,ios,retail,1
T00010180,F00040,1765.51,NGN,7,8,NG,ios,digital,0
T00002786,F00212,1344.59,NGN,22,9,GH,web,electronics,0
T00017484,F00518,1090.5,NGN,10,8,NG,android,digital,0
T00000051,F01134,3276.86,NGN,17,9,NG,web,travel,0
T00009221,F00120,1417.57,NGN,23,4,GB,ios,travel,0
T00003459,F00068,1981.27,NGN,8,3,NG,android,food,0
T00001862,F00980,724.53,NGN,18,3,GB,ios,retail,0
T00014718,F00139,1814.05,NGN,0,12,GB,android,fuel,0
T00015550,F00071,2305.01,NGN,15,3,NG,ios,digital,0
T00015781,F00933,343.92,NGN,19,1,NG,ios,fuel,0
T00008936,F00837,2509.96,NGN,6,2,NG,android,travel,0
T00002129,F00101,4043.02,NGN,2,8,GH,android,electronics,1
T00015660,F00566,789.92,NGN,0,11,GB,ios,digital,0
T00004487,F00320,1974.27,NGN,16,11,US,ios,digital,0
T00012304,F00843,2059.79,NGN,9,1,GB,web,travel,0
T00015267,F00286,1147.85,NGN,12,2,NG,ios,digital,0
T00018303,F00933,3717.75,NGN,12,4,GB,ios,retail,0
T00003940,F00656,7424.29,NGN,22,6,NG,ios,digital,0
T00019923,F00464,1245.27,NGN,5,12,GB,web,digital,0
T00012339,F00964,1617.65,NGN,7,10,GH,ios,fuel,0
T00019118,F00356,767.42,NGN,14,4,GH,android,retail,0
T00013600,F00578,681.34,NGN,13,8,NG,android,retail,0
T00000184,F00758,1312.95,NGN,13,4,GB,web,retail,0
T00017589,F01083,754.83,NGN,0,1,US,android,travel,0
T00018685,F00659,731.94,NGN,7,6,NG,web,digital,0
T00019977,F00347,280.07,NGN,3,12,US,web,electronics,1
T00002464,F00556,522.3,NGN,1,3,NG,ios,digital,0
T00004144,F00006,1698.77,NGN,6,12,US,ios,retail,0
T00018082,F00425,7017.36,NGN,8,3,NG,android,digital,0
T00008282,F00608,2950.48,NGN,0,11,GB,ios,fuel,0
T00011991,F00660,1233.8,NGN,5,8,NG,web,fuel,0
T00012492,F00130,2558.81,NGN,21,12,US,android,retail,0
T00001662,F00263,933.13,NGN,12,1,NG,web,retail,0
T00009917,F00307,742.65,NGN,16,11,US,ios,food,0
T00019193,F00464,2160.85,NGN,6,7,NG,web,retail,0
T00019723,F00945,4116.65,NGN,15,9,GB,android,electronics,0
T00004745,F00974,3347.08,NGN,10,4,US,web,fuel,0
T00019337,F00190,694.61,NGN,14,7,NG,ios,digital,0
T00019761,F00764,142.64,NGN,3,7,GB,ios,digital,1
T00006688,F00841,415.73,NGN,11,11,NG,android,food,0
T00014352,F01172,439.03,NGN,14,6,NG,android,travel,0
T00012603,F00738,127.45,NGN,21,2,NG,android,retail,0
T00009880,F01018,970.75,NGN,6,9,NG,ios,food,0
T00011393,F00066,213.34,NGN,11,3,NG,android,electronics,0
T00000277,F00750,1111.69,NGN,0,7,GH,android,travel,1
T00002908,F00618,2220.43,NGN,10,5,NG,android,retail,0
T00001122,F00075,2748.44,NGN,22,12,NG,web,fuel,0
T00018119,F00843,241.4,NGN,2,7,GH,android,fuel,1
T00014073,F00571,6777.08,NGN,4,4,US,ios,food,0
T00018299,F00574,2244.55,NGN,4,9,US,ios,digital,1
T00001761,F00944,572.85,NGN,12,12,GB,ios,digital,0
T00004441,F00559,832.21,NGN,11,12,GH,web,electronics,0
T00002921,F00175,720.32,NGN,9,10,GH,android,travel,0
T00003616,F00538,1221.49,NGN,5,9,NG,web,retail,0
T00003112,F00879,1081.88,NGN,4,11,NG,android,retail,1
T00013023,F00869,965.52,NGN,5,7,NG,android,retail,0
T00017619,F00264,611.1,NGN,17,10,NG,android,fuel,0
T00007851,F00586,1835.33,NGN,5,8,NG,ios,electronics,0
T00018553,F00853,226.29,NGN,20,7,US,android,travel,0
T00012139,F00289,2120.98,NGN,17,12,NG,ios,travel,0
T00016988,F01105,1546.77,NGN,18,6,US,android,food,0
T00005515,F00198,1216.94,NGN,14,6,GB,web,fuel,0
T00000119,F00919,767.43,NGN,10,4,GB,web,food,0
T00009521,F00964,590.33,NGN,6,10,NG,web,fuel,0
T00011232,F00390,1647.47,NGN,1,5,NG,web,food,0
T00005809,F00761,2662.5,NGN,16,2,NG,android,fuel,0
T00017864,F00329,858.37,NGN,3,7,GB,ios,food,1
T00002811,F00237,1418.1,NGN,12,8,NG,web,travel,0
T00009650,F01152,1260.06,NGN,17,11,NG,ios,electronics,0
T00000502,F00476,1437.61,NGN,7,10,NG,ios,digital,0
T00005499,F00596,2570.56,NGN,0,11,NG,android,fuel,0
T00011580,F00948,303.62,NGN,18,10,GH,web,electronics,0
T00008844,F00477,1706.35,NGN,0,10,GH,ios,retail,0
T00017079,F00429,455.92,NGN,7,5,NG,android,food,0
T00003184,F00754,1488.31,NGN,21,7,US,ios,retail,0
T00014710,F01016,1417.09,NGN,14,11,NG,ios,electronics,0
T00002502,F00627,605.62,NGN,13,8,US,ios,fuel,0
T00006962,F00884,1336.61,NGN,12,8,GB,android,electronics,0
T00015786,F00076,2309.1,NGN,10,2,US,ios,digital,0
T00003379,F00751,1947.26,NGN,12,9,GH,web,fuel,0
T00003089,F00778,1292.95,NGN,14,12,GB,web,travel,0
T00013008,F00427,353.19,NGN,17,6,NG,web,retail,0
T00001174,F00073,1594.37,NGN,6,9,US,web,travel,0
T00015188,F00613,2463.04,NGN,16,8,US,android,retail,0
T00011510,F00801,1330.47,NGN,19,2,GB,web,retail,0
T00012993,F00978,3871.27,NGN,22,8,NG,android,travel,0
T00010536,F00002,431.0,NGN,7,8,NG,android,electronics,0
T00012203,F00655,1255.93,NGN,13,7,GB,web,retail,0
T00011077,F01033,498.23,NGN,21,11,GB,android,travel,0
T00011367,F00086,4353.06,NGN,22,5,NG,web,electronics,0
T00015440,F00625,1000.33,NGN,15,10,NG,ios,retail,0
T00001666,F00134,613.63,NGN,1,8,NG,android,digital,1
T00014369,F00138,3766.13,NGN,21,8,GB,ios,travel,0
T00014227,F00292,529.06,NGN,13,8,NG,android,fuel,0
T00005283,F00266,12654.21,NGN,15,2,NG,android,digital,1
T00002820,F00794,1928.57,NGN,9,6,NG,ios,digital,0
T00010479,F00621,690.17,NGN,5,9,NG,android,digital,0
T00006943,F00574,149.67,NGN,22,3,NG,web,fuel,0
T00001394,F00301,2555.17,NGN,7,3,NG,android,digital,0
T00010642,F01151,1143.47,NGN,5,5,NG,web,retail,0
T00014356,F00867,762.68,NGN,1,11,NG,android,food,1
T00012354,F01012,3819.72,NGN,15,6,GB,ios,retail,0
T00016502,F01003,738.87,NGN,5,10,NG,android,food,0
T00014836,F00651,1121.77,NGN,20,11,NG,ios,food,0
T00019310,F00663,1115.67,NGN,1,5,NG,ios,digital,0
T00002209,F00631,753.19,NGN,14,2,NG,ios,food,0
T00004921,F00307,1383.72,NGN,22,8,GH,ios,retail,0
T00014228,F00097,2496.59,NGN,16,3,US,android,digital,0
T00012242,F00154,899.69,NGN,10,3,GB,ios,retail,0
T00009616,F00985,2731.16,NGN,23,2,US,android,fuel,0
T00010245,F00863,1230.4,NGN,1,4,GB,web,electronics,0
T00000911,F00870,4825.96,NGN,9,10,NG,web,fuel,0
T00007613,F00427,2091.58,NGN,4,1,NG,web,fuel,0
T00007083,F00986,4996.93,NGN,19,9,GB,ios,electronics,0
T00012986,F00494,2540.08,NGN,8,3,GH,web,retail,0
T00011838,F00325,1050.95,NGN,8,3,NG,ios,retail,0
T00016855,F01189,209.28,NGN,10,3,NG,ios,electronics,0
T00013171,F00896,3387.14,NGN,1,10,US,web,electronics,1
T00013940,F00121,1257.42,NGN,14,12,GB,android,travel,0
T00009480,F00096,621.88,NGN,18,3,GB,web,food,0
T00006269,F00775,475.37,NGN,12,6,GH,android,food,0
T00004576,F01168,845.35,NGN,11,11,NG,ios,digital,0
T00001512,F00856,1995.26,NGN,22,8,NG,web,retail,0
T00015881,F00545,1003.1,NGN,12,5,NG,ios,retail,0
T00013340,F00898,365.75,NGN,9,3,NG,android,electronics,0
T00004157,F00392,1236.73,NGN,13,8,GB,android,travel,0
T00011157,F00623,1627.39,NGN,11,8,NG,web,electronics,0
T00014242,F00607,382.22,NGN,10,7,US,web,electronics,0
T00010811,F00897,4435.7,NGN,10,12,NG,web,retail,0
T00015851,F00849,3057.51,NGN,22,7,NG,android,food,0
T00019676,F00410,2949.93,NGN,1,7,GH,web,retail,0
T00018955,F01193,4851.01,NGN,13,12,NG,ios,retail,0
T00007594,F00385,14883.88,NGN,20,1,NG,ios,food,0
T00002641,F00826,951.06,NGN,2,2,NG,android,fuel,0
T00000190,F01152,1269.47,NGN,21,9,NG,web,digital,0
T00011442,F00730,1319.0,NGN,0,7,GB,android,travel,0
T00000503,F01099,213.15,NGN,9,8,NG,ios,digital,0
T00011667,F00649,883.18,NGN,4,2,GB,android,retail,0
T00001321,F01186,561.12,NGN,22,3,GB,android,digital,0
T00018010,F00568,264.31,NGN,14,10,NG,ios,retail,0
T00009944,F00399,2708.56,NGN,2,7,NG,android,travel,0
T00016343,F00147,6412.52,NGN,8,9,US,ios,food,1
T00011389,F00348,1322.32,NGN,14,10,GH,web,retail,0
T00007525,F00016,1814.66,NGN,19,3,US,ios,travel,0
T00010027,F00513,3697.07,NGN,4,9,NG,android,food,1
T00015195,F00418,1423.88,NGN,6,1,NG,ios,digital,0
T00012549,F01066,354.2,NGN,1,11,NG,ios,food,1
T00011116,F00924,1411.01,NGN,18,1,NG,ios,electronics,0
T00016594,F00222,1260.39,NGN,22,9,NG,android,food,0
T00009142,F01012,230.94,NGN,5,11,GB,web,electronics,0
T00011043,F00763,928.95,NGN,16,5,NG,ios,fuel,0
T00013385,F01022,1234.68,NGN,20,6,GB,android,food,0
T00014200,F00096,606.29,NGN,7,7,GB,web,electronics,0
T00009648,F00136,1770.25,NGN,10,4,NG,android,retail,0
T00001589,F00711,784.37,NGN,23,5,NG,web,digital,0
T00019234,F00839,57.36,NGN,10,6,US,web,food,0
T00009757,F00015,2308.87,NGN,2,10,NG,web,fuel,1
T00004905,F00088,1428.4,NGN,18,10,US,android,fuel,0
T00009932,F00604,1567.1,NGN,3,9,NG,android,travel,1
T00006124,F00320,234.99,NGN,7,5,US,web,travel,1
T00000883,F00832,8932.05,NGN,8,3,GH,web,food,0
T00011481,F00483,1712.77,NGN,7,8,NG,ios,fuel,0
T00002194,F00917,1507.53,NGN,5,2,NG,ios,fuel,0
T00004466,F00086,916.27,NGN,13,4,GH,web,fuel,0
T00004570,F00439,738.82,NGN,23,6,NG,web,food,0
T00016655,F00992,1158.93,NGN,5,8,GH,android,electronics,0
T00013789,F00763,489.7,NGN,23,11,NG,android,digital,0
T00012754,F00007,1807.46,NGN,19,9,US,android,fuel,1
T00011239,F00385,237.53,NGN,4,12,NG,ios,digital,0
T00009380,F00882,2401.31,NGN,13,9,NG,web,digital,0
T00016609,F00754,1471.9,NGN,17,12,GB,android,digital,0
T00005763,F00282,3556.96,NGN,6,11,US,android,travel,0
T00003133,F01070,1226.07,NGN,21,5,NG,ios,food,0
T00016087,F00393,5797.77,NGN,15,8,US,ios,travel,1
T00015510,F00627,224.12,NGN,2,9,GB,ios,travel,1
T00013614,F00885,165.16,NGN,10,1,NG,android,digital,0
T00000412,F00207,3739.7,NGN,10,5,GH,ios,electronics,0
T00012537,F00307,1589.16,NGN,9,6,GH,web,food,0
T00016138,F01014,88.73,NGN,1,9,GB,ios,travel,0
T00014000,F00879,785.29,NGN,19,9,GB,android,retail,0
T00019499,F00794,2422.28,NGN,11,9,US,android,digital,0
T00012577,F00928,280.37,NGN,17,12,US,ios,travel,0
T00006290,F00420,370.67,NGN,3,6,NG,web,food,0
T00005459,F00092,134.03,NGN,2,3,US,ios,travel,0
T00019012,F00865,1390.5,NGN,13,4,NG,android,electronics,0
T00001080,F00210,462.59,NGN,22,2,NG,ios,electronics,0
T00018381,F00975,2765.77,NGN,6,3,GH,web,retail,0
T00011255,F00907,1213.83,NGN,9,11,NG,web,digital,0
T00001781,F00287,850.76,NGN,15,5,NG,web,digital,0
T00001852,F00494,1552.72,NGN,7,3,NG,web,fuel,0
T00004017,F01154,1235.07,NGN,6,5,NG,ios,retail,0
T00014128,F00986,1841.3,NGN,18,2,NG,web,retail,0
T00012098,F00084,744.64,NGN,1,3,NG,android,digital,0
T00005064,F00633,467.77,NGN,23,7,GH,web,fuel,0
T00015768,F00596,439.23,NGN,5,2,US,ios,retail,0
T00016682,F00945,1364.31,NGN,16,12,GH,web,fuel,0
T00013520,F00788,507.07,NGN,17,8,NG,android,travel,0
T00013638,F00079,3999.38,NGN,10,4,NG,android,travel,0
T00003762,F00726,1479.66,NGN,23,11,GH,web,fuel,0
T00005816,F01063,2267.61,NGN,14,7,GH,web,fuel,0
T00016414,F01124,1028.91,NGN,4,6,GH,web,digital,1
T00019705,F00624,782.75,NGN,11,10,NG,android,travel,0
T00008755,F01104,3449.32,NGN,19,10,NG,web,electronics,0
T00015963,F00162,983.6,NGN,17,12,NG,android,travel,0
T00010331,F00683,63.03,NGN,19,10,NG,android,retail,0
T00004965,F00443,646.86,NGN,2,1,GB,web,retail,0
T00001905,F00394,3828.63,NGN,11,9,NG,android,digital,0
T00007472,F00618,6128.39,NGN,20,6,NG,ios,food,0
T00007299,F01172,3116.63,NGN,7,7,NG,web,travel,0
T00016025,F00526,1464.23,NGN,20,4,GB,ios,travel,0
T00010313,F00279,818.23,NGN,18,2,US,ios,retail,0
T00003713,F00415,554.02,NGN,14,4,GB,ios,electronics,0
T00010140,F01169,1704.28,NGN,10,5,NG,ios,travel,0
T00019535,F01039,433.93,NGN,4,11,NG,android,food,1
T00000694,F00801,653.08,NGN,15,7,US,android,electronics,0
T00005955,F00296,5708.46,NGN,19,1,US,android,travel,0
T00015841,F00910,4972.6,NGN,2,6,GH,ios,retail,1
T00009829,F00061,4378.98,NGN,12,6,NG,web,digital,0
T00010038,F00903,3873.77,NGN,9,9,US,android,food,0
T00018785,F00296,3394.27,NGN,1,7,NG,ios,travel,1
T00010765,F00519,2741.59,NGN,5,4,GB,web,digital,0
T00017813,F00564,2014.74,NGN,7,10,NG,ios,retail,0
T00006708,F00052,215.59,NGN,10,12,GH,android,electronics,0
T00011782,F00634,845.53,NGN,21,4,NG,web,food,0
T00011805,F00927,3635.24,NGN,4,2,GB,ios,travel,0
T00010208,F00860,1131.3,NGN,3,9,GH,web,digital,0
T00002369,F00197,3261.33,NGN,15,3,GH,android,retail,0
T00005371,F00012,735.88,NGN,8,1,NG,web,retail,0
T00012546,F00730,822.99,NGN,2,4,US,android,food,0
T00012124,F01187,564.96,NGN,14,11,GH,android,retail,0
T00010885,F00729,1189.41,NGN,16,8,NG,ios,travel,0
T00011352,F00667,492.6,NGN,9,2,GH,web,retail,0
T00011035,F00636,6079.51,NGN,7,9,NG,ios,digital,0
T00001226,F00238,547.17,NGN,7,12,GH,android,travel,0
T00001847,F00811,581.6,NGN,23,12,NG,android,travel,0
T00001125,F00712,1316.87,NGN,9,10,GB,android,retail,0
T00001669,F00030,2028.65,NGN,7,3,GB,ios,digital,0
T00000431,F00290,1585.93,NGN,16,6,GH,web,fuel,0
T00018898,F00867,974.54,NGN,3,11,NG,web,digital,1
T00012606,F00638,1790.49,NGN,5,4,US,ios,food,0
T00018818,F00417,675.47,NGN,2,4,GB,web,food,0
T00006666,F00451,2341.25,NGN,4,3,NG,android,digital,0
T00014887,F01181,913.36,NGN,17,4,US,ios,retail,0
T00002839,F00523,441.44,NGN,21,7,NG,ios,food,0
T00007967,F00978,1124.73,NGN,7,5,US,web,travel,0
T00000905,F00227,471.24,NGN,22,4,US,android,food,0
T00009912,F00212,370.12,NGN,22,8,NG,android,digital,0
T00010756,F01136,1514.73,NGN,0,10,NG,web,electronics,0
T00003292,F01107,6076.87,NGN,0,7,NG,android,digital,0
T00000478,F00930,8316.32,NGN,14,8,NG,android,electronics,0
T00008641,F00865,844.85,NGN,7,8,NG,ios,electronics,0
T00016158,F00683,3394.12,NGN,16,3,NG,ios,electronics,0
T00018726,F00606,971.88,NGN,21,10,NG,web,food,0
T00008881,F00627,7490.87,NGN,14,5,NG,ios,travel,0
T00017174,F00305,631.38,NGN,7,2,NG,ios,digital,0
T00000872,F01014,3237.05,NGN,10,2,GH,web,travel,0
T00018383,F00481,368.8,NGN,11,10,GH,android,digital,0
T00012806,F00634,1041.28,NGN,13,4,GB,ios,electronics,0
T00008767,F00425,821.48,NGN,14,4,GB,android,travel,0
T00014645,F00052,1011.76,NGN,13,2,NG,android,digital,0
T00011272,F00058,2460.1,NGN,18,6,GB,ios,travel,0
T00019588,F00583,2497.14,NGN,21,9,GB,android,digital,0
T00012397,F00025,186.16,NGN,21,5,NG,web,electronics,0
T00004961,F00896,6042.61,NGN,5,9,NG,web,food,0
T00015180,F00929,755.42,NGN,1,1,GH,ios,electronics,0
T00008584,F00468,3140.09,NGN,17,4,US,web,electronics,0
T00015467,F00974,625.22,NGN,21,5,NG,web,digital,0
T00004767,F00632,3182.82,NGN,11,11,NG,ios,travel,0
T00004636,F00172,978.02,NGN,3,6,GB,ios,retail,1
T00007126,F00264,4818.12,NGN,21,4,GB,web,food,0
T00015186,F00316,1423.58,NGN,5,10,NG,web,travel,0
T00019986,F00881,411.43,NGN,1,12,GB,web,retail,1
T00017374,F00901,1902.7,NGN,18,5,NG,web,electronics,0
T00007640,F00822,5144.03,NGN,21,10,GH,ios,food,0
T00008127,F00252,211.47,NGN,21,10,US,ios,food,0
T00012001,F00025,593.43,NGN,6,11,NG,android,food,0
T00019176,F00474,2009.92,NGN,10,7,GB,ios,fuel,0
T00007318,F00151,1240.82,NGN,6,5,NG,ios,retail,0
T00003006,F00418,1116.68,NGN,16,4,NG,web,travel,0
T00002280,F00474,2713.94,NGN,10,2,GB,ios,electronics,0
T00017566,F00420,600.42,NGN,17,4,US,web,retail,0
T00017818,F00308,1132.73,NGN,22,1,NG,ios,fuel,0
T00003445,F01013,3476.13,NGN,20,6,NG,ios,food,0
T00007231,F00644,395.35,NGN,19,10,NG,ios,digital,0
T00007286,F00564,237.49,NGN,0,3,NG,web,fuel,0
T00004548,F00202,1310.49,NGN,6,4,GH,android,travel,0
T00017881,F00487,3095.32,NGN,13,2,GB,ios,food,0
T00016559,F00344,145.16,NGN,15,8,GB,ios,digital,0
T00005610,F00139,569.88,NGN,23,3,GH,web,travel,0
T00015976,F00306,3621.59,NGN,1,10,GH,android,electronics,0
T00012461,F01090,1781.1,NGN,5,2,NG,ios,travel,0
T00007706,F00737,1470.62,NGN,14,12,NG,ios,travel,0
T00006568,F00806,585.36,NGN,10,5,NG,web,digital,0
T00007495,F00968,646.04,NGN,0,8,GH,ios,fuel,0
T00006864,F00563,952.38,NGN,5,4,GH,android,fuel,0
T00000713,F00344,1625.44,NGN,14,6,US,web,electronics,0
T00004094,F00745,521.09,NGN,12,9,GB,android,fuel,0
T00007157,F00268,2595.68,NGN,0,6,NG,web,retail,0
T00009021,F00730,370.29,NGN,1,4,US,web,fuel,0
T00019983,F00492,5632.58,NGN,6,6,US,android,food,0
T00011125,F00879,692.28,NGN,9,6,NG,android,food,0
T00019722,F00178,1826.88,NGN,5,8,NG,android,food,0
T00008349,F00026,580.23,NGN,13,6,NG,android,travel,0
T00000798,F00423,1229.75,NGN,12,4,NG,ios,retail,0
T00013012,F00970,901.69,NGN,16,3,GB,web,retail,0
T00013243,F00378,770.17,NGN,6,1,NG,ios,retail,0
T00007332,F00532,4368.02,NGN,14,10,GB,ios,electronics,0
T00011762,F00861,917.71,NGN,11,6,GH,ios,fuel,0
T00000482,F00902,6540.02,NGN,19,3,US,android,fuel,0
T00002109,F00505,924.02,NGN,3,12,US,ios,retail,0
T00005165,F00945,1431.68,NGN,12,6,NG,ios,retail,0
T00006731,F00653,411.47,NGN,2,3,NG,android,fuel,0
T00015802,F00646,493.42,NGN,9,4,GH,android,fuel,0
T00006272,F01152,448.49,NGN,21,8,NG,web,food,0
T00004613,F00642,1024.04,NGN,13,3,GB,ios,fuel,0
T00008079,F00554,916.78,NGN,20,5,NG,android,retail,0
T00009230,F00392,209.45,NGN,23,7,GH,android,electronics,0
T00004716,F00482,443.18,NGN,18,10,NG,android,electronics,0
T00016120,F01029,969.18,NGN,10,3,GH,web,fuel,0
T00003273,F00333,1031.65,NGN,0,10,NG,ios,retail,0
T00014900,F00003,2316.86,NGN,21,7,NG,ios,food,0
T00003953,F00181,3724.3,NGN,11,6,US,web,travel,0
T00005842,F00683,1010.06,NGN,15,4,GH,android,food,0
T00004648,F00578,648.8,NGN,18,6,NG,ios,electronics,0
T00005013,F00491,1922.26,NGN,13,2,GB,ios,food,0
T00005748,F00922,1237.63,NGN,20,3,NG,android,travel,0
T00009061,F00405,1568.07,NGN,15,10,GB,web,food,0
T00012946,F00535,1910.56,NGN,23,4,NG,ios,fuel,0
T00008222,F00244,734.61,NGN,12,5,NG,android,electronics,0
T00011176,F00782,799.37,NGN,1,12,NG,android,retail,1
T00010807,F00824,5289.89,NGN,2,12,US,web,electronics,1
T00013530,F01111,1977.65,NGN,5,1,NG,android,travel,0
T00016522,F00435,641.06,NGN,22,2,GH,ios,digital,0
T00009209,F00588,224.22,NGN,19,7,NG,android,food,0
T00000244,F00304,794.75,NGN,15,6,NG,android,electronics,0
T00017332,F00031,1662.32,NGN,11,3,GB,ios,electronics,0
T00010569,F00558,508.07,NGN,13,8,NG,web,fuel,0
T00006652,F00706,710.54,NGN,13,7,NG,android,travel,0
T00016918,F00504,7031.42,NGN,6,3,GH,ios,retail,0
T00008948,F00546,1258.76,NGN,1,5,GB,android,fuel,0
T00006465,F01058,2251.38,NGN,4,12,GH,web,travel,0
T00015994,F00555,1109.52,NGN,1,11,GB,android,travel,1
T00007311,F01134,493.44,NGN,13,7,US,ios,digital,0
T00019209,F00418,677.43,NGN,11,3,NG,ios,food,0
T00011259,F00152,2715.47,NGN,20,2,NG,web,fuel,0
T00007878,F00102,2737.64,NGN,23,2,NG,ios,retail,0
T00010672,F01161,1519.28,NGN,23,5,NG,ios,retail,0
T00019785,F00509,2912.62,NGN,0,4,NG,android,food,0
T00017609,F00949,563.43,NGN,11,11,GH,android,fuel,0
T00008259,F01200,2036.32,NGN,15,3,GH,android,food,0
T00005547,F00861,2751.64,NGN,19,10,GH,android,electronics,0
T00004478,F00678,391.48,NGN,5,1,NG,web,travel,0
T00016659,F00865,1278.44,NGN,0,10,NG,ios,fuel,0
T00018552,F00645,1353.39,NGN,5,1,GB,web,travel,0
T00011092,F00111,1208.78,NGN,12,11,GH,web,fuel,0
T00003071,F00320,206.3,NGN,4,3,NG,android,fuel,0
T00005833,F00519,1129.5,NGN,19,7,US,android,fuel,0
T00009896,F00445,1219.9,NGN,16,2,GH,web,travel,0
T00000867,F01092,1333.9,NGN,10,3,NG,ios,fuel,0
T00007077,F00685,4200.23,NGN,12,12,NG,android,digital,0
T00002490,F00509,1222.63,NGN,14,2,GB,ios,fuel,0
T00018077,F00917,1703.62,NGN,5,1,GH,web,food,0
T00006677,F00134,4396.76,NGN,23,1,NG,android,travel,0
T00005828,F00417,1000.13,NGN,3,7,GH,ios,electronics,0
T00000841,F00513,490.42,NGN,10,10,GB,web,retail,0
T00017974,F01059,3663.13,NGN,11,7,NG,android,food,0
T00012174,F01055,3956.3,NGN,1,9,GB,android,travel,0
T00014923,F00841,5115.49,NGN,18,11,GH,web,electronics,0
T00011848,F00360,830.94,NGN,0,10,US,android,digital,0
T00011933,F00757,3119.93,NGN,2,2,NG,web,fuel,0
T00000272,F00887,263.54,NGN,23,6,GB,android,fuel,0
T00004906,F00168,660.05,NGN,4,11,NG,ios,fuel,0
T00018422,F00146,465.63,NGN,12,9,GH,android,digital,0
T00017548,F00271,6397.4,NGN,10,8,NG,web,travel,0
T00017770,F00234,505.92,NGN,1,1,NG,android,electronics,0
T00010675,F00323,2288.32,NGN,20,2,NG,ios,food,0
T00014569,F00202,892.77,NGN,23,3,US,android,fuel,0
T00000445,F00718,1408.97,NGN,22,1,GB,android,digital,0
T00013651,F00578,867.2,NGN,5,3,US,web,digital,0
T00002689,F00670,2315.97,NGN,12,3,NG,ios,travel,0
T00005246,F01122,2707.5,NGN,13,7,GB,ios,food,0
T00003066,F00197,383.78,NGN,21,9,NG,ios,travel,0
T00012558,F00890,935.08,NGN,9,8,NG,web,retail,0
T00016244,F00785,912.5,NGN,13,5,NG,web,food,0
T00009989,F00900,1326.05,NGN,21,9,US,web,travel,0
T00014782,F00037,1017.62,NGN,9,9,US,ios,electronics,0
T00012226,F00606,554.6,NGN,6,1,NG,web,retail,0
T00019832,F00411,732.82,NGN,12,9,US,android,retail,0
T00004746,F00896,1630.07,NGN,21,10,NG,ios,digital,0
T00003578,F00632,699.3,NGN,3,9,NG,ios,fuel,1
T00018357,F00279,4412.7,NGN,16,11,GH,ios,digital,0
T00007763,F01025,4547.46,NGN,20,8,GH,web,food,0
T00003973,F00055,523.35,NGN,10,12,US,ios,digital,0
T00016576,F00004,4146.35,NGN,19,3,NG,android,retail,0
T00019958,F01120,950.76,NGN,14,5,NG,web,retail,0
T00018268,F00469,1677.56,NGN,22,7,US,web,fuel,0
T00010962,F00983,984.54,NGN,19,3,US,android,fuel,0
T00018134,F00300,2236.11,NGN,5,3,GH,ios,fuel,0
T00003962,F00533,458.89,NGN,23,5,NG,android,fuel,0
T00003716,F00528,643.34,NGN,2,3,GB,ios,fuel,0
T00012426,F00420,1824.82,NGN,18,8,NG,ios,travel,0
T00014871,F00655,1171.71,NGN,11,2,GB,android,retail,0
T00015351,F00244,2341.53,NGN,18,1,NG,android,electronics,0
T00000808,F00480,2212.14,NGN,22,3,GB,android,digital,0
T00017654,F00227,581.53,NGN,15,7,US,web,fuel,0
T00000596,F00699,877.16,NGN,2,12,GH,web,travel,1
T00002915,F00173,522.02,NGN,5,3,GB,web,retail,0
T00000521,F00354,1033.6,NGN,6,7,NG,web,food,0
T00014895,F00338,302.01,NGN,11,1,GB,ios,food,0
T00007991,F00784,191.16,NGN,17,11,US,android,travel,0
T00008528,F00672,3092.17,NGN,22,11,US,web,travel,0
T00007951,F00631,732.78,NGN,10,1,NG,android,electronics,0
T00013890,F00521,2931.93,NGN,20,11,US,android,retail,0
T00011055,F00535,459.49,NGN,20,12,NG,web,travel,0
T00001182,F00942,1645.44,NGN,17,2,GH,web,electronics,0
T00004504,F00635,929.49,NGN,4,9,US,android,retail,1
T00000085,F00538,494.06,NGN,21,9,US,ios,electronics,0
T00000477,F00859,2150.26,NGN,14,4,NG,ios,electronics,0
T00014265,F00107,4831.62,NGN,21,12,GB,web,digital,0
T00012439,F01169,1462.86,NGN,17,3,GB,android,retail,0
T00009180,F00408,691.66,NGN,13,10,NG,ios,retail,0
T00019812,F00490,663.11,NGN,14,8,NG,android,fuel,0
T00004763,F00580,2481.94,NGN,1,2,US,ios,retail,0
T00009987,F01103,787.53,NGN,16,8,NG,web,digital,0
T00015805,F00837,2265.13,NGN,8,6,GH,android,electronics,0
T00011756,F00983,582.47,NGN,15,8,NG,ios,retail,0
T00019684,F00458,1678.69,NGN,21,5,NG,android,food,0
T00015275,F00549,1187.55,NGN,17,12,NG,android,electronics,0
T00009170,F00517,928.15,NGN,21,9,NG,ios,travel,0
T00013419,F00767,419.45,NGN,23,3,NG,android,fuel,0
T00015551,F00092,1907.74,NGN,18,9,US,android,digital,0
T00001659,F00296,10925.61,NGN,10,6,GB,ios,digital,0
T00019512,F00428,1246.73,NGN,21,6,US,web,travel,0
T00018570,F00331,776.43,NGN,4,11,US,ios,electronics,1
T00010098,F00797,258.09,NGN,11,11,US,android,fuel,0
T00015774,F00410,1268.68,NGN,15,5,NG,android,fuel,0
T00007040,F00476,6085.69,NGN,16,12,US,web,digital,0
T00010181,F01089,2409.33,NGN,15,8,NG,android,travel,0
T00016423,F00813,2874.65,NGN,10,9,GH,android,electronics,0
T00002335,F00191,526.76,NGN,1,8,NG,android,fuel,1
T00002257,F00674,515.53,NGN,11,9,GH,android,retail,0
T00019690,F00160,313.63,NGN,4,3,US,ios,food,0
T00001492,F00321,1704.04,NGN,15,6,NG,ios,electronics,0
T00001683,F00990,1676.0,NGN,15,3,NG,ios,food,0
T00015993,F00071,313.43,NGN,14,12,NG,web,retail,0
T00004368,F00875,1379.79,NGN,14,9,GH,ios,travel,0
T00010366,F00003,527.5,NGN,4,4,GH,ios,retail,0
T00017744,F00732,1438.4,NGN,18,4,US,web,electronics,0
T00005808,F00683,2583.77,NGN,22,7,NG,ios,retail,0
T00012906,F01139,438.91,NGN,14,7,GH,web,travel,0
T00000801,F00408,865.79,NGN,17,10,NG,ios,digital,0
T00014195,F00905,3737.8,NGN,12,3,US,android,food,0
T00016497,F00033,2265.02,NGN,0,4,GB,android,electronics,0
T00002362,F01148,1713.11,NGN,10,9,US,ios,fuel,0
T00017109,F00215,1226.06,NGN,3,9,US,ios,retail,1
T00010523,F00087,377.02,NGN,7,6,GH,web,digital,0
T00008294,F00649,1160.01,NGN,5,7,NG,web,food,0
T00007930,F00009,618.55,NGN,11,6,NG,ios,retail,0
T00019825,F00166,1415.47,NGN,19,12,NG,web,travel,0
T00016109,F00742,3305.21,NGN,13,2,NG,ios,travel,0
T00008710,F00331,3707.54,NGN,3,8,GB,web,electronics,1
T00015476,F00093,721.7,NGN,3,12,NG,android,food,0
T00010732,F01147,2691.78,NGN,22,11,NG,web,fuel,0
T00018876,F00309,1744.98,NGN,0,12,NG,web,digital,0
T00006690,F01082,3695.8,NGN,0,2,NG,android,digital,0
T00008216,F00795,2473.0,NGN,17,12,NG,android,electronics,0
T00002348,F00666,498.46,NGN,11,7,US,android,travel,0
T00000500,F00837,2700.35,NGN,18,1,GH,android,fuel,0
T00018317,F01041,692.74,NGN,12,2,US,android,retail,0
T00009204,F00757,2671.7,NGN,2,6,GH,ios,fuel,1
T00009986,F00564,1618.35,NGN,6,1,NG,ios,fuel,0
T00002616,F00522,1476.19,NGN,13,4,NG,android,food,0
T00001996,F01065,3009.07,NGN,21,12,GB,ios,digital,0
T00018712,F00229,809.33,NGN,15,3,GB,android,food,0
T00003683,F00539,994.01,NGN,5,9,GH,web,digital,0
T00007289,F00316,699.5,NGN,3,1,GH,android,food,0
T00004673,F00838,947.61,NGN,4,2,NG,ios,travel,0
T00001044,F00297,3101.19,NGN,16,5,NG,ios,food,0
T00007882,F00865,871.99,NGN,9,3,GB,android,electronics,0
T00006065,F00086,459.07,NGN,6,4,NG,android,fuel,0
T00006874,F01154,667.54,NGN,1,3,NG,web,travel,0
T00002914,F00614,1511.17,NGN,23,2,US,web,fuel,0
T00019019,F00457,1119.25,NGN,20,4,GH,web,food,0
T00004438,F00215,2629.94,NGN,19,5,GB,ios,retail,0
T00017718,F00822,3544.21,NGN,22,10,NG,web,digital,0
T00013568,F00442,395.06,NGN,0,11,NG,android,retail,0
T00003697,F00288,1008.02,NGN,5,5,NG,ios,retail,0
T00004691,F00893,274.1,NGN,5,1,NG,android,digital,0
T00006846,F00034,6368.65,NGN,13,11,NG,web,travel,0
T00015117,F00994,863.27,NGN,3,1,GB,web,electronics,0
T00012490,F00013,2771.88,NGN,15,5,GH,web,electronics,0
T00006706,F00742,368.37,NGN,3,4,NG,android,fuel,0
T00003061,F00049,220.68,NGN,15,10,NG,android,food,0
T00012325,F00191,538.14,NGN,18,3,NG,android,travel,0
T00003225,F00320,2195.79,NGN,12,11,NG,android,electronics,0
T00008396,F01190,879.21,NGN,14,8,GH,android,travel,0
T00018924,F00521,727.07,NGN,21,12,GH,android,travel,0
T00009076,F00946,222.96,NGN,11,3,NG,web,travel,0
T00008532,F00783,1930.56,NGN,6,3,GH,ios,retail,0
T00001513,F00037,1329.97,NGN,19,11,NG,android,retail,0
T00008113,F00866,1399.52,NGN,16,11,NG,web,travel,0
T00003814,F00022,1059.95,NGN,0,1,NG,ios,electronics,0
T00018267,F00434,2266.96,NGN,4,3,NG,ios,retail,0
T00013334,F00577,1677.74,NGN,12,4,NG,web,fuel,0
T00013080,F00658,1260.01,NGN,20,3,GB,ios,digital,0
T00009752,F00124,627.67,NGN,19,4,NG,ios,digital,0
T00013355,F00762,724.52,NGN,12,2,GB,android,electronics,0
T00012071,F00276,826.8,NGN,16,2,GH,web,travel,0
T00001897,F00626,405.18,NGN,23,3,US,ios,retail,0
T00006876,F01081,1025.31,NGN,20,9,US,web,digital,0
T00001791,F00217,3164.11,NGN,22,12,NG,android,digital,0
T00004479,F01196,1247.99,NGN,13,10,NG,ios,food,0
T00012533,F00772,1385.72,NGN,1,8,GB,android,travel,1
T00002863,F00098,886.81,NGN,9,6,GH,android,digital,0
T00006038,F00815,3545.46,NGN,13,5,US,android,digital,0
T00019752,F00191,573.62,NGN,11,7,US,android,fuel,0
T00003368,F00215,760.56,NGN,4,11,NG,android,retail,0
T00002932,F00069,149.33,NGN,7,4,GH,web,fuel,0
T00002132,F00922,1645.2,NGN,11,6,GH,android,fuel,0
T00003806,F00125,1178.07,NGN,5,3,NG,web,retail,0
T00012103,F00248,1455.79,NGN,5,3,NG,android,retail,0
T00012391,F00764,749.53,NGN,5,1,NG,web,fuel,0
T00013478,F00948,545.48,NGN,15,4,GB,ios,fuel,0
T00015454,F00391,1855.82,NGN,11,10,NG,ios,fuel,0
T00002568,F00303,963.46,NGN,15,8,NG,android,retail,0
T00010304,F00293,859.31,NGN,7,6,GH,web,retail,0
T00012898,F00180,1822.81,NGN,21,2,NG,ios,travel,0
T00009345,F00038,168.26,NGN,23,10,NG,android,electronics,0
T00000193,F00841,1373.51,NGN,22,10,GB,web,fuel,0
T00012716,F01189,1027.03,NGN,14,8,GH,web,retail,0
T00006615,F01009,1346.83,NGN,3,3,US,ios,travel,0
T00008274,F00912,1662.21,NGN,4,8,NG,web,retail,0
T00000388,F00341,259.02,NGN,23,5,NG,web,travel,0
T00007172,F01031,1993.7,NGN,20,10,NG,web,fuel,0
T00017658,F00423,1805.19,NGN,2,10,NG,android,fuel,1
T00001254,F00542,707.6,NGN,23,6,GB,ios,retail,0
T00018349,F00579,487.47,NGN,2,2,GH,web,retail,0
T00003514,F00646,1746.42,NGN,2,12,NG,web,fuel,1
T00013868,F00594,750.66,NGN,15,2,GB,android,food,0
T00008835,F00493,2016.0,NGN,3,12,GB,web,digital,0
T00008181,F01024,8025.07,NGN,14,6,NG,android,digital,0
T00004351,F00055,720.07,NGN,15,3,GB,ios,retail,0
T00015823,F00072,4817.15,NGN,18,8,GH,web,retail,0
T00001026,F00628,3317.04,NGN,10,8,GB,android,digital,0
T00014687,F00750,689.55,NGN,7,3,NG,android,travel,0
T00005707,F00976,1746.08,NGN,18,4,US,web,retail,0
T00009504,F00635,888.03,NGN,18,11,NG,ios,retail,0
T00001997,F00650,1840.75,NGN,1,10,NG,android,fuel,1
T00001336,F00960,2507.95,NGN,13,4,GH,android,travel,0
T00008578,F00994,888.69,NGN,3,11,US,ios,retail,1
T00002481,F00437,4786.44,NGN,22,12,GH,ios,food,0
T00002332,F00898,690.06,NGN,8,6,GH,android,fuel,0
T00019420,F00436,991.57,NGN,20,11,NG,ios,food,0
T00015747,F00725,1123.11,NGN,12,5,GB,web,digital,0
T00005474,F00876,575.02,NGN,7,11,NG,ios,electronics,0
T00010428,F00382,3842.43,NGN,23,10,NG,ios,food,0
T00019710,F00632,807.74,NGN,19,3,GB,ios,electronics,0
T00013370,F00899,1807.44,NGN,5,10,US,ios,electronics,0
T00004035,F00924,2416.96,NGN,17,3,NG,android,retail,0
T00017907,F01025,466.39,NGN,18,4,GB,android,fuel,0
T00018908,F00991,3953.27,NGN,6,5,NG,android,food,0
T00019700,F00693,164.93,NGN,15,12,US,android,food,0
T00014599,F00863,1307.86,NGN,5,2,GH,android,food,0
T00002524,F00317,1503.63,NGN,0,1,US,android,fuel,0
T00019768,F01160,3365.98,NGN,17,12,GB,web,fuel,0
T00016390,F00476,1139.35,NGN,19,10,GB,android,travel,0
T00003016,F01112,4493.49,NGN,4,9,NG,android,travel,1
T00015945,F00759,794.88,NGN,11,11,US,ios,digital,0
T00011164,F00293,290.8,NGN,5,5,US,ios,retail,0
T00012482,F00277,189.07,NGN,14,7,GB,ios,electronics,0
T00019311,F01108,624.1,NGN,8,9,US,android,food,0
T00011921,F01109,578.7,NGN,0,5,GB,android,retail,0
T00006833,F00662,1370.24,NGN,21,3,NG,ios,fuel,0
T00012004,F00938,1662.98,NGN,1,9,NG,web,digital,1
T00000287,F00653,2199.64,NGN,9,5,GH,web,travel,0
T00011528,F00774,692.06,NGN,6,2,NG,web,fuel,0
T00001578,F00776,437.46,NGN,4,6,NG,ios,retail,1
T00013988,F00164,655.34,NGN,0,3,GB,ios,electronics,0
T00017017,F00854,785.65,NGN,3,4,NG,android,retail,0
T00018212,F00555,469.82,NGN,6,10,GB,android,food,0
T00019457,F00893,1081.91,NGN,12,10,NG,web,electronics,0
T00009044,F00642,653.4,NGN,6,5,GB,android,electronics,0
T00012412,F00526,1118.14,NGN,10,12,NG,web,fuel,0
T00019595,F00889,2167.21,NGN,3,11,NG,ios,retail,0
T00002360,F00113,864.09,NGN,11,10,NG,android,electronics,0
T00010469,F00922,316.45,NGN,4,6,NG,web,food,1
T00011002,F01188,197.57,NGN,3,8,US,android,food,0
T00009809,F00824,2421.21,NGN,18,11,GB,ios,electronics,0
T00001582,F00906,432.41,NGN,21,4,GB,android,retail,0
T00013858,F00640,342.77,NGN,19,2,GH,ios,travel,0
T00014241,F00517,2604.17,NGN,8,12,GB,web,retail,0
T00016061,F00834,605.69,NGN,17,8,NG,ios,electronics,0
T00006003,F00227,3045.7,NGN,13,11,GB,ios,retail,1
T00016507,F00904,999.7,NGN,3,5,NG,ios,travel,0
T00016005,F00141,430.53,NGN,1,10,NG,ios,retail,1
T00010519,F00866,1621.38,NGN,17,6,GB,android,digital,0
T00001543,F01106,560.9,NGN,12,1,US,ios,electronics,0
T00002948,F00833,4955.28,NGN,5,4,GB,web,fuel,0
T00017784,F00005,4208.7,NGN,5,10,US,android,fuel,0
T00010740,F00504,791.14,NGN,16,10,NG,web,digital,0
T00010722,F00464,538.69,NGN,1,7,NG,ios,digital,1
T00003689,F00348,2280.46,NGN,22,4,US,ios,travel,0
T00008655,F01188,1941.78,NGN,1,7,US,web,travel,1
T00008068,F00698,1225.97,NGN,7,9,GB,ios,travel,0
T00015704,F00479,539.57,NGN,0,2,NG,android,electronics,0
T00017159,F00914,795.97,NGN,13,5,NG,ios,fuel,0
T00017277,F00323,157.78,NGN,6,4,US,android,electronics,0
T00009928,F01102,3239.09,NGN,16,5,NG,android,travel,0
T00002575,F00066,165.46,NGN,9,5,US,android,food,0
T00009705,F00871,895.38,NGN,7,5,US,ios,retail,0
T00018189,F00922,768.27,NGN,14,2,NG,ios,food,0
T00004389,F00235,333.42,NGN,23,3,GB,web,fuel,0
T00013512,F00062,277.36,NGN,7,10,GH,web,food,0
T00006251,F00164,2359.77,NGN,7,1,GH,android,travel,0
T00001850,F00574,1414.07,NGN,1,5,NG,web,electronics,0
T00005554,F00156,160.54,NGN,10,9,US,ios,electronics,0
T00009242,F00625,234.17,NGN,6,1,GB,android,travel,0
T00007109,F00587,1580.01,NGN,23,6,NG,web,electronics,0
T00005785,F00953,3823.69,NGN,17,11,US,ios,fuel,0
T00016521,F00240,611.74,NGN,16,4,NG,web,fuel,0
T00008268,F00870,2258.4,NGN,9,11,GB,android,digital,0
T00009434,F00022,4160.08,NGN,8,8,GB,ios,fuel,0
T00017312,F00934,670.97,NGN,22,11,GH,web,travel,0
T00018184,F00188,1911.52,NGN,16,10,US,android,retail,0
T00010685,F00784,768.58,NGN,17,9,NG,android,food,0
T00002752,F01182,2016.54,NGN,22,2,GH,android,electronics,0
T00018492,F00716,1271.67,NGN,16,12,US,ios,digital,0
T00002441,F01102,531.58,NGN,13,9,NG,android,retail,0
T00011218,F00299,862.0,NGN,12,9,GB,ios,fuel,0
T00013532,F00407,1567.61,NGN,20,4,GB,android,electronics,0
T00016955,F00270,1666.31,NGN,20,8,NG,web,travel,0
T00007463,F00863,2842.66,NGN,10,11,GH,ios,electronics,0
T00003837,F00839,2411.24,NGN,20,8,NG,web,fuel,0
T00003807,F00972,951.36,NGN,9,9,GB,ios,digital,0
T00007828,F00366,240.68,NGN,17,8,GH,ios,electronics,0
T00006014,F00549,1246.12,NGN,20,12,NG,android,travel,0
T00013735,F00243,1183.56,NGN,17,9,GH,android,food,0
T00001471,F00794,435.01,NGN,18,7,NG,ios,travel,0
T00000454,F00205,817.28,NGN,8,9,GB,web,food,0
T00003192,F00702,818.11,NGN,18,1,NG,web,travel,0
T00013741,F01034,574.35,NGN,17,2,GB,android,digital,0
T00006581,F00414,12736.25,NGN,11,1,US,ios,electronics,0
T00007824,F00112,16748.04,NGN,7,2,GH,web,travel,0
T00015381,F00858,596.81,NGN,21,2,NG,android,digital,0
T00019803,F00680,381.95,NGN,8,9,GH,web,retail,1
T00004083,F00906,2731.97,NGN,15,10,NG,web,fuel,0
T00008734,F00789,1239.49,NGN,3,12,GH,ios,retail,0
T00008379,F00896,3790.73,NGN,7,2,GH,android,digital,0
T00002769,F00094,1399.97,NGN,9,12,GH,ios,digital,0
T00000078,F00782,1344.29,NGN,17,3,US,web,food,0
T00011414,F00108,602.03,NGN,11,4,NG,android,fuel,0
T00011428,F00394,6965.65,NGN,21,2,GB,ios,fuel,0
T00008141,F00265,1106.52,NGN,19,12,GH,android,travel,0
T00016139,F00580,1091.02,NGN,21,10,GH,android,electronics,0
T00008804,F00634,775.4,NGN,14,1,NG,android,travel,0
T00018231,F00363,1075.54,NGN,0,2,NG,android,retail,0
T00019822,F00733,1870.27,NGN,19,3,GB,android,digital,0
T00000677,F00348,691.32,NGN,22,5,US,ios,fuel,0
T00007120,F00309,1194.74,NGN,8,7,NG,web,travel,0
T00006019,F00848,2070.04,NGN,19,8,NG,web,retail,0
T00011094,F00181,1156.06,NGN,13,9,GB,android,digital,0
T00013386,F00424,521.63,NGN,18,10,US,web,electronics,0
T00015139,F00198,1332.28,NGN,1,9,US,web,travel,1
T00015542,F00693,1583.66,NGN,6,5,NG,android,digital,0
T00005524,F00802,99.49,NGN,22,5,US,ios,travel,0
T00002289,F00584,1649.55,NGN,1,11,NG,ios,electronics,1
T00011595,F00440,3350.41,NGN,13,7,NG,android,fuel,0
T00004668,F01078,1139.34,NGN,10,2,GH,android,fuel,0
T00019050,F01179,592.43,NGN,13,12,NG,web,electronics,0
T00003843,F01024,915.53,NGN,22,4,GH,web,digital,0
T00007425,F00970,2825.51,NGN,6,1,NG,ios,fuel,0
T00014044,F00815,752.42,NGN,2,3,GH,web,digital,0
T00016011,F00094,651.27,NGN,14,1,GH,ios,fuel,0
T00006208,F00634,9491.14,NGN,11,6,GH,ios,electronics,0
T00011007,F01054,2019.2,NGN,15,4,NG,ios,food,0
T00002056,F00505,907.41,NGN,6,9,NG,android,travel,0
T00000294,F00917,593.34,NGN,22,6,US,android,fuel,0
T00015815,F00329,1693.92,NGN,5,4,US,web,electronics,0
T00007353,F00805,598.93,NGN,17,5,NG,ios,electronics,0
T00016163,F00883,2543.1,NGN,10,7,GB,android,retail,0
T00015926,F00389,964.84,NGN,12,5,NG,web,food,0
T00004004,F00343,570.84,NGN,17,5,GH,android,travel,0
T00011802,F00187,913.52,NGN,2,3,NG,android,retail,0
T00005540,F00604,1674.48,NGN,21,1,NG,web,fuel,0
T00015876,F00227,1827.55,NGN,23,8,US,ios,electronics,0
T00019591,F00481,590.59,NGN,20,1,US,ios,electronics,0
T00007563,F00098,1394.77,NGN,15,7,GH,android,retail,0
T00012554,F00767,604.99,NGN,23,8,GB,ios,fuel,0
T00008007,F00237,3667.64,NGN,11,9,GH,ios,retail,0
T00009990,F00920,225.44,NGN,2,9,NG,web,electronics,1
T00017838,F00597,1161.14,NGN,5,4,US,ios,digital,0
T00019432,F00778,4896.28,NGN,14,9,US,android,digital,0
T00010145,F00039,823.48,NGN,3,9,NG,web,electronics,1
T00002935,F00098,945.58,NGN,13,7,NG,web,fuel,0
T00018604,F00229,944.54,NGN,15,3,NG,android,food,0
T00018407,F00073,2824.32,NGN,0,7,GH,web,digital,0
T00014893,F00113,3013.02,NGN,15,8,NG,ios,food,0
T00012837,F01028,237.46,NGN,15,7,NG,ios,retail,0
T00002217,F00418,1123.02,NGN,8,7,NG,web,fuel,0
T00001188,F00368,1761.02,NGN,11,4,US,web,digital,0
T00007348,F00539,3184.8,NGN,18,3,US,android,food,0
T00005105,F00811,615.74,NGN,1,2,US,android,food,0
T00012723,F01003,906.32,NGN,11,6,NG,web,digital,0
T00001112,F00766,1793.81,NGN,22,9,US,ios,digital,0
T00006377,F01017,1850.66,NGN,22,7,NG,android,digital,0
T00000112,F00506,4283.42,NGN,18,1,NG,android,electronics,0
T00018940,F00824,603.46,NGN,1,4,NG,web,food,0
T00000438,F00950,2609.01,NGN,9,5,GH,android,retail,0
T00002175,F00228,1655.73,NGN,14,8,GH,android,fuel,0
T00004933,F00709,1801.33,NGN,11,3,NG,ios,travel,0
T00015807,F00179,1765.55,NGN,7,11,GB,ios,food,0
T00002024,F00163,312.44,NGN,2,12,US,ios,retail,1
T00017091,F00434,300.34,NGN,5,5,NG,android,digital,0
T00003336,F00169,2456.22,NGN,17,7,NG,ios,food,0
T00003905,F00634,3705.32,NGN,16,1,GB,web,electronics,0
T00009930,F00611,1556.62,NGN,23,6,GH,ios,retail,0
T00015360,F00581,1041.61,NGN,1,9,GH,web,retail,1
T00014746,F00494,2108.1,NGN,15,10,NG,ios,retail,0
T00005715,F00235,730.56,NGN,19,12,NG,android,electronics,0
T00016915,F00198,1821.23,NGN,9,9,NG,android,food,0
T00015638,F00440,350.23,NGN,23,12,NG,ios,travel,0
T00016417,F00145,469.58,NGN,11,4,NG,ios,retail,0
T00005802,F01072,1022.13,NGN,21,1,US,android,retail,0
T00013994,F00784,231.39,NGN,6,7,NG,web,food,0
T00003353,F01127,317.41,NGN,5,11,NG,web,travel,0
T00019506,F00675,1175.0,NGN,5,4,GB,web,digital,0
T00009807,F01195,5964.21,NGN,21,5,NG,android,food,0
T00019713,F00372,329.72,NGN,7,1,NG,android,electronics,0
T00018658,F00447,567.83,NGN,10,3,NG,android,fuel,0
T00005400,F00590,692.32,NGN,14,4,US,web,travel,0
T00006308,F01152,469.34,NGN,23,4,NG,web,retail,0
T00011681,F00063,945.77,NGN,11,11,US,android,digital,0
T00015373,F00265,498.99,NGN,8,8,NG,web,retail,0
T00016954,F00885,552.61,NGN,9,1,NG,ios,digital,0
T00007310,F00147,1113.77,NGN,9,2,GH,android,food,0
T00016919,F00895,933.06,NGN,3,5,GH,android,fuel,0
T00017387,F00222,1064.22,NGN,3,8,GH,android,retail,0
T00015898,F00655,3858.36,NGN,7,4,NG,ios,travel,0
T00019819,F00952,187.16,NGN,23,6,US,android,digital,0
T00002518,F00841,450.16,NGN,16,3,GH,web,electronics,0
T00014022,F00484,741.44,NGN,6,4,NG,android,fuel,0
T00001843,F00261,5925.51,NGN,18,6,NG,web,retail,0
T00004966,F00191,450.45,NGN,6,8,US,android,fuel,0
T00011183,F00681,4475.97,NGN,9,7,NG,ios,travel,0
T00008241,F00022,1035.21,NGN,12,11,US,ios,travel,0
T00004219,F00577,959.77,NGN,20,5,NG,android,digital,0
T00002632,F00460,2613.03,NGN,3,1,US,web,travel,0
T00015376,F00808,545.13,NGN,0,10,US,ios,electronics,0
T00000089,F00792,530.16,NGN,0,5,NG,android,food,0
T00010547,F00267,572.11,NGN,15,11,GB,android,electronics,0
T00016826,F00993,535.29,NGN,8,1,NG,android,food,0
T00000830,F00191,2229.94,NGN,11,2,NG,android,retail,0
T00000348,F00357,3272.09,NGN,18,11,GH,android,travel,0
T00002865,F00079,534.1,NGN,2,6,GH,android,digital,0
T00019739,F00037,2301.0,NGN,12,10,US,web,electronics,0
T00008307,F00647,811.71,NGN,17,11,NG,web,digital,0
T00004227,F00459,3534.13,NGN,14,11,US,android,travel,0
T00012957,F00048,1418.65,NGN,19,11,NG,ios,food,0
T00013302,F00429,1865.63,NGN,16,8,GH,ios,electronics,0
T00000625,F00546,1322.17,NGN,11,8,US,ios,travel,0
T00005485,F00692,1295.63,NGN,22,10,GH,web,food,0
T00011322,F01017,939.71,NGN,17,7,NG,ios,retail,0
T00010936,F00266,612.34,NGN,5,10,NG,ios,fuel,0
T00008303,F00203,2242.96,NGN,9,12,GH,ios,retail,0
T00013544,F00227,1249.43,NGN,22,8,US,android,digital,0
T00013214,F00901,1613.23,NGN,19,10,NG,ios,travel,0
T00010943,F00232,962.7,NGN,4,3,GB,ios,fuel,0
T00015443,F00121,1200.37,NGN,15,10,NG,web,fuel,0
T00000240,F00771,2227.54,NGN,15,8,US,ios,electronics,0
T00014340,F00277,315.33,NGN,12,7,GB,ios,retail,0
T00016591,F00842,2027.72,NGN,19,12,US,web,retail,0
T00017156,F00013,1059.62,NGN,1,9,NG,web,food,0
T00003314,F00597,329.56,NGN,20,11,GB,web,travel,0
T00002323,F00422,3317.76,NGN,13,6,GH,web,retail,0
T00010972,F00151,330.06,NGN,3,5,US,ios,electronics,0
T00004620,F01167,366.85,NGN,6,10,NG,ios,retail,0
T00016320,F00239,1219.17,NGN,1,2,US,android,food,0
T00019708,F01076,1161.61,NGN,12,11,GH,android,food,0
T00001698,F00014,1660.42,NGN,7,1,NG,android,retail,0
T00009737,F01145,1018.25,NGN,11,12,US,android,travel,0
T00002212,F01135,2261.71,NGN,23,8,GB,android,retail,0
T00011492,F00974,734.49,NGN,19,12,GB,web,fuel,0
T00000033,F00743,550.69,NGN,22,5,GH,ios,electronics,0
T00018259,F00406,405.87,NGN,21,3,US,ios,fuel,0
T00008368,F00923,5375.22,NGN,0,5,GB,ios,travel,0
T00013590,F00490,2110.24,NGN,5,11,GH,web,retail,0
T00005070,F00035,379.18,NGN,20,5,US,web,food,0
T00004286,F01024,2108.18,NGN,15,12,US,ios,food,0
T00006134,F00089,323.08,NGN,6,10,GH,web,travel,0
T00000631,F00528,553.58,NGN,4,5,US,web,digital,0
T00019044,F00155,734.05,NGN,4,12,NG,web,digital,1
T00015023,F01120,9811.86,NGN,22,12,GB,web,food,0
T00009595,F00490,912.05,NGN,18,5,NG,ios,retail,0
T00013184,F00924,304.69,NGN,4,6,NG,android,food,1
T00009558,F00977,4183.25,NGN,22,12,GH,android,electronics,0
T00013010,F00935,1129.2,NGN,15,4,NG,web,food,0
T00010448,F00890,1350.84,NGN,15,10,NG,web,food,0
T00002333,F00474,2404.55,NGN,3,2,NG,ios,digital,0
T00008754,F00094,2211.54,NGN,10,6,US,ios,electronics,0
T00003002,F00144,2184.5,NGN,8,6,US,web,food,0
T00008224,F00289,3045.03,NGN,10,12,GH,ios,travel,0
T00012145,F00621,1274.75,NGN,20,8,GH,web,food,0
T00010199,F00468,647.35,NGN,5,2,GH,web,digital,0
T00000950,F00500,926.27,NGN,7,3,NG,ios,digital,0
T00006304,F00345,444.88,NGN,12,12,NG,ios,travel,0
T00007881,F00386,744.02,NGN,17,12,US,ios,travel,0
T00015217,F00814,854.45,NGN,1,7,NG,android,fuel,0
T00016230,F00946,3304.41,NGN,19,1,NG,web,retail,0
T00016984,F00669,817.26,NGN,16,6,GH,web,retail,0
T00005131,F01118,736.63,NGN,4,6,NG,web,digital,1
T00008036,F00618,1755.05,NGN,23,5,GB,ios,digital,0
T00004418,F00808,3049.25,NGN,3,12,GB,ios,digital,1
T00018984,F00492,2149.07,NGN,8,12,NG,ios,electronics,0
T00015046,F01109,1154.12,NGN,7,6,GB,android,fuel,0
T00011266,F00846,1448.14,NGN,3,7,US,web,food,1
T00009668,F00136,2768.23,NGN,12,4,NG,android,food,0
T00006470,F01124,9835.81,NGN,1,10,NG,android,electronics,0
T00002882,F00623,314.52,NGN,22,7,US,web,travel,0
T00003894,F00891,612.72,NGN,1,6,NG,android,electronics,0
T00010250,F00102,1347.0,NGN,10,6,GB,web,food,0
T00014236,F01133,1919.05,NGN,3,3,US,ios,travel,0
T00019462,F00442,4645.73,NGN,11,11,NG,android,digital,0
T00004100,F00341,3427.01,NGN,1,5,GH,android,travel,0
T00000957,F01016,4424.94,NGN,22,8,NG,android,electronics,0
T00010262,F00046,1625.05,NGN,4,9,GB,ios,travel,1
T00008405,F00035,1414.35,NGN,1,9,NG,ios,retail,1
T00011728,F00324,1674.02,NGN,2,3,NG,android,food,0
T00005818,F01053,1596.13,NGN,14,4,NG,web,electronics,0
T00018877,F00757,2178.99,NGN,15,12,GB,ios,food,0
T00010116,F01143,1236.7,NGN,19,2,GH,web,retail,0
T00001673,F00388,2435.5,NGN,3,5,GB,web,retail,0
T00008837,F00299,1046.59,NGN,4,4,NG,android,fuel,0
T00007975,F00555,627.92,NGN,5,9,US,web,travel,0
T00002608,F00684,293.9,NGN,1,6,GH,ios,digital,1
T00011977,F00925,942.21,NGN,20,9,US,android,electronics,0
T00011875,F00762,488.49,NGN,20,1,NG,android,electronics,0
T00015037,F00090,492.02,NGN,17,2,US,ios,fuel,0
T00006869,F00741,69.34,NGN,7,6,NG,web,travel,0
T00019821,F00297,108.4,NGN,0,8,NG,android,electronics,0
T00012547,F00848,770.82,NGN,4,1,US,web,travel,0
T00007433,F00576,389.21,NGN,11,6,NG,web,retail,0
T00000603,F00552,1816.42,NGN,8,12,US,android,electronics,0
T00010749,F00231,211.25,NGN,17,10,GH,android,fuel,0
T00015534,F00239,892.63,NGN,9,12,GH,web,retail,0
T00008541,F00285,576.91,NGN,0,8,GH,web,fuel,0
T00014815,F00175,320.02,NGN,20,12,NG,web,retail,0
T00014165,F00383,1551.5,NGN,12,5,GB,ios,fuel,0
T00015696,F00131,1664.14,NGN,20,12,NG,android,digital,0
T00014452,F00883,2729.6,NGN,6,8,NG,android,food,0
T00003106,F00401,285.4,NGN,4,9,NG,android,retail,1
T00010373,F00068,667.32,NGN,22,12,NG,android,digital,0
T00000512,F00415,738.65,NGN,7,8,US,web,fuel,0
T00005927,F00753,464.69,NGN,13,8,NG,android,travel,0
T00000654,F00686,427.67,NGN,7,2,NG,web,electronics,0
T00007812,F01181,424.7,NGN,20,10,GB,web,fuel,0
T00007687,F00772,1248.84,NGN,3,7,NG,ios,food,1
T00007610,F00831,1275.46,NGN,18,9,NG,web,food,0
T00007035,F00065,2002.32,NGN,16,1,GH,web,food,0
T00004955,F00525,2545.96,NGN,8,6,US,android,electronics,0
T00009038,F00769,626.14,NGN,4,5,US,ios,digital,0
T00013724,F00448,2663.43,NGN,17,8,GB,android,digital,0
T00018405,F01123,280.5,NGN,2,5,GB,ios,electronics,0
T00004385,F01117,538.55,NGN,21,10,GH,web,food,0
T00009651,F00957,866.88,NGN,20,2,NG,ios,retail,0
T00006174,F00478,2091.47,NGN,1,7,NG,web,digital,1
T00002893,F00217,2022.54,NGN,0,8,NG,android,fuel,0
T00018619,F00292,851.71,NGN,9,8,NG,web,travel,0
T00010496,F00223,742.63,NGN,18,7,NG,ios,food,0
T00006075,F01099,290.82,NGN,4,3,NG,android,fuel,0
T00013696,F00705,968.38,NGN,7,5,US,android,retail,0
T00018706,F00791,2936.76,NGN,19,11,GB,web,travel,0
T00007503,F01170,303.46,NGN,2,11,NG,web,food,1
T00017098,F00371,702.72,NGN,17,11,NG,web,electronics,0
T00014098,F01096,2708.6,NGN,19,7,NG,android,retail,0
T00004751,F00531,859.95,NGN,2,5,NG,web,electronics,0
T00019645,F00213,478.6,NGN,23,4,NG,android,fuel,0
T00011363,F01034,708.07,NGN,2,11,NG,ios,digital,1
T00001318,F00178,1047.1,NGN,23,11,US,web,electronics,1
T00015716,F00810,1451.83,NGN,20,8,GB,android,digital,0
T00019393,F01136,2405.97,NGN,18,10,NG,android,digital,0
T00017326,F00450,571.86,NGN,0,4,GB,web,travel,0
T00001982,F00380,3262.35,NGN,10,12,NG,web,travel,0
T00000237,F00631,723.04,NGN,14,6,GB,web,retail,0
T00014026,F00681,281.6,NGN,10,10,NG,web,retail,0
T00003123,F00500,641.67,NGN,1,9,GH,web,food,1
T00014354,F00193,179.5,NGN,21,12,NG,ios,travel,0
T00009541,F00046,1126.72,NGN,7,4,NG,web,food,0
T00016721,F00972,5671.97,NGN,9,8,GH,ios,travel,0
T00006431,F00939,235.14,NGN,15,2,US,web,food,0
T00015508,F00866,1575.85,NGN,19,9,NG,web,fuel,0
T00012154,F00494,211.75,NGN,17,12,GB,web,food,0
T00009649,F00296,3021.47,NGN,18,11,GB,android,electronics,0
T00017519,F00774,242.58,NGN,23,4,NG,android,retail,0
T00003088,F00711,1161.64,NGN,8,11,NG,ios,food,0
T00002754,F00144,2763.41,NGN,11,9,NG,web,electronics,0
T00012563,F00755,382.5,NGN,9,4,NG,android,food,0
T00001709,F00767,1723.08,NGN,1,6,GH,web,digital,0
T00007717,F00063,1257.46,NGN,3,3,NG,ios,travel,0
T00018701,F00968,4634.01,NGN,7,6,US,ios,travel,0
T00002655,F00998,1413.41,NGN,0,1,GB,web,digital,0
T00006901,F00387,563.39,NGN,17,7,NG,android,fuel,0
T00015176,F01110,1695.85,NGN,19,11,NG,ios,retail,0
T00007006,F00140,588.82,NGN,15,3,NG,android,digital,0
T00004023,F00840,4093.61,NGN,9,11,NG,ios,electronics,0
T00007493,F00546,2487.95,NGN,14,11,NG,ios,food,0
T00017708,F01063,2851.07,NGN,5,5,GH,ios,food,0
T00014297,F00677,457.9,NGN,9,4,NG,ios,food,0
T00012707,F01147,631.27,NGN,6,7,NG,android,food,0
T00008178,F01098,1122.36,NGN,11,5,GB,ios,fuel,0
T00017745,F00767,902.59,NGN,13,11,US,android,travel,0
T00019435,F00352,1465.18,NGN,6,1,NG,web,digital,0
T00014628,F01128,304.91,NGN,1,11,NG,ios,digital,1
T00006319,F00866,3089.84,NGN,0,2,NG,android,travel,0
T00003832,F01062,4141.06,NGN,6,7,NG,web,food,0
T00018498,F01083,681.6,NGN,1,7,GB,android,food,1
T00012106,F00794,2016.95,NGN,2,2,GB,web,retail,0
T00008246,F01001,1477.77,NGN,15,10,NG,web,digital,0
T00012841,F00540,758.55,NGN,9,5,NG,ios,food,0
T00014713,F00873,810.68,NGN,5,7,US,web,electronics,0
T00011241,F00636,520.67,NGN,19,5,GH,web,fuel,0
T00018073,F00868,1290.03,NGN,2,10,NG,ios,travel,1
T00007486,F00277,861.12,NGN,15,9,GH,android,food,0
T00002854,F01048,6677.52,NGN,16,6,NG,ios,electronics,0
T00011022,F00501,358.35,NGN,14,2,NG,ios,fuel,0
T00008200,F01095,1047.6,NGN,4,12,GB,web,food,1
T00008288,F00538,3238.6,NGN,3,12,US,web,fuel,1
T00016044,F00190,1670.5,NGN,11,12,GB,web,digital,0
T00000910,F00116,376.59,NGN,22,11,GH,android,electronics,0
T00014476,F00481,667.94,NGN,20,5,GB,web,fuel,0
T00011112,F00767,1710.63,NGN,3,12,NG,android,food,0
T00002907,F01023,723.65,NGN,20,8,US,web,digital,0
T00016757,F01018,598.56,NGN,17,10,GH,web,electronics,0
T00019221,F00577,1306.9,NGN,23,5,US,web,fuel,0
T00018927,F00706,191.45,NGN,5,3,GB,web,travel,0
T00005355,F00688,1243.12,NGN,20,7,NG,ios,travel,0
T00016847,F00722,2298.12,NGN,16,2,NG,ios,retail,0
T00019353,F01134,4548.41,NGN,4,7,NG,web,fuel,1
T00001684,F01079,2555.19,NGN,9,1,US,android,electronics,0
T00004143,F00421,464.15,NGN,14,7,US,android,digital,0
T00002671,F00022,2512.0,NGN,23,5,GB,ios,digital,0
T00008157,F00564,770.14,NGN,0,9,NG,web,digital,0
T00004400,F01167,4660.45,NGN,21,6,GB,web,retail,0
T00003536,F00006,324.87,NGN,14,2,US,android,travel,0
T00003270,F00412,3085.23,NGN,21,10,GB,web,electronics,0
T00014449,F00503,2675.82,NGN,14,2,GH,web,retail,0
T00016859,F00396,341.14,NGN,10,8,NG,android,travel,0
T00016917,F00319,1180.43,NGN,4,11,NG,web,fuel,1
T00019896,F00592,1663.81,NGN,8,6,GH,web,electronics,0
T00009994,F01058,178.26,NGN,6,3,US,web,digital,0
T00017248,F00393,389.07,NGN,6,6,US,web,retail,0
T00011583,F00484,512.89,NGN,5,4,NG,ios,retail,0
T00009600,F00536,360.56,NGN,10,10,GH,android,fuel,0
T00012297,F00858,377.47,NGN,18,10,NG,ios,retail,0
T00001602,F00837,1081.45,NGN,4,12,NG,ios,food,1
T00003664,F01075,933.35,NGN,15,10,NG,web,digital,0
T00004574,F00480,1114.84,NGN,21,7,US,web,electronics,0
T00009291,F00506,861.75,NGN,7,8,GB,android,electronics,0
T00017067,F00516,1268.25,NGN,23,7,NG,ios,travel,0
T00007128,F00584,241.89,NGN,8,4,GB,web,retail,0
T00000120,F01172,404.58,NGN,23,6,GH,web,travel,0
T00006682,F00549,781.17,NGN,3,9,NG,android,fuel,1
T00004310,F00929,621.95,NGN,17,7,NG,ios,travel,0
T00009069,F00754,184.12,NGN,7,1,NG,android,electronics,0
T00012612,F01184,2734.0,NGN,2,12,US,android,food,1
T00010618,F01189,187.23,NGN,14,5,GH,android,food,0
T00012116,F00565,552.64,NGN,21,12,US,web,electronics,0
T00018432,F00851,578.66,NGN,8,11,NG,ios,retail,0
T00010362,F00907,950.47,NGN,0,1,GB,web,travel,0
T00006145,F01023,1785.56,NGN,8,11,NG,ios,retail,0
T00012585,F00897,314.49,NGN,14,1,GB,android,travel,0
T00004362,F00260,1415.61,NGN,12,8,GH,ios,travel,0
T00002394,F00542,402.94,NGN,18,5,NG,web,fuel,0
T00015484,F00917,1635.13,NGN,3,8,US,web,fuel,1
T00019916,F01037,753.19,NGN,0,3,NG,ios,electronics,0
T00001062,F00840,1285.09,NGN,16,5,GH,web,retail,0
T00011441,F00150,579.62,NGN,20,4,NG,ios,retail,0
T00019181,F00339,180.77,NGN,10,8,NG,web,retail,0
T00000818,F00327,721.62,NGN,22,10,NG,android,food,0
T00008800,F00888,738.59,NGN,2,8,NG,web,electronics,0
T00015288,F00578,901.75,NGN,16,1,NG,ios,electronics,0
T00011179,F00185,3531.14,NGN,10,10,GH,android,travel,0
T00000308,F00431,1127.93,NGN,20,3,GB,ios,electronics,0
T00002239,F00526,342.59,NGN,21,6,GH,android,travel,0
T00013021,F00610,785.07,NGN,10,6,GH,web,electronics,0
T00001900,F00762,1139.81,NGN,8,11,NG,ios,retail,0
T00014491,F00172,516.74,NGN,20,7,US,web,retail,0
T00009255,F00670,1514.21,NGN,23,11,US,android,travel,0
T00010620,F00314,1394.78,NGN,16,11,NG,web,travel,0
T00000647,F00849,1090.11,NGN,15,1,NG,web,digital,0
T00018508,F00911,539.53,NGN,15,12,NG,ios,digital,1
T00019834,F01037,2849.76,NGN,21,7,GH,web,food,0
T00017354,F00870,1247.49,NGN,12,11,US,ios,electronics,0
T00010576,F00518,1166.91,NGN,2,4,NG,ios,electronics,0
T00017460,F00534,1342.54,NGN,3,1,GH,android,electronics,0
T00019845,F00718,1057.04,NGN,5,1,GB,ios,retail,0
T00000250,F00303,720.48,NGN,15,3,NG,web,electronics,0
T00018142,F00797,2429.36,NGN,11,7,US,android,food,0
T00004865,F00145,943.89,NGN,12,6,US,web,fuel,0
T00013618,F00292,2895.18,NGN,21,2,NG,web,electronics,0
T00019885,F00146,7105.52,NGN,18,11,NG,web,digital,0
T00012409,F00980,608.64,NGN,14,1,NG,web,fuel,0
T00003395,F00607,1877.15,NGN,19,1,NG,ios,food,0
T00009663,F00926,4815.59,NGN,17,1,NG,web,electronics,0
T00011166,F00137,5561.39,NGN,3,6,NG,web,food,1
T00001609,F00971,2100.37,NGN,10,1,NG,ios,retail,0
T00003825,F00044,296.79,NGN,14,3,GH,android,electronics,0
T00005409,F00699,2127.91,NGN,14,10,NG,web,food,0
T00015772,F00225,567.74,NGN,1,3,NG,android,fuel,0
T00012487,F00340,334.18,NGN,4,8,US,android,digital,1
T00004202,F01197,1657.01,NGN,18,7,GH,web,travel,0
T00012421,F00775,612.67,NGN,8,8,NG,web,travel,0
T00019553,F01149,688.41,NGN,18,3,GH,web,digital,0
T00010830,F00260,1511.85,NGN,3,8,GB,ios,fuel,1
T00013625,F00241,2658.5,NGN,4,10,NG,web,retail,0
T00005577,F00878,1222.64,NGN,4,6,NG,ios,travel,1
T00003324,F00743,792.33,NGN,5,12,NG,web,electronics,0
T00005980,F00760,808.88,NGN,12,11,NG,ios,electronics,0
T00017530,F00360,2317.98,NGN,12,7,US,ios,retail,0
T00009187,F00407,202.21,NGN,2,12,US,ios,retail,1
T00008535,F00698,1428.68,NGN,9,9,US,web,retail,0
T00001981,F00085,1578.91,NGN,14,7,NG,android,travel,0
T00016657,F00013,1929.08,NGN,22,1,NG,web,travel,0
T00013652,F00247,1054.58,NGN,15,5,GB,android,travel,0
T00015488,F00636,2368.62,NGN,3,6,US,ios,fuel,0
T00018258,F00558,967.94,NGN,21,4,NG,ios,food,0
T00006594,F00515,2057.59,NGN,1,7,NG,web,digital,1
T00005821,F00027,2207.8,NGN,12,7,GH,web,retail,0
T00018882,F00228,1289.77,NGN,1,12,NG,android,retail,0
T00011242,F00368,2444.47,NGN,6,12,NG,web,retail,0
T00011661,F00574,451.31,NGN,20,3,NG,web,fuel,0
T00013069,F00549,296.17,NGN,10,6,NG,android,travel,0
T00018004,F00255,841.5,NGN,2,5,NG,ios,electronics,0
T00018942,F00324,1166.68,NGN,3,6,NG,web,travel,0
T00010464,F00051,979.65,NGN,9,11,NG,android,fuel,0
T00005853,F00535,1855.67,NGN,22,3,NG,web,retail,0
T00005605,F00125,866.44,NGN,23,10,GH,android,travel,0
T00012825,F00170,422.74,NGN,10,7,NG,android,fuel,0
T00009433,F01189,1490.84,NGN,11,3,GB,android,electronics,0
T00005256,F01122,3552.94,NGN,12,4,NG,android,travel,0
T00007870,F00736,1323.76,NGN,10,10,US,android,retail,0
T00011267,F00090,241.5,NGN,22,2,NG,web,travel,0
T00017212,F00157,276.13,NGN,2,6,NG,ios,fuel,1
T00003887,F00901,1356.0,NGN,16,11,NG,web,food,0
T00008895,F01179,549.37,NGN,20,4,US,android,travel,0
T00009659,F01126,179.12,NGN,12,12,US,web,food,0
T00018001,F00028,1549.63,NGN,4,8,GH,web,food,1
T00009846,F00889,1286.38,NGN,15,3,NG,web,travel,0
T00005749,F00172,2260.47,NGN,5,4,NG,android,digital,0
T00015801,F00720,668.13,NGN,22,11,GH,ios,digital,0
T00011484,F01037,3275.32,NGN,9,4,NG,ios,food,0
T00011614,F01074,662.19,NGN,7,7,GH,web,electronics,0
T00007570,F00278,2707.45,NGN,22,7,NG,ios,food,0
T00019544,F01080,942.04,NGN,21,12,NG,web,digital,0
T00001256,F00041,515.96,NGN,23,7,NG,ios,travel,0
T00010064,F00548,480.18,NGN,4,6,GB,web,electronics,1
T00012968,F00555,612.09,NGN,8,11,NG,android,fuel,0
T00001144,F01102,1232.37,NGN,15,9,NG,android,electronics,0
T00011462,F00790,423.99,NGN,11,12,GH,web,food,0
T00008272,F00027,2633.8,NGN,11,1,NG,web,travel,0
T00002927,F00866,1364.43,NGN,0,9,NG,web,electronics,0
T00015353,F00769,580.27,NGN,18,1,NG,android,retail,0
T00012202,F00108,879.03,NGN,22,10,NG,web,digital,0
T00013737,F01016,930.43,NGN,11,5,NG,android,travel,0
T00009741,F00328,3024.78,NGN,18,4,GH,ios,fuel,0
T00013088,F00484,372.44,NGN,9,12,NG,ios,retail,0
T00008807,F00674,2290.19,NGN,20,3,NG,ios,retail,0
T00018436,F00747,806.01,NGN,11,2,NG,android,food,0
T00012584,F00791,3295.0,NGN,9,5,GH,android,retail,0
T00002470,F01072,3164.96,NGN,23,1,GB,android,electronics,0
T00017777,F00462,5845.05,NGN,9,1,NG,web,digital,0
T00019609,F00640,475.17,NGN,14,8,GH,android,food,0
T00016914,F00022,5866.29,NGN,15,10,GH,android,retail,0
T00012135,F00495,469.28,NGN,3,10,GH,android,food,1
T00004530,F00572,396.75,NGN,8,11,NG,web,electronics,0
T00001243,F00271,1390.42,NGN,23,2,NG,android,fuel,0
T00013321,F00008,309.7,NGN,16,5,GH,android,food,0
T00013388,F00305,4870.79,NGN,13,5,NG,web,digital,0
T00007459,F00820,2150.5,NGN,2,6,GB,android,travel,1
T00005727,F00930,568.3,NGN,9,10,NG,web,electronics,0
T00013948,F00930,638.79,NGN,17,11,US,android,food,0
T00001283,F00690,1128.62,NGN,22,4,NG,web,travel,0
T00015285,F00638,4534.62,NGN,18,6,GH,web,food,0
T00003775,F00545,250.39,NGN,4,3,NG,web,fuel,0
T00002336,F00831,549.85,NGN,3,12,GH,web,retail,0
T00006385,F00716,253.86,NGN,3,7,US,android,electronics,0
T00002312,F00735,745.42,NGN,19,6,US,web,electronics,0
T00018716,F00453,407.86,NGN,15,12,US,android,electronics,0
T00007366,F00593,62.42,NGN,13,12,US,web,travel,0
T00013562,F01067,1782.56,NGN,6,1,GB,android,fuel,0
T00005425,F00643,1126.61,NGN,11,3,NG,web,food,0
T00002111,F01093,1891.73,NGN,21,10,GB,android,digital,1
T00014487,F00672,1977.59,NGN,15,12,US,android,food,0
T00008295,F00831,10184.97,NGN,9,2,NG,ios,travel,0
T00004760,F01065,825.22,NGN,23,9,US,web,electronics,0
T00003789,F00306,609.56,NGN,17,11,GB,web,travel,0
T00018293,F00152,685.15,NGN,14,6,US,android,fuel,0
T00005761,F00163,688.94,NGN,18,1,NG,android,digital,0
T00013040,F00097,1051.53,NGN,1,9,NG,android,digital,1
T00015445,F00225,985.42,NGN,19,4,NG,ios,electronics,0
T00008363,F01085,1541.23,NGN,21,3,GB,web,electronics,0
T00004690,F00457,1534.16,NGN,6,2,NG,android,fuel,0
T00011390,F00350,1177.17,NGN,11,11,NG,android,travel,0
T00003352,F00695,434.37,NGN,6,7,NG,android,electronics,0
T00003733,F00154,1258.95,NGN,14,8,GH,ios,food,0
T00019848,F00516,1000.96,NGN,14,3,NG,ios,travel,0
T00000613,F00356,1001.68,NGN,20,5,GB,ios,digital,0
T00018332,F00648,726.58,NGN,22,6,US,android,digital,0
T00011659,F00191,1745.8,NGN,1,5,GH,web,food,0
T00015232,F00610,4148.14,NGN,6,7,GH,ios,retail,0
T00000417,F01097,1365.74,NGN,16,1,NG,ios,travel,0
T00011987,F01009,1075.81,NGN,15,3,NG,android,fuel,0
T00013914,F01118,429.64,NGN,8,5,US,web,food,0
T00018617,F00306,207.3,NGN,7,3,NG,ios,travel,0
T00000001,F01080,1534.2,NGN,17,11,NG,web,food,0
T00018631,F01185,13222.21,NGN,17,10,NG,android,fuel,0
T00007458,F00639,2437.54,NGN,0,8,GB,web,digital,0
T00001565,F00843,2900.12,NGN,3,7,GB,web,travel,1
T00010497,F00209,1036.5,NGN,2,12,NG,android,digital,1
T00011245,F00808,1930.95,NGN,9,4,US,web,electronics,0
T00012912,F00934,861.25,NGN,7,11,NG,android,electronics,0
T00008649,F00508,727.4,NGN,5,10,US,web,digital,0
T00013412,F00792,1628.77,NGN,13,6,GB,web,electronics,0
T00017959,F01177,385.95,NGN,7,5,US,web,food,0
T00011464,F00061,1428.03,NGN,4,6,GB,web,fuel,1
T00005112,F01115,301.19,NGN,6,4,GH,android,electronics,0
T00001146,F00678,3156.29,NGN,0,4,NG,android,fuel,0
T00014565,F00216,131.85,NGN,21,7,US,android,electronics,0
T00006432,F01110,1293.27,NGN,20,8,GB,ios,electronics,0
T00006825,F00794,379.67,NGN,0,2,NG,android,electronics,0
T00006647,F00057,341.73,NGN,6,12,GB,web,fuel,0
T00014235,F00559,817.82,NGN,3,5,GH,ios,digital,0
T00016367,F00154,3331.71,NGN,9,6,GB,ios,retail,0
T00005677,F00530,1098.04,NGN,5,2,GB,ios,food,0
T00014855,F00903,429.69,NGN,18,2,US,ios,food,0
T00007787,F00266,197.84,NGN,19,8,NG,ios,food,0
T00018275,F00753,3231.97,NGN,20,5,NG,android,digital,0
T00009152,F00862,401.45,NGN,1,10,GH,ios,digital,0
T00005897,F00923,2268.36,NGN,2,4,GH,android,digital,0
T00015833,F00973,1442.7,NGN,6,11,NG,android,retail,0
T00016160,F00929,256.54,NGN,3,3,NG,web,fuel,0
T00017211,F00054,1154.53,NGN,3,4,GH,ios,electronics,0
T00007518,F01098,725.67,NGN,14,2,NG,web,electronics,0
T00008635,F00053,1877.69,NGN,12,4,US,android,fuel,0
T00010095,F00618,8919.76,NGN,6,10,GH,web,digital,0
T00008480,F00304,634.82,NGN,21,1,GB,web,fuel,0
T00011980,F01159,619.12,NGN,17,9,NG,android,food,0
T00009063,F00914,4784.42,NGN,7,12,NG,android,electronics,0
T00012760,F00978,1737.67,NGN,8,7,US,ios,electronics,0
T00019580,F01028,1194.73,NGN,18,7,NG,android,food,0
T00013953,F00489,734.46,NGN,14,8,GB,web,fuel,0
T00018438,F01036,4249.81,NGN,15,12,US,web,fuel,0
T00007156,F00145,2266.89,NGN,7,5,US,web,fuel,0
T00014293,F01095,1090.98,NGN,0,10,GH,android,food,0
T00019208,F00010,12402.3,NGN,14,7,NG,ios,electronics,0
T00011065,F00127,2156.95,NGN,22,5,NG,web,food,0
T00012879,F00480,429.08,NGN,15,12,GH,ios,travel,0
T00013854,F00007,1286.41,NGN,11,12,GB,web,retail,0
T00003966,F01130,944.95,NGN,17,5,US,web,electronics,0
T00019951,F00044,4848.97,NGN,9,7,NG,android,digital,0
T00009073,F01012,1526.55,NGN,9,8,NG,ios,electronics,0
T00017452,F00322,2667.55,NGN,15,7,US,web,retail,0
T00008985,F01123,1438.54,NGN,9,9,GH,android,fuel,0
T00000755,F00035,221.92,NGN,22,6,NG,ios,travel,0
T00004038,F00171,961.15,NGN,0,5,US,web,travel,0
T00018752,F00845,587.09,NGN,18,3,NG,android,food,0
T00003494,F00450,721.38,NGN,3,7,US,web,digital,1
T00001617,F00834,1521.89,NGN,0,3,GH,android,fuel,0
T00005568,F00814,1360.63,NGN,23,3,NG,android,travel,0
T00018887,F00079,1060.35,NGN,10,9,NG,ios,fuel,0
T00014423,F00341,1895.85,NGN,20,9,GH,web,electronics,0
T00003958,F00133,1318.71,NGN,20,11,GB,ios,food,0
T00013564,F00022,2970.17,NGN,14,2,GB,web,food,0
T00012741,F01092,1905.33,NGN,4,1,GH,ios,travel,0
T00006724,F01187,2247.81,NGN,21,12,GB,web,electronics,0
T00005381,F00381,315.97,NGN,14,4,NG,web,electronics,0
T00016726,F00911,1412.19,NGN,1,5,NG,android,electronics,0
T00012125,F00323,642.01,NGN,15,7,GH,ios,retail,0
T00008150,F00897,1764.38,NGN,0,8,GH,ios,fuel,0
T00010089,F00996,1092.74,NGN,21,8,NG,ios,digital,0
T00006473,F00595,2773.1,NGN,5,4,US,ios,travel,0
T00014538,F00041,1811.06,NGN,22,10,NG,android,electronics,0
T00010535,F01011,3797.11,NGN,1,10,NG,android,digital,1
T00012230,F01119,1718.22,NGN,3,12,NG,ios,fuel,1
T00001714,F00752,1519.78,NGN,9,12,NG,ios,fuel,0
T00014841,F00589,1214.93,NGN,3,2,GH,android,travel,0
T00002654,F00774,1247.34,NGN,4,7,NG,android,travel,1
T00007478,F00572,2057.76,NGN,9,6,US,ios,travel,0
T00013663,F01113,2508.07,NGN,15,5,US,web,digital,0
T00003541,F00585,2057.21,NGN,19,12,NG,web,electronics,0
T00012470,F00845,3183.45,NGN,7,4,GB,android,retail,0
T00010351,F00008,622.53,NGN,4,9,US,android,travel,1
T00014140,F01028,690.71,NGN,18,5,GH,ios,travel,0
T00005789,F00879,5009.97,NGN,13,12,NG,web,retail,0
T00018276,F00009,7155.33,NGN,21,1,GH,web,fuel,0
T00016285,F01107,1210.52,NGN,21,9,NG,android,electronics,0
T00012328,F01110,1922.96,NGN,15,11,NG,android,travel,0
T00014196,F00100,343.71,NGN,4,3,NG,ios,retail,0
T00014427,F01001,859.33,NGN,9,8,GH,web,fuel,0
T00013897,F00721,844.77,NGN,2,7,GB,web,electronics,1
T00005896,F00790,3841.23,NGN,20,9,NG,web,travel,0
T00018269,F01124,272.81,NGN,23,4,NG,ios,fuel,0
T00003073,F00820,2543.06,NGN,10,1,NG,ios,electronics,0
T00013124,F00965,648.26,NGN,1,3,NG,web,fuel,0
T00007519,F00298,1986.41,NGN,1,11,GH,android,electronics,1
T00007182,F01078,8016.94,NGN,6,12,NG,ios,retail,0
T00008589,F01172,2440.21,NGN,11,3,US,web,travel,0
T00016629,F01065,4685.98,NGN,15,7,NG,android,food,0
T00004989,F00206,199.72,NGN,10,6,GH,web,food,0
T00015643,F00544,5789.6,NGN,17,12,GH,web,electronics,0
T00001947,F00308,2217.72,NGN,16,1,GH,ios,fuel,0
T00013733,F00296,1145.65,NGN,23,8,GH,android,food,0
T00018693,F00643,5064.91,NGN,22,11,GB,android,retail,0
T00012224,F00172,1192.33,NGN,23,2,GH,ios,fuel,0
T00012850,F01187,1091.28,NGN,23,12,NG,android,electronics,0
T00011321,F00486,1662.34,NGN,18,8,NG,ios,fuel,0
T00001734,F00285,367.03,NGN,4,12,US,web,digital,1
T00016543,F00754,2173.1,NGN,2,7,GH,android,digital,1
T00019729,F00075,213.7,NGN,12,8,US,web,electronics,0
T00016402,F01190,112.96,NGN,0,2,NG,android,retail,0
T00008055,F00854,1109.18,NGN,22,11,NG,android,travel,0
T00009027,F00536,937.96,NGN,10,7,NG,android,food,0
T00015702,F00871,2628.56,NGN,8,10,US,ios,electronics,0
T00004764,F01047,1385.41,NGN,10,12,US,android,retail,0
T00013649,F00536,619.11,NGN,6,5,US,android,fuel,0
T00000769,F00768,1517.43,NGN,11,9,NG,android,electronics,0
T00008067,F00844,3554.51,NGN,2,4,US,ios,food,0
T00011653,F00165,1237.74,NGN,10,8,GB,web,retail,0
T00016715,F00954,2771.33,NGN,4,8,NG,android,electronics,1
T00002133,F01133,4561.51,NGN,13,12,NG,web,fuel,0
T00000994,F01129,1498.72,NGN,19,10,US,ios,fuel,0
T00017758,F00333,1089.07,NGN,21,6,NG,android,travel,0
T00006928,F00706,3343.6,NGN,2,7,NG,ios,electronics,0
T00013979,F00801,4859.67,NGN,9,8,NG,android,retail,0
T00004657,F00732,2992.62,NGN,15,2,NG,ios,digital,0
T00000834,F01147,2861.13,NGN,19,7,GB,web,fuel,0
T00015455,F00826,2270.45,NGN,17,7,NG,android,travel,0
T00001023,F00908,698.92,NGN,14,10,GH,web,fuel,0
T00017057,F00551,2640.39,NGN,22,5,NG,android,digital,0
T00001325,F00318,618.06,NGN,10,5,US,ios,electronics,0
T00007455,F00259,297.2,NGN,19,4,GH,web,travel,0
T00003968,F00178,419.12,NGN,19,7,GH,ios,travel,0
T00016745,F01018,641.32,NGN,15,5,NG,ios,retail,0
T00019762,F00392,2057.41,NGN,1,1,NG,android,digital,0
T00013510,F01004,869.57,NGN,19,5,NG,ios,travel,0
T00010880,F00019,1233.58,NGN,1,9,GB,android,electronics,1
T00016741,F00418,895.93,NGN,13,11,US,web,digital,0
T00000032,F00257,3285.74,NGN,18,1,GB,web,travel,0
T00011283,F01192,1352.43,NGN,5,5,GB,android,food,0
T00000128,F00806,2417.01,NGN,16,12,NG,android,digital,0
T00017442,F00363,312.23,NGN,10,11,GB,android,food,0
T00016776,F00265,2651.33,NGN,13,4,US,android,travel,0
T00019817,F00459,738.72,NGN,0,6,NG,web,fuel,0
T00017622,F00169,9668.48,NGN,5,7,GB,android,electronics,0
T00015632,F00714,1257.24,NGN,4,4,NG,android,digital,0
T00008857,F00501,967.17,NGN,17,7,GH,android,digital,1
T00000136,F00058,1514.86,NGN,22,4,NG,ios,fuel,0
T00015087,F01126,287.96,NGN,2,1,NG,web,digital,0
T00015495,F01058,2310.26,NGN,17,10,US,android,electronics,0
T00014916,F00724,257.17,NGN,5,1,US,ios,food,0
T00017358,F01006,1014.33,NGN,8,4,NG,web,digital,0
T00005025,F00365,716.62,NGN,0,6,US,android,digital,0
T00011268,F01072,560.37,NGN,5,6,NG,ios,electronics,0
T00007022,F00980,273.14,NGN,13,9,GB,web,travel,0
T00018843,F01162,6706.07,NGN,6,11,NG,ios,travel,0
T00011897,F00312,956.27,NGN,13,9,NG,web,electronics,0
T00013474,F00226,4669.17,NGN,6,11,GB,android,food,0
T00013800,F00366,811.43,NGN,14,3,NG,android,travel,0
T00007181,F00388,3615.85,NGN,12,4,GH,ios,food,0
T00003919,F00084,2364.58,NGN,11,11,US,web,digital,0
T00010705,F00408,1224.93,NGN,8,10,GB,android,fuel,0
T00019644,F00931,9086.95,NGN,20,10,GH,android,travel,0
T00000615,F00374,1196.98,NGN,4,12,NG,android,retail,1
T00009639,F00879,495.71,NGN,3,12,NG,web,retail,0
T00012096,F00677,851.34,NGN,19,3,US,web,travel,0
T00002070,F00805,578.91,NGN,16,9,GB,web,digital,0
T00018374,F00848,764.28,NGN,21,7,US,ios,digital,0
T00019386,F00256,4399.58,NGN,11,7,GB,ios,food,0
T00014894,F00737,3330.58,NGN,6,8,NG,android,retail,0
T00018132,F00366,1403.12,NGN,21,1,GB,ios,fuel,0
T00005997,F00084,2220.44,NGN,23,3,US,ios,electronics,0
T00002784,F00391,1332.45,NGN,17,2,GH,android,travel,0
T00009655,F00505,371.4,NGN,5,10,NG,ios,electronics,0
T00007492,F00898,545.87,NGN,18,7,NG,android,electronics,0
T00006907,F00138,805.24,NGN,11,4,NG,android,fuel,0
T00019996,F00111,2110.23,NGN,20,2,GH,web,fuel,0
T00008219,F00988,1228.98,NGN,12,11,GB,web,travel,0
T00007901,F01104,359.94,NGN,1,8,US,web,food,1
T00002261,F01013,702.81,NGN,17,2,NG,ios,digital,0
T00015408,F01076,265.37,NGN,16,5,GB,web,food,0
T00001664,F01010,518.02,NGN,5,3,GH,android,electronics,0
T00008194,F00597,1776.39,NGN,12,9,NG,android,food,0
T00019429,F00232,2761.37,NGN,10,2,NG,ios,travel,0
T00006680,F00859,555.57,NGN,14,1,NG,android,food,0
T00015013,F00578,1172.39,NGN,18,3,US,android,fuel,0
T00011374,F00275,764.06,NGN,4,11,GH,ios,electronics,1
T00006504,F00298,906.84,NGN,15,10,GH,ios,retail,0
T00000846,F00520,3084.99,NGN,0,1,NG,android,retail,0
T00019308,F00275,256.76,NGN,17,7,GH,android,fuel,0
T00018427,F00364,4471.22,NGN,1,8,GH,ios,food,1
T00001005,F00567,867.1,NGN,20,7,US,android,travel,0
T00004011,F00034,1601.72,NGN,15,6,GB,web,travel,0
T00012436,F00725,1464.35,NGN,3,7,GB,android,fuel,0
T00014956,F00805,1581.69,NGN,8,6,GB,web,fuel,0
T00009767,F00808,1804.69,NGN,18,9,US,ios,fuel,0
T00009692,F00462,1027.21,NGN,2,4,GB,android,digital,0
T00016814,F00841,1563.8,NGN,15,12,GB,web,digital,0
T00014614,F00160,421.21,NGN,3,11,NG,web,electronics,0
T00016393,F00365,1088.93,NGN,10,12,NG,android,retail,0
T00012534,F00331,1747.51,NGN,3,7,GH,ios,retail,1
T00007663,F00089,215.23,NGN,2,5,NG,web,electronics,0
T00018815,F00100,552.92,NGN,13,1,GH,android,electronics,0
T00006819,F00138,2118.31,NGN,8,1,GB,web,fuel,0
T00012219,F00199,749.93,NGN,16,4,GB,android,retail,0
T00004831,F00296,742.3,NGN,4,6,NG,web,food,1
T00010798,F00505,5654.13,NGN,8,6,NG,web,fuel,0
T00001183,F00590,585.2,NGN,19,8,GB,web,fuel,0
T00009313,F01166,4701.76,NGN,21,11,NG,ios,travel,0
T00007072,F00675,1395.4,NGN,15,8,US,ios,fuel,0
T00010066,F01196,944.58,NGN,9,12,US,web,retail,0
T00010919,F00653,722.5,NGN,7,3,NG,web,travel,0
T00014593,F00029,1853.8,NGN,3,11,NG,ios,digital,1
T00005416,F00451,2329.22,NGN,1,1,NG,ios,retail,0
T00002998,F00077,418.6,NGN,23,11,GB,web,retail,0
T00015027,F00789,1582.16,NGN,8,11,NG,ios,electronics,0
T00007558,F00771,1500.01,NGN,11,5,US,android,retail,0
T00015425,F00816,2211.72,NGN,14,12,NG,android,travel,0
T00008751,F00805,741.02,NGN,12,12,NG,android,fuel,0
T00016466,F00053,816.11,NGN,18,12,GH,web,digital,0
T00009286,F00227,618.97,NGN,6,2,NG,ios,electronics,0
T00017273,F00817,6841.47,NGN,14,6,US,android,electronics,0
T00007201,F00781,1554.62,NGN,9,3,NG,web,digital,0
T00007734,F00597,1623.86,NGN,0,3,NG,web,electronics,0
T00000705,F00524,3313.77,NGN,11,6,NG,ios,retail,0
T00004304,F01120,180.65,NGN,0,6,NG,android,retail,0
T00018841,F00994,1032.38,NGN,0,4,GB,android,digital,0
T00000243,F00247,619.32,NGN,3,2,US,android,travel,0
T00010871,F01079,710.0,NGN,1,5,US,ios,digital,0
T00016566,F00690,162.65,NGN,12,5,GB,android,food,0
T00005483,F00298,969.66,NGN,4,10,NG,android,fuel,1
T00015899,F01020,798.16,NGN,3,2,GH,android,travel,0
T00016248,F00649,1770.14,NGN,15,8,GB,ios,electronics,0
T00004753,F00863,986.09,NGN,16,2,GB,web,electronics,0
T00014402,F00645,1003.38,NGN,4,5,NG,ios,fuel,0
T00011069,F00585,3466.35,NGN,11,2,US,ios,retail,0
T00003443,F00978,610.09,NGN,7,8,US,web,digital,0
T00017161,F00682,142.96,NGN,1,7,NG,ios,digital,0
T00010846,F00731,1050.01,NGN,19,9,GH,ios,electronics,0
T00002088,F00325,463.55,NGN,2,3,GB,web,electronics,0
T00010432,F00545,2816.45,NGN,4,4,NG,android,food,0
T00000644,F00708,243.1,NGN,23,1,GH,web,retail,0
T00005191,F00277,2072.68,NGN,12,5,GB,ios,digital,0
T00015426,F00990,670.99,NGN,9,11,NG,android,fuel,0
T00005466,F00483,612.96,NGN,1,12,GH,web,fuel,1
T00006122,F00982,1182.21,NGN,11,10,NG,web,retail,0
T00014180,F00895,923.35,NGN,10,9,NG,web,fuel,0
T00001382,F00004,1447.79,NGN,20,5,GB,android,electronics,0
T00005634,F01059,2184.0,NGN,20,7,NG,android,retail,0
T00011417,F00876,1079.84,NGN,15,1,NG,ios,digital,0
T00013298,F00541,2561.72,NGN,14,6,NG,ios,food,0
T00005688,F01021,3104.08,NGN,15,10,GB,ios,travel,0
T00006258,F00543,481.32,NGN,17,6,GH,web,travel,0
T00008347,F00719,391.71,NGN,17,5,GB,ios,fuel,0
T00002416,F01007,225.48,NGN,16,3,GH,android,travel,0
T00014762,F00744,2829.1,NGN,5,9,GH,ios,travel,0
T00015196,F00870,814.23,NGN,1,9,NG,web,retail,1
T00017130,F00668,3309.86,NGN,23,4,US,android,fuel,0
T00005841,F00979,963.76,NGN,3,7,NG,android,travel,1
T00006841,F00053,697.61,NGN,16,7,NG,web,digital,0
T00003788,F01195,1025.41,NGN,6,1,GB,android,electronics,0
T00005061,F00796,7368.99,NGN,10,9,GH,ios,fuel,0
T00012954,F01173,2150.23,NGN,23,12,GB,android,travel,0
T00014335,F00340,627.72,NGN,2,2,US,web,digital,0
T00016196,F00149,534.33,NGN,4,7,NG,web,food,1
T00015477,F01022,203.95,NGN,9,12,NG,android,electronics,0
T00013887,F00159,6008.56,NGN,15,6,US,ios,travel,0
T00017886,F00141,2273.17,NGN,8,2,NG,ios,digital,0
T00005027,F00600,493.39,NGN,18,1,NG,android,digital,0
T00014499,F00386,4328.84,NGN,15,11,GH,web,electronics,0
T00008552,F00328,485.29,NGN,0,3,NG,android,food,0
T00016481,F01199,460.14,NGN,17,4,GH,web,travel,0
T00011905,F00358,2242.38,NGN,23,3,GB,ios,electronics,0
T00001485,F00180,842.81,NGN,22,4,US,ios,fuel,0
T00006027,F00987,559.01,NGN,5,10,NG,web,digital,0
T00014420,F00274,1037.29,NGN,15,6,NG,web,food,0
T00016484,F00382,3481.21,NGN,21,10,NG,web,fuel,0
T00019669,F00658,250.84,NGN,14,7,NG,web,digital,0
T00005779,F00265,443.66,NGN,11,7,NG,android,fuel,0
T00002768,F00891,376.19,NGN,10,10,GB,ios,travel,0
T00008926,F00706,951.53,NGN,21,8,NG,android,travel,0
T00009293,F00610,563.36,NGN,6,8,US,android,fuel,0
T00008414,F01179,753.28,NGN,0,3,GH,web,fuel,0
T00007904,F00654,1036.36,NGN,12,9,NG,android,fuel,0
T00008075,F01092,524.39,NGN,14,9,NG,web,retail,0
T00014341,F00391,1435.67,NGN,11,11,NG,ios,digital,0
T00002030,F00160,551.05,NGN,0,1,NG,android,travel,0
T00017972,F00072,942.26,NGN,8,9,US,android,retail,0
T00004705,F00198,3833.25,NGN,16,11,GH,ios,retail,0
T00019000,F00088,631.54,NGN,19,10,NG,ios,fuel,0
T00016647,F01068,327.51,NGN,22,10,GH,ios,fuel,0
T00010735,F00615,815.82,NGN,18,5,NG,web,fuel,0
T00002027,F00617,767.06,NGN,17,6,NG,android,fuel,0
T00015460,F00553,9267.22,NGN,18,11,GB,web,digital,0
T00004065,F01175,739.53,NGN,20,3,NG,ios,travel,0
T00006340,F01116,1349.6,NGN,8,4,US,ios,digital,0
T00010337,F00763,1632.9,NGN,0,4,GH,android,digital,0
T00008577,F00842,1323.9,NGN,21,3,US,android,fuel,0
T00018869,F01107,1363.56,NGN,19,12,NG,ios,digital,0
T00006505,F01083,234.03,NGN,22,4,NG,web,digital,0
T00012810,F00641,3279.09,NGN,6,8,NG,ios,electronics,0
T00012425,F00604,860.3,NGN,21,11,GH,web,retail,0
T00017571,F00148,384.97,NGN,6,8,NG,ios,electronics,0
T00011705,F01110,2142.76,NGN,10,12,GH,ios,electronics,0
T00018130,F00911,1871.34,NGN,18,12,NG,android,retail,0
T00014167,F00052,1006.01,NGN,5,12,NG,android,digital,0
T00017563,F00928,583.56,NGN,2,12,GH,ios,fuel,0
T00005248,F00725,1505.2,NGN,12,11,GH,ios,retail,0
T00005035,F00428,2433.89,NGN,13,7,NG,ios,food,0
T00019126,F00808,600.25,NGN,0,12,GB,ios,retail,0
T00002660,F00953,3047.22,NGN,6,2,GH,android,travel,0
T00014579,F00427,727.04,NGN,16,9,GB,ios,fuel,0
T00011706,F00594,307.18,NGN,15,11,NG,ios,fuel,0
T00003068,F00800,5041.94,NGN,4,12,NG,web,digital,1
T00005937,F00432,2529.74,NGN,19,2,NG,android,food,0
T00009823,F00214,1050.3,NGN,7,4,US,web,retail,0
T00000638,F01113,592.96,NGN,14,7,NG,web,digital,0
T00011361,F00648,488.77,NGN,19,9,NG,android,retail,0
T00017713,F00021,2577.11,NGN,6,12,NG,android,travel,0
T00006054,F01030,237.38,NGN,18,8,NG,ios,digital,0
T00012171,F01153,816.58,NGN,15,4,NG,android,fuel,0
T00010614,F00820,3513.39,NGN,20,8,GB,web,retail,0
T00006829,F00582,455.52,NGN,0,1,NG,web,fuel,0
T00004686,F00655,732.24,NGN,0,5,GH,web,electronics,0
T00001261,F00788,1483.23,NGN,2,6,NG,web,food,1
T00003827,F01199,733.66,NGN,5,2,GB,web,travel,0
T00014781,F00601,1967.84,NGN,18,3,GB,ios,electronics,0
T00016997,F00769,992.93,NGN,22,11,GH,ios,travel,0
T00000092,F01172,1498.78,NGN,21,10,NG,android,fuel,0
T00000137,F00540,2249.1,NGN,10,8,GB,web,retail,0
T00019145,F00467,428.74,NGN,1,12,NG,web,fuel,1
T00002058,F00991,903.09,NGN,16,1,US,ios,digital,0
T00012757,F00149,772.2,NGN,3,2,NG,web,travel,1
T00005200,F00063,397.74,NGN,19,12,GB,ios,electronics,0
T00012318,F00423,3418.07,NGN,13,12,NG,ios,digital,0
T00008980,F00561,1317.02,NGN,9,7,US,web,fuel,0
T00013067,F00419,2810.16,NGN,13,10,NG,android,retail,0
T00012530,F00035,971.29,NGN,13,6,GH,android,travel,0
T00000822,F00078,309.5,NGN,6,2,GH,android,travel,0
T00011260,F00570,1557.51,NGN,9,7,GH,android,food,0
T00002351,F01141,789.21,NGN,7,5,NG,web,retail,0
T00001025,F01062,1604.2,NGN,3,10,NG,web,retail,0
T00005636,F00314,1416.43,NGN,13,4,US,android,digital,0
T00000111,F00399,714.07,NGN,20,9,US,ios,electronics,0
T00004198,F00486,4100.72,NGN,13,1,GH,ios,food,0
T00019028,F00120,3171.59,NGN,20,5,US,ios,food,0
T00010852,F00286,635.56,NGN,12,6,US,android,digital,0
T00000494,F01138,894.64,NGN,2,1,US,ios,travel,0
T00004810,F00815,599.78,NGN,22,11,GH,web,fuel,0
T00000471,F00662,1406.95,NGN,0,7,GH,android,digital,0
T00012505,F00756,3051.48,NGN,11,7,GH,web,travel,0
T00005904,F00103,3989.24,NGN,11,4,GH,ios,travel,0
T00015681,F00979,3040.72,NGN,20,10,NG,web,retail,0
T00013572,F00102,2360.3,NGN,12,5,NG,android,fuel,0
T00007879,F00177,2429.71,NGN,22,8,GH,web,retail,0
T00007579,F00319,763.73,NGN,13,2,NG,ios,fuel,0
T00000448,F00626,534.74,NGN,17,2,US,ios,fuel,0
T00006784,F00732,2246.38,NGN,2,5,NG,web,electronics,0
T00019154,F00280,181.17,NGN,18,8,NG,web,food,0
T00009425,F00989,170.89,NGN,20,1,GB,android,electronics,0
T00014983,F00202,592.64,NGN,16,4,NG,web,fuel,0
T00016640,F00460,196.88,NGN,4,6,NG,android,food,0
T00012201,F00047,5342.6,NGN,8,5,US,android,travel,0
T00016114,F00277,1924.66,NGN,4,2,GH,ios,travel,0
T00009058,F01098,1013.41,NGN,3,5,NG,android,fuel,0
T00002923,F00023,576.13,NGN,11,11,GH,android,food,0
T00016583,F01154,431.48,NGN,20,6,NG,web,electronics,0
T00016245,F00833,1622.95,NGN,7,5,GH,android,digital,0
T00006240,F01017,320.19,NGN,11,7,NG,ios,electronics,0
T00005530,F00633,1278.42,NGN,3,10,GB,ios,travel,0
T00004913,F00209,631.29,NGN,5,5,NG,android,digital,0
T00006991,F00546,2140.81,NGN,3,12,NG,web,retail,1
T00014620,F00207,198.86,NGN,2,1,NG,android,travel,0
T00013546,F01199,1641.5,NGN,13,1,NG,ios,fuel,0
T00018496,F00985,1537.13,NGN,19,1,US,ios,electronics,0
T00015481,F00561,591.73,NGN,6,7,US,ios,fuel,0
T00012694,F00265,973.78,NGN,6,12,US,android,fuel,1
T00010829,F00688,1378.17,NGN,17,5,US,ios,retail,0
T00013441,F00497,1423.05,NGN,16,11,US,ios,food,0
T00007135,F00952,577.43,NGN,14,8,NG,android,digital,0
T00007314,F00165,4078.94,NGN,5,12,NG,web,food,0
T00009057,F00002,1881.63,NGN,18,8,NG,android,travel,0
T00010484,F00922,3735.69,NGN,2,1,GB,ios,digital,0
T00017506,F01193,2756.94,NGN,2,5,NG,android,electronics,0
T00019414,F00774,459.68,NGN,15,1,GH,android,retail,0
T00008882,F00755,967.09,NGN,21,1,GH,web,travel,0
T00002672,F00293,535.24,NGN,15,12,NG,ios,retail,0
T00001287,F00342,2806.46,NGN,11,1,NG,web,electronics,0
T00007269,F00209,298.32,NGN,9,3,GH,ios,digital,0
T00000179,F00644,6858.11,NGN,17,2,NG,web,electronics,0
T00013675,F01010,4034.48,NGN,19,3,GH,web,retail,0
T00015387,F00359,727.02,NGN,18,1,NG,web,retail,0
T00008112,F01051,389.81,NGN,2,4,NG,web,food,0
T00017207,F01110,606.49,NGN,12,11,US,android,food,0
T00006155,F00488,2735.01,NGN,0,8,US,android,fuel,0
T00002582,F00013,1207.06,NGN,18,9,NG,ios,fuel,0
T00015438,F00098,702.25,NGN,13,8,NG,ios,food,0
T00004833,F00824,766.53,NGN,4,1,GB,web,retail,0
T00001742,F00498,2102.46,NGN,4,3,NG,web,food,0
T00017469,F00886,1226.95,NGN,17,6,GH,ios,electronics,0
T00001282,F00250,370.62,NGN,20,12,GH,ios,fuel,0
T00017787,F00476,949.51,NGN,22,1,NG,android,food,0
T00018056,F00271,595.99,NGN,21,9,NG,android,fuel,0
T00004108,F00276,566.84,NGN,2,4,NG,android,fuel,0
T00005162,F00554,891.61,NGN,17,8,US,ios,retail,0
T00016272,F00175,2449.41,NGN,13,4,GB,ios,food,0
T00000680,F00548,1479.59,NGN,23,10,NG,android,food,0
T00001100,F00174,847.03,NGN,17,4,NG,web,electronics,0
T00016773,F00409,378.05,NGN,20,7,NG,ios,retail,0
T00016925,F00846,189.19,NGN,3,12,GH,web,electronics,1
T00014527,F00446,1455.09,NGN,23,8,GB,android,food,0
T00002492,F00355,721.4,NGN,14,9,NG,ios,travel,0
T00000970,F00099,1662.17,NGN,21,11,GB,ios,travel,0
T00002288,F00259,913.64,NGN,18,5,NG,web,electronics,0
T00016455,F00022,1192.62,NGN,21,4,GB,web,travel,0
T00015156,F00975,2177.17,NGN,12,8,GB,web,food,0
T00004739,F00191,453.73,NGN,22,12,NG,android,retail,0
T00009024,F00418,1000.81,NGN,23,1,GB,android,travel,0
T00005413,F00196,522.78,NGN,12,8,NG,android,fuel,0
T00018578,F01063,686.5,NGN,20,3,NG,ios,retail,0
T00017205,F00191,8051.07,NGN,0,3,NG,ios,food,0
T00009576,F00220,2592.26,NGN,7,4,NG,android,food,0
T00012371,F00315,1185.08,NGN,1,12,NG,ios,fuel,1
T00010617,F00148,2052.57,NGN,5,1,GB,web,food,0
T00007504,F00792,1957.22,NGN,22,6,GB,android,digital,0
T00003686,F00449,6588.13,NGN,21,11,US,web,electronics,0
T00008467,F01030,652.83,NGN,4,12,NG,android,electronics,0
T00000990,F00423,208.57,NGN,16,3,NG,android,fuel,0
T00012307,F01015,2397.61,NGN,18,7,US,android,digital,0
T00015535,F00371,1021.17,NGN,21,12,NG,ios,fuel,0
T00001633,F00695,2790.3,NGN,10,11,NG,ios,fuel,0
T00007526,F01167,2672.72,NGN,7,10,GB,android,digital,0
T00002952,F01082,78.54,NGN,19,5,GH,web,fuel,0
T00004891,F00700,141.81,NGN,23,4,NG,android,travel,0
T00013077,F01014,1740.46,NGN,1,5,US,web,food,0
T00015793,F00588,1313.74,NGN,13,3,GH,web,retail,0
T00010379,F00467,1314.48,NGN,16,10,NG,android,electronics,0
T00007751,F00632,682.45,NGN,5,12,NG,web,digital,0
T00019685,F00581,11685.63,NGN,11,8,NG,android,digital,0
T00002120,F00717,1001.07,NGN,14,11,NG,web,retail,0
T00015140,F00951,843.14,NGN,21,8,NG,ios,electronics,0
T00017096,F00350,724.01,NGN,6,9,NG,ios,food,0
T00004508,F00355,560.92,NGN,12,8,GB,ios,retail,0
T00019767,F00062,903.23,NGN,4,1,GH,web,fuel,0
T00007057,F00511,1471.61,NGN,15,11,NG,web,travel,0
T00017821,F00133,733.58,NGN,6,8,NG,web,food,0
T00018747,F01011,456.45,NGN,11,7,GH,web,digital,0
T00016724,F00140,5328.29,NGN,5,8,US,android,digital,0
T00019467,F00111,1277.72,NGN,7,7,US,ios,digital,0
T00018702,F00150,393.8,NGN,18,10,US,web,digital,0
T00016792,F00432,360.93,NGN,5,1,US,web,travel,0
T00017215,F01042,1362.99,NGN,16,3,NG,ios,electronics,0
T00018482,F00561,413.16,NGN,11,10,US,android,retail,0
T00008742,F01077,207.5,NGN,22,8,NG,ios,fuel,0
T00002702,F01122,387.33,NGN,18,7,NG,ios,food,0
T00017761,F00475,472.88,NGN,15,2,NG,ios,fuel,0
T00005549,F00158,2137.64,NGN,13,10,GB,web,fuel,0
T00018298,F00367,4436.48,NGN,11,5,GB,android,digital,0
T00019623,F00842,1197.57,NGN,16,12,NG,web,retail,0
T00015397,F00850,312.24,NGN,0,4,GH,ios,food,0
T00013570,F00298,752.25,NGN,12,10,US,android,retail,0
T00016323,F00508,1433.54,NGN,19,10,GB,ios,fuel,0
T00015366,F00701,610.56,NGN,4,11,US,ios,electronics,1
T00010019,F00464,510.76,NGN,1,2,GH,android,digital,0
T00004820,F00193,95.5,NGN,0,8,NG,ios,electronics,0
T00013732,F00310,801.04,NGN,1,11,GB,ios,travel,0
T00015128,F00806,925.76,NGN,12,1,NG,android,digital,0
T00012924,F00941,811.3,NGN,10,3,NG,android,retail,0
T00015119,F00929,1270.91,NGN,20,7,US,android,retail,0
T00008715,F00725,848.75,NGN,12,11,NG,android,retail,0
T00008871,F01188,486.54,NGN,13,9,NG,ios,retail,1
T00006091,F00263,1966.07,NGN,5,10,NG,ios,travel,0
T00009369,F01041,613.7,NGN,1,9,NG,android,digital,1
T00001595,F00721,2287.14,NGN,14,11,NG,ios,retail,0
T00007325,F00266,2253.96,NGN,4,6,NG,web,digital,0
T00005234,F00558,3206.33,NGN,6,6,NG,android,food,0
T00007602,F00167,240.7,NGN,4,2,GB,web,electronics,0
T00011889,F00512,15040.61,NGN,15,8,NG,android,food,1
T00017026,F00053,1646.96,NGN,9,7,GB,ios,food,0
T00006698,F00789,2728.01,NGN,10,12,GH,android,food,0
T00003718,F00176,355.31,NGN,20,2,US,ios,electronics,0
T00009435,F00976,1788.3,NGN,17,8,NG,ios,retail,0
T00010522,F00449,765.29,NGN,0,2,NG,web,electronics,0
T00000289,F00349,724.87,NGN,7,3,US,android,digital,0
T00009625,F00427,701.6,NGN,8,1,NG,ios,food,0
T00010965,F00692,778.74,NGN,10,4,NG,android,retail,0
T00003989,F00783,11038.35,NGN,17,6,NG,ios,fuel,0
T00015545,F00180,689.63,NGN,22,7,GH,ios,fuel,0
T00000411,F01072,1276.29,NGN,21,5,GH,ios,food,0
T00014100,F00591,447.15,NGN,21,2,US,ios,electronics,0
T00014428,F01071,926.47,NGN,9,5,GH,web,fuel,0
T00017420,F00975,896.78,NGN,8,10,NG,web,food,0
T00005174,F01107,3155.97,NGN,2,6,NG,ios,digital,1
T00000453,F00122,812.19,NGN,14,12,GB,web,retail,0
T00003286,F00560,262.09,NGN,21,1,US,web,digital,0
T00005033,F00021,868.9,NGN,6,6,US,ios,retail,0
T00008517,F00358,554.14,NGN,10,12,GH,web,travel,0
T00019167,F00245,447.13,NGN,21,3,US,android,fuel,0
T00003785,F00935,4416.47,NGN,11,7,NG,android,fuel,0
T00018928,F00742,880.58,NGN,23,11,NG,web,fuel,0
T00010132,F00986,2990.7,NGN,2,7,NG,web,travel,0
T00016765,F00112,995.03,NGN,6,1,US,ios,digital,0
T00004243,F00555,1135.22,NGN,19,8,NG,android,travel,0
T00007368,F00038,1821.35,NGN,15,1,NG,web,food,0
T00011964,F00282,724.85,NGN,11,8,GH,android,electronics,0
T00000186,F01138,5278.59,NGN,1,12,US,web,food,1
T00010691,F00462,545.54,NGN,12,1,GH,ios,food,0
T00012067,F00190,3416.57,NGN,6,5,NG,web,electronics,0
T00003527,F00888,1631.7,NGN,20,10,NG,ios,fuel,0
T00018225,F00054,705.01,NGN,22,6,NG,ios,food,0
T00007143,F00802,128.42,NGN,2,4,GH,ios,digital,0
T00018417,F01048,990.12,NGN,14,2,NG,android,retail,0
T00004728,F00298,246.8,NGN,10,12,GB,ios,retail,0
T00014652,F01146,287.1,NGN,12,5,NG,ios,electronics,0
T00013742,F00901,1487.13,NGN,10,1,GB,web,electronics,0
T00013589,F00017,612.99,NGN,14,2,NG,ios,retail,0
T00009510,F00945,228.32,NGN,22,8,NG,android,travel,0
T00002220,F00988,993.08,NGN,12,8,NG,web,travel,0
T00012771,F00402,733.81,NGN,11,2,NG,ios,food,0
T00013473,F01159,1272.22,NGN,12,8,NG,ios,retail,0
T00010194,F00876,2870.0,NGN,3,2,GB,android,fuel,0
T00014767,F00960,2570.89,NGN,18,5,NG,ios,food,0
T00014018,F00411,447.86,NGN,15,9,US,web,food,0
T00005701,F00891,2237.06,NGN,21,3,NG,web,digital,0
T00001227,F00546,2735.23,NGN,20,7,NG,ios,digital,0
T00016144,F00718,622.25,NGN,22,11,NG,web,electronics,0
T00005609,F00874,791.22,NGN,11,3,GB,ios,digital,0
T00015281,F00046,1408.13,NGN,19,2,US,web,food,0
T00019936,F00217,1665.74,NGN,2,8,NG,android,food,1
T00015521,F00336,1071.21,NGN,4,1,GH,ios,retail,0
T00010044,F00183,654.36,NGN,9,10,GH,android,electronics,0
T00007786,F01132,742.13,NGN,0,10,GB,android,travel,0
T00013837,F00113,258.65,NGN,23,2,GH,android,travel,0
T00006921,F00331,102.13,NGN,22,10,NG,ios,travel,0
T00011111,F00422,2028.06,NGN,4,4,NG,web,fuel,0
T00016703,F00248,722.05,NGN,22,11,NG,ios,fuel,0
T00004460,F00177,508.72,NGN,3,12,GH,ios,electronics,1
T00001272,F00069,2515.15,NGN,3,9,GH,android,retail,1
T00014936,F00165,1136.81,NGN,15,7,NG,android,electronics,0
T00015316,F00056,357.22,NGN,17,3,NG,ios,fuel,0
T00004900,F00165,753.25,NGN,13,12,NG,android,travel,0
T00006539,F00466,547.66,NGN,4,6,US,ios,fuel,1
T00018573,F00875,688.46,NGN,0,9,GH,android,electronics,0
T00009768,F00704,939.45,NGN,9,12,GB,android,travel,0
T00004520,F01067,1676.52,NGN,7,8,GH,android,digital,0
T00018826,F01075,289.51,NGN,0,12,NG,ios,fuel,0
T00018896,F00087,578.0,NGN,5,10,GH,android,travel,0
T00014034,F00103,1522.26,NGN,11,3,NG,android,travel,0
T00008890,F01186,177.67,NGN,3,3,GH,android,electronics,0
T00012562,F01047,291.09,NGN,3,9,GB,android,retail,1
T00008575,F00673,1240.06,NGN,6,5,GH,web,retail,0
T00019843,F00652,6966.45,NGN,17,6,NG,ios,fuel,0
T00016300,F00341,4348.33,NGN,1,10,NG,ios,electronics,0
T00017407,F00513,323.58,NGN,14,6,GB,android,digital,0
T00008192,F00841,835.51,NGN,9,6,NG,ios,retail,0
T00004937,F00749,1288.06,NGN,12,4,US,ios,retail,0
T00010873,F00419,558.62,NGN,15,5,US,android,retail,0
T00005079,F00500,456.53,NGN,2,3,GB,ios,travel,0
T00009539,F00452,1620.83,NGN,20,7,NG,ios,travel,0
T00009573,F00271,574.17,NGN,0,10,GH,ios,food,0
T00014649,F00099,210.36,NGN,2,12,GH,ios,travel,1
T00011617,F01148,876.71,NGN,7,1,GB,android,digital,0
T00011773,F00672,6765.28,NGN,6,12,GH,ios,travel,0
T00000549,F00677,4933.73,NGN,17,8,NG,web,electronics,0
T00001134,F00340,487.67,NGN,3,3,NG,web,retail,0
T00006078,F01175,758.87,NGN,12,8,US,android,fuel,0
T00002836,F00497,523.38,NGN,15,5,NG,ios,travel,0
T00009628,F00516,1182.99,NGN,12,10,NG,android,fuel,0
T00015272,F00661,2659.06,NGN,21,5,NG,android,digital,0
T00002400,F00148,5110.26,NGN,8,11,NG,ios,electronics,0
T00001430,F00148,405.35,NGN,19,12,NG,android,food,0
T00010827,F00682,1617.67,NGN,12,3,NG,ios,travel,0
T00007312,F00919,587.6,NGN,21,11,GB,android,electronics,0
T00000862,F00869,2006.18,NGN,23,10,US,android,retail,0
T00013552,F00743,168.95,NGN,14,6,GB,android,retail,0
T00010165,F01014,1538.89,NGN,5,2,NG,web,digital,0
T00016446,F00938,1194.53,NGN,1,4,NG,ios,travel,0
T00015837,F00576,199.71,NGN,19,4,NG,web,fuel,0
T00013920,F00262,2119.27,NGN,1,5,GH,ios,travel,0
T00006320,F00499,693.59,NGN,12,10,NG,web,fuel,0
T00016135,F00192,2559.6,NGN,13,11,NG,ios,fuel,0
T00014433,F00357,886.83,NGN,10,9,NG,ios,retail,0
T00019232,F01048,6626.48,NGN,4,3,US,android,retail,0
T00011851,F00559,27977.53,NGN,4,2,NG,android,electronics,0
T00019453,F00108,3698.6,NGN,16,4,US,web,travel,0
T00019360,F00954,1916.42,NGN,19,12,US,web,electronics,0
T00018461,F00758,739.73,NGN,9,10,US,web,food,0
T00005919,F01041,2445.71,NGN,13,7,US,android,electronics,0
T00018014,F00682,654.15,NGN,3,7,GH,web,digital,1
T00000162,F00336,4867.87,NGN,19,3,GB,ios,travel,0
T00012123,F00320,356.38,NGN,15,11,GH,web,retail,0
T00018663,F00372,193.15,NGN,4,9,GB,ios,travel,1
T00010988,F00907,760.85,NGN,4,3,GB,android,electronics,0
T00000805,F01027,403.39,NGN,9,7,GB,android,retail,0
T00018388,F00238,2664.07,NGN,18,9,NG,ios,food,0
T00010826,F00775,3345.29,NGN,19,12,NG,android,electronics,0
T00003650,F01065,1560.35,NGN,11,5,NG,web,electronics,0
T00014162,F01038,435.22,NGN,12,4,GB,web,electronics,0
T00012386,F00547,198.35,NGN,17,3,NG,ios,travel,0
T00017295,F00976,906.85,NGN,10,6,NG,web,fuel,0
T00008391,F01197,1739.24,NGN,0,7,NG,web,fuel,0
T00003865,F00154,854.46,NGN,22,3,US,android,retail,0
T00011856,F01194,4918.29,NGN,19,1,US,android,travel,0
T00018256,F00843,4770.07,NGN,9,9,GB,ios,retail,0
T00018146,F00391,1805.96,NGN,1,4,GB,ios,retail,0
T00010717,F01086,1571.61,NGN,10,6,NG,android,food,0
T00000640,F00981,1432.09,NGN,4,2,GH,ios,fuel,0
T00002140,F00666,373.04,NGN,4,12,GB,android,travel,1
T00002930,F00118,514.99,NGN,6,1,NG,web,fuel,0
T00000721,F01098,1055.1,NGN,19,5,NG,android,food,0
T00002510,F00999,1053.45,NGN,1,9,NG,ios,retail,0
T00004637,F00741,10172.22,NGN,14,12,GH,ios,retail,0
T00011068,F00992,2162.73,NGN,9,7,US,android,retail,0
T00017219,F00098,2257.53,NGN,13,12,GH,android,food,0
T00016572,F00705,990.87,NGN,15,8,US,web,digital,0
T00005700,F00496,774.68,NGN,17,8,NG,android,fuel,0
T00010779,F00155,367.35,NGN,8,3,GH,android,digital,0
T00013479,F00811,1887.43,NGN,4,7,US,web,electronics,1
T00012177,F00675,554.05,NGN,22,10,GB,android,electronics,0
T00017848,F00639,895.15,NGN,9,3,NG,ios,fuel,0
T00007573,F01142,901.68,NGN,9,4,GB,web,electronics,0
T00019331,F01109,3703.55,NGN,4,2,NG,web,electronics,0
T00000080,F00408,3081.21,NGN,4,11,GB,android,electronics,1
T00011156,F00310,2132.35,NGN,7,12,US,ios,travel,0
T00007743,F01038,1729.79,NGN,5,2,NG,web,retail,0
T00003345,F01144,6109.33,NGN,1,7,NG,ios,food,0
T00010912,F00045,1442.64,NGN,20,11,NG,ios,travel,0
T00013000,F00595,11377.84,NGN,10,5,GB,web,digital,0
T00003040,F01160,2635.6,NGN,23,12,NG,ios,travel,0
T00018480,F00030,287.78,NGN,19,4,GH,ios,fuel,0
T00013792,F00494,1596.76,NGN,22,4,US,android,travel,0
T00006072,F00859,2220.72,NGN,9,1,NG,ios,food,0
T00004409,F00859,4094.1,NGN,3,6,US,ios,travel,0
T00014597,F01152,491.78,NGN,6,7,NG,web,electronics,0
T00006323,F00821,1690.54,NGN,16,1,GH,web,food,0
T00011844,F00085,1153.94,NGN,14,3,GH,web,fuel,0
T00017997,F01056,1567.51,NGN,22,8,GB,web,electronics,0
T00009839,F00612,488.05,NGN,23,9,US,android,digital,0
T00003085,F00804,934.04,NGN,15,4,NG,web,electronics,0
T00002797,F01034,928.28,NGN,18,1,NG,web,food,0
T00005913,F00334,5351.58,NGN,2,12,GB,web,retail,1
T00013603,F00963,2449.91,NGN,22,8,GH,ios,food,0
T00010856,F00366,1219.85,NGN,23,5,GB,ios,retail,0
T00001141,F00499,6295.81,NGN,15,4,NG,ios,fuel,0
T00010628,F00864,2019.9,NGN,0,5,NG,ios,retail,0
T00008513,F00802,547.11,NGN,1,11,GB,web,electronics,1
T00008169,F00205,694.36,NGN,8,12,GH,android,fuel,0
T00007909,F00905,1474.96,NGN,8,4,NG,ios,fuel,0
T00007405,F01037,447.45,NGN,0,4,NG,web,digital,0
T00011808,F00820,2875.61,NGN,15,8,NG,web,digital,0
T00014405,F00641,494.43,NGN,12,4,GB,android,fuel,0
T00008477,F00819,4545.28,NGN,19,4,GB,android,digital,0
T00017144,F01030,1040.43,NGN,16,2,GH,web,fuel,0
T00010601,F00897,1993.06,NGN,14,6,NG,android,fuel,0
T00014032,F00302,7304.72,NGN,11,8,GB,android,fuel,0
T00003265,F00814,522.94,NGN,16,6,NG,android,fuel,0
T00017320,F01092,866.13,NGN,17,3,GH,android,food,0
T00009851,F00995,364.45,NGN,2,7,NG,android,travel,1
T00001566,F00797,1776.49,NGN,19,11,NG,web,travel,0
T00009753,F00821,2098.15,NGN,20,8,GB,web,food,0
T00008019,F00465,2870.9,NGN,22,5,NG,web,retail,0
T00018673,F00674,1111.4,NGN,12,6,NG,web,retail,0
T00017008,F00643,1536.0,NGN,19,7,US,android,fuel,0
T00014049,F01131,1523.83,NGN,17,3,GB,ios,electronics,0
T00000508,F00718,1928.54,NGN,20,10,GB,ios,fuel,0
T00004549,F00253,4056.78,NGN,23,11,NG,ios,travel,0
T00012564,F00453,1092.66,NGN,12,12,NG,ios,retail,0
T00018891,F00450,203.89,NGN,1,1,NG,ios,food,0
T00013744,F00197,955.94,NGN,10,3,NG,web,fuel,0
T00004161,F01171,1204.82,NGN,21,2,GH,android,food,0
T00014545,F00121,398.33,NGN,23,9,US,ios,travel,0
T00009671,F01194,1116.07,NGN,14,10,US,web,fuel,0
T00007496,F00751,1575.03,NGN,13,5,GB,web,travel,0
T00019252,F00240,939.67,NGN,23,8,GH,android,travel,0
T00012246,F00828,613.56,NGN,9,12,NG,android,electronics,0
T00005001,F00044,3288.84,NGN,14,5,NG,android,digital,0
T00019664,F01095,767.25,NGN,0,2,GB,android,travel,0
T00013850,F00287,3033.59,NGN,23,10,GH,web,electronics,0
T00005132,F00654,5488.66,NGN,15,7,GB,android,fuel,0
T00007085,F00957,1266.8,NGN,21,4,NG,android,retail,0
T00013005,F00730,503.3,NGN,7,8,GH,ios,digital,0
T00004434,F00511,280.03,NGN,20,7,NG,ios,fuel,0
T00013498,F01159,1402.62,NGN,1,12,NG,android,fuel,1
T00009609,F00315,2186.67,NGN,10,6,GB,ios,retail,0
T00008359,F00850,3787.06,NGN,1,12,NG,ios,travel,1
T00014755,F01047,271.04,NGN,19,9,NG,web,fuel,0
T00001646,F00528,2180.29,NGN,23,4,NG,web,digital,0
T00006922,F01131,810.19,NGN,12,10,NG,web,retail,0
T00003750,F00740,4578.39,NGN,23,7,NG,ios,food,0
T00009256,F00234,2174.33,NGN,4,11,NG,web,retail,0
T00013382,F00393,152.84,NGN,11,8,NG,android,fuel,0
T00005495,F00142,275.98,NGN,2,8,NG,ios,retail,1
T00016831,F00922,499.3,NGN,7,7,NG,android,fuel,0
T00006988,F00240,1733.66,NGN,0,1,GH,android,electronics,0
T00014668,F00173,3925.43,NGN,9,12,US,ios,electronics,0
T00003130,F00838,630.21,NGN,18,1,GB,android,digital,0
T00012214,F01184,1572.97,NGN,16,8,GB,android,travel,0
T00000024,F00756,1472.62,NGN,1,8,NG,web,digital,1
T00009020,F00361,229.02,NGN,13,12,NG,android,electronics,0
T00007830,F00872,841.53,NGN,6,11,NG,android,travel,0
T00000553,F00254,1297.74,NGN,3,4,NG,android,fuel,0
T00000676,F00958,206.75,NGN,17,3,GB,android,electronics,0
T00017089,F01051,2167.99,NGN,19,12,GB,web,travel,0
T00003376,F00167,938.96,NGN,12,8,NG,android,digital,0
T00005623,F00711,1504.97,NGN,17,12,NG,web,fuel,0
T00004572,F00817,805.6,NGN,15,6,GH,android,food,0
T00012994,F00917,1004.88,NGN,1,8,US,android,fuel,0
T00007737,F00641,237.27,NGN,20,9,US,web,electronics,0
T00007655,F00327,370.77,NGN,1,1,GB,ios,fuel,0
T00011491,F00995,1596.11,NGN,2,4,US,android,electronics,0
T00000106,F00948,788.7,NGN,19,12,GH,ios,food,0
T00006484,F00370,3462.36,NGN,6,1,GH,web,electronics,0
T00018929,F00591,4735.32,NGN,9,3,GB,ios,electronics,0
T00015979,F00753,1175.71,NGN,19,8,US,web,retail,0
T00002781,F00265,2346.6,NGN,5,6,NG,web,travel,0
T00010509,F00380,2835.39,NGN,12,4,GB,web,fuel,0
T00016173,F01063,2695.96,NGN,6,9,NG,ios,retail,0
T00007908,F00632,785.97,NGN,15,2,NG,ios,electronics,0
T00017722,F00407,1551.62,NGN,15,2,NG,android,travel,0
T00000961,F00295,1075.62,NGN,20,2,GH,android,electronics,0
T00014680,F01180,1222.73,NGN,6,3,NG,android,retail,0
T00010556,F00882,1299.7,NGN,15,11,NG,web,digital,0
T00000954,F00732,279.31,NGN,15,4,GH,android,food,0
T00018071,F00621,501.59,NGN,11,8,US,ios,digital,0
T00013679,F00313,586.72,NGN,6,10,GH,web,food,0
T00004427,F00438,943.9,NGN,2,9,US,web,travel,1
T00009529,F00765,3963.9,NGN,8,7,NG,ios,food,0
T00015123,F00524,846.34,NGN,14,7,NG,android,digital,0
T00014604,F00095,3357.59,NGN,3,8,NG,ios,electronics,1
T00004622,F00164,1877.32,NGN,1,11,NG,ios,travel,0
T00018609,F00611,1592.54,NGN,15,1,NG,ios,digital,0
T00010315,F00837,2478.26,NGN,6,5,NG,ios,food,0
T00000418,F00667,287.39,NGN,23,1,NG,web,fuel,0
T00010411,F00100,1783.23,NGN,1,5,US,web,electronics,0
T00011324,F00490,2492.76,NGN,15,8,GB,ios,travel,0
T00011883,F00326,375.91,NGN,7,12,US,android,travel,0
T00005693,F00858,1891.94,NGN,6,4,US,web,digital,0
T00007973,F00847,276.8,NGN,4,5,NG,web,electronics,0
T00018848,F00418,623.12,NGN,5,5,NG,android,food,0
T00006528,F00894,610.87,NGN,9,5,NG,web,food,0
T00006799,F00737,327.95,NGN,6,3,NG,ios,fuel,0
T00013593,F00037,4099.24,NGN,10,3,NG,web,fuel,0
T00018355,F00955,1846.97,NGN,1,11,US,ios,retail,1
T00004883,F00635,183.89,NGN,10,7,GB,web,fuel,0
T00012252,F01196,413.96,NGN,8,9,US,android,fuel,0
T00006953,F00151,1708.84,NGN,3,8,NG,web,travel,1
T00018084,F00192,6073.4,NGN,5,2,NG,web,retail,0
T00007347,F00172,2111.35,NGN,3,1,GB,web,electronics,0
T00015780,F00225,3807.56,NGN,4,6,NG,ios,digital,1
T00019532,F00523,7489.02,NGN,23,9,NG,web,retail,0
T00001598,F00122,5471.62,NGN,6,8,GH,ios,travel,0
T00008375,F00021,574.49,NGN,3,5,NG,ios,retail,0
T00019478,F01199,1912.32,NGN,15,11,NG,web,electronics,0
T00010783,F00080,480.18,NGN,22,3,NG,ios,food,0
T00018608,F00554,1048.13,NGN,14,4,US,android,digital,0
T00017944,F00854,414.13,NGN,23,3,GH,web,fuel,0
T00018941,F00231,997.57,NGN,1,3,NG,web,travel,0
T00007285,F00667,347.3,NGN,15,1,NG,web,electronics,0
T00006629,F00660,530.07,NGN,1,10,US,android,retail,1
T00010320,F00691,1688.73,NGN,6,3,NG,ios,retail,0
T00019061,F01094,753.18,NGN,13,12,NG,ios,travel,0
T00017404,F00231,3649.65,NGN,0,12,GH,ios,electronics,0
T00009238,F00191,540.62,NGN,0,1,US,ios,travel,0
T00002347,F00401,1372.85,NGN,7,11,GB,ios,retail,0
T00005335,F00304,1071.4,NGN,19,11,NG,ios,food,0
T00017949,F00260,793.97,NGN,2,10,NG,android,electronics,1
T00010088,F01095,2806.93,NGN,21,5,GH,web,fuel,0
T00018255,F00396,358.05,NGN,5,3,GB,ios,food,0
T00002773,F00732,1095.84,NGN,23,11,GH,android,electronics,0
T00001246,F00832,807.73,NGN,8,7,NG,web,food,0
T00014946,F00529,3085.86,NGN,14,12,GH,web,digital,0
T00011576,F00466,1944.05,NGN,10,3,NG,web,food,0
T00018750,F00148,378.51,NGN,22,2,NG,android,electronics,0
T00001198,F00283,707.22,NGN,14,8,GH,web,electronics,0
T00003208,F00871,131.55,NGN,3,8,NG,ios,fuel,0
T00011296,F00200,572.99,NGN,18,5,NG,web,digital,0
T00016201,F00954,2972.69,NGN,1,8,GB,ios,food,1
T00006617,F00036,788.83,NGN,19,11,NG,web,fuel,0
T00001277,F00755,4527.25,NGN,13,6,NG,ios,food,0
T00016584,F01035,2282.09,NGN,0,12,GB,android,fuel,0
T00001525,F00626,744.52,NGN,13,6,NG,ios,fuel,0
T00001529,F01115,358.98,NGN,14,11,NG,web,electronics,0
T00017808,F00909,739.0,NGN,12,3,NG,web,electronics,0
T00003600,F00246,4737.5,NGN,1,4,NG,ios,food,0
T00014722,F00011,593.74,NGN,14,4,US,android,digital,0
T00005993,F00604,425.19,NGN,7,9,NG,ios,food,0
T00003766,F00643,2823.33,NGN,9,9,NG,ios,digital,0
T00016093,F00219,976.43,NGN,20,5,US,android,retail,0
T00017085,F00701,228.18,NGN,15,5,NG,web,food,0
T00010461,F01147,1964.64,NGN,5,4,US,android,electronics,0
T00002737,F01058,2453.67,NGN,23,9,NG,ios,food,0
T00016142,F00443,547.17,NGN,10,7,NG,web,electronics,0
T00001963,F00058,2113.76,NGN,8,3,GH,web,electronics,0
T00014709,F00796,2608.89,NGN,16,3,GB,android,digital,0
T00006850,F00134,1206.32,NGN,2,3,NG,web,digital,0
T00016528,F00021,1034.05,NGN,15,10,NG,ios,food,0
T00003761,F00847,2694.43,NGN,0,3,NG,web,electronics,0
T00005846,F00964,2965.61,NGN,4,4,NG,android,retail,0
T00018525,F00439,2032.99,NGN,15,1,NG,ios,electronics,0
T00012477,F00156,532.78,NGN,5,3,NG,android,digital,0
T00017028,F00134,274.46,NGN,5,12,NG,web,fuel,0
T00005629,F01061,379.65,NGN,22,3,GH,web,electronics,0
T00007542,F01046,527.12,NGN,20,3,US,android,digital,0
T00014788,F00653,1413.11,NGN,0,12,GH,ios,food,0
T00010786,F00101,1266.96,NGN,8,6,NG,web,digital,0
T00010115,F00744,1110.85,NGN,20,6,NG,web,retail,0
T00012779,F00054,419.0,NGN,18,7,US,web,food,0
T00011453,F00985,4056.69,NGN,15,11,NG,android,electronics,0
T00000130,F00666,2247.99,NGN,4,10,GH,android,fuel,1
T00000195,F00840,1167.07,NGN,10,4,NG,web,travel,0
T00003355,F00089,3488.86,NGN,20,6,US,web,retail,0
T00014769,F01158,512.32,NGN,9,8,GH,ios,retail,0
T00016046,F00593,1069.62,NGN,3,8,NG,android,retail,1
T00004914,F00247,1744.38,NGN,13,5,NG,ios,retail,0
T00004960,F00234,4095.64,NGN,22,3,US,android,fuel,0
T00010864,F00735,260.81,NGN,15,5,NG,android,digital,0
T00009160,F00660,349.97,NGN,21,3,GB,android,retail,0
T00008283,F01049,5499.08,NGN,9,9,US,web,electronics,0
T00016670,F00431,956.15,NGN,0,7,NG,web,electronics,0
T00018214,F00433,3957.98,NGN,6,9,NG,web,retail,0
T00019483,F00168,5982.39,NGN,1,3,NG,android,electronics,0
T00010178,F00723,250.99,NGN,1,5,GB,android,digital,0
T00015764,F00750,1765.3,NGN,17,1,NG,web,travel,0
T00009824,F00106,2141.44,NGN,10,10,GH,android,food,0
T00006418,F00386,230.48,NGN,23,11,GB,android,digital,0
T00016825,F00891,916.17,NGN,0,4,GH,web,digital,0
T00010714,F00091,2609.99,NGN,5,7,GH,android,fuel,0
T00001478,F00730,1007.6,NGN,7,1,GH,ios,travel,0
T00018241,F00607,768.6,NGN,5,9,US,ios,electronics,0
T00018029,F01198,1596.11,NGN,8,4,GH,web,travel,0
T00006767,F01149,1085.6,NGN,14,5,NG,android,retail,0
T00015617,F00920,178.98,NGN,18,10,GB,web,electronics,0
T00009371,F00529,2232.17,NGN,7,4,GB,android,food,0
T00014176,F00864,470.38,NGN,9,2,US,ios,food,0
T00013075,F00776,1463.68,NGN,2,3,NG,android,retail,0
T00007480,F01107,5920.51,NGN,3,2,GH,android,food,0
T00018002,F00836,625.98,NGN,8,10,GB,ios,travel,0
T00005243,F00976,671.57,NGN,8,10,NG,ios,retail,0
T00014217,F00904,4246.29,NGN,9,6,NG,ios,retail,0
T00015491,F00553,1971.19,NGN,11,5,GB,web,fuel,0
T00019584,F00602,276.13,NGN,16,10,NG,ios,travel,0
T00018366,F00416,2817.98,NGN,9,3,US,ios,digital,0
T00004106,F01172,708.28,NGN,21,2,GB,ios,fuel,0
T00019242,F00331,317.54,NGN,1,5,US,web,retail,0
T00007761,F00686,1178.17,NGN,14,12,US,android,travel,0
T00017759,F01125,4164.24,NGN,4,7,GH,web,fuel,1
T00017385,F00929,1280.38,NGN,20,7,US,web,food,0
T00002995,F00806,1684.48,NGN,21,6,NG,ios,digital,0
T00002939,F01005,939.02,NGN,14,1,NG,android,retail,0
T00003822,F00596,1859.36,NGN,21,8,US,web,retail,0
T00007330,F00033,1940.46,NGN,9,8,US,web,fuel,0
T00014085,F01039,2800.59,NGN,19,3,NG,web,travel,0
T00003792,F00100,1411.47,NGN,19,8,NG,android,digital,0
T00018885,F00187,265.87,NGN,11,2,US,ios,food,0
T00005169,F00911,983.31,NGN,10,5,NG,ios,digital,0
T00009886,F00113,1952.45,NGN,14,6,US,ios,fuel,0
T00002552,F01191,1734.8,NGN,0,3,NG,android,retail,0
T00005545,F00296,7475.47,NGN,14,10,GB,web,food,0
T00005847,F00569,2300.87,NGN,6,6,NG,web,food,0
T00014379,F00036,949.83,NGN,10,12,US,ios,fuel,0
T00001532,F00776,1574.42,NGN,3,1,NG,ios,electronics,0
T00003896,F00257,682.27,NGN,18,1,US,ios,fuel,0
T00015820,F01185,332.56,NGN,17,5,GB,web,travel,0
T00004009,F00178,206.56,NGN,16,6,NG,web,retail,0
T00011909,F00423,190.45,NGN,11,3,NG,web,food,0
T00010483,F00203,2812.88,NGN,19,7,GH,android,food,0
T00019177,F00383,3820.13,NGN,22,7,NG,web,retail,0
T00017555,F00923,203.69,NGN,23,6,GH,ios,digital,0
T00018914,F00935,1726.02,NGN,13,4,US,ios,electronics,0
T00009457,F00960,520.31,NGN,8,10,GH,android,electronics,0
T00011569,F00003,433.86,NGN,0,2,GH,android,electronics,0
T00011087,F00381,437.64,NGN,20,8,NG,web,electronics,0
T00009653,F00105,591.67,NGN,3,8,NG,web,digital,0
T00004480,F00901,1871.24,NGN,20,7,GB,ios,food,0
T00009107,F00059,323.61,NGN,5,10,NG,ios,fuel,0
T00018315,F00816,2769.42,NGN,0,1,GB,ios,electronics,0
T00017217,F00316,489.34,NGN,15,12,US,ios,food,0
T00010745,F00259,1885.42,NGN,14,2,NG,ios,electronics,0
T00010075,F00329,5184.89,NGN,0,12,NG,android,food,0
T00008955,F01166,2196.8,NGN,6,11,GB,android,travel,0
T00002375,F00995,1086.99,NGN,19,11,US,android,retail,0
T00009534,F00281,863.81,NGN,7,1,NG,android,fuel,0
T00016140,F00887,995.14,NGN,8,1,NG,web,fuel,0
T00017984,F01027,1051.96,NGN,17,3,GB,android,fuel,0
T00001037,F00286,6524.17,NGN,23,5,NG,web,fuel,0
T00012133,F00557,4647.38,NGN,19,11,GB,android,digital,0
T00019335,F00782,1028.71,NGN,2,4,NG,android,electronics,0
T00015238,F00381,1271.92,NGN,17,6,NG,ios,retail,0
T00012331,F01147,815.1,NGN,6,10,NG,android,fuel,0
T00010928,F00543,1202.1,NGN,22,1,NG,ios,digital,0
T00019279,F00339,2284.94,NGN,17,3,NG,android,food,0
T00002531,F00537,1512.55,NGN,16,6,GB,android,travel,0
T00002692,F00266,1384.68,NGN,17,12,GH,web,digital,0
T00015616,F00931,3159.25,NGN,6,11,GH,web,food,0
T00011095,F00379,2950.18,NGN,6,1,NG,ios,retail,0
T00009877,F01053,208.13,NGN,19,7,NG,web,food,0
T00013123,F00822,1129.98,NGN,23,12,NG,ios,fuel,0
T00006993,F01044,732.47,NGN,11,2,NG,ios,fuel,0
T00012767,F00107,1526.5,NGN,13,4,NG,ios,fuel,0
T00018035,F00789,1069.04,NGN,12,3,GB,web,retail,0
T00008172,F01007,6941.02,NGN,1,3,NG,android,digital,0
T00004762,F01025,1261.47,NGN,14,9,US,android,food,0
T00013492,F00810,2296.08,NGN,10,12,GB,ios,electronics,0
T00004082,F00829,1787.16,NGN,18,10,US,web,fuel,0
T00002421,F00398,1294.38,NGN,18,9,GH,ios,fuel,0
T00004566,F00685,567.53,NGN,11,6,US,android,retail,0
T00008053,F00157,723.23,NGN,1,4,US,web,retail,0
T00000019,F00040,620.41,NGN,21,11,GH,ios,retail,0
T00012610,F00653,5563.36,NGN,1,12,GH,ios,fuel,1
T00019866,F00125,801.5,NGN,5,10,NG,ios,electronics,0
T00017149,F00602,3204.35,NGN,21,1,US,ios,food,0
T00001580,F00073,4534.1,NGN,10,9,NG,web,electronics,0
T00010330,F00371,563.33,NGN,4,1,GH,android,travel,0
T00001921,F00138,1028.53,NGN,7,3,NG,ios,travel,0
T00008646,F01199,1833.07,NGN,23,3,NG,ios,travel,0
T00018171,F00790,948.51,NGN,20,2,NG,ios,fuel,0
T00006263,F00966,936.05,NGN,5,1,US,ios,digital,0
T00005078,F00169,599.9,NGN,2,5,NG,ios,travel,0
T00015778,F00444,256.8,NGN,2,1,US,web,retail,0
T00009429,F00944,3736.68,NGN,6,5,NG,ios,travel,0
T00009579,F00766,642.64,NGN,3,8,NG,web,food,1
T00008395,F00300,1971.48,NGN,2,12,NG,android,retail,1
T00006883,F00127,1822.24,NGN,13,5,NG,web,travel,0
T00001231,F00653,614.69,NGN,13,9,US,ios,retail,0
T00019144,F00487,1798.9,NGN,8,9,US,android,travel,0
T00005794,F00007,351.27,NGN,13,8,NG,web,electronics,0
T00019460,F00744,1617.54,NGN,9,8,GH,android,fuel,0
T00004970,F00862,325.1,NGN,10,12,NG,ios,food,0
T00019948,F00473,2945.64,NGN,10,4,GH,web,travel,0
T00019104,F00361,295.36,NGN,5,6,US,android,retail,0
T00003516,F00974,371.76,NGN,23,9,GB,ios,travel,0
T00017440,F00124,1171.95,NGN,13,1,NG,ios,fuel,0
T00012424,F00515,619.0,NGN,11,9,GH,android,fuel,0
T00005734,F00881,479.57,NGN,12,3,GH,web,travel,0
T00015097,F00597,2545.48,NGN,16,3,NG,ios,food,0
T00019056,F00135,1248.71,NGN,8,1,US,web,retail,0
T00015838,F00153,750.14,NGN,13,6,NG,ios,food,0
T00013763,F00405,387.03,NGN,23,6,GB,web,digital,0
T00006387,F00200,1477.31,NGN,8,8,GB,ios,food,0
T00018698,F00809,1356.92,NGN,14,4,NG,ios,retail,0
T00006550,F00346,2040.52,NGN,12,12,NG,android,retail,0
T00004309,F00409,3115.68,NGN,20,9,GH,android,retail,0
T00019990,F01097,473.91,NGN,2,9,GB,android,food,1
T00011447,F00107,1152.14,NGN,20,1,GB,web,travel,0
T00009574,F00964,1564.84,NGN,7,9,NG,web,travel,0
T00008916,F00169,439.76,NGN,9,2,GH,ios,retail,0
T00013818,F01018,3337.85,NGN,17,7,NG,android,digital,0
T00019477,F01188,795.3,NGN,1,2,NG,ios,electronics,0
T00010102,F00243,633.77,NGN,15,10,NG,ios,travel,0
T00000198,F00499,231.3,NGN,5,9,NG,android,food,0
T00007960,F01112,1630.31,NGN,0,8,GH,ios,retail,0
T00016731,F00370,526.57,NGN,8,3,NG,web,digital,0
T00019654,F00032,6419.6,NGN,14,4,NG,web,digital,0
T00017802,F01154,1046.22,NGN,3,8,GB,web,travel,1
T00007585,F00580,1564.72,NGN,10,7,US,web,travel,0
T00010635,F00101,1569.25,NGN,13,4,NG,android,digital,0
T00006689,F01051,643.92,NGN,2,10,NG,android,retail,1
T00005711,F00702,1943.76,NGN,4,10,US,web,retail,1
T00016408,F00332,228.55,NGN,0,4,NG,ios,fuel,0
T00017803,F00342,724.1,NGN,2,7,NG,ios,fuel,0
T00003411,F00511,460.29,NGN,17,3,NG,web,food,0
T00000003,F01046,1533.03,NGN,7,8,NG,web,electronics,0
T00018140,F01189,2098.95,NGN,18,12,NG,ios,electronics,0
T00006585,F00383,3061.19,NGN,2,10,GB,web,food,0
T00015814,F00548,2273.87,NGN,5,12,GH,android,fuel,0
T00003826,F00116,816.0,NGN,16,10,GB,android,retail,0
T00002900,F00787,493.39,NGN,8,8,GB,android,travel,0
T00005536,F00880,298.17,NGN,12,10,GH,ios,retail,0
T00000027,F00342,1532.53,NGN,21,1,NG,web,travel,0
T00004505,F00737,5336.55,NGN,20,6,GH,android,electronics,0
T00015159,F00293,402.58,NGN,12,6,GB,ios,fuel,0
T00002203,F01188,203.29,NGN,6,11,US,web,digital,0
T00018983,F00267,1071.21,NGN,0,6,GH,ios,travel,0
T00012713,F00741,262.06,NGN,9,4,NG,android,retail,0
T00001517,F01070,1679.89,NGN,22,12,GH,web,retail,0
T00011719,F00565,995.68,NGN,23,9,NG,web,fuel,0
T00012429,F00832,1250.38,NGN,12,10,NG,android,food,0
T00001712,F00699,3523.61,NGN,20,12,NG,android,travel,0
T00013934,F00299,1316.45,NGN,1,9,GH,android,retail,1
T00000155,F00932,781.96,NGN,6,9,GB,android,digital,0
T00017639,F01131,4869.66,NGN,22,12,NG,android,electronics,0
T00009914,F01121,1726.24,NGN,11,4,US,android,electronics,0
T00004932,F00766,242.5,NGN,0,7,NG,ios,retail,0
T00010973,F00758,1016.36,NGN,22,5,GB,ios,retail,0
T00007309,F00613,1898.36,NGN,8,2,NG,web,digital,0
T00000758,F01173,211.76,NGN,9,2,NG,ios,electronics,0
T00010862,F00318,1577.34,NGN,13,12,GH,ios,digital,0
T00002342,F00879,2998.8,NGN,13,12,GB,android,retail,0
T00005994,F01191,1040.19,NGN,6,1,NG,android,fuel,0
T00008355,F00037,464.62,NGN,7,4,NG,ios,travel,0
T00017517,F00617,2701.71,NGN,4,5,US,android,digital,0
T00016178,F01049,4190.62,NGN,11,8,GB,android,retail,0
T00009096,F00314,5136.55,NGN,2,4,NG,android,electronics,0
T00016602,F00922,116.69,NGN,5,7,NG,android,fuel,0
T00017837,F00668,4218.37,NGN,0,8,US,android,electronics,0
T00017893,F00320,935.46,NGN,1,11,US,android,electronics,1
T00001757,F00149,1239.09,NGN,18,2,GB,android,food,0
T00019818,F00537,699.12,NGN,12,9,GB,web,food,0
T00005778,F00258,1146.19,NGN,18,3,NG,android,retail,0
T00005053,F00038,1252.57,NGN,16,10,NG,ios,fuel,0
T00014734,F01018,6212.74,NGN,8,11,NG,web,travel,0
T00003836,F00305,651.87,NGN,0,2,GH,android,digital,0
T00015705,F01124,1542.81,NGN,17,8,GH,android,fuel,0
T00008435,F00618,5586.58,NGN,8,10,NG,web,retail,0
T00004178,F00811,2730.85,NGN,4,12,NG,android,travel,1
T00013265,F00581,972.72,NGN,21,10,GH,web,fuel,0
T00006596,F00864,418.86,NGN,10,4,GB,ios,retail,0
T00017289,F01109,1944.5,NGN,18,6,NG,android,retail,0
T00014973,F00909,2117.46,NGN,7,9,GB,android,retail,0
T00011522,F00207,785.58,NGN,11,12,US,web,digital,0
T00011220,F01176,3283.09,NGN,19,6,NG,web,retail,0
T00000831,F00039,1906.65,NGN,11,2,GB,ios,electronics,0
T00017982,F00565,1273.1,NGN,20,11,NG,ios,travel,0
T00007609,F00661,1806.31,NGN,18,7,US,ios,travel,1
T00016565,F00354,1305.85,NGN,22,10,NG,android,fuel,0
T00000333,F00734,3711.19,NGN,2,3,GB,web,retail,0
T00011853,F01189,914.63,NGN,23,8,NG,web,travel,0
T00005624,F00143,550.45,NGN,9,10,US,web,food,0
T00018624,F00678,460.14,NGN,20,9,NG,android,digital,0
T00010154,F01039,1301.43,NGN,17,9,NG,web,fuel,0
T00015014,F00525,1665.86,NGN,12,5,GB,android,electronics,0
T00006569,F00423,205.33,NGN,18,7,NG,android,travel,0
T00008961,F01041,337.66,NGN,20,3,US,web,travel,0
T00006837,F00388,1395.37,NGN,21,1,NG,android,electronics,0
T00002287,F00755,1911.66,NGN,6,4,NG,ios,food,0
T00012393,F01041,726.18,NGN,6,10,NG,web,fuel,0
T00009995,F00728,729.77,NGN,9,11,GH,ios,electronics,0
T00017446,F00987,1905.7,NGN,6,2,GH,web,travel,0
T00009700,F00138,2005.31,NGN,5,8,US,android,electronics,0
T00018456,F00249,2003.35,NGN,4,12,NG,ios,digital,1
T00013285,F00356,3343.09,NGN,5,12,NG,ios,travel,0
T00016290,F00897,1143.07,NGN,10,6,NG,ios,fuel,0
T00002595,F00972,1617.06,NGN,16,10,US,android,retail,0
T00018281,F00803,1948.21,NGN,5,12,GH,web,digital,0
T00012189,F00529,728.12,NGN,21,9,GH,ios,retail,0
T00009089,F01072,3610.06,NGN,16,8,NG,ios,retail,0
T00009452,F00645,637.66,NGN,7,5,NG,ios,travel,0
T00012118,F00628,432.02,NGN,1,10,NG,web,retail,1
T00013902,F00825,533.67,NGN,13,9,GB,android,fuel,0
T00001239,F00563,8586.27,NGN,7,9,NG,web,electronics,0
T00000347,F00976,557.94,NGN,10,2,NG,web,food,0
T00018009,F00057,1459.4,NGN,16,8,GH,web,digital,0
T00017366,F00866,685.02,NGN,9,1,GH,android,food,0
T00003416,F01084,876.8,NGN,0,9,NG,web,electronics,0
T00007987,F00379,883.12,NGN,4,6,NG,android,travel,1
T00010896,F00442,503.88,NGN,23,1,NG,android,electronics,0
T00018316,F00644,1337.12,NGN,11,8,GH,web,food,0
T00010785,F00547,3155.13,NGN,5,8,NG,ios,electronics,0
T00014915,F01198,489.98,NGN,5,5,GB,android,retail,0
T00000050,F00006,1704.28,NGN,5,10,NG,web,food,0
T00014074,F00857,1408.63,NGN,21,12,NG,ios,fuel,0
T00007874,F00141,15269.53,NGN,23,3,GB,ios,food,0
T00010572,F00819,4204.14,NGN,10,7,GH,android,food,0
T00017599,F00467,404.67,NGN,3,7,US,android,digital,1
T00006397,F00851,574.86,NGN,21,10,US,ios,travel,0
T00005463,F00267,605.8,NGN,16,5,GH,web,fuel,0
T00007694,F00498,2834.18,NGN,9,12,NG,android,fuel,0
T00013689,F01061,186.98,NGN,22,8,GB,web,retail,0
T00015613,F01114,374.08,NGN,21,4,NG,android,retail,0
T00004592,F00311,2076.51,NGN,12,10,GH,ios,travel,0
T00014078,F00465,1518.56,NGN,19,11,GH,android,electronics,0
T00017854,F00714,606.55,NGN,15,1,GB,android,travel,0
T00017197,F01113,369.49,NGN,15,2,NG,android,electronics,0
T00019933,F00968,1312.49,NGN,22,12,GH,web,retail,0
T00008842,F00408,1172.75,NGN,17,5,NG,android,fuel,0
T00005791,F00797,2937.2,NGN,5,6,NG,web,digital,0
T00000567,F00937,4180.68,NGN,9,4,NG,web,digital,0
T00003393,F01038,2502.95,NGN,6,6,NG,android,retail,0
T00003423,F00790,5917.3,NGN,23,2,NG,web,electronics,0
T00006763,F00722,120.04,NGN,8,4,US,ios,food,0
T00019256,F00367,12803.89,NGN,20,11,GB,ios,fuel,0
T00016303,F00871,1005.7,NGN,8,9,US,android,retail,0
T00011061,F01121,1160.67,NGN,18,5,US,android,electronics,0
T00015189,F00357,1536.01,NGN,12,11,NG,android,food,0
T00008404,F00344,3465.99,NGN,18,6,US,web,digital,0
T00014358,F00727,1448.58,NGN,1,8,NG,ios,retail,1
T00003251,F00289,1686.53,NGN,9,4,GH,web,fuel,0
T00006571,F00170,2267.12,NGN,14,4,US,ios,retail,0
T00013482,F00152,3412.07,NGN,23,9,GH,android,fuel,0
T00019273,F00629,268.79,NGN,6,10,GH,web,travel,0
T00010110,F01106,1720.24,NGN,18,2,GB,android,retail,0
T00001143,F00693,1229.9,NGN,11,10,GH,android,food,0
T00015783,F01171,803.02,NGN,19,10,NG,android,food,0
T00004606,F00259,1488.98,NGN,8,2,GB,ios,travel,0
T00005566,F00716,574.97,NGN,10,1,GH,ios,electronics,0
T00012687,F00430,1283.12,NGN,1,11,US,web,travel,1
T00014558,F01085,12933.89,NGN,8,4,GH,web,food,0
T00007333,F00437,2578.77,NGN,14,1,GB,ios,fuel,0
T00007797,F00424,2025.63,NGN,7,7,US,web,fuel,0
T00000424,F01021,215.31,NGN,11,2,NG,android,retail,0
T00008511,F00344,710.72,NGN,13,6,NG,android,electronics,0
T00001109,F00631,3123.61,NGN,19,4,NG,web,digital,0
T00012586,F00829,1053.73,NGN,10,6,NG,web,retail,0
T00015083,F00903,3036.48,NGN,3,2,NG,ios,fuel,0
T00004387,F01142,1254.33,NGN,11,10,NG,ios,fuel,0
T00006380,F00221,240.67,NGN,13,6,NG,android,digital,0
T00014880,F00417,1682.25,NGN,5,5,US,web,digital,0
T00003671,F00261,321.81,NGN,10,6,GH,ios,travel,0
T00006393,F00500,995.05,NGN,3,1,NG,android,retail,0
T00019753,F00299,4395.5,NGN,12,11,NG,ios,fuel,0
T00011012,F00988,1146.9,NGN,8,3,GB,android,fuel,0
T00015706,F00459,797.52,NGN,23,4,NG,web,fuel,0
T00007671,F00923,763.27,NGN,2,12,NG,android,digital,1
T00000556,F01123,1170.56,NGN,11,2,NG,ios,food,0
T00013444,F00613,7459.41,NGN,21,1,GB,web,electronics,0
T00010505,F00180,1869.77,NGN,22,3,GH,web,digital,0
T00016931,F00777,943.52,NGN,12,12,US,ios,food,0
T00001988,F01062,1526.44,NGN,19,10,US,web,travel,0
T00017913,F00354,647.29,NGN,13,9,GB,android,fuel,0
T00015677,F00266,4658.9,NGN,22,11,GB,web,travel,0
T00015934,F00433,825.82,NGN,13,8,NG,android,retail,1
T00014690,F00121,3646.38,NGN,23,5,GB,web,travel,0
T00010848,F00138,374.74,NGN,19,4,NG,ios,electronics,0
T00014316,F00350,525.17,NGN,21,5,US,ios,travel,0
T00004331,F00943,734.16,NGN,23,8,NG,ios,digital,0
T00018836,F00764,4185.86,NGN,0,10,NG,android,travel,0
T00013900,F00898,2051.74,NGN,20,9,GB,android,food,0
T00005107,F00132,794.99,NGN,5,11,GB,android,travel,0
T00010501,F00016,2294.38,NGN,20,4,NG,web,travel,0
T00015734,F00808,2432.05,NGN,4,9,NG,ios,travel,1
T00008897,F01048,1142.74,NGN,10,4,NG,android,food,0
T00004701,F00330,385.48,NGN,23,6,NG,ios,food,0
T00002029,F00895,253.31,NGN,20,12,NG,ios,electronics,0
T00012853,F00075,4511.39,NGN,17,3,US,android,fuel,0
T00000313,F00358,348.98,NGN,18,9,GH,android,digital,0
T00005996,F00889,274.28,NGN,14,2,NG,web,digital,0
T00019696,F00893,275.86,NGN,3,5,GB,ios,digital,0
T00002960,F00677,1331.92,NGN,23,5,US,android,travel,0
T00011793,F00540,947.5,NGN,6,11,NG,web,food,0
T00018812,F01080,632.22,NGN,14,7,NG,android,retail,0
T00001063,F00526,7946.94,NGN,6,1,GB,android,digital,0
T00016863,F00007,1128.91,NGN,20,8,GB,ios,electronics,0
T00003388,F01032,470.32,NGN,12,1,GH,web,electronics,1
T00007338,F00777,1998.78,NGN,11,11,NG,android,electronics,0
T00010462,F00262,174.16,NGN,2,4,NG,android,retail,0
T00015498,F00618,1275.25,NGN,13,11,NG,android,electronics,0
T00008540,F01152,1144.66,NGN,18,7,GB,ios,fuel,0
T00005084,F00861,614.83,NGN,5,8,NG,web,digital,0
T00004558,F00020,512.64,NGN,22,11,NG,android,food,0
T00006360,F00321,1598.5,NGN,5,4,GB,ios,food,0
T00014947,F00454,1108.91,NGN,4,7,GH,web,retail,1
T00012190,F00947,1514.24,NGN,22,10,NG,android,digital,0
T00001393,F00636,1411.91,NGN,0,5,NG,ios,fuel,0
T00013549,F00725,1621.26,NGN,23,6,NG,android,food,0
T00008823,F00156,1087.61,NGN,8,3,NG,ios,digital,0
T00001388,F00617,7586.09,NGN,0,10,NG,web,food,0
T00001389,F00047,840.34,NGN,13,5,NG,web,fuel,0
T00009300,F01018,582.1,NGN,9,10,GH,android,electronics,0
T00017118,F00132,660.67,NGN,8,9,NG,android,fuel,0
T00011777,F00761,434.21,NGN,5,2,GB,web,fuel,0
T00015322,F00722,1483.08,NGN,20,6,US,ios,retail,0
T00014594,F00731,527.23,NGN,11,6,NG,web,food,0
T00012962,F00752,421.18,NGN,13,6,GH,web,travel,0
T00017816,F00763,2804.72,NGN,19,5,GH,web,travel,0
T00013910,F00452,811.3,NGN,22,8,NG,android,digital,0
T00005104,F00404,948.65,NGN,9,3,NG,android,digital,0
T00012438,F00664,751.4,NGN,23,12,NG,web,travel,0
T00000823,F00282,354.38,NGN,16,6,GB,android,travel,0
T00011289,F00722,2438.15,NGN,9,6,NG,web,fuel,0
T00016966,F00917,3504.43,NGN,2,3,NG,web,retail,0
T00016506,F00767,408.27,NGN,16,6,US,ios,digital,0
T00018509,F00144,2157.65,NGN,5,3,GB,android,retail,0
T00004968,F00651,3250.87,NGN,15,3,GH,android,electronics,0
T00004659,F00791,2619.97,NGN,7,3,GB,web,fuel,0
T00001864,F01071,344.27,NGN,7,5,NG,web,fuel,0
T00003520,F00862,553.83,NGN,16,6,NG,android,digital,0
T00012976,F00844,626.93,NGN,13,6,US,web,electronics,0
T00011536,F00468,570.62,NGN,23,6,NG,web,food,0
T00019395,F00426,2727.83,NGN,7,8,GH,web,fuel,0
T00016236,F00275,1511.67,NGN,14,11,NG,ios,fuel,0
T00019883,F00172,4893.21,NGN,4,5,NG,web,fuel,0
T00006757,F00376,146.75,NGN,3,8,GH,ios,food,0
T00011086,F00984,11381.34,NGN,13,11,GH,ios,travel,0
T00014330,F00369,1150.72,NGN,2,1,NG,web,travel,0
T00007052,F00769,216.55,NGN,15,11,GB,ios,retail,0
T00008947,F00071,761.26,NGN,8,2,GB,android,fuel,0
T00004201,F00330,954.11,NGN,9,10,US,ios,retail,0
T00008179,F00751,518.44,NGN,19,12,NG,web,fuel,0
T00005494,F00110,255.03,NGN,1,1,NG,android,fuel,0
T00016334,F00486,375.81,NGN,0,3,NG,ios,digital,0
T00019278,F00227,5129.2,NGN,21,5,NG,ios,electronics,0
T00018088,F00480,1028.85,NGN,2,8,US,web,digital,1
T00002048,F00823,1808.76,NGN,17,7,GH,ios,food,0
T00000354,F00740,900.59,NGN,12,7,GH,ios,digital,0
T00006712,F01151,551.34,NGN,4,8,GH,ios,food,1
T00011206,F00386,2710.84,NGN,22,2,NG,ios,fuel,0
T00000765,F00543,1721.44,NGN,12,12,NG,ios,retail,0
T00006674,F00007,559.73,NGN,0,11,NG,web,food,0
T00017561,F00469,505.74,NGN,23,8,GH,android,food,0
T00010237,F00187,1839.19,NGN,4,7,US,android,fuel,0
T00019225,F00659,1124.51,NGN,1,11,GH,android,electronics,1
T00014470,F00630,855.68,NGN,7,6,GB,android,electronics,0
T00017534,F00605,545.25,NGN,16,1,US,android,digital,0
T00009301,F00535,2180.26,NGN,8,9,GB,ios,food,0
T00019332,F00845,1255.95,NGN,18,12,NG,android,digital,0
T00002260,F00239,3320.32,NGN,8,9,GB,ios,digital,0
T00007282,F01007,1248.94,NGN,12,12,GH,web,fuel,0
T00017973,F00125,629.35,NGN,1,2,NG,ios,fuel,0
T00016960,F00653,999.85,NGN,21,7,US,web,fuel,0
T00011292,F00427,606.25,NGN,10,4,NG,android,fuel,0
T00001641,F00715,2419.32,NGN,7,11,NG,web,electronics,0
T00003793,F00579,346.44,NGN,6,3,NG,web,travel,0
T00010402,F00607,498.0,NGN,4,7,GB,android,travel,0
T00014211,F00375,1586.32,NGN,23,1,NG,ios,digital,0
T00000409,F00772,3064.83,NGN,16,11,NG,web,retail,0
T00010371,F00286,5584.02,NGN,17,6,GH,android,fuel,0
T00005301,F00612,508.52,NGN,16,10,NG,web,travel,0
T00017988,F00950,1698.42,NGN,7,8,US,web,travel,0
T00001218,F00521,1788.18,NGN,22,9,NG,android,digital,0
T00005731,F01072,938.12,NGN,9,1,NG,android,food,0
T00000582,F00439,4453.95,NGN,8,4,NG,ios,electronics,0
T00015889,F00563,3142.23,NGN,18,1,US,ios,food,0
T00003140,F01044,3376.27,NGN,22,8,US,web,fuel,0
T00012069,F01106,439.98,NGN,1,11,NG,web,digital,1
T00017081,F00689,2474.79,NGN,18,1,GB,android,digital,0
T00002563,F00675,347.29,NGN,20,2,NG,android,food,0
T00013536,F01138,955.91,NGN,22,5,GB,web,fuel,0
T00016073,F00833,742.7,NGN,0,4,NG,web,electronics,0
T00012284,F00836,565.78,NGN,17,1,US,android,fuel,0
T00006840,F00598,910.36,NGN,6,3,NG,web,food,0
T00006972,F00851,846.46,NGN,3,10,US,ios,retail,0
T00017485,F00753,947.85,NGN,3,7,GB,android,fuel,0
T00002204,F01048,902.44,NGN,3,1,NG,web,food,0
T00018450,F00507,1431.32,NGN,8,8,NG,web,digital,0
T00009376,F00204,367.21,NGN,8,8,US,web,digital,0
T00013107,F00759,909.58,NGN,4,4,NG,android,travel,0
T00005984,F00658,1296.09,NGN,2,6,US,ios,fuel,1
T00007958,F00286,5634.94,NGN,1,4,NG,ios,food,0
T00003607,F00006,2831.78,NGN,22,2,GB,ios,travel,0
T00013048,F00480,613.06,NGN,18,12,NG,android,travel,0
T00009236,F00655,1437.13,NGN,19,11,GB,web,fuel,0
T00007365,F00621,1266.13,NGN,2,2,NG,web,food,0
T00000249,F00805,1132.96,NGN,10,12,GB,web,retail,0
T00015008,F00418,1152.82,NGN,14,3,NG,android,fuel,0
T00003752,F00919,1240.12,NGN,10,11,US,ios,retail,0
T00012831,F01129,211.59,NGN,2,3,US,ios,travel,0
T00001711,F00250,2100.26,NGN,23,1,GB,ios,fuel,0
T00009403,F00467,1101.01,NGN,7,10,US,android,travel,0
T00018545,F00919,3334.35,NGN,8,4,US,web,food,0
T00012217,F00629,1203.39,NGN,2,9,NG,ios,fuel,0
T00007306,F00940,1502.94,NGN,8,12,NG,android,travel,0
T00008329,F00718,2374.27,NGN,8,12,NG,android,electronics,0
T00017456,F00939,804.95,NGN,2,3,US,ios,electronics,0
T00017194,F00688,5466.52,NGN,22,3,NG,web,retail,0
T00001446,F00137,437.01,NGN,20,7,GH,web,electronics,0
T00016935,F00133,679.82,NGN,12,5,NG,web,fuel,0
T00018854,F00866,694.52,NGN,10,2,US,web,electronics,0
T00007897,F00488,466.76,NGN,8,7,NG,android,fuel,0
T00006028,F00673,3545.39,NGN,22,10,GH,web,digital,0
T00018518,F00165,10539.37,NGN,15,12,NG,android,travel,0
T00009774,F01146,891.74,NGN,19,7,GH,android,fuel,0
T00012683,F00409,1055.35,NGN,15,1,GB,android,fuel,0
T00013507,F00210,2211.24,NGN,12,5,GH,web,retail,0
T00013129,F00240,793.74,NGN,4,11,NG,web,fuel,1
T00019841,F00843,364.82,NGN,3,8,GB,android,digital,1
T00019562,F00373,896.25,NGN,18,4,NG,web,digital,0
T00011308,F01188,620.07,NGN,10,10,NG,web,digital,0
T00018148,F00587,4651.08,NGN,4,11,US,android,retail,1
T00001699,F00135,1941.51,NGN,11,7,NG,web,electronics,0
T00015465,F00664,1845.88,NGN,7,5,GB,ios,retail,0
T00013832,F00914,3694.24,NGN,5,6,NG,web,travel,0
T00015492,F00080,2371.1,NGN,14,4,NG,android,travel,0
T00006447,F00708,1633.6,NGN,12,12,NG,ios,retail,0
T00019266,F01124,950.1,NGN,21,3,NG,android,travel,0
T00003189,F00241,983.39,NGN,13,10,GB,ios,travel,0
T00013424,F00406,7447.33,NGN,16,3,GB,android,electronics,0
T00003175,F00547,1555.98,NGN,19,11,NG,ios,retail,0
T00015870,F00064,231.71,NGN,15,6,GB,android,digital,0
T00011405,F00547,338.48,NGN,18,3,NG,android,electronics,0
T00001817,F00898,751.77,NGN,6,6,GH,android,digital,0
T00011416,F00567,373.35,NGN,16,1,GH,web,food,0
T00010958,F00252,2588.34,NGN,14,8,NG,android,digital,0
T00018567,F00857,557.61,NGN,1,2,GH,web,electronics,0
T00019418,F00067,683.81,NGN,6,2,US,web,digital,0
T00014444,F00828,1581.98,NGN,0,11,NG,android,travel,0
T00001913,F00195,2230.19,NGN,21,2,GB,web,fuel,0
T00015639,F00472,4483.58,NGN,9,11,NG,web,fuel,0
T00007185,F00550,3864.07,NGN,5,11,GH,ios,fuel,0
T00001748,F00634,1400.93,NGN,10,3,GB,android,digital,0
T00000634,F00899,3289.38,NGN,11,12,NG,web,food,0
T00005974,F01024,840.2,NGN,13,2,NG,web,digital,0
T00019492,F00887,338.6,NGN,17,6,NG,android,digital,0
T00017052,F00020,114.11,NGN,3,2,NG,android,electronics,0
T00011959,F00341,933.62,NGN,20,5,NG,ios,digital,0
T00004406,F00399,475.47,NGN,19,2,NG,ios,electronics,0
T00007632,F00900,1077.98,NGN,10,7,US,android,retail,1
T00000509,F00086,600.8,NGN,3,7,NG,android,electronics,1
T00016302,F00861,569.24,NGN,4,9,NG,android,digital,1
T00004041,F00249,962.74,NGN,1,9,GH,android,retail,1
T00008772,F00493,1305.82,NGN,5,1,NG,web,food,0
T00004615,F00686,270.96,NGN,18,1,NG,web,digital,0
T00007956,F00180,322.46,NGN,18,9,GB,android,fuel,0
T00013427,F00449,2897.84,NGN,8,2,GH,android,fuel,1
T00000626,F00126,733.88,NGN,13,4,US,web,electronics,0
T00013125,F00747,1964.38,NGN,12,10,GB,ios,travel,0
T00013390,F00608,784.6,NGN,1,8,NG,web,electronics,0
T00005103,F00164,477.53,NGN,23,9,NG,ios,travel,0
T00009066,F00249,1877.03,NGN,9,1,NG,ios,fuel,0
T00002838,F00767,483.7,NGN,22,5,US,android,fuel,0
T00005214,F00947,219.11,NGN,17,2,GH,ios,travel,0
T00013396,F00283,279.16,NGN,10,6,NG,ios,travel,0
T00000232,F00759,807.6,NGN,0,4,GH,ios,travel,0
T00001607,F00889,834.66,NGN,15,7,GB,ios,food,0
T00008229,F00907,740.43,NGN,6,3,GH,android,food,0
T00011725,F00497,3030.71,NGN,22,7,NG,android,fuel,0
T00002411,F00121,2284.17,NGN,13,6,US,web,electronics,0
T00001550,F00695,1092.74,NGN,3,10,NG,ios,electronics,1
T00019105,F01096,302.57,NGN,21,5,GH,android,electronics,0
T00001304,F00278,873.78,NGN,21,2,NG,web,fuel,0
T00015987,F00922,4138.74,NGN,18,7,US,ios,electronics,0
T00002370,F01006,1838.0,NGN,4,6,NG,ios,travel,0
T00019661,F00148,1059.44,NGN,1,4,NG,android,retail,0
T00010182,F00318,1536.01,NGN,5,3,NG,web,fuel,0
T00012995,F00695,271.33,NGN,5,9,NG,android,retail,0
T00002254,F00465,612.39,NGN,12,4,US,web,retail,0
T00012608,F00314,1340.77,NGN,11,5,US,android,food,0
T00003453,F00270,1296.29,NGN,18,7,NG,web,travel,0
T00000772,F00889,435.82,NGN,22,7,US,android,electronics,0
T00013014,F00149,2735.77,NGN,14,8,NG,android,retail,0
T00015344,F00794,739.76,NGN,8,8,GH,web,retail,0
T00001309,F00220,2429.8,NGN,0,10,NG,ios,retail,0
T00011197,F01043,833.69,NGN,1,2,GH,ios,travel,0
T00018753,F00426,1901.31,NGN,14,5,US,android,travel,0
T00001179,F01198,372.08,NGN,7,8,NG,android,electronics,0
T00000643,F00791,767.96,NGN,18,9,US,ios,electronics,0
T00006379,F01009,1264.74,NGN,18,6,NG,web,travel,0
T00001861,F00044,1556.05,NGN,19,10,US,web,fuel,0
T00001581,F01048,785.33,NGN,17,7,GH,web,fuel,0
T00014738,F00392,325.32,NGN,9,1,NG,web,travel,0
T00007107,F00492,2690.23,NGN,21,4,NG,android,food,0
T00016275,F00642,969.91,NGN,15,8,NG,android,retail,0
T00019643,F00479,733.58,NGN,5,4,NG,ios,travel,0
T00000627,F00398,612.33,NGN,21,2,GB,android,food,0
T00016141,F00072,628.85,NGN,16,2,NG,web,electronics,0
T00013015,F00511,671.07,NGN,2,1,US,ios,food,0
T00016617,F00670,457.39,NGN,11,1,US,android,fuel,0
T00018075,F00376,4691.94,NGN,8,9,NG,ios,digital,0
T00014327,F00605,546.73,NGN,14,12,GH,ios,electronics,0
T00014006,F00134,503.88,NGN,9,8,NG,android,fuel,0
T00014587,F00732,413.66,NGN,2,6,NG,ios,digital,1
T00008446,F00895,1545.63,NGN,13,12,US,android,retail,0
T00011954,F00115,681.07,NGN,14,10,NG,web,food,0
T00018961,F00274,2713.76,NGN,0,5,NG,ios,travel,0
T00001811,F01091,3523.49,NGN,6,11,US,web,electronics,0
T00011281,F00465,934.83,NGN,7,2,NG,web,fuel,0
T00009065,F00687,1737.71,NGN,5,1,NG,android,retail,0
T00010820,F00225,621.41,NGN,23,2,NG,ios,electronics,0
T00002020,F00715,1705.1,NGN,0,4,NG,ios,travel,0
T00008314,F00157,1824.96,NGN,8,1,NG,android,electronics,0
T00019326,F00813,3456.11,NGN,18,10,NG,android,digital,0
T00012186,F00132,373.7,NGN,19,11,US,ios,travel,0
T00006714,F01095,2145.22,NGN,1,7,US,android,digital,0
T00010040,F00728,248.9,NGN,20,6,NG,android,fuel,0
T00015297,F00801,1066.6,NGN,19,4,NG,web,food,0
T00015165,F00139,2055.45,NGN,14,6,US,android,electronics,0
T00011496,F00562,779.69,NGN,7,2,NG,android,electronics,0
T00007907,F00783,1820.45,NGN,7,3,US,android,food,0
T00013420,F00125,1090.78,NGN,15,11,NG,android,food,0
T00018070,F00982,490.31,NGN,18,3,NG,android,fuel,0
T00001370,F00609,1625.88,NGN,3,7,NG,web,travel,1
T00007261,F00722,1490.88,NGN,18,7,GH,web,travel,0
T00005967,F00103,2330.41,NGN,8,11,GB,android,food,0
T00007039,F01108,2838.19,NGN,4,9,NG,ios,retail,0
T00008401,F00952,4659.57,NGN,14,10,US,web,electronics,0
T00010769,F00953,3709.57,NGN,14,8,GH,web,fuel,0
T00013720,F00575,1713.6,NGN,4,4,US,ios,fuel,0
T00005163,F00645,583.96,NGN,10,8,NG,ios,electronics,0
T00013710,F00260,1693.69,NGN,7,9,GH,android,electronics,0
T00017987,F00113,1695.47,NGN,6,12,NG,android,retail,0
T00009322,F00967,251.83,NGN,22,3,GH,web,travel,0
T00017992,F01024,1327.34,NGN,20,4,NG,ios,travel,0
T00015631,F00538,269.29,NGN,2,1,US,android,travel,0
T00012018,F00354,327.34,NGN,8,11,NG,android,retail,0
T00005714,F00112,1282.64,NGN,21,6,NG,android,electronics,0
T00013702,F00351,1776.19,NGN,20,4,US,android,digital,0
T00000060,F01166,1046.9,NGN,0,3,NG,ios,travel,0
T00011658,F00525,563.4,NGN,2,10,GH,android,fuel,0
T00003797,F00316,2107.27,NGN,14,8,GB,android,digital,0
T00019139,F00450,3558.8,NGN,8,7,US,ios,digital,0
T00001092,F00613,1672.72,NGN,10,1,NG,ios,retail,0
T00014083,F00743,418.48,NGN,17,6,GB,ios,electronics,0
T00002860,F00902,793.28,NGN,22,11,GB,android,retail,0
T00006395,F00503,1365.56,NGN,16,4,US,web,fuel,0
T00003075,F00416,1635.51,NGN,6,4,NG,android,retail,0
T00017617,F01065,2079.86,NGN,1,11,NG,android,travel,1
T00000483,F01152,2743.54,NGN,20,8,NG,android,electronics,0
T00001046,F00349,368.78,NGN,4,12,GH,ios,digital,1
T00006785,F00423,888.82,NGN,2,3,NG,web,food,0
T00013684,F00049,11889.33,NGN,9,8,NG,web,fuel,0
T00014171,F00358,785.53,NGN,23,5,NG,ios,fuel,0
T00010482,F00448,1061.97,NGN,5,4,GH,web,electronics,0
T00018796,F00114,611.85,NGN,22,7,NG,web,retail,0
T00013691,F00510,243.36,NGN,0,3,GH,ios,travel,0
T00012225,F00746,641.95,NGN,23,10,GB,android,retail,0
T00005093,F00520,316.58,NGN,20,2,NG,ios,digital,0
T00005226,F01006,879.38,NGN,8,10,NG,ios,travel,0
T00007019,F00702,1467.85,NGN,4,7,GH,ios,food,1
T00017455,F01160,2376.17,NGN,21,3,GH,web,food,0
T00003538,F00936,1629.34,NGN,9,7,NG,web,digital,0
T00017953,F00044,264.89,NGN,6,3,NG,ios,retail,0
T00012676,F01115,214.07,NGN,22,2,NG,android,food,0
T00014583,F00451,1502.77,NGN,5,2,NG,android,electronics,0
T00019620,F00710,166.88,NGN,17,2,NG,ios,fuel,0
T00009684,F00731,2401.53,NGN,14,9,US,android,fuel,0
T00006017,F01143,628.69,NGN,17,8,NG,web,fuel,0
T00010204,F00217,2021.29,NGN,13,5,NG,ios,digital,0
T00012326,F00313,1711.04,NGN,11,11,GB,web,digital,0
T00007073,F00825,270.38,NGN,10,11,NG,android,food,0
T00004892,F00539,322.32,NGN,20,11,NG,android,electronics,0
T00017701,F00699,923.57,NGN,5,12,GH,android,fuel,0
T00002564,F00478,127.22,NGN,16,8,GB,android,digital,0
T00002080,F01175,803.96,NGN,13,5,NG,android,digital,0
T00000005,F01018,281.0,NGN,8,6,NG,android,fuel,0
T00000718,F00317,542.47,NGN,1,12,NG,web,fuel,1
T00014366,F00661,481.6,NGN,1,1,NG,web,food,0
T00016460,F00826,4236.86,NGN,10,1,NG,ios,fuel,0
T00004697,F01020,773.41,NGN,8,4,GB,android,digital,0
T00017851,F01176,2184.84,NGN,20,12,NG,web,retail,0
T00006289,F00620,1717.39,NGN,14,9,US,android,food,0
T00011829,F00021,234.58,NGN,23,6,NG,android,electronics,0
T00004703,F00798,1408.18,NGN,19,5,GH,ios,food,0
T00001022,F00335,851.57,NGN,15,11,NG,ios,digital,0
T00017416,F00621,1171.55,NGN,9,12,NG,ios,fuel,0
T00013221,F00005,1178.77,NGN,1,12,NG,android,digital,1
T00013062,F00614,1987.48,NGN,4,2,NG,android,electronics,0
T00017265,F00722,387.79,NGN,9,7,GH,android,fuel,0
T00016379,F00695,1804.34,NGN,13,5,NG,web,fuel,0
T00012969,F00782,1731.04,NGN,18,4,GB,web,travel,0
T00007479,F01152,1236.34,NGN,16,11,NG,web,travel,0
T00011695,F00846,1031.91,NGN,1,12,NG,android,retail,0
T00013986,F00463,664.28,NGN,1,4,GH,web,fuel,0
T00008632,F00970,2815.66,NGN,13,2,GB,web,food,0
T00014244,F00277,3645.02,NGN,19,3,NG,web,travel,0
T00013464,F00734,285.62,NGN,13,6,US,android,electronics,0
T00005130,F00931,5444.67,NGN,20,2,US,android,fuel,0
T00017237,F00923,2945.49,NGN,0,3,NG,ios,retail,0
T00011632,F00902,1326.94,NGN,21,6,GB,web,retail,0
T00018502,F00934,817.09,NGN,11,11,NG,ios,food,0
T00004720,F00744,1212.57,NGN,1,12,GB,android,food,1
T00006147,F01046,2149.85,NGN,6,3,NG,ios,fuel,0
T00014127,F01135,2306.66,NGN,16,3,GB,android,travel,0
T00011445,F00095,291.7,NGN,22,7,NG,android,digital,0
T00003156,F00432,507.11,NGN,8,12,NG,web,food,0
T00002391,F00934,1938.52,NGN,13,11,GB,ios,retail,0
T00004495,F00361,480.24,NGN,8,12,NG,android,electronics,0
T00000562,F00136,4171.5,NGN,2,3,US,web,digital,0
T00008180,F01015,146.06,NGN,6,4,NG,android,travel,0
T00001033,F01157,5153.84,NGN,19,4,NG,ios,fuel,0
T00014739,F00381,1005.02,NGN,22,1,US,android,retail,0
T00003249,F00453,788.24,NGN,0,8,US,android,retail,0
T00012695,F00796,2582.03,NGN,16,6,US,web,food,0
T00015105,F00374,3462.65,NGN,16,11,US,android,travel,0
T00009878,F01043,493.87,NGN,13,6,US,ios,travel,0
T00003805,F00328,511.7,NGN,21,10,US,android,fuel,0
T00000885,F00165,226.58,NGN,22,1,NG,android,fuel,0
T00015406,F01108,351.25,NGN,19,9,US,ios,retail,0
T00019064,F01015,131.71,NGN,9,10,NG,android,travel,0
T00002723,F00871,5767.84,NGN,4,8,NG,web,electronics,0
T00001499,F00940,1029.17,NGN,12,6,NG,web,retail,0
T00018686,F00683,1929.31,NGN,20,4,US,android,electronics,0
T00017684,F00681,4975.19,NGN,12,12,US,ios,retail,0
T00002214,F00550,299.45,NGN,7,9,NG,android,retail,0
T00002022,F00848,4457.08,NGN,21,1,GH,web,retail,0
T00003233,F00013,1470.6,NGN,7,6,US,android,fuel,0
T00010133,F01067,823.0,NGN,0,6,NG,web,electronics,0
T00001438,F01042,787.05,NGN,19,1,NG,web,food,0
T00002218,F00712,970.4,NGN,22,5,NG,web,retail,0
T00004931,F00262,930.28,NGN,5,8,GB,ios,retail,0
T00000832,F00580,687.03,NGN,8,3,GB,ios,digital,0
T00002606,F00751,2155.31,NGN,2,11,NG,ios,fuel,1
T00013284,F00791,1562.33,NGN,14,4,GH,ios,food,0
T00011738,F00839,1748.25,NGN,6,11,GB,ios,fuel,0
T00003407,F00964,3325.65,NGN,15,1,NG,android,travel,0
T00001377,F00706,1872.13,NGN,16,3,GB,web,digital,0
T00011341,F00756,568.91,NGN,5,2,GB,ios,travel,0
T00008525,F01074,1094.4,NGN,4,12,NG,web,fuel,1
T00013879,F00505,1807.25,NGN,19,11,NG,ios,digital,0
T00012818,F00054,4509.12,NGN,0,4,NG,web,food,0
T00016424,F01180,1601.48,NGN,20,1,NG,web,fuel,0
T00013056,F01072,1587.44,NGN,18,6,NG,web,travel,0
T00005124,F00023,1712.0,NGN,1,3,NG,web,electronics,0
T00004268,F01057,867.95,NGN,21,6,GB,android,electronics,0
T00018481,F00703,910.66,NGN,13,11,NG,android,electronics,0
T00017132,F01134,905.04,NGN,0,12,US,android,retail,0
T00004326,F00219,565.97,NGN,16,3,GH,ios,travel,0
T00005672,F00412,917.36,NGN,11,6,NG,web,electronics,0
T00007174,F01123,1899.37,NGN,14,5,NG,android,retail,0
T00013401,F00181,1009.83,NGN,17,3,NG,web,electronics,0
T00015091,F01028,188.36,NGN,9,6,US,android,food,0
T00017284,F00958,919.39,NGN,1,3,GB,android,travel,0
T00013082,F01171,1439.24,NGN,7,5,NG,ios,retail,0
T00017084,F00900,227.76,NGN,15,6,US,android,fuel,0
T00001079,F00522,3521.99,NGN,12,3,NG,ios,travel,0
T00007145,F01064,1038.36,NGN,2,1,GH,ios,travel,0
T00009800,F00805,1584.45,NGN,18,3,NG,ios,digital,0
T00012060,F00003,17315.84,NGN,6,4,NG,android,retail,0
T00009351,F00039,225.15,NGN,0,10,NG,android,electronics,0
T00015597,F00263,2261.15,NGN,3,9,NG,web,food,1
T00016003,F00741,440.24,NGN,10,4,NG,web,digital,0
T00001137,F00810,636.76,NGN,13,9,NG,web,fuel,0
T00014272,F00411,2336.05,NGN,20,5,GH,android,food,0
T00000704,F00728,2327.49,NGN,2,12,GB,web,digital,0
T00012228,F00739,582.14,NGN,4,11,GH,web,digital,1
T00012660,F00192,1181.41,NGN,8,4,NG,android,food,0
T00013639,F01130,1347.73,NGN,15,9,GB,ios,food,0
T00001746,F01183,1024.43,NGN,13,8,NG,android,food,0
T00005029,F00719,321.57,NGN,15,9,NG,web,food,0
T00003655,F00900,957.62,NGN,10,4,NG,web,electronics,0
T00012078,F00193,795.01,NGN,0,12,GB,ios,travel,0
T00006001,F00137,863.01,NGN,3,8,NG,ios,digital,1
T00008434,F00101,3318.85,NGN,17,11,GH,android,retail,0
T00010836,F00701,1139.14,NGN,13,7,US,web,food,0
T00008579,F00897,3416.91,NGN,12,7,NG,ios,retail,0
T00015998,F00467,171.84,NGN,11,5,GB,android,fuel,0
T00016734,F00741,1277.28,NGN,18,5,US,ios,food,0
T00001098,F00362,2824.2,NGN,3,8,NG,web,retail,1
T00002262,F00475,644.25,NGN,23,12,GB,web,retail,0
T00015505,F00533,547.12,NGN,19,11,NG,android,electronics,0
T00012851,F01061,1478.33,NGN,10,12,US,ios,digital,0
T00002264,F00207,1983.7,NGN,17,2,GB,web,travel,0
T00013601,F00214,478.45,NGN,14,6,US,web,food,0
T00000528,F00309,524.21,NGN,13,8,GH,ios,digital,0
T00019078,F00374,1230.2,NGN,15,7,US,web,fuel,0
T00004804,F00245,412.81,NGN,12,5,NG,android,fuel,0
T00000937,F00426,586.52,NGN,22,2,NG,web,food,0
T00019233,F01059,1098.54,NGN,23,10,US,ios,food,0
T00000278,F00537,899.62,NGN,15,9,US,web,travel,0
T00014030,F00416,613.98,NGN,9,9,US,ios,digital,0
T00004099,F00494,254.9,NGN,3,4,NG,web,food,0
T00017791,F00308,1944.12,NGN,14,5,NG,web,fuel,0
T00008321,F00095,959.33,NGN,14,4,NG,web,fuel,0
T00009438,F01103,934.03,NGN,17,3,GH,ios,travel,0
T00001644,F00692,2738.27,NGN,22,7,NG,web,electronics,0
T00019511,F00937,1317.16,NGN,21,6,US,web,retail,0
T00007417,F00898,951.84,NGN,20,1,US,android,digital,0
T00014575,F00852,547.3,NGN,18,11,NG,web,digital,0
T00001970,F00353,2148.11,NGN,10,7,NG,web,retail,0
T00008121,F00863,968.54,NGN,21,4,NG,ios,electronics,0
T00005166,F00425,3037.78,NGN,22,9,GB,ios,electronics,0
T00007947,F00110,739.1,NGN,12,4,GB,android,electronics,0
T00018675,F00980,778.71,NGN,22,10,NG,ios,retail,0
T00010498,F01164,396.77,NGN,20,8,GB,android,electronics,0
T00001833,F01178,300.74,NGN,5,12,NG,ios,electronics,0
T00019963,F00442,1220.43,NGN,14,10,GH,web,retail,0
T00006192,F00092,4619.06,NGN,2,5,NG,android,fuel,0
T00016596,F00343,539.12,NGN,9,12,US,ios,digital,0
T00016193,F00562,4866.39,NGN,14,4,NG,web,retail,0
T00012491,F00597,1171.75,NGN,20,12,US,ios,electronics,0
T00019776,F00263,686.88,NGN,6,3,GH,web,food,0
T00013138,F01175,289.6,NGN,6,4,US,ios,retail,0
T00007966,F01068,555.78,NGN,4,7,GB,ios,retail,1
T00017683,F00544,564.47,NGN,1,11,NG,android,digital,1
T00009094,F00559,599.03,NGN,18,1,GH,web,fuel,0
T00007582,F00362,631.46,NGN,23,11,US,ios,fuel,0
T00013782,F00158,907.92,NGN,3,6,NG,ios,electronics,0
T00005232,F00027,527.53,NGN,12,4,GH,web,retail,0
T00012773,F00846,782.16,NGN,10,10,NG,ios,electronics,0
T00015327,F00889,3697.74,NGN,6,6,US,android,electronics,0
T00016971,F00321,1096.48,NGN,12,1,NG,web,travel,0
T00014331,F00761,180.85,NGN,8,8,NG,web,electronics,0
T00017537,F00795,1124.79,NGN,7,7,GB,ios,food,0
T00011747,F00516,580.81,NGN,1,5,GB,ios,travel,0
T00016701,F00524,813.33,NGN,10,9,NG,android,digital,0
T00003228,F00637,610.22,NGN,2,9,US,web,retail,1
T00007454,F00483,574.63,NGN,9,12,US,android,retail,0
T00014283,F00224,105.32,NGN,16,9,GB,ios,digital,0
T00009348,F00089,303.22,NGN,4,11,NG,ios,retail,0
T00000659,F00104,769.68,NGN,18,10,GH,web,electronics,0
T00008071,F00116,72.9,NGN,1,3,GB,ios,retail,0
T00009260,F00439,1887.31,NGN,12,4,GH,ios,fuel,0
T00000738,F01174,734.5,NGN,12,9,GB,web,food,0
T00008741,F00157,1943.01,NGN,13,6,GH,ios,food,0
T00007662,F00833,826.58,NGN,9,1,NG,ios,fuel,0
T00015909,F00791,7360.55,NGN,17,3,NG,android,retail,0
T00000299,F00938,957.99,NGN,11,8,GH,ios,travel,0
T00019066,F00745,1533.51,NGN,7,10,NG,web,food,0
T00000132,F00037,2727.25,NGN,0,2,GH,web,digital,0
T00016227,F00691,391.31,NGN,0,8,NG,web,fuel,0
T00007574,F00956,496.64,NGN,23,3,NG,android,retail,0
T00002578,F00764,865.01,NGN,19,4,GB,web,retail,0
T00011421,F00639,113.04,NGN,11,12,US,ios,fuel,0
T00006170,F00241,1942.44,NGN,20,5,US,android,food,0
T00011249,F01065,2947.71,NGN,20,11,GH,android,fuel,0
T00006095,F00934,3327.77,NGN,18,9,GB,ios,retail,0
T00014023,F00285,840.21,NGN,1,10,GB,web,digital,1
T00001544,F00808,820.93,NGN,2,5,NG,ios,fuel,0
T00004650,F00167,941.57,NGN,4,8,NG,android,electronics,0
T00016535,F00846,2042.03,NGN,6,7,US,ios,food,0
T00004075,F00500,1106.56,NGN,11,7,NG,android,fuel,0
T00007047,F00113,1785.49,NGN,22,1,US,web,retail,0
T00005194,F01154,2106.16,NGN,9,10,NG,web,retail,0
T00012401,F00751,704.28,NGN,3,9,NG,ios,food,1
T00005397,F00348,316.18,NGN,0,1,NG,web,fuel,0
T00014438,F00300,3374.35,NGN,15,9,US,android,retail,0
T00012827,F00235,1283.73,NGN,23,7,US,web,travel,0
T00013058,F00212,703.86,NGN,23,6,NG,ios,retail,0
T00008536,F00573,3609.48,NGN,4,9,NG,android,electronics,1
T00014189,F00116,946.98,NGN,14,5,NG,android,digital,0
T00012163,F00117,2225.98,NGN,4,10,NG,ios,electronics,1
T00019985,F00386,1129.49,NGN,17,7,NG,ios,digital,0
T00019714,F01120,984.83,NGN,7,7,GH,ios,digital,0
T00010253,F01043,5569.66,NGN,19,7,US,android,fuel,0
T00000866,F00653,559.1,NGN,21,8,NG,web,travel,0
T00016708,F01100,1936.26,NGN,22,3,US,android,travel,0
T00013864,F00450,3823.17,NGN,6,3,GH,android,travel,0
T00008706,F00904,2014.93,NGN,17,7,GB,android,fuel,0
T00013276,F01124,1040.83,NGN,21,2,NG,android,electronics,0
T00008944,F00598,1032.04,NGN,5,10,NG,web,digital,0
T00019474,F00273,885.81,NGN,19,7,NG,web,electronics,0
T00000833,F01120,262.03,NGN,9,10,NG,android,retail,0
T00016428,F00397,2604.2,NGN,1,3,NG,ios,retail,0
T00014118,F00651,3641.45,NGN,14,7,NG,web,food,1
T00008035,F00880,1512.77,NGN,7,11,NG,web,fuel,0
T00002147,F00553,2111.66,NGN,11,2,NG,android,digital,0
T00014812,F00706,829.97,NGN,12,11,NG,web,digital,0
T00004513,F00257,2326.14,NGN,14,6,GB,ios,electronics,1
T00005316,F00012,1586.06,NGN,21,6,US,ios,electronics,0
T00015601,F00590,2860.9,NGN,5,1,NG,web,fuel,0
T00015130,F00813,1813.93,NGN,4,5,NG,android,food,0
T00003564,F00628,1041.54,NGN,6,4,GB,ios,retail,0
T00012013,F01074,3455.3,NGN,17,6,NG,web,food,0
T00015912,F00164,177.91,NGN,19,5,NG,web,fuel,0
T00003739,F01080,2866.89,NGN,5,8,US,ios,digital,0
T00008409,F00643,565.17,NGN,18,2,US,web,retail,0
T00012840,F00582,37.75,NGN,19,4,NG,ios,food,0
T00015589,F00005,1064.22,NGN,8,8,GH,android,fuel,0
T00004822,F00277,419.04,NGN,4,4,NG,ios,fuel,0
T00007670,F00262,1648.86,NGN,4,5,GH,ios,travel,0
T00003018,F00745,1653.73,NGN,12,4,NG,android,retail,0
T00011280,F00365,577.1,NGN,21,7,NG,web,retail,0
T00017203,F00775,2140.37,NGN,11,6,US,android,electronics,0
T00014237,F01084,82.63,NGN,18,10,GH,android,food,0
T00005777,F00563,710.12,NGN,22,3,NG,ios,food,0
T00005160,F00689,2690.18,NGN,17,5,NG,android,travel,0
T00011939,F00613,321.63,NGN,22,9,NG,android,digital,0
T00015247,F00844,1488.41,NGN,22,12,NG,web,travel,0
T00009141,F00381,395.6,NGN,20,2,GH,web,food,0
T00008296,F01009,1456.85,NGN,22,4,NG,web,food,0
T00014102,F00173,10553.2,NGN,21,12,GB,android,travel,0
T00000456,F00422,1070.07,NGN,22,10,GH,ios,travel,0
T00016170,F00799,480.95,NGN,23,8,NG,web,digital,0
T00014748,F00827,3178.22,NGN,2,12,NG,web,digital,0
T00018358,F00518,408.36,NGN,8,1,NG,android,food,0
T00010390,F01157,2812.89,NGN,18,7,NG,android,food,0
T00007595,F01019,426.93,NGN,2,8,GH,android,retail,0
T00014320,F00033,466.51,NGN,20,1,GH,ios,retail,0
T00017805,F00176,630.1,NGN,7,10,NG,android,travel,0
T00008403,F00943,1042.34,NGN,20,4,NG,web,fuel,0
T00010034,F00878,257.22,NGN,4,8,US,ios,food,0
T00012370,F00847,911.67,NGN,19,8,GB,android,retail,0
T00010077,F00299,1627.9,NGN,22,2,US,web,retail,0
T00014040,F00720,3780.22,NGN,10,12,US,ios,electronics,0
T00000025,F00465,496.07,NGN,0,12,NG,web,digital,0
T00011332,F01200,2528.07,NGN,14,4,NG,web,travel,0
T00009390,F00383,1979.59,NGN,6,6,NG,ios,digital,0
T00007856,F01059,1499.11,NGN,19,5,GH,android,retail,0
T00019090,F01185,1456.55,NGN,5,2,NG,web,retail,0
T00008935,F01155,1694.94,NGN,19,4,GB,android,retail,0
T00000301,F00434,4745.23,NGN,16,1,GH,web,travel,0
T00012301,F01198,1438.09,NGN,9,6,GB,android,digital,0
T00010273,F00790,605.77,NGN,3,9,NG,web,travel,1
T00003256,F00874,570.6,NGN,13,4,NG,web,retail,0
T00010096,F01146,536.77,NGN,6,5,GB,web,electronics,0
T00001612,F00630,2451.0,NGN,5,1,NG,android,travel,0
T00017011,F00961,3102.61,NGN,1,5,GH,ios,electronics,0
T00001447,F00180,1379.05,NGN,7,3,NG,android,digital,0
T00006855,F00452,2242.59,NGN,18,12,US,ios,fuel,0
T00009108,F00623,1250.15,NGN,3,3,GB,ios,retail,0
T00003361,F00367,1143.59,NGN,12,7,US,android,food,0
T00014097,F00921,2086.05,NGN,11,9,GH,web,digital,0
T00017239,F00891,610.09,NGN,3,12,NG,ios,fuel,1
T00004051,F00248,466.2,NGN,13,4,GH,ios,retail,0
T00013087,F01018,2180.3,NGN,2,7,NG,android,fuel,1
T00004979,F00885,420.74,NGN,17,7,NG,ios,digital,0
T00001307,F00085,3692.28,NGN,11,3,NG,web,retail,0
T00019327,F00872,955.27,NGN,17,9,NG,ios,digital,0
T00014357,F00702,362.26,NGN,21,7,NG,web,digital,0
T00002744,F00383,1059.98,NGN,0,11,GB,android,food,0
T00010622,F00914,97.69,NGN,3,6,NG,ios,retail,1
T00014655,F00581,476.72,NGN,3,9,GB,ios,fuel,1
T00000906,F00331,612.87,NGN,13,2,NG,web,digital,0
T00001211,F00636,205.89,NGN,21,7,NG,web,food,0
T00019374,F00109,1448.31,NGN,13,8,US,android,fuel,0
T00006293,F01021,1175.93,NGN,22,9,NG,web,fuel,0
T00018662,F00565,426.79,NGN,15,1,NG,android,retail,0
T00013447,F00616,515.64,NGN,4,6,US,web,electronics,0
T00015056,F01164,299.35,NGN,0,7,US,ios,digital,0
T00013828,F00574,1883.18,NGN,22,5,GH,android,digital,0
T00011279,F00039,1188.61,NGN,17,6,GH,ios,food,0
T00014615,F01117,1969.59,NGN,7,3,NG,web,digital,1
T00011182,F01000,976.52,NGN,0,12,GB,android,fuel,1
T00009689,F01165,541.76,NGN,3,11,GB,android,digital,1
T00003529,F00802,618.51,NGN,19,11,US,android,electronics,0
T00019968,F00555,748.97,NGN,21,12,NG,android,digital,0
T00013249,F00509,599.31,NGN,16,2,NG,android,fuel,0
T00015082,F00231,2709.7,NGN,17,11,GB,android,travel,0
T00007082,F00820,931.14,NGN,20,5,GH,ios,fuel,0
T00000691,F00909,3106.17,NGN,1,11,GB,ios,travel,1
T00010126,F00853,1627.91,NGN,16,3,GH,android,fuel,0
T00001047,F01094,179.41,NGN,17,6,GH,android,electronics,0
T00001317,F00202,657.33,NGN,7,11,NG,android,travel,0
T00002999,F01184,721.74,NGN,23,11,US,web,digital,0
T00012792,F00876,456.57,NGN,4,11,NG,android,fuel,1
T00003107,F00087,3947.21,NGN,16,4,GB,ios,fuel,0
T00009615,F00209,345.13,NGN,0,2,NG,web,electronics,0
T00016972,F00674,2499.77,NGN,7,2,NG,android,fuel,0
T00011637,F00805,709.39,NGN,20,3,NG,android,food,0
T00009219,F00711,3502.34,NGN,9,5,NG,web,digital,0
T00014135,F00946,546.87,NGN,14,11,NG,web,retail,0
T00015834,F00587,515.08,NGN,13,7,NG,web,fuel,0
T00002931,F00786,356.72,NGN,1,1,US,android,digital,0
T00014567,F00863,239.53,NGN,2,10,GB,ios,digital,0
T00009813,F00792,1133.32,NGN,18,9,GB,android,food,0
T00010156,F01093,320.88,NGN,16,9,NG,ios,retail,0
T00000558,F00270,398.04,NGN,11,5,NG,web,fuel,0
T00000807,F00579,3536.66,NGN,15,10,GH,web,food,0
T00015017,F00701,533.52,NGN,14,2,NG,web,travel,0
T00003008,F00663,922.41,NGN,18,8,NG,web,electronics,0
T00016951,F00134,2632.4,NGN,14,3,NG,android,fuel,0
T00013227,F00573,1326.54,NGN,13,1,GH,ios,electronics,0
T00002668,F00325,1598.55,NGN,11,1,NG,web,travel,1
T00017623,F00676,571.9,NGN,2,12,GB,web,retail,1
T00010257,F01013,4166.42,NGN,1,4,GB,web,retail,0
T00013352,F01091,1053.06,NGN,22,11,GB,web,food,0
T00003634,F01023,1692.38,NGN,8,4,GB,android,food,0
T00013415,F00302,765.22,NGN,16,4,NG,ios,food,0
T00017313,F01198,267.57,NGN,7,1,NG,android,electronics,0
T00016421,F00069,163.52,NGN,17,2,NG,ios,electronics,0
T00002404,F01006,1627.38,NGN,4,11,NG,android,food,1
T00008750,F00006,4756.91,NGN,8,5,US,android,fuel,0
T00015675,F00698,226.17,NGN,0,1,US,ios,food,0
T00007180,F00685,614.03,NGN,22,9,NG,ios,food,0
T00015169,F00862,607.94,NGN,21,5,GH,android,travel,0
T00000091,F00232,535.62,NGN,7,9,US,web,digital,0
T00015978,F01115,480.29,NGN,16,8,NG,web,travel,0
T00008378,F00860,821.51,NGN,16,4,US,android,food,0
T00018206,F00684,1042.62,NGN,0,3,GH,web,electronics,0
T00016546,F00400,1084.12,NGN,6,4,GB,ios,digital,0
T00006655,F01087,2132.01,NGN,7,8,GH,android,travel,0
T00000539,F01019,488.68,NGN,21,12,NG,web,travel,0
T00016940,F00648,717.85,NGN,18,6,US,web,electronics,0
T00009909,F00347,222.04,NGN,22,3,NG,android,travel,0
T00008652,F00586,229.29,NGN,21,6,US,ios,digital,0
T00014057,F00627,2403.58,NGN,19,12,NG,android,food,0
T00015501,F00487,361.29,NGN,5,12,NG,android,electronics,0
T00012508,F00430,960.73,NGN,17,11,NG,web,electronics,0
T00010805,F00780,968.22,NGN,20,2,NG,android,electronics,0
T00019062,F00572,648.05,NGN,19,7,NG,ios,digital,0
T00019171,F00178,1032.21,NGN,22,6,NG,ios,retail,0
T00001245,F00177,321.91,NGN,19,2,GH,web,digital,0
T00015647,F00045,216.15,NGN,17,12,US,web,electronics,0
T00019294,F00012,666.46,NGN,2,5,NG,ios,travel,0
T00003591,F00475,2329.24,NGN,6,8,GB,ios,retail,0
T00003700,F00265,1341.49,NGN,1,11,NG,ios,food,1
T00019259,F00906,2042.93,NGN,18,9,NG,android,digital,0
T00017373,F00364,1802.14,NGN,11,1,GB,ios,fuel,0
T00016315,F01008,905.66,NGN,17,4,GB,web,digital,0
T00009838,F01032,395.34,NGN,8,3,NG,ios,food,0
T00015039,F00070,3119.72,NGN,5,9,US,web,retail,0
T00003116,F00786,609.22,NGN,9,1,NG,ios,food,0
T00015922,F01162,450.8,NGN,13,9,NG,android,digital,0
T00009326,F00018,1763.84,NGN,15,10,NG,ios,electronics,0
T00008227,F00703,1091.45,NGN,12,7,US,ios,food,0
T00011799,F00308,7172.91,NGN,3,3,NG,web,travel,0
T00007404,F01099,551.46,NGN,17,2,GH,web,digital,0
T00013147,F00688,293.61,NGN,14,12,NG,web,food,0
T00001515,F00696,2603.6,NGN,12,6,NG,android,food,0
T00008861,F00784,1360.48,NGN,19,3,GB,ios,digital,0
T00018829,F00813,827.66,NGN,1,5,NG,android,electronics,0
T00007760,F00659,615.16,NGN,9,12,GB,ios,food,1
T00016306,F00130,806.62,NGN,12,8,US,android,travel,0
T00015255,F01046,211.74,NGN,7,2,US,web,travel,0
T00008805,F01102,658.09,NGN,11,8,NG,web,food,0
T00002321,F01118,1586.51,NGN,18,4,NG,ios,travel,0
T00001829,F01099,1607.2,NGN,13,7,NG,ios,travel,0
T00002389,F00537,1027.06,NGN,21,5,NG,web,food,0
T00000342,F01146,749.06,NGN,14,12,GB,ios,travel,0
T00002639,F00300,322.57,NGN,23,5,GB,web,fuel,0
T00019410,F00768,437.12,NGN,4,7,NG,android,food,1
T00008534,F00060,5874.47,NGN,15,12,NG,android,electronics,0
T00008398,F00441,1084.1,NGN,16,11,GB,web,digital,0
T00007387,F00327,1064.91,NGN,19,6,US,android,digital,0
T00004320,F00270,591.9,NGN,4,5,GB,ios,travel,0
T00019810,F00410,641.55,NGN,9,7,NG,web,travel,0
T00013223,F00039,510.25,NGN,18,4,NG,web,retail,0
T00017405,F00140,840.07,NGN,18,7,NG,web,travel,0
T00013747,F00771,943.42,NGN,19,2,US,ios,electronics,0
T00012414,F01003,1131.95,NGN,12,2,US,web,travel,0
T00019928,F00305,2636.01,NGN,10,11,NG,android,electronics,0
T00008205,F00896,2989.59,NGN,19,3,NG,ios,retail,0
T00011258,F00022,2631.43,NGN,2,7,NG,web,food,1
T00009453,F00890,1528.28,NGN,23,12,US,ios,digital,0
T00012937,F00180,524.4,NGN,15,12,NG,android,digital,0
T00001066,F00833,582.11,NGN,15,2,GB,web,electronics,0
T00002523,F01121,901.84,NGN,12,10,NG,android,electronics,0
T00011211,F00766,414.39,NGN,16,8,GB,web,fuel,0
T00015216,F00830,1078.53,NGN,22,4,NG,ios,fuel,0
T00015845,F00576,1260.14,NGN,22,7,NG,android,travel,0
T00016473,F00722,5574.64,NGN,10,5,US,ios,retail,0
T00012589,F00744,1087.02,NGN,12,9,GH,web,travel,0
T00002610,F00240,1468.06,NGN,18,8,NG,web,food,0
T00016828,F01127,477.04,NGN,8,6,GH,android,food,0
T00010627,F00661,1151.06,NGN,21,9,NG,web,digital,0
T00007200,F00594,713.34,NGN,6,7,NG,ios,fuel,0
T00002422,F00065,4807.86,NGN,7,11,NG,android,digital,0
T00002418,F00826,1444.47,NGN,3,9,NG,ios,travel,1
T00003871,F00839,3592.2,NGN,16,10,US,ios,travel,0
T00014533,F00399,1546.86,NGN,20,6,NG,web,travel,0
T00004568,F00765,2704.32,NGN,1,7,NG,ios,digital,1
T00002241,F00809,3308.86,NGN,18,4,GB,ios,electronics,0
T00011823,F00218,157.03,NGN,5,11,GH,web,digital,0
T00010430,F00348,579.47,NGN,0,1,GB,ios,retail,0
T00012008,F00981,278.12,NGN,3,3,GB,ios,digital,0
T00013556,F00001,8023.45,NGN,6,8,US,web,electronics,0
T00013835,F00108,330.88,NGN,3,5,US,web,food,0
T00001348,F01053,4496.46,NGN,16,5,NG,ios,retail,0
T00007302,F00313,1202.75,NGN,18,4,GB,android,fuel,0
T00018960,F01046,680.77,NGN,21,11,NG,android,fuel,0
T00009551,F01151,896.97,NGN,7,6,NG,web,retail,0
T00011235,F00055,2720.58,NGN,18,4,US,web,travel,0
T00011604,F00068,1972.29,NGN,1,7,GB,android,food,1
T00002447,F01104,389.98,NGN,12,4,GH,android,travel,0
T00005411,F00078,724.29,NGN,5,9,GH,web,food,0
T00000099,F00745,1301.52,NGN,17,4,GH,android,retail,0
T00000542,F00304,373.97,NGN,12,5,NG,web,retail,0
T00000551,F01043,6580.2,NGN,18,5,GH,android,food,0
T00002265,F00678,774.51,NGN,16,10,NG,ios,electronics,0
T00007588,F00558,729.17,NGN,15,1,NG,android,food,0
T00018808,F00119,1162.59,NGN,2,2,NG,ios,electronics,0
T00002035,F00986,695.68,NGN,20,12,NG,ios,food,0
T00010085,F00741,963.66,NGN,1,5,GB,web,retail,0
T00015950,F00044,633.46,NGN,13,2,NG,ios,retail,0
T00010648,F00219,534.67,NGN,11,9,US,web,retail,0
T00000192,F00683,576.58,NGN,22,11,GB,ios,travel,0
T00010163,F00986,797.48,NGN,22,10,NG,android,retail,0
T00005713,F00762,480.92,NGN,23,10,GB,android,fuel,0
T00008749,F00252,1757.69,NGN,12,11,NG,ios,travel,0
T00008501,F00696,261.06,NGN,12,5,NG,ios,electronics,0
T00006656,F00989,290.89,NGN,23,12,NG,web,fuel,0
T00013360,F01106,1192.11,NGN,3,1,NG,web,retail,0
T00005698,F00039,585.65,NGN,16,10,NG,ios,digital,0
T00016753,F00265,1413.29,NGN,5,9,NG,ios,retail,0
T00014833,F00722,4848.67,NGN,20,5,GB,web,electronics,0
T00011673,F00578,2509.86,NGN,21,5,NG,android,digital,0
T00002548,F01080,2037.24,NGN,13,3,NG,web,fuel,0
T00007394,F00600,300.68,NGN,6,4,NG,web,travel,0
T00009566,F00565,653.16,NGN,3,6,NG,ios,digital,0
T00004323,F00871,1622.01,NGN,23,10,US,android,food,0
T00003801,F00584,1906.25,NGN,19,6,US,android,retail,0
T00000874,F00058,536.27,NGN,12,10,NG,android,retail,0
T00000107,F00374,984.0,NGN,9,6,NG,web,travel,0
T00005680,F00305,4783.28,NGN,7,12,GH,web,fuel,0
T00006836,F01044,5812.63,NGN,13,8,NG,android,retail,0
T00001300,F00873,2323.74,NGN,21,11,NG,web,retail,0
T00013442,F00742,2067.99,NGN,18,11,NG,ios,electronics,0
T00017866,F00536,3918.64,NGN,16,5,GH,android,fuel,0
T00001929,F00434,956.96,NGN,1,4,NG,android,fuel,0
T00001637,F01043,735.04,NGN,6,8,GH,web,electronics,0
T00018150,F01048,1300.1,NGN,19,5,US,android,retail,0
T00000898,F00775,802.53,NGN,19,8,NG,web,retail,0
T00000228,F00418,926.63,NGN,9,2,US,android,food,0
T00001848,F00457,2233.85,NGN,14,6,GB,web,digital,0
T00016126,F00419,922.93,NGN,3,7,NG,web,digital,1
T00010146,F00630,769.98,NGN,1,10,US,android,electronics,1
T00019849,F00546,10398.84,NGN,8,12,NG,ios,fuel,0
T00002222,F00658,1495.75,NGN,8,8,GH,android,travel,0
T00009009,F00190,1541.49,NGN,9,11,GH,web,travel,0
T00009729,F00264,5613.43,NGN,9,10,NG,web,electronics,0
T00008469,F01186,70.89,NGN,14,11,GB,ios,electronics,0
T00016058,F00476,512.25,NGN,17,1,GH,ios,food,0
T00016920,F01069,412.52,NGN,4,2,GH,android,digital,0
T00011080,F00089,5424.51,NGN,19,8,NG,web,fuel,0
T00007850,F00832,3608.71,NGN,2,1,NG,web,food,0
T00004140,F00503,5957.0,NGN,23,12,GH,android,retail,0
T00003230,F00928,1396.11,NGN,9,8,NG,web,travel,0
T00004163,F00460,1559.57,NGN,22,8,GB,android,electronics,0
T00012272,F00033,7328.55,NGN,7,8,GB,android,digital,0
T00003296,F00430,635.82,NGN,4,11,GB,web,food,0
T00010375,F00236,2851.29,NGN,9,2,NG,web,food,0
T00006710,F01032,1298.71,NGN,13,10,NG,ios,retail,0
T00002267,F00059,1978.34,NGN,13,9,GB,ios,electronics,0
T00017971,F00156,2149.02,NGN,5,9,GB,ios,food,0
T00004353,F00031,2274.83,NGN,5,9,GB,ios,retail,0
T00008135,F00476,468.09,NGN,4,12,NG,web,digital,1
T00006287,F00087,2047.53,NGN,4,6,NG,android,travel,1
T00005695,F00108,5354.56,NGN,4,8,US,android,retail,1
T00010586,F00789,1116.8,NGN,16,7,GB,ios,travel,0
T00004195,F00647,590.48,NGN,13,3,NG,ios,retail,0
T00003299,F00870,2308.5,NGN,14,1,NG,web,travel,0
T00012849,F00291,1601.04,NGN,22,9,GH,android,fuel,0
T00009749,F00002,1985.71,NGN,12,10,GB,android,fuel,0
T00008233,F00761,779.13,NGN,10,1,GH,ios,retail,0
T00007642,F00270,1859.91,NGN,17,12,NG,android,food,0
T00008029,F00256,1673.97,NGN,4,5,NG,web,retail,0
T00016927,F00277,930.99,NGN,10,3,NG,ios,electronics,0
T00003635,F00612,654.63,NGN,13,10,NG,android,food,0
T00005551,F00441,1497.71,NGN,20,7,NG,ios,travel,0
T00012515,F00153,507.4,NGN,7,1,NG,android,fuel,0
T00009977,F00233,2108.72,NGN,18,10,NG,android,electronics,0
T00012083,F00293,2503.28,NGN,1,10,US,android,digital,0
T00008889,F00194,1248.31,NGN,23,11,NG,android,fuel,0
T00016270,F00754,122.42,NGN,12,7,GB,ios,digital,0
T00003505,F01142,2557.41,NGN,23,2,NG,ios,digital,0
T00003570,F00070,1943.0,NGN,13,8,US,android,travel,0
T00001207,F00537,680.98,NGN,9,3,US,android,food,0
T00005981,F00664,659.69,NGN,12,10,US,web,fuel,0
T00013306,F00211,797.13,NGN,8,10,NG,web,electronics,0
T00005092,F00234,1574.78,NGN,4,1,NG,web,retail,0
T00007683,F01200,988.91,NGN,19,7,GH,android,digital,0
T00015959,F00572,1315.77,NGN,13,12,US,web,digital,0
T00002799,F00528,449.31,NGN,8,5,NG,android,electronics,0
T00001398,F00097,631.89,NGN,3,2,NG,android,retail,0
T00010104,F00585,3404.38,NGN,10,2,GB,web,retail,0
T00018584,F00315,1222.44,NGN,12,7,GB,android,food,0
T00016575,F00757,288.73,NGN,8,1,GH,web,fuel,0
T00015500,F00052,273.56,NGN,17,3,GH,web,fuel,0
T00009996,F00225,1388.4,NGN,13,10,NG,web,travel,0
T00012233,F01189,627.21,NGN,23,1,GH,web,fuel,1
T00009241,F01131,444.76,NGN,4,9,US,web,retail,1
T00006285,F00170,566.94,NGN,13,6,GH,ios,retail,0
T00001680,F00326,684.17,NGN,5,2,US,ios,travel,0
T00014344,F01151,222.51,NGN,11,6,NG,android,retail,0
T00013086,F00730,489.01,NGN,17,1,NG,android,travel,0
T00017536,F01049,2958.23,NGN,6,1,US,web,fuel,0
T00016263,F00462,3269.44,NGN,19,8,NG,android,electronics,0
T00019049,F00542,2002.94,NGN,15,7,NG,android,food,0
T00010401,F00351,522.33,NGN,0,8,GH,ios,travel,0
T00018094,F00203,1803.72,NGN,8,6,NG,web,travel,0
T00018131,F01015,281.09,NGN,7,8,US,android,fuel,0
T00006481,F00715,571.81,NGN,22,4,NG,ios,electronics,0
T00009277,F00722,1308.38,NGN,7,9,GH,android,electronics,0
T00001893,F00256,1198.47,NGN,10,9,US,web,digital,0
T00006739,F00676,199.12,NGN,4,11,NG,ios,food,1
T00019730,F01161,471.49,NGN,16,5,NG,ios,fuel,0
T00004506,F01148,423.73,NGN,5,3,NG,ios,fuel,0
T00016200,F00154,2019.42,NGN,3,2,GH,android,fuel,0
T00019531,F00283,399.92,NGN,4,12,NG,web,travel,1
T00010954,F00123,13774.03,NGN,8,1,NG,android,fuel,0
T00015433,F00467,597.31,NGN,20,12,NG,android,fuel,0
T00007765,F00046,982.19,NGN,22,3,NG,web,digital,0
T00013328,F00885,451.89,NGN,14,4,GH,web,electronics,0
T00003642,F00743,238.03,NGN,2,9,US,android,digital,1
T00000364,F00355,2357.46,NGN,8,11,US,ios,electronics,0
T00000958,F00414,3915.77,NGN,0,1,NG,android,digital,0
T00001545,F00157,1582.09,NGN,17,6,GB,ios,retail,0
T00014151,F00923,1225.7,NGN,5,2,NG,android,food,0
T00008159,F00433,1117.12,NGN,19,11,NG,web,electronics,0
T00000577,F00853,981.33,NGN,3,12,GH,android,digital,0
T00014437,F00670,1532.46,NGN,7,3,GB,web,digital,0
T00013559,F00789,999.35,NGN,7,5,NG,web,retail,0
T00014223,F00391,1902.82,NGN,3,7,US,ios,fuel,1
T00017444,F00379,2618.32,NGN,1,3,NG,web,food,0
T00001749,F00880,6832.3,NGN,4,5,NG,ios,electronics,0
T00018292,F00511,4339.02,NGN,1,1,NG,web,travel,0
T00015409,F01090,2082.12,NGN,1,3,GH,web,retail,0
T00015306,F00320,349.69,NGN,2,10,NG,web,food,1
T00001030,F00715,904.37,NGN,22,11,NG,android,electronics,0
T00004492,F00431,3765.84,NGN,19,9,GB,ios,food,0
T00010730,F00242,1403.68,NGN,11,3,NG,web,food,0
T00005488,F00908,1789.39,NGN,19,3,US,android,electronics,0
T00000757,F00570,295.15,NGN,19,12,NG,ios,electronics,0
T00004102,F00003,2145.13,NGN,3,9,US,android,food,1
T00002467,F00270,743.72,NGN,20,3,NG,android,retail,0
T00009683,F00270,978.86,NGN,22,4,NG,android,digital,0
T00019561,F00669,1165.88,NGN,10,3,NG,web,digital,0
T00015249,F01198,97.64,NGN,17,5,US,web,fuel,0
T00007644,F00308,1396.57,NGN,8,2,NG,web,digital,0
T00003623,F00240,898.23,NGN,13,1,NG,ios,food,0
T00006424,F00728,1452.61,NGN,5,10,GH,android,travel,0
T00004429,F00699,1616.77,NGN,3,2,NG,android,retail,0
T00016207,F00623,793.99,NGN,12,9,GB,android,electronics,0
T00001538,F00224,193.25,NGN,15,1,NG,ios,digital,0
T00012213,F00440,4215.26,NGN,9,8,US,web,fuel,0
T00007351,F01140,185.9,NGN,1,9,NG,web,travel,1
T00007813,F01060,2474.45,NGN,6,6,GH,ios,digital,0
T00017671,F00007,331.15,NGN,18,1,NG,ios,digital,0
T00004126,F00887,2352.04,NGN,15,8,NG,android,food,0
T00000984,F00209,490.9,NGN,2,2,NG,web,digital,0
T00013709,F00906,569.51,NGN,10,3,US,web,travel,0
T00000467,F00093,1516.58,NGN,5,8,US,android,retail,0
T00006526,F00499,727.98,NGN,14,2,NG,ios,food,0
T00004656,F00981,889.96,NGN,18,2,NG,ios,retail,0
T00008551,F00555,318.29,NGN,6,6,NG,web,travel,0
T00009958,F00997,1484.31,NGN,11,10,US,web,electronics,0
T00010281,F00278,859.64,NGN,17,6,US,ios,fuel,0
T00005812,F00569,476.55,NGN,3,5,GH,ios,food,0
T00019084,F00011,577.37,NGN,4,10,GB,web,fuel,1
T00019127,F00348,636.48,NGN,9,10,GB,android,digital,0
T00005653,F00852,548.25,NGN,10,5,GH,ios,food,0
T00004244,F00005,1741.01,NGN,19,4,US,ios,digital,0
T00006691,F00918,1952.12,NGN,7,10,US,android,retail,0
T00012561,F00603,209.2,NGN,8,3,GB,web,travel,0
T00014460,F00521,4341.44,NGN,23,7,GB,ios,retail,0
T00018692,F00263,1993.96,NGN,15,8,GH,ios,electronics,0
T00003179,F00452,2756.47,NGN,0,10,NG,ios,digital,0
T00014630,F01132,183.23,NGN,2,3,US,web,fuel,0
T00000768,F01157,595.65,NGN,19,11,NG,android,food,0
T00003874,F00800,6840.95,NGN,16,10,NG,ios,electronics,1
T00016694,F00080,1122.17,NGN,17,5,US,web,digital,0
T00015415,F00231,346.36,NGN,23,1,NG,web,fuel,0
T00018707,F01122,616.53,NGN,17,8,GH,web,retail,0
T00017139,F00333,1050.24,NGN,17,2,US,android,digital,0
T00011402,F00948,1018.49,NGN,19,6,NG,web,food,0
T00005517,F00121,724.82,NGN,11,8,US,android,travel,0
T00019236,F00405,641.12,NGN,23,10,NG,android,food,0
T00013089,F00910,1068.09,NGN,0,7,NG,ios,fuel,0
T00012774,F00601,2353.62,NGN,6,11,US,web,electronics,0
T00016678,F00977,598.51,NGN,22,11,GB,android,electronics,0
T00015612,F00425,1347.97,NGN,11,7,NG,ios,retail,0
T00008927,F00446,952.48,NGN,21,1,NG,web,retail,0
T00018187,F00790,2654.55,NGN,11,5,US,ios,food,0
T00003938,F00271,274.9,NGN,17,8,NG,ios,fuel,0
T00018533,F00537,1704.46,NGN,9,4,GB,android,retail,0
T00017046,F01132,3397.79,NGN,9,1,GB,android,fuel,0
T00013595,F00490,1092.28,NGN,5,3,GB,android,digital,0
T00008924,F00559,5226.15,NGN,10,4,NG,web,fuel,0
T00004902,F00374,431.2,NGN,14,3,GH,web,retail,0
T00017895,F01035,1103.92,NGN,22,3,NG,web,travel,0
T00006210,F00916,412.71,NGN,15,7,GH,android,electronics,0
T00003768,F00508,1332.76,NGN,1,1,GH,ios,electronics,0
T00009254,F00740,1996.24,NGN,3,4,NG,web,retail,0
T00015228,F00349,2418.63,NGN,13,7,GB,web,digital,0
T00013324,F00104,1984.48,NGN,5,5,NG,ios,retail,0
T00004973,F00459,1829.34,NGN,3,11,GH,web,digital,1
T00014673,F01199,565.85,NGN,1,2,GH,android,electronics,0
T00012023,F00790,4483.66,NGN,4,3,GH,android,food,0
T00015527,F00729,237.05,NGN,10,3,GB,ios,travel,0
T00005209,F01145,655.54,NGN,5,4,GB,web,retail,0
T00019945,F00612,2341.45,NGN,11,10,US,android,retail,0
T00009149,F00069,625.59,NGN,5,3,NG,web,electronics,0
T00014119,F00108,1048.72,NGN,20,7,GH,android,electronics,0
T00015580,F00698,553.17,NGN,3,9,US,ios,travel,1
T00003166,F00947,1209.69,NGN,19,1,NG,android,fuel,0
T00011648,F00889,147.48,NGN,6,2,GB,ios,travel,0
T00005264,F00844,1891.47,NGN,0,3,NG,ios,retail,0
T00019637,F00280,599.28,NGN,20,8,NG,ios,retail,1
T00006566,F00654,2356.6,NGN,21,5,NG,ios,food,0
T00000842,F00550,415.56,NGN,21,4,NG,web,retail,0
T00009763,F00612,1251.79,NGN,14,5,GB,ios,retail,0
T00017195,F00929,1841.04,NGN,20,12,NG,web,fuel,0
T00001366,F00769,1860.1,NGN,15,11,GH,android,electronics,0
T00017145,F00356,947.46,NGN,1,12,NG,web,fuel,1
T00015799,F00046,1175.29,NGN,11,3,GB,ios,digital,0
T00000098,F00934,1515.86,NGN,3,3,NG,web,fuel,0
T00006665,F00182,1376.38,NGN,15,9,GH,web,retail,0
T00014930,F00994,1553.27,NGN,14,5,NG,ios,food,0
T00014676,F00394,203.27,NGN,22,7,GH,android,fuel,0
T00012262,F00171,220.53,NGN,14,6,GB,web,fuel,0
T00017045,F00702,759.72,NGN,12,8,NG,ios,food,0
T00004698,F00975,10346.18,NGN,12,10,NG,ios,food,0
T00016112,F00579,1089.46,NGN,21,12,GH,web,digital,0
T00018239,F01183,3530.22,NGN,13,6,NG,web,retail,0
T00005813,F00905,532.6,NGN,5,12,NG,web,digital,0
T00018842,F00008,1139.62,NGN,21,3,NG,ios,fuel,0
T00017438,F00085,1895.42,NGN,10,7,NG,android,retail,0
T00014663,F00350,1500.71,NGN,3,10,NG,ios,fuel,1
T00007264,F00791,4002.18,NGN,23,3,NG,ios,travel,0
T00017665,F00586,530.83,NGN,8,11,NG,ios,electronics,0
T00018000,F00949,580.78,NGN,8,5,GH,ios,digital,0
T00015047,F00701,6011.68,NGN,8,7,GB,ios,electronics,0
T00003422,F00044,886.92,NGN,3,2,NG,android,travel,0
T00016260,F00830,1480.07,NGN,19,1,NG,web,retail,0
T00006587,F00705,935.54,NGN,22,10,NG,ios,travel,0
T00006532,F00381,2688.38,NGN,19,2,NG,web,travel,0
T00008279,F00302,2118.09,NGN,5,11,NG,ios,retail,0
T00015434,F00535,2707.24,NGN,4,6,NG,ios,fuel,0
T00009747,F00878,1045.76,NGN,23,11,US,ios,electronics,0
T00015887,F01040,869.32,NGN,1,12,NG,ios,retail,1
T00002580,F00032,1089.59,NGN,12,12,NG,web,retail,0
T00004289,F00014,1389.43,NGN,9,10,US,android,electronics,0
T00012903,F00877,3277.01,NGN,9,1,GH,android,retail,0
T00019651,F00334,2042.16,NGN,19,2,NG,ios,fuel,0
T00014318,F00210,1140.0,NGN,16,8,NG,ios,digital,0
T00017155,F00257,1101.43,NGN,18,2,GB,web,digital,0
T00001009,F01094,2741.72,NGN,14,8,NG,android,retail,0
T00014874,F01102,1203.8,NGN,19,8,NG,ios,electronics,0
T00002621,F00038,1284.9,NGN,2,11,NG,ios,food,1
T00009793,F01000,898.11,NGN,17,9,NG,ios,digital,0
T00013739,F00633,1031.32,NGN,19,5,NG,web,retail,0
T00004502,F00133,466.17,NGN,8,12,US,android,retail,0
T00005180,F01109,111.32,NGN,23,8,NG,web,digital,0
T00013926,F01145,1834.53,NGN,19,2,NG,ios,electronics,0
T00002197,F01011,684.03,NGN,21,12,GB,ios,travel,0
T00005632,F01141,103.97,NGN,19,11,NG,android,travel,0
T00011562,F00002,10460.36,NGN,11,3,NG,web,food,0
T00001051,F00418,4960.45,NGN,6,8,GH,android,digital,0
T00000580,F01030,2835.67,NGN,16,11,NG,android,food,0
T00004371,F00223,310.97,NGN,5,3,NG,web,retail,0
T00007744,F00962,895.57,NGN,20,7,US,web,food,0
T00012984,F00917,1158.27,NGN,2,1,NG,ios,electronics,0
T00013109,F00270,192.84,NGN,14,7,US,web,travel,0
T00013361,F01162,483.12,NGN,20,8,NG,ios,food,0
T00006474,F00454,2257.81,NGN,10,1,GH,android,travel,0
T00003840,F00311,1101.29,NGN,4,10,GH,ios,retail,0
T00007209,F00752,1114.49,NGN,6,10,US,web,food,0
T00005858,F00667,808.4,NGN,11,11,US,ios,food,0
T00000435,F00270,732.04,NGN,6,2,GB,web,retail,0
T00009518,F01153,300.17,NGN,17,9,GB,web,retail,0
T00007363,F00182,1028.35,NGN,14,6,GH,web,food,0
T00003019,F00987,1350.82,NGN,17,11,NG,ios,food,0
T00016603,F00634,947.42,NGN,21,4,NG,android,fuel,0
T00012888,F00412,8357.98,NGN,3,8,NG,android,electronics,1
T00002933,F01021,5062.7,NGN,2,6,US,android,travel,1
T00015599,F00963,778.4,NGN,6,2,GH,android,food,0
T00018403,F00899,744.0,NGN,21,7,GH,web,electronics,0
T00002290,F00333,2004.68,NGN,22,6,NG,ios,retail,0
T00007372,F00401,1580.72,NGN,15,9,US,android,food,0
T00018532,F00560,2490.06,NGN,0,1,GB,web,travel,0
T00005148,F00727,829.64,NGN,2,5,GB,ios,electronics,0
T00001014,F00365,2829.31,NGN,7,9,NG,web,electronics,0
T00016755,F00506,514.21,NGN,8,5,GB,ios,electronics,0
T00010707,F00468,351.66,NGN,12,8,NG,android,electronics,0
T00005259,F01143,1476.14,NGN,11,6,US,ios,fuel,0
T00001361,F00644,2597.08,NGN,18,2,GB,ios,electronics,0
T00007839,F00736,3850.2,NGN,14,9,US,web,travel,0
T00005322,F01063,834.8,NGN,20,2,NG,android,retail,0
T00004687,F00014,186.64,NGN,9,4,GB,web,digital,0
T00019807,F00760,476.78,NGN,6,8,GB,web,retail,0
T00019677,F00201,231.09,NGN,12,4,NG,ios,travel,0
T00015497,F00405,1097.13,NGN,23,8,US,ios,retail,0
T00001632,F00521,1120.15,NGN,4,6,NG,web,travel,1
T00002489,F00134,1638.31,NGN,21,10,US,android,electronics,0
T00016436,F00983,1087.64,NGN,13,8,NG,web,food,0
T00002731,F00184,2179.77,NGN,1,6,GH,web,fuel,0
T00002577,F00629,921.68,NGN,17,3,NG,web,travel,0
T00015174,F01172,2323.91,NGN,22,8,NG,ios,electronics,0
T00013426,F01071,2057.57,NGN,10,11,GH,web,travel,0
T00012555,F00305,1125.33,NGN,15,8,NG,android,fuel,0
T00015080,F00597,1095.49,NGN,6,10,GH,web,travel,0
T00018330,F01066,672.86,NGN,22,1,NG,web,electronics,0
T00008262,F00695,1262.47,NGN,11,1,NG,web,retail,0
T00006215,F01130,2572.64,NGN,16,8,GH,android,electronics,0
T00015352,F00635,6072.91,NGN,9,8,NG,ios,electronics,0
T00005587,F00373,2060.8,NGN,11,12,NG,web,fuel,0
T00011014,F00214,1265.16,NGN,2,4,GH,android,digital,0
T00017742,F00145,1436.25,NGN,4,9,NG,android,retail,0
T00001286,F01016,2284.57,NGN,5,4,NG,ios,travel,0
T00005205,F00067,3293.79,NGN,7,5,NG,android,digital,0
T00001415,F00163,1202.21,NGN,2,9,NG,ios,digital,1
T00016475,F00237,251.12,NGN,13,7,GB,ios,travel,0
T00016784,F00035,556.64,NGN,4,11,NG,android,fuel,1
T00019401,F00477,817.21,NGN,3,9,GH,ios,digital,1
T00008808,F00290,403.53,NGN,17,8,NG,web,electronics,0
T00009263,F00854,3028.65,NGN,23,8,GB,ios,electronics,0
T00014282,F00759,1568.66,NGN,20,3,GH,ios,retail,0
T00004772,F00706,1883.96,NGN,0,8,NG,web,electronics,0
T00001229,F00441,646.68,NGN,4,3,GH,web,electronics,0
T00019014,F00654,292.46,NGN,18,5,US,ios,retail,0
T00015108,F00185,1085.82,NGN,2,8,NG,web,food,1
T00002517,F00414,1790.87,NGN,16,6,GB,web,travel,0
T00012107,F00849,1659.33,NGN,10,3,GB,android,food,0
T00005144,F00560,1272.2,NGN,12,9,GB,web,fuel,0
T00010546,F00821,2995.18,NGN,18,8,GH,web,fuel,0
T00018076,F01013,906.13,NGN,10,7,GH,web,food,0
T00017755,F00123,4614.96,NGN,17,5,NG,ios,retail,0
T00013565,F00450,2745.22,NGN,16,8,NG,web,food,0
T00000276,F00335,476.27,NGN,12,3,NG,android,food,0
T00012514,F00441,1028.48,NGN,5,9,NG,android,electronics,0
T00011878,F00915,4808.25,NGN,12,11,GB,web,retail,0
T00017862,F01085,244.77,NGN,15,4,NG,android,electronics,0
T00014454,F00703,495.58,NGN,4,9,NG,ios,digital,1
T00013103,F00422,1506.06,NGN,6,5,US,web,food,0
T00005337,F00889,539.98,NGN,23,7,NG,ios,retail,0
T00001567,F01086,1092.74,NGN,1,10,NG,ios,retail,1
T00017768,F00267,331.68,NGN,18,11,NG,android,digital,0
T00016599,F00815,1611.04,NGN,22,5,NG,android,electronics,0
T00009964,F00499,2265.67,NGN,2,5,NG,web,electronics,0
T00007596,F00461,412.12,NGN,7,4,GB,android,electronics,0
T00008793,F00943,1414.58,NGN,6,9,US,ios,retail,0
T00003059,F00588,1065.19,NGN,18,6,US,web,fuel,0
T00016183,F00727,3855.01,NGN,18,9,NG,ios,electronics,0
T00019320,F00978,1544.42,NGN,15,9,NG,web,digital,0
T00010471,F00934,448.64,NGN,6,4,GB,ios,digital,0
T00019313,F01183,939.37,NGN,6,11,NG,web,electronics,0
T00000763,F00699,530.38,NGN,12,3,NG,android,travel,0
T00017618,F00317,2235.29,NGN,4,4,GH,android,food,0
T00000977,F00678,1089.08,NGN,23,9,NG,ios,food,0
T00002806,F00427,1482.62,NGN,19,12,NG,android,digital,0
T00004953,F01083,559.03,NGN,22,1,NG,ios,electronics,0
T00000197,F00453,1104.35,NGN,19,6,NG,ios,digital,0
T00004034,F00325,1515.81,NGN,19,5,NG,android,travel,0
T00004200,F00443,1464.17,NGN,7,12,NG,android,digital,0
T00017646,F00093,1634.11,NGN,17,3,NG,ios,fuel,0
T00013251,F00166,9553.04,NGN,20,11,NG,android,fuel,0
T00004563,F01095,3734.63,NGN,14,3,GB,android,food,0
T00006592,F00929,1233.48,NGN,10,5,NG,ios,travel,0
T00009115,F00602,2356.98,NGN,4,3,NG,web,digital,0
T00011342,F00164,669.43,NGN,20,3,NG,web,travel,0
T00011446,F00063,878.56,NGN,3,9,NG,web,digital,1
T00005968,F00913,126.32,NGN,18,6,NG,web,digital,0
T00003389,F00835,852.27,NGN,13,8,NG,android,digital,0
T00005039,F00291,3491.18,NGN,20,12,NG,web,fuel,0
T00014918,F00590,2344.7,NGN,16,2,NG,web,electronics,0
T00003879,F00680,3912.74,NGN,0,7,GB,android,travel,0
T00006770,F00719,1313.13,NGN,21,11,GH,android,electronics,0
T00018270,F01142,1642.88,NGN,15,8,NG,ios,fuel,0
T00000075,F01089,469.92,NGN,1,5,NG,web,electronics,0
T00013469,F00984,2089.9,NGN,1,6,NG,ios,fuel,1
T00011698,F00313,507.05,NGN,19,7,US,web,retail,0
T00015944,F00021,602.31,NGN,10,3,NG,ios,travel,0
T00017630,F00306,2099.76,NGN,23,1,NG,android,food,0
T00017567,F00353,191.68,NGN,20,6,NG,ios,food,0
T00007513,F00807,503.93,NGN,6,8,NG,android,retail,0
T00006938,F00853,467.14,NGN,2,8,GB,ios,retail,1
T00019324,F00987,1523.35,NGN,1,12,GB,web,retail,1
T00006634,F00493,428.1,NGN,21,1,GH,web,digital,0
T00005418,F00510,1590.76,NGN,21,8,GB,android,electronics,0
T00016779,F01044,1377.79,NGN,23,8,GB,android,food,0
T00007212,F00562,5071.69,NGN,22,12,GB,ios,travel,0
T00014532,F00394,2731.52,NGN,12,11,GB,ios,fuel,0
T00016297,F00479,698.98,NGN,12,7,NG,android,fuel,0
T00005849,F00754,631.64,NGN,4,5,GH,ios,food,0
T00013543,F00082,1462.2,NGN,16,2,NG,ios,digital,0
T00002966,F00794,1926.62,NGN,3,12,US,android,digital,0
T00006732,F00018,886.58,NGN,10,5,GH,web,electronics,0
T00016718,F01193,2787.07,NGN,2,3,NG,android,retail,0
T00019551,F00785,486.9,NGN,11,11,GH,android,retail,0
T00008621,F00268,1184.26,NGN,2,2,NG,ios,digital,0
T00012448,F01093,4695.41,NGN,6,7,GH,ios,digital,0
T00009423,F00701,852.43,NGN,6,11,GB,ios,food,0
T00006486,F00213,4372.5,NGN,19,12,NG,web,fuel,0
T00008091,F00225,403.22,NGN,19,10,GH,ios,digital,0
T00010907,F00193,513.48,NGN,10,6,NG,android,travel,0
T00017473,F00581,557.84,NGN,21,4,NG,ios,food,0
T00012387,F00342,419.58,NGN,20,8,US,web,electronics,0
T00012494,F00169,1828.11,NGN,4,5,NG,ios,retail,0
T00001259,F00138,919.14,NGN,15,1,GB,ios,travel,0
T00009067,F00168,3284.68,NGN,16,2,NG,android,travel,0
T00016684,F00667,2002.7,NGN,23,11,NG,android,electronics,0
T00011190,F00129,411.89,NGN,5,8,NG,android,electronics,0
T00014414,F00562,116.54,NGN,5,5,NG,web,food,0
T00013211,F01150,1114.02,NGN,18,11,GH,web,retail,0
T00019844,F00250,6744.63,NGN,17,6,US,ios,retail,0
T00005737,F00516,241.78,NGN,15,12,US,android,digital,0
T00007367,F00992,906.41,NGN,22,1,NG,ios,digital,0
T00012556,F01026,1049.24,NGN,17,2,GH,ios,fuel,0
T00016906,F00962,1214.68,NGN,2,6,NG,android,food,1
T00013944,F00169,387.19,NGN,9,3,NG,android,digital,0
T00014856,F00385,701.74,NGN,19,10,NG,ios,food,0
T00015423,F00491,1549.31,NGN,5,12,NG,web,food,0
T00003895,F00553,256.1,NGN,0,6,GH,web,digital,0
T00010814,F00827,1076.25,NGN,10,8,NG,android,food,0
T00011928,F00482,2117.0,NGN,23,8,NG,ios,electronics,0
T00015795,F01156,504.37,NGN,16,5,NG,ios,food,0
T00006616,F00609,1548.33,NGN,2,12,GH,web,digital,0
T00004610,F00246,300.02,NGN,15,3,NG,web,food,0
T00011708,F01158,1862.02,NGN,6,4,US,android,travel,0
T00014240,F00226,1236.38,NGN,23,7,NG,web,retail,0
T00017983,F01196,571.66,NGN,18,4,GB,ios,digital,0
T00006986,F00930,109.02,NGN,20,6,NG,web,travel,0
T00011524,F00570,482.53,NGN,14,7,GH,web,retail,0
T00019037,F00600,2086.58,NGN,2,12,NG,ios,electronics,1
T00012215,F00803,3119.45,NGN,9,7,NG,ios,electronics,0
T00006679,F00287,615.07,NGN,16,11,NG,ios,digital,0
T00000802,F00699,383.19,NGN,12,9,NG,android,fuel,0
T00009282,F00973,1957.51,NGN,11,5,GH,android,food,0
T00003755,F00751,986.68,NGN,0,3,NG,ios,electronics,0
T00006759,F00489,1134.32,NGN,13,3,NG,android,travel,0
T00011729,F00781,580.37,NGN,10,9,NG,ios,fuel,0
T00012257,F00256,1257.93,NGN,14,7,NG,android,electronics,0
T00003963,F01122,332.06,NGN,22,2,NG,ios,digital,0
T00009198,F00678,1895.29,NGN,16,9,US,web,retail,0
T00015762,F00531,377.68,NGN,13,12,NG,ios,retail,0
T00011126,F00709,315.95,NGN,11,4,US,android,fuel,0
T00013951,F01144,839.95,NGN,18,11,GH,web,fuel,0
T00017033,F00961,1721.61,NGN,3,3,GH,android,digital,0
T00007703,F00440,1791.1,NGN,20,10,GH,web,travel,1
T00004749,F00868,2156.14,NGN,14,11,US,web,digital,0
T00008346,F00790,1199.95,NGN,18,5,NG,web,retail,0
T00007945,F00261,1007.33,NGN,6,11,NG,ios,electronics,0
T00010030,F00781,344.51,NGN,16,4,GH,ios,food,0
T00008650,F00354,625.08,NGN,18,1,GB,ios,travel,0
T00002591,F00556,2697.92,NGN,0,4,NG,android,travel,0
T00003838,F00505,992.13,NGN,18,12,GH,android,electronics,0
T00016979,F00711,2644.91,NGN,21,4,NG,web,fuel,0
T00015915,F00331,2649.15,NGN,4,4,NG,android,fuel,0
T00018037,F00792,280.87,NGN,13,10,GB,android,food,0
T00008922,F00542,1189.76,NGN,16,1,GH,web,fuel,0
T00011149,F00968,1283.08,NGN,22,5,US,android,food,0
T00019774,F00910,1156.76,NGN,15,4,NG,web,digital,0
T00008964,F00996,1492.79,NGN,11,10,NG,web,travel,0
T00016932,F00173,4420.65,NGN,14,3,US,web,digital,0
T00000628,F00527,701.25,NGN,21,2,GB,web,fuel,0
T00017007,F00488,391.84,NGN,10,7,NG,android,digital,0
T00010447,F00322,2214.31,NGN,0,3,GH,web,digital,0
T00001823,F01057,456.74,NGN,14,5,NG,web,food,0
T00015388,F00403,1261.41,NGN,1,6,US,ios,food,1
T00012408,F00678,824.41,NGN,7,7,US,android,fuel,0
T00010525,F00765,717.5,NGN,9,3,US,ios,digital,0
T00008146,F00635,415.1,NGN,11,9,US,web,electronics,0
T00007708,F00711,1400.4,NGN,22,2,NG,android,retail,0
T00009030,F00633,1254.54,NGN,2,1,NG,ios,fuel,0
T00008760,F01196,1644.69,NGN,7,12,NG,android,food,0
T00016451,F00722,474.15,NGN,1,2,NG,android,retail,0
T00001451,F00882,1143.41,NGN,16,6,NG,web,retail,0
T00013581,F01198,3582.31,NGN,22,12,GB,web,fuel,0
T00000723,F01200,1125.92,NGN,11,3,GB,android,fuel,0
T00005063,F00242,769.79,NGN,6,10,NG,android,fuel,0
T00019224,F00757,13213.62,NGN,21,10,GB,ios,travel,0
T00017437,F00346,478.95,NGN,19,1,NG,ios,retail,0
T00013457,F00610,992.01,NGN,7,7,US,android,food,0
T00017123,F00292,1801.31,NGN,15,6,GH,web,fuel,0
T00003370,F00163,2186.45,NGN,13,7,NG,ios,travel,0
T00007699,F00931,988.24,NGN,7,10,NG,web,food,0
T00007489,F00790,4654.42,NGN,7,4,NG,web,fuel,0
T00009516,F00172,1210.28,NGN,1,8,GB,web,electronics,0
T00019377,F00479,484.36,NGN,18,2,NG,web,electronics,0
T00019538,F00454,2144.89,NGN,2,9,NG,android,digital,0
T00016027,F01186,2636.62,NGN,2,5,US,ios,electronics,0
T00014182,F00854,983.33,NGN,16,1,NG,ios,fuel,0
T00014793,F00924,139.76,NGN,3,7,NG,ios,retail,1
T00017735,F01111,2216.49,NGN,11,4,NG,web,electronics,0
T00010884,F01025,1540.67,NGN,12,12,US,ios,travel,0
T00003216,F01189,1635.88,NGN,5,2,US,web,food,0
T00013400,F00630,1111.35,NGN,10,8,GB,web,fuel,0
T00003622,F00034,335.38,NGN,14,5,US,ios,travel,0
T00011619,F00696,2814.59,NGN,3,5,NG,android,electronics,0
T00004792,F00162,3782.56,NGN,5,2,NG,android,fuel,0
T00010721,F00520,1620.81,NGN,15,5,NG,android,fuel,0
T00019069,F00632,497.74,NGN,11,6,NG,android,food,0
T00001737,F00087,310.56,NGN,21,11,NG,android,fuel,0
T00017724,F00586,1346.73,NGN,20,5,GH,ios,digital,0
T00002940,F00943,1514.87,NGN,19,10,NG,android,digital,0
T00007436,F01036,1073.17,NGN,1,8,NG,web,digital,0
T00019283,F00436,284.53,NGN,18,11,GB,android,retail,0
T00001638,F00099,3473.32,NGN,10,6,NG,android,electronics,0
T00016241,F00019,1189.92,NGN,12,10,NG,android,travel,0
T00003129,F01083,537.98,NGN,16,11,NG,ios,travel,0
T00018816,F00844,687.85,NGN,22,2,US,android,electronics,0
T00005498,F00515,4440.26,NGN,0,1,US,ios,digital,0
T00019186,F01194,1448.65,NGN,3,5,NG,android,digital,0
T00019724,F00116,306.22,NGN,3,1,GH,web,retail,0
T00001657,F00694,2250.82,NGN,7,8,NG,android,fuel,0
T00010494,F00637,563.35,NGN,16,12,NG,web,travel,0
T00002155,F00191,832.92,NGN,17,10,NG,web,travel,1
T00007462,F00314,1371.18,NGN,19,12,GB,android,electronics,0
T00007700,F01087,1000.47,NGN,22,9,NG,web,fuel,0
T00004049,F00014,1354.27,NGN,16,10,NG,android,digital,0
T00000799,F00234,58.33,NGN,3,7,NG,web,digital,0
T00006154,F00821,340.04,NGN,2,11,NG,android,travel,1
T00003662,F01160,989.63,NGN,2,1,NG,android,travel,0
T00005507,F00963,1767.77,NGN,14,9,NG,web,retail,0
T00006204,F00954,2431.81,NGN,2,10,NG,android,travel,1
T00013586,F00363,1504.11,NGN,2,11,GH,ios,retail,1
T00006313,F00024,485.41,NGN,14,1,GH,ios,fuel,0
T00014430,F00968,1717.27,NGN,7,2,US,android,digital,0
T00013443,F01122,343.5,NGN,4,8,GB,ios,fuel,1
T00017902,F00147,926.07,NGN,16,7,GB,android,retail,0
T00008776,F01062,2236.99,NGN,7,11,US,android,fuel,0
T00017898,F00585,1501.46,NGN,4,10,NG,ios,retail,1
T00008959,F01153,1424.13,NGN,8,5,US,ios,fuel,0
T00011691,F01082,1289.55,NGN,15,5,GH,android,travel,0
T00018522,F00351,2000.65,NGN,16,5,GB,android,travel,0
T00005230,F00299,1289.82,NGN,17,2,NG,ios,food,0
T00015126,F00905,2154.88,NGN,14,7,GH,ios,electronics,0
T00019043,F00904,2842.18,NGN,17,11,NG,web,electronics,0
T00004290,F01146,1024.42,NGN,22,2,NG,web,retail,0
T00013499,F00677,2203.53,NGN,17,10,NG,android,retail,0
T00012744,F00239,126.39,NGN,8,6,GH,android,electronics,0
T00016641,F00261,4590.69,NGN,22,4,NG,android,digital,0
T00000158,F00343,514.06,NGN,22,4,NG,ios,retail,0
T00012247,F00193,108.16,NGN,6,6,NG,android,fuel,0
T00019203,F01020,1115.75,NGN,17,8,NG,android,food,0
T00008117,F00783,778.79,NGN,9,11,NG,android,retail,0
T00011932,F00489,256.31,NGN,11,11,NG,web,electronics,0
T00005633,F01093,2165.28,NGN,16,3,NG,android,digital,0
T00010291,F00336,384.65,NGN,19,11,NG,ios,retail,0
T00002695,F01078,419.37,NGN,4,2,GH,ios,electronics,0
T00005219,F00113,331.93,NGN,19,7,US,web,food,0
T00015136,F00424,1510.21,NGN,1,9,GB,ios,digital,1
T00012290,F00020,1591.77,NGN,16,2,NG,web,digital,0
T00000386,F00987,207.77,NGN,2,8,NG,web,travel,1
T00019409,F00101,2878.07,NGN,0,9,NG,ios,digital,0
T00011623,F00539,3332.91,NGN,4,7,NG,web,digital,0
T00014557,F00268,1768.99,NGN,18,9,NG,ios,electronics,0
T00012104,F00596,1278.14,NGN,21,10,NG,web,food,0
T00008056,F00941,6206.33,NGN,22,10,NG,android,travel,0
T00014150,F01175,1141.43,NGN,9,12,GB,android,digital,0
T00019289,F00806,1258.56,NGN,1,3,US,web,food,0
T00010743,F00774,1502.7,NGN,11,3,GB,android,travel,0
T00016203,F00891,705.67,NGN,10,6,US,android,travel,0
T00009761,F01021,1798.87,NGN,8,12,GB,android,fuel,1
T00005555,F00616,206.05,NGN,15,4,NG,web,travel,0
T00007055,F00066,391.04,NGN,18,5,NG,android,fuel,0
T00002301,F00529,819.74,NGN,20,2,US,ios,electronics,0
T00012793,F00766,1157.37,NGN,3,11,NG,ios,digital,1
T00014801,F00152,2712.3,NGN,14,6,GB,android,food,0
T00017410,F00591,588.86,NGN,20,12,GB,android,food,0
T00010636,F01035,444.08,NGN,8,1,NG,web,digital,0
T00012458,F00802,8419.65,NGN,10,11,NG,web,travel,0
T00005753,F00227,698.15,NGN,18,12,GB,ios,electronics,0
T00008372,F00332,408.69,NGN,7,3,NG,ios,digital,0
T00014070,F00663,1240.24,NGN,19,6,US,web,food,0
T00007251,F00191,817.7,NGN,4,7,NG,web,electronics,1
T00019111,F00151,722.28,NGN,3,5,GB,web,travel,0
T00000230,F00744,733.19,NGN,15,3,GB,ios,travel,0
T00019680,F01072,1398.48,NGN,2,7,GB,android,travel,1
T00014522,F00456,1728.99,NGN,21,10,NG,ios,retail,0
T00017001,F01039,6319.17,NGN,8,8,NG,ios,travel,0
T00008099,F01094,625.99,NGN,12,7,GH,ios,digital,0
T00016324,F00984,2102.88,NGN,9,9,GH,web,fuel,0
T00005262,F00186,299.7,NGN,7,2,GB,web,travel,0
T00013110,F00108,721.71,NGN,20,12,NG,android,fuel,0
T00018102,F00912,1731.82,NGN,17,7,GB,ios,fuel,0
T00015893,F00847,541.85,NGN,21,11,NG,ios,digital,0
T00005597,F00124,2440.17,NGN,13,8,NG,ios,travel,0
T00001028,F01001,5086.75,NGN,14,10,US,android,travel,0
T00011329,F00893,497.9,NGN,16,8,NG,ios,fuel,0
T00006256,F00646,404.86,NGN,10,5,GB,ios,digital,0
T00013413,F00639,1943.03,NGN,11,7,GH,ios,food,0
T00016149,F00400,2040.96,NGN,20,8,NG,android,travel,0
T00007159,F00211,160.61,NGN,10,11,NG,ios,digital,0
T00007646,F00630,949.03,NGN,13,5,NG,android,food,0
T00014641,F01112,4426.88,NGN,17,1,NG,android,travel,0
T00000146,F00497,1447.76,NGN,0,12,US,android,digital,0
T00004354,F00914,953.23,NGN,11,8,GH,ios,digital,0
T00001295,F00981,661.64,NGN,13,10,NG,android,electronics,0
T00015490,F00581,584.48,NGN,19,2,NG,web,food,0
T00013178,F01169,5036.48,NGN,1,9,NG,web,digital,1
T00008474,F00928,2098.43,NGN,21,12,US,web,retail,0
T00003736,F00727,2403.68,NGN,17,7,NG,android,travel,0
T00015113,F01073,1228.72,NGN,17,8,GB,android,electronics,0
T00019001,F00627,164.91,NGN,1,12,NG,web,digital,0
T00000118,F00995,717.85,NGN,20,7,US,ios,digital,0
T00000637,F00684,980.55,NGN,22,6,NG,android,electronics,0
T00007138,F00546,266.92,NGN,6,9,GB,android,electronics,0
T00005663,F00160,3479.58,NGN,3,8,GH,web,electronics,1
T00002876,F01090,1498.81,NGN,4,8,NG,ios,digital,1
T00017439,F00462,2852.71,NGN,12,1,NG,web,digital,0
T00003690,F00991,2252.34,NGN,4,7,GH,web,food,0
T00019413,F00138,2214.76,NGN,13,10,GH,ios,retail,0
T00017024,F00703,1759.34,NGN,3,11,GH,ios,fuel,0
T00006369,F00704,470.09,NGN,10,5,GB,ios,electronics,1
T00005051,F00314,950.81,NGN,13,9,NG,web,travel,0
T00014825,F00406,1024.76,NGN,23,4,NG,android,electronics,0
T00019583,F00283,685.72,NGN,5,6,GB,web,electronics,0
T00005827,F00798,769.19,NGN,19,6,NG,android,electronics,0
T00017799,F00517,1505.28,NGN,1,5,GB,ios,retail,0
T00007654,F00486,598.39,NGN,11,3,US,web,fuel,0
T00001923,F01105,2507.19,NGN,13,4,NG,ios,digital,0
T00001702,F00577,1382.08,NGN,2,3,GB,android,travel,0
T00004744,F00022,927.17,NGN,23,6,US,android,retail,0
T00005152,F00059,4308.52,NGN,8,8,NG,web,travel,0
T00016179,F00711,4654.48,NGN,13,5,GH,ios,digital,0
T00017694,F00588,3292.58,NGN,23,8,NG,ios,electronics,0
T00018036,F00521,2400.6,NGN,0,6,NG,web,electronics,0
T00017058,F00963,1705.85,NGN,23,3,NG,web,electronics,0
T00010794,F00825,4460.3,NGN,8,7,US,android,electronics,0
T00006061,F00664,2861.23,NGN,0,8,GH,web,electronics,0
T00010881,F00871,1271.13,NGN,9,4,GB,android,retail,0
T00002318,F00539,542.17,NGN,12,9,NG,web,retail,0
T00002597,F00965,4442.95,NGN,1,11,GH,android,retail,1
T00006574,F00266,5160.26,NGN,9,5,NG,android,retail,0
T00016771,F00861,1107.04,NGN,14,8,GH,web,fuel,0
T00009092,F00630,1480.47,NGN,5,3,NG,web,digital,0
T00007701,F00767,375.95,NGN,15,3,NG,android,travel,0
T00012927,F01035,8574.05,NGN,5,11,NG,ios,food,0
T00019422,F00768,1429.07,NGN,19,7,NG,ios,electronics,0
T00009967,F00454,1517.94,NGN,2,11,US,android,retail,1
T00006997,F00640,2229.39,NGN,15,2,GH,web,retail,0
T00018072,F00776,607.03,NGN,13,8,GB,android,digital,0
T00014860,F00744,2585.75,NGN,3,6,NG,web,fuel,1
T00016819,F00224,133.21,NGN,2,3,GB,android,digital,0
T00011586,F00901,702.84,NGN,11,6,GH,ios,retail,0
T00018229,F00639,822.31,NGN,3,7,GB,ios,electronics,1
T00006570,F00826,2960.77,NGN,1,3,NG,web,travel,0
T00014933,F00793,1848.55,NGN,11,2,GH,android,retail,0
T00008943,F00592,566.05,NGN,3,11,GB,android,digital,0
T00000617,F00293,967.83,NGN,12,2,NG,ios,retail,0
T00016487,F01167,337.02,NGN,7,6,NG,android,fuel,0
T00019007,F00250,4095.12,NGN,15,9,NG,android,fuel,0
T00011780,F00512,216.07,NGN,23,6,GH,ios,travel,0
T00000737,F01187,1275.36,NGN,0,1,GH,android,food,0
T00012856,F00171,242.54,NGN,6,12,GB,android,travel,0
T00003867,F01110,750.22,NGN,8,8,NG,android,fuel,0
T00007014,F01075,589.39,NGN,5,2,NG,ios,retail,0
T00014913,F00869,475.64,NGN,10,4,NG,ios,electronics,0
T00016085,F00021,386.77,NGN,2,10,NG,android,digital,1
T00002084,F00059,10946.56,NGN,20,8,NG,ios,food,0
T00004609,F00580,2063.8,NGN,21,12,NG,android,food,0
T00012832,F00701,1042.21,NGN,2,7,NG,ios,electronics,1
T00017764,F00121,861.0,NGN,15,9,GB,android,electronics,0
T00005197,F00629,637.77,NGN,1,7,GH,android,fuel,0
T00016180,F00005,1956.07,NGN,13,5,NG,web,travel,0
T00005772,F00170,612.64,NGN,20,11,NG,web,retail,0
T00017119,F00151,703.51,NGN,9,11,GH,web,electronics,0
T00003637,F01058,1190.23,NGN,8,10,GB,web,electronics,0
T00009059,F00860,1230.11,NGN,22,1,US,ios,electronics,0
T00007725,F00647,597.1,NGN,10,10,NG,android,electronics,0
T00019606,F00928,4568.81,NGN,11,8,NG,web,electronics,0
T00010061,F00778,3327.55,NGN,2,5,US,android,electronics,0
T00006644,F00656,1097.73,NGN,23,6,GH,web,fuel,0
T00004162,F00188,475.3,NGN,1,11,GH,web,retail,0
T00017238,F00858,1437.19,NGN,5,1,US,android,retail,0
T00004718,F00055,1234.52,NGN,2,6,GH,android,travel,1
T00003804,F00337,277.58,NGN,16,10,GH,android,food,0
T00012945,F00370,106.88,NGN,8,7,GH,ios,electronics,0
T00007704,F00281,3621.66,NGN,16,9,NG,ios,travel,0
T00003334,F01014,1119.17,NGN,4,2,GB,android,retail,0
T00012657,F00861,94.77,NGN,23,12,GH,ios,digital,0
T00010702,F01187,947.84,NGN,16,2,GB,ios,travel,0
T00006242,F00066,453.56,NGN,3,11,NG,ios,fuel,1
T00006884,F00840,1289.78,NGN,17,10,NG,ios,food,0
T00002701,F00239,1265.4,NGN,16,1,GB,ios,digital,0
T00007814,F00260,1095.64,NGN,7,5,GH,web,electronics,0
T00007660,F00333,816.96,NGN,0,1,GB,android,travel,0
T00012009,F00580,1732.65,NGN,14,6,GB,ios,travel,1
T00009321,F00087,2098.34,NGN,5,12,GH,ios,digital,0
T00007349,F00900,2466.85,NGN,12,10,NG,web,digital,0
T00005630,F00592,3866.69,NGN,14,8,NG,web,fuel,0
T00007350,F00347,775.65,NGN,8,11,NG,android,electronics,0
T00005021,F01109,569.41,NGN,13,11,NG,android,fuel,0
T00016125,F00106,187.16,NGN,19,4,US,web,fuel,0
T00014813,F00763,1558.08,NGN,5,8,NG,web,food,0
T00018519,F00162,2318.9,NGN,21,9,GH,android,retail,0
T00018581,F00085,987.98,NGN,20,12,GH,ios,electronics,0
T00007485,F01060,1607.57,NGN,12,5,NG,ios,electronics,0
T00001758,F01011,946.78,NGN,17,6,NG,ios,food,0
T00012690,F00534,235.08,NGN,11,5,GB,web,retail,0
T00015665,F00580,5675.87,NGN,4,10,GH,ios,retail,1
T00006229,F00869,6206.24,NGN,6,1,NG,ios,retail,0
T00003883,F01164,3184.92,NGN,1,1,GB,ios,travel,0
T00018978,F00432,391.75,NGN,12,6,US,android,retail,0
T00017016,F00355,1291.67,NGN,11,5,GB,ios,retail,0
T00006916,F00016,1572.0,NGN,17,5,NG,android,digital,0
T00017256,F00114,3308.34,NGN,11,12,GB,web,fuel,0
T00003509,F00805,262.83,NGN,2,2,NG,android,retail,0
T00013538,F01085,7722.75,NGN,21,11,GB,web,travel,0
T00014997,F00819,4539.84,NGN,1,4,NG,android,fuel,0
T00014977,F00312,475.08,NGN,2,5,NG,android,retail,0
T00014616,F00857,1124.97,NGN,0,2,US,android,digital,0
T00007166,F00001,1126.37,NGN,14,1,NG,ios,fuel,0
T00018781,F00501,991.61,NGN,16,11,NG,android,electronics,0
T00009202,F00467,3948.51,NGN,14,12,GB,android,fuel,0
T00014827,F00352,1483.68,NGN,5,9,NG,web,electronics,0
T00003648,F01142,2361.47,NGN,12,11,NG,android,food,0
T00009931,F00634,1172.99,NGN,9,6,GB,android,electronics,0
T00014618,F00932,2988.86,NGN,2,11,US,web,fuel,1
T00010466,F00947,783.18,NGN,3,4,NG,web,travel,0
T00006184,F01133,9015.02,NGN,0,10,NG,web,travel,0
T00010654,F00463,7681.58,NGN,10,5,US,web,retail,0
T00014410,F00370,1469.64,NGN,23,11,NG,ios,retail,0
T00009512,F00943,1194.71,NGN,15,11,GH,web,fuel,0
T00004843,F00140,297.7,NGN,13,12,US,web,travel,0
T00015523,F01030,660.9,NGN,18,8,NG,android,fuel,0
T00015276,F00093,37971.08,NGN,21,4,US,android,fuel,0
T00003433,F00073,1216.35,NGN,21,9,US,web,fuel,0
T00001523,F01001,2503.5,NGN,12,9,GH,android,food,0
T00016520,F00427,724.75,NGN,1,4,NG,android,electronics,0
T00011051,F00930,1240.25,NGN,6,8,GB,android,digital,0
T00014348,F00204,772.67,NGN,18,4,NG,android,fuel,0
T00005958,F00220,1020.47,NGN,16,4,GB,android,electronics,0
T00015693,F00199,655.89,NGN,12,12,GB,ios,fuel,0
T00016383,F00239,1293.47,NGN,4,7,NG,android,electronics,1
T00013132,F00380,2877.32,NGN,6,10,NG,ios,electronics,0
T00007385,F01011,436.78,NGN,2,1,NG,web,food,0
T00005942,F00948,374.79,NGN,12,7,US,ios,fuel,0
T00011475,F00372,1161.45,NGN,19,11,US,android,travel,0
T00005126,F00303,759.99,NGN,23,5,GH,ios,food,1
T00005678,F00818,944.74,NGN,20,10,GB,web,fuel,0
T00015548,F00559,2443.83,NGN,22,12,GH,web,fuel,0
T00002515,F00984,1134.08,NGN,11,8,GB,android,digital,0
T00009647,F00595,129.67,NGN,13,2,GB,ios,digital,0
T00012138,F00958,3292.0,NGN,9,5,NG,android,fuel,0
T00016264,F00226,737.53,NGN,7,7,NG,ios,digital,0
T00007689,F00527,1813.26,NGN,1,2,NG,android,food,0
T00013490,F01017,229.84,NGN,17,8,NG,ios,food,0
T00008245,F00815,429.53,NGN,15,4,GH,web,food,0
T00000086,F00353,887.33,NGN,7,2,NG,android,retail,0
T00015026,F00883,1637.79,NGN,0,5,NG,ios,retail,0
T00011570,F00808,567.04,NGN,9,4,NG,web,food,0
T00000877,F00808,861.62,NGN,16,2,GB,web,retail,0
T00019228,F00399,169.12,NGN,15,5,GH,web,electronics,1
T00012607,F01084,1669.11,NGN,13,4,GH,android,travel,0
T00002803,F00597,431.34,NGN,14,4,US,ios,retail,0
T00005279,F00030,2851.61,NGN,22,2,NG,web,retail,0
T00000095,F00586,2246.13,NGN,12,12,NG,web,digital,0
T00003945,F01025,1451.62,NGN,11,6,US,android,travel,0
T00012958,F00347,2223.01,NGN,12,6,US,web,retail,0
T00009443,F00705,1640.74,NGN,9,11,GH,ios,digital,0
T00004393,F00105,578.31,NGN,10,6,GB,web,retail,0
T00011455,F00166,752.24,NGN,4,11,GH,ios,electronics,0
T00003100,F00886,6026.09,NGN,17,1,NG,android,electronics,0
T00005260,F00690,2690.67,NGN,20,7,US,web,retail,0
T00006818,F00542,2039.65,NGN,6,5,GB,ios,electronics,0
T00002866,F01025,2037.43,NGN,10,5,US,android,digital,0
T00001244,F00365,1075.68,NGN,15,9,NG,web,fuel,0
T00006260,F00147,320.03,NGN,19,3,NG,web,retail,0
T00007243,F00974,4031.91,NGN,6,8,GH,web,retail,0
T00018977,F00623,789.99,NGN,21,8,NG,android,travel,0
T00008122,F01016,2541.12,NGN,0,11,NG,ios,electronics,0
T00010680,F01058,8483.71,NGN,3,12,GB,android,travel,1
T00002624,F01172,233.74,NGN,5,4,GB,web,fuel,0
T00001454,F00516,707.37,NGN,14,9,GB,web,fuel,0
T00017493,F00993,2494.87,NGN,4,9,GH,web,electronics,1
T00013977,F00383,246.27,NGN,23,12,GH,web,digital,0
T00009379,F00677,2096.61,NGN,23,4,US,android,travel,0
T00018099,F00346,424.32,NGN,8,9,NG,android,retail,0
T00016989,F01124,742.26,NGN,2,12,US,android,retail,1
T00005627,F00159,3090.9,NGN,22,11,NG,web,digital,0
T00009582,F01021,12144.14,NGN,12,2,GB,ios,digital,0
T00013963,F01199,1229.83,NGN,16,8,US,android,digital,0
T00001955,F00637,205.99,NGN,15,10,NG,web,fuel,0
T00007653,F00089,579.17,NGN,1,5,GB,android,travel,0
T00014386,F01133,2538.64,NGN,19,9,GB,web,fuel,0
T00012710,F00092,439.35,NGN,7,4,NG,web,digital,0
T00005522,F00638,368.19,NGN,12,2,NG,android,retail,0
T00001275,F00655,1986.49,NGN,16,9,GH,android,retail,0
T00006045,F00433,749.83,NGN,19,12,NG,ios,food,0
T00018629,F00908,1130.99,NGN,5,10,NG,web,food,0
T00014464,F00987,145.26,NGN,19,5,NG,android,food,0
T00000882,F00270,276.03,NGN,11,7,NG,web,food,0
T00000949,F01122,3092.92,NGN,22,4,NG,android,retail,0
T00015948,F00764,558.35,NGN,16,10,NG,android,electronics,0
T00007029,F00200,441.21,NGN,12,11,US,web,digital,0
T00009743,F00233,1492.43,NGN,12,5,GH,android,travel,0
T00010302,F00098,610.2,NGN,20,10,GB,android,travel,0
T00007103,F00016,215.37,NGN,2,2,GH,android,food,0
T00008086,F00260,1730.32,NGN,10,7,NG,web,travel,0
T00013169,F00357,158.88,NGN,1,2,US,ios,fuel,0
T00019496,F01135,605.15,NGN,0,12,GB,web,travel,0
T00010148,F00284,719.42,NGN,2,12,NG,web,fuel,1
T00001133,F00114,817.36,NGN,23,5,GH,ios,fuel,0
T00015419,F00347,3631.81,NGN,2,11,GB,android,digital,1
T00001551,F00733,3183.88,NGN,13,6,GB,android,travel,0
T00012441,F00342,455.32,NGN,19,9,GB,ios,travel,0
T00012073,F00862,1985.9,NGN,2,2,GB,android,digital,0
T00016620,F00224,3058.45,NGN,14,9,GB,android,travel,0
T00018368,F00250,627.63,NGN,0,6,NG,android,retail,0
T00002025,F00177,388.1,NGN,22,10,NG,ios,travel,0
T00004048,F01059,616.68,NGN,1,7,NG,web,retail,1
T00019222,F00225,376.76,NGN,23,4,GH,web,electronics,0
T00010324,F00235,12935.33,NGN,17,8,NG,ios,fuel,0
T00004080,F00624,638.37,NGN,15,10,US,android,food,0
T00013239,F00696,540.97,NGN,18,11,GH,android,electronics,0
T00017616,F00388,703.14,NGN,21,3,GB,web,digital,0
T00018379,F00220,1160.54,NGN,20,8,GB,android,fuel,0
T00013329,F00509,1073.61,NGN,15,9,US,android,food,0
T00006419,F00713,903.96,NGN,11,5,GH,ios,travel,0
T00013288,F00741,471.04,NGN,23,7,NG,android,fuel,0
T00006853,F00767,414.81,NGN,8,6,NG,android,electronics,0
T00003424,F00257,1735.54,NGN,2,11,NG,web,digital,1
T00006175,F00543,541.41,NGN,18,4,GB,web,travel,0
T00013942,F01086,413.53,NGN,17,1,GB,ios,digital,1
T00014324,F00746,3064.24,NGN,3,11,NG,android,travel,1
T00014552,F01177,1057.36,NGN,6,9,US,web,food,0
T00002739,F00753,288.49,NGN,8,2,GH,web,retail,0
T00004280,F00780,2097.54,NGN,20,1,US,ios,food,0
T00009557,F00514,406.7,NGN,6,3,US,ios,electronics,0
T00015664,F01073,3225.77,NGN,2,1,NG,web,travel,0
T00012285,F00762,2971.68,NGN,7,2,NG,web,travel,0
T00013100,F01127,2864.79,NGN,0,12,GH,ios,electronics,0
T00017588,F00553,1676.0,NGN,3,9,NG,android,digital,1
T00018090,F00865,819.39,NGN,12,9,NG,web,electronics,0
T00011992,F00830,1015.02,NGN,16,8,US,web,fuel,0
T00017637,F00514,2962.3,NGN,23,12,US,web,travel,0
T00003774,F00847,1378.78,NGN,18,11,GB,android,retail,0
T00009297,F01089,1084.27,NGN,12,4,GH,web,food,0
T00005089,F00268,1019.44,NGN,21,11,GB,ios,travel,0
T00017602,F01038,840.26,NGN,9,12,GB,web,retail,0
T00017549,F00876,1856.97,NGN,22,9,US,android,travel,0
T00006030,F00717,162.11,NGN,10,3,GB,web,digital,0
T00000854,F00526,1354.65,NGN,9,7,NG,android,travel,0
T00004939,F00771,2312.86,NGN,9,5,NG,android,fuel,0
T00001311,F00498,2654.77,NGN,18,9,NG,android,digital,0
T00008758,F00008,3328.02,NGN,18,9,US,ios,electronics,0
T00009673,F00958,1888.14,NGN,20,3,NG,web,food,0
T00019530,F00236,1406.97,NGN,21,11,GH,android,food,0
T00019135,F01021,668.72,NGN,16,12,GB,android,digital,0
T00001743,F00482,624.75,NGN,2,6,US,web,digital,0
T00001208,F00116,347.24,NGN,18,11,NG,ios,retail,0
T00003791,F00435,4895.22,NGN,10,1,NG,web,digital,0
T00005793,F00533,4673.59,NGN,3,4,GH,web,fuel,0
T00000122,F00301,9536.36,NGN,22,6,NG,android,electronics,0
T00016803,F01125,476.26,NGN,9,8,NG,ios,travel,0
T00014771,F00805,1834.53,NGN,12,12,US,ios,retail,0
T00015078,F00545,2122.15,NGN,10,12,NG,android,food,0
T00006817,F00171,668.89,NGN,21,12,US,android,retail,0
T00016257,F00189,4165.0,NGN,20,8,NG,web,fuel,0
T00019670,F00475,375.5,NGN,9,8,GH,ios,travel,0
T00004949,F01052,825.23,NGN,6,7,NG,android,food,0
T00015290,F01058,744.63,NGN,7,6,GH,web,food,0
T00011140,F00149,1734.02,NGN,8,5,NG,web,digital,0
T00004754,F00985,3823.38,NGN,1,6,NG,web,food,1
T00004093,F00852,5468.79,NGN,14,2,US,ios,retail,0
T00017666,F00137,1204.06,NGN,11,8,GH,web,electronics,0
T00007334,F00590,768.42,NGN,1,8,GH,web,electronics,0
T00017624,F00923,914.78,NGN,9,11,NG,ios,retail,0
T00015098,F00419,453.24,NGN,6,6,US,ios,electronics,0
T00002195,F00349,266.86,NGN,5,7,US,android,electronics,0
T00013778,F00023,432.16,NGN,18,8,GH,ios,digital,0
T00008912,F00760,406.49,NGN,8,8,GB,ios,retail,0
T00004840,F00767,1323.19,NGN,7,12,NG,android,fuel,0
T00003101,F00982,1401.54,NGN,17,5,GH,ios,digital,0
T00011547,F00386,1306.61,NGN,19,1,NG,ios,digital,0
T00018559,F00829,2923.47,NGN,2,8,NG,ios,travel,1
T00013654,F01109,400.3,NGN,12,10,GH,ios,retail,0
T00010723,F00593,863.48,NGN,18,5,US,ios,digital,0
T00003004,F00601,536.86,NGN,18,5,NG,android,digital,0
T00014497,F00796,528.47,NGN,7,2,NG,web,electronics,0
T00002042,F01049,1783.96,NGN,9,6,NG,web,retail,0
T00000522,F00049,5448.48,NGN,15,7,GH,android,food,0
T00001593,F00878,1201.45,NGN,20,9,GB,android,digital,0
T00002302,F00500,223.96,NGN,7,8,NG,ios,electronics,0
T00014929,F00920,373.0,NGN,15,6,GH,android,travel,0
T00013615,F00903,917.46,NGN,8,7,NG,ios,digital,0
T00015323,F00958,2106.06,NGN,7,9,NG,web,fuel,0
T00001093,F00505,1953.35,NGN,14,10,GB,android,retail,0
T00016816,F00643,1802.05,NGN,18,3,US,ios,electronics,0
T00007934,F00423,2656.88,NGN,15,11,GH,ios,fuel,0
T00003906,F00752,239.38,NGN,10,3,GH,ios,food,0
T00012222,F00017,2552.58,NGN,12,7,NG,android,fuel,0
T00001407,F00876,1556.56,NGN,9,11,NG,ios,digital,0
T00013460,F00013,959.04,NGN,5,11,GH,ios,food,0
T00007601,F00496,1068.6,NGN,20,4,NG,ios,food,0
T00019261,F00186,523.23,NGN,20,4,GH,ios,travel,0
T00004571,F00301,1413.8,NGN,23,12,GH,android,digital,0
T00008997,F00486,2195.3,NGN,9,4,GH,android,retail,0
T00012785,F00610,1224.5,NGN,8,11,US,android,food,0
T00001787,F00447,4796.21,NGN,16,8,US,web,retail,0
T00009827,F01032,4812.37,NGN,19,12,NG,android,electronics,0
T00007866,F00759,2680.73,NGN,12,9,US,android,fuel,0
T00002231,F00589,394.73,NGN,14,7,GH,android,digital,0
T00000274,F00816,2451.89,NGN,8,7,NG,web,digital,0
T00015312,F01006,344.68,NGN,6,12,NG,ios,food,0
T00010710,F00225,656.55,NGN,15,6,US,ios,digital,0
T00013797,F00911,3391.26,NGN,14,2,US,android,fuel,0
T00013260,F00008,1451.04,NGN,6,2,US,android,digital,0
T00007259,F00757,3906.25,NGN,18,8,NG,ios,food,0
T00004984,F00351,1260.43,NGN,21,12,NG,web,digital,0
T00004199,F00163,878.17,NGN,16,7,US,web,retail,0
T00019648,F00338,875.86,NGN,3,1,NG,ios,digital,0
T00000241,F00874,3591.15,NGN,19,10,NG,ios,travel,0
T00010043,F00828,2212.46,NGN,9,6,US,android,electronics,0
T00018667,F00241,166.97,NGN,4,10,GB,web,travel,0
T00004241,F00649,3676.91,NGN,1,1,US,web,fuel,0
T00006262,F00196,1207.97,NGN,11,12,US,android,retail,0
T00000327,F00530,2990.01,NGN,19,11,NG,web,food,0
T00000326,F00907,5547.17,NGN,5,10,NG,android,travel,0
T00016048,F00457,1180.72,NGN,14,11,GH,web,travel,0
T00003147,F00012,480.04,NGN,17,8,US,ios,fuel,0
T00000992,F01161,4539.07,NGN,13,7,GB,web,travel,0
T00016942,F01071,2181.28,NGN,21,3,NG,android,electronics,0
T00017050,F00286,2120.82,NGN,2,11,GH,android,retail,1
T00016533,F01073,867.28,NGN,22,9,GH,ios,travel,0
T00019191,F00311,2532.98,NGN,7,12,NG,web,travel,0
T00002681,F00047,603.87,NGN,19,2,NG,android,travel,0
T00009506,F01068,1208.89,NGN,18,2,US,ios,digital,0
T00001138,F00248,2627.21,NGN,6,7,NG,android,food,0
T00005480,F01134,5662.37,NGN,11,6,NG,web,travel,0
T00000102,F00683,4796.03,NGN,8,11,GB,ios,food,0
T00016397,F00748,2371.59,NGN,2,4,NG,web,fuel,0
T00008759,F01123,2224.88,NGN,16,5,NG,android,travel,0
T00010277,F00248,1426.96,NGN,1,11,NG,web,electronics,1
T00016923,F00832,203.46,NGN,23,9,NG,ios,fuel,0
T00016210,F00601,3831.3,NGN,0,11,NG,ios,travel,0
T00005380,F00076,3267.51,NGN,16,1,GB,web,retail,0
T00015355,F00483,243.49,NGN,11,5,NG,android,travel,0
T00006989,F00865,275.7,NGN,10,6,GH,android,electronics,1
T00002534,F00842,603.46,NGN,14,6,US,ios,digital,0
T00017880,F01165,846.37,NGN,22,4,NG,ios,travel,0
T00006669,F00640,1455.28,NGN,16,3,US,ios,retail,0
T00014436,F01127,1987.21,NGN,0,2,GB,ios,fuel,0
T00011785,F00439,6154.63,NGN,20,5,NG,web,retail,0
T00007590,F00545,2916.39,NGN,6,1,NG,ios,digital,0
T00002990,F01000,518.6,NGN,11,2,NG,ios,travel,0
T00007992,F00832,3203.38,NGN,2,6,GB,android,fuel,1
T00007537,F00841,683.81,NGN,14,8,NG,ios,food,0
T00007408,F00280,4814.19,NGN,18,9,GB,web,fuel,0
T00004352,F01085,1374.46,NGN,21,11,NG,web,food,0
T00011876,F00721,871.58,NGN,20,2,NG,android,retail,0
T00002599,F01166,471.38,NGN,17,8,US,android,travel,0
T00000983,F00575,223.03,NGN,12,5,NG,android,travel,0
T00002521,F01017,1171.92,NGN,11,12,NG,ios,electronics,0
T00014674,F00736,1698.78,NGN,18,12,US,ios,food,0
T00011825,F00913,2916.19,NGN,18,6,NG,android,food,0
T00006292,F01094,898.53,NGN,10,11,NG,ios,travel,0
T00007216,F00293,1348.45,NGN,13,5,NG,android,retail,0
T00010803,F00623,165.4,NGN,16,6,GH,ios,travel,0
T00005385,F01180,1490.62,NGN,4,8,NG,ios,food,1
T00014670,F00387,12201.29,NGN,1,6,GB,web,food,1
T00001294,F01121,2290.37,NGN,21,2,GB,android,fuel,0
T00016880,F00906,1596.47,NGN,8,12,NG,android,retail,0
T00012552,F00423,2818.1,NGN,3,6,NG,ios,food,1
T00002182,F00466,2184.77,NGN,19,1,GH,web,digital,0
T00011185,F00709,1352.52,NGN,1,11,NG,ios,food,0
T00008612,F00813,378.38,NGN,1,9,GB,web,fuel,1
T00014397,F00063,1432.71,NGN,5,10,GH,web,food,0
T00010909,F00477,1958.37,NGN,15,3,NG,web,electronics,0
T00008311,F01126,1351.72,NGN,21,1,NG,android,retail,0
T00013908,F00919,1447.41,NGN,15,7,NG,web,electronics,0
T00003566,F01194,1172.47,NGN,21,3,NG,web,electronics,0
T00007846,F00257,2565.52,NGN,2,7,GB,android,retail,1
T00018169,F00240,6157.77,NGN,15,7,NG,ios,retail,0
T00010879,F00692,4607.8,NGN,21,6,NG,ios,digital,0
T00009975,F01158,2488.13,NGN,1,10,NG,android,fuel,0
T00019023,F00423,753.13,NGN,5,10,GH,web,fuel,0
T00011849,F01125,634.48,NGN,7,6,NG,ios,electronics,0
T00000629,F00807,1041.36,NGN,15,11,US,ios,digital,0
T00010459,F00462,588.16,NGN,17,3,US,ios,food,0
T00013208,F00879,643.69,NGN,10,2,GH,web,electronics,0
T00017113,F01068,518.42,NGN,16,7,NG,web,fuel,0
T00016896,F00955,1032.25,NGN,16,1,US,web,fuel,0
T00009365,F00231,440.15,NGN,5,2,GB,web,travel,0
T00014942,F00721,3901.08,NGN,23,6,GH,ios,retail,0
T00007821,F00851,3204.37,NGN,3,6,NG,web,retail,1
T00019479,F00971,892.11,NGN,15,3,NG,android,electronics,0
T00014883,F01151,468.27,NGN,6,3,NG,web,digital,0
T00018478,F00774,2621.77,NGN,9,9,NG,web,electronics,0
T00004631,F00076,2362.46,NGN,4,1,GH,web,fuel,0
T00013802,F00298,43023.61,NGN,18,5,NG,android,fuel,0
T00005489,F00033,2260.65,NGN,8,8,NG,ios,electronics,0
T00011767,F01027,2939.0,NGN,13,5,NG,web,digital,0
T00006021,F00442,874.38,NGN,1,8,GB,web,digital,1
T00008708,F00253,1179.98,NGN,10,12,NG,ios,retail,0
T00005081,F01113,638.19,NGN,22,8,US,android,electronics,0
T00005217,F01182,620.81,NGN,17,10,GH,android,fuel,0
T00014439,F00620,1562.76,NGN,22,11,GB,android,travel,0
T00008145,F00772,3666.61,NGN,6,2,NG,android,retail,0
T00001744,F00111,2262.02,NGN,4,6,GB,android,electronics,1
T00005661,F00656,837.31,NGN,1,5,NG,web,digital,0
T00000023,F01040,1353.37,NGN,16,11,NG,ios,food,0
T00010952,F00680,3257.17,NGN,10,8,NG,web,retail,0
T00003335,F00501,3667.95,NGN,5,8,NG,ios,food,0
T00004954,F00236,1785.52,NGN,2,10,NG,web,food,0
T00018060,F01123,599.38,NGN,19,12,NG,ios,travel,0
T00012147,F01032,621.3,NGN,11,11,US,android,digital,0
T00006427,F00834,718.02,NGN,19,8,NG,web,electronics,0
T00018772,F00198,4385.37,NGN,13,3,GB,web,digital,0
T00008558,F00416,477.6,NGN,3,7,NG,web,travel,0
T00014152,F00029,786.56,NGN,9,8,US,web,fuel,0
T00002401,F01056,1289.69,NGN,22,2,GH,ios,digital,0
T00005312,F00630,200.28,NGN,10,1,GH,web,food,0
T00018594,F00054,370.3,NGN,1,12,NG,web,retail,1
T00013020,F00419,160.4,NGN,5,5,NG,ios,retail,0
T00008853,F01001,758.33,NGN,7,1,NG,android,fuel,0
T00009523,F01008,2232.12,NGN,4,8,NG,ios,food,0
T00013628,F00175,967.96,NGN,8,10,NG,web,electronics,0
T00005564,F00170,1420.94,NGN,7,9,US,android,retail,0
T00009960,F00739,1228.72,NGN,23,5,NG,android,electronics,0
T00014442,F00347,2124.95,NGN,23,2,GB,web,fuel,0
T00005276,F01124,224.2,NGN,7,11,GB,android,fuel,0
T00016321,F00270,2637.26,NGN,22,3,NG,web,food,0
T00012243,F01185,259.51,NGN,5,4,US,web,fuel,0
T00005422,F00396,711.83,NGN,15,9,GB,android,fuel,0
T00006515,F00681,839.24,NGN,18,12,NG,android,digital,0
T00017970,F00896,2178.09,NGN,15,7,GH,ios,food,0
T00005037,F00811,3388.28,NGN,18,4,NG,android,travel,0
T00014937,F00113,803.07,NGN,16,3,NG,ios,electronics,0
T00009088,F01199,1960.36,NGN,11,9,GH,ios,electronics,0
T00011828,F01191,528.14,NGN,2,3,GB,ios,fuel,0
T00009981,F00784,827.38,NGN,0,4,NG,ios,travel,0
T00011074,F01092,1670.9,NGN,7,2,US,web,retail,0
T00018437,F00186,1972.61,NGN,5,3,GB,android,electronics,0
T00012191,F00691,2838.53,NGN,6,2,US,ios,retail,0
T00001818,F00156,1375.95,NGN,15,6,NG,android,food,0
T00018626,F00665,6800.27,NGN,17,10,NG,web,fuel,0
T00006861,F00348,235.86,NGN,10,6,NG,web,travel,0
T00019143,F00926,2948.84,NGN,23,2,GH,ios,electronics,0
T00001590,F00216,2678.58,NGN,9,7,NG,web,fuel,0
T00014054,F00393,1257.17,NGN,12,2,NG,web,travel,0
T00017281,F00881,161.14,NGN,18,5,GB,android,food,0
T00000379,F00292,3965.35,NGN,14,8,GB,ios,fuel,0
T00003221,F00653,1014.06,NGN,12,6,NG,web,fuel,0
T00016517,F01112,615.3,NGN,6,5,NG,android,travel,0
T00005086,F00924,153.23,NGN,5,12,NG,android,digital,0
T00013186,F01124,1394.05,NGN,10,8,NG,ios,fuel,0
T00003582,F00181,300.39,NGN,7,4,NG,web,retail,0
T00010861,F00316,8672.87,NGN,9,4,GH,ios,digital,0
T00015525,F00841,1574.67,NGN,6,4,NG,ios,fuel,0
T00003031,F00754,1404.93,NGN,20,4,NG,ios,electronics,0
T00007599,F00241,1107.52,NGN,3,6,GB,ios,electronics,1
T00010481,F00004,1259.43,NGN,7,5,NG,ios,food,0
T00017173,F00466,4302.99,NGN,12,4,NG,ios,fuel,0
T00013599,F00335,626.23,NGN,8,11,NG,android,digital,0
T00014287,F00754,2690.21,NGN,6,5,NG,android,retail,0
T00017603,F01149,858.71,NGN,22,1,GB,web,travel,0
T00016488,F00486,1931.93,NGN,19,7,GH,ios,food,0
T00010029,F00515,1307.77,NGN,12,7,NG,ios,retail,0
T00001572,F00133,2067.41,NGN,16,10,NG,ios,food,0
T00009129,F00390,1186.96,NGN,6,3,GB,web,travel,0
T00004381,F00560,535.27,NGN,16,3,GB,android,retail,0
T00013997,F01069,335.85,NGN,13,10,NG,ios,travel,0
T00013500,F00908,7892.36,NGN,14,11,GH,android,retail,0
T00019267,F00223,1353.05,NGN,1,2,NG,web,fuel,0
T00002304,F00730,859.25,NGN,4,11,NG,web,travel,1
T00000921,F01167,5322.54,NGN,5,3,GB,ios,digital,0
T00012091,F00106,293.27,NGN,21,2,GB,ios,electronics,0
T00015603,F00089,600.48,NGN,12,9,US,ios,digital,0
T00006071,F01143,571.61,NGN,7,5,GB,ios,travel,0
T00003206,F00313,934.98,NGN,5,4,NG,android,retail,0
T00000105,F00142,205.96,NGN,15,3,US,web,food,0
T00001604,F00931,1248.42,NGN,21,4,US,android,digital,0
T00004630,F00142,320.21,NGN,20,12,NG,ios,food,0
T00007710,F00524,2213.25,NGN,14,2,GH,ios,food,0
T00003924,F01114,953.18,NGN,1,11,GB,web,fuel,1
T00005329,F00340,692.06,NGN,19,1,GH,web,fuel,0
T00007891,F00163,2069.65,NGN,13,2,US,web,electronics,0
T00007962,F00398,1110.1,NGN,19,12,US,android,travel,0
T00010598,F00957,693.56,NGN,9,11,US,web,food,0
T00007448,F00371,1241.81,NGN,13,4,GH,web,fuel,0
T00012340,F00419,620.41,NGN,17,2,NG,android,food,0
T00018703,F00563,1167.74,NGN,4,2,GB,android,retail,0
T00001710,F01179,1795.73,NGN,17,7,GH,ios,retail,0
T00004369,F00686,1045.69,NGN,1,1,NG,web,travel,0
T00004194,F00538,919.68,NGN,4,6,NG,android,retail,0
T00017415,F01133,5995.64,NGN,14,12,NG,ios,travel,0
T00002541,F00934,2998.18,NGN,12,8,GH,ios,travel,0
T00008859,F00485,1189.37,NGN,18,10,GH,ios,digital,0
T00017843,F00042,1281.4,NGN,7,2,GB,android,food,0
T00015949,F01000,1177.56,NGN,23,5,NG,web,food,0
T00016644,F00489,1270.34,NGN,8,7,NG,ios,travel,0
T00008516,F01146,944.72,NGN,17,10,NG,android,food,0
T00002537,F01025,475.4,NGN,16,10,GB,ios,fuel,0
T00008937,F00128,324.85,NGN,1,11,NG,web,travel,1
T00007650,F00755,3184.47,NGN,7,7,NG,android,electronics,0
T00000164,F01135,4190.43,NGN,7,12,NG,android,digital,0
T00006207,F00282,2908.48,NGN,21,4,NG,android,retail,0
T00000689,F01152,336.35,NGN,22,4,US,ios,food,0
T00011379,F00316,1147.6,NGN,3,3,GH,android,fuel,0
T00011973,F00584,2958.27,NGN,20,5,GH,android,electronics,0
T00007194,F00235,2223.49,NGN,17,10,GH,android,food,0
T00019568,F01037,6190.49,NGN,12,3,NG,ios,travel,0
T00014891,F00136,1243.06,NGN,20,11,NG,web,food,0
T00012680,F00139,4181.31,NGN,1,8,GB,ios,fuel,1
T00001559,F00138,1036.74,NGN,6,10,NG,ios,electronics,0
T00002713,F00599,136.97,NGN,6,1,GB,ios,retail,0
T00015571,F01099,600.95,NGN,21,4,NG,web,food,0
T00013430,F00052,640.74,NGN,4,8,GB,android,digital,0
T00019779,F00854,1031.98,NGN,10,8,GB,android,digital,0
T00014666,F00380,691.36,NGN,22,4,US,ios,electronics,0
T00015678,F00434,426.11,NGN,18,2,GH,ios,food,0
T00014765,F00073,764.28,NGN,17,10,NG,ios,food,0
T00006159,F00434,12052.13,NGN,0,6,NG,web,digital,0
T00013648,F00404,4592.56,NGN,11,1,GB,android,fuel,0
T00013078,F01008,2440.89,NGN,8,2,NG,android,electronics,0
T00014608,F00323,10322.19,NGN,20,12,NG,web,food,0
T00012819,F00193,583.93,NGN,17,8,NG,android,retail,0
T00018687,F00311,665.78,NGN,4,8,GB,web,digital,1
T00011526,F00735,1127.97,NGN,4,11,GH,android,electronics,0
T00000355,F01040,2097.73,NGN,3,3,GB,android,electronics,0
T00005231,F01004,821.01,NGN,14,5,GH,web,retail,0
T00002712,F00178,2228.38,NGN,4,8,GH,web,food,1
T00012075,F00909,748.97,NGN,4,4,GB,ios,electronics,0
T00019575,F00519,1320.05,NGN,15,5,NG,android,digital,0
T00010650,F00214,1083.52,NGN,20,5,US,android,travel,0
T00015891,F00336,746.39,NGN,11,1,NG,ios,food,0
T00005028,F00818,180.76,NGN,22,11,US,web,food,0
T00018847,F00984,1474.98,NGN,1,10,GB,web,travel,1
T00018520,F00669,695.74,NGN,11,4,GH,ios,food,0
T00005461,F00246,432.62,NGN,9,6,US,web,retail,0
T00018655,F00490,3317.22,NGN,22,5,NG,android,fuel,0
T00016023,F00170,2333.86,NGN,18,2,GH,ios,retail,0
T00012808,F00758,1534.74,NGN,2,1,NG,ios,retail,0
T00015606,F00599,2205.6,NGN,16,11,NG,android,digital,0
T00008020,F00982,3332.46,NGN,15,3,GB,ios,electronics,0
T00002448,F01131,567.84,NGN,12,5,US,web,digital,0
T00000246,F00351,1242.32,NGN,21,3,NG,web,digital,0
T00017975,F01006,878.41,NGN,17,7,NG,web,electronics,0
T00019501,F00908,967.01,NGN,7,11,GB,android,retail,0
T00002135,F00883,972.38,NGN,19,1,NG,web,food,0
T00004064,F00062,2112.08,NGN,15,8,NG,web,travel,0
T00011433,F01123,672.17,NGN,18,9,GB,android,travel,0
T00010812,F00968,599.04,NGN,13,10,NG,ios,food,0
T00013695,F00002,619.24,NGN,6,11,GH,ios,retail,0
T00019245,F00657,928.76,NGN,6,6,GH,android,travel,0
T00012709,F00769,1104.59,NGN,0,7,NG,web,food,0
T00016259,F01059,2404.68,NGN,12,1,NG,android,food,0
T00010316,F00418,3042.14,NGN,2,10,GB,ios,food,1
T00019639,F00780,935.54,NGN,6,12,NG,android,fuel,0
T00017789,F00573,408.37,NGN,8,11,US,web,travel,0
T00010797,F00621,430.14,NGN,5,8,NG,android,digital,0
T00010563,F01159,810.54,NGN,3,8,GB,web,food,1
T00017231,F00759,4061.3,NGN,21,6,NG,web,electronics,0
T00018471,F00167,998.38,NGN,23,4,NG,ios,electronics,0
T00012102,F00027,872.92,NGN,13,11,NG,ios,fuel,0
T00012656,F00150,1838.26,NGN,19,1,NG,android,electronics,0
T00014138,F00358,523.81,NGN,7,9,GB,web,digital,0
T00000207,F00650,1416.0,NGN,21,11,US,android,digital,0
T00017368,F00403,432.55,NGN,22,5,NG,android,travel,0
T00003722,F00958,2005.03,NGN,19,9,NG,ios,digital,0
T00008397,F00055,2570.48,NGN,11,1,GB,ios,food,0
T00011502,F01086,911.7,NGN,20,5,NG,web,fuel,0
T00018331,F00685,700.95,NGN,11,8,NG,android,travel,0
T00008720,F00052,383.52,NGN,4,12,GH,android,food,0
T00011733,F00003,1161.82,NGN,16,1,NG,ios,retail,0
T00017908,F00645,229.31,NGN,20,4,NG,ios,travel,0
T00015049,F00541,891.5,NGN,2,6,NG,ios,retail,0
T00016711,F00777,1401.6,NGN,11,11,NG,ios,fuel,0
T00017916,F00403,4129.06,NGN,0,9,GB,ios,retail,0
T00005844,F01086,5723.21,NGN,22,7,NG,web,food,0
T00014067,F00520,1153.49,NGN,3,2,NG,ios,electronics,0
T00010177,F00543,1554.25,NGN,10,5,NG,ios,travel,0
T00000183,F01116,3482.46,NGN,3,11,NG,web,retail,0
T00019396,F00963,357.19,NGN,20,1,GB,android,food,0
T00015298,F00124,4657.89,NGN,7,9,GH,ios,retail,0
T00005119,F00303,1234.02,NGN,2,8,NG,ios,electronics,0
T00002696,F00906,3372.04,NGN,8,11,US,ios,electronics,0
T00010939,F00730,213.6,NGN,10,7,NG,web,retail,0
T00000749,F00411,244.37,NGN,18,5,GB,ios,fuel,0
T00016100,F00445,493.23,NGN,19,6,US,android,food,0
T00008717,F00276,1161.29,NGN,1,12,NG,android,retail,1
T00012143,F01004,336.37,NGN,16,9,GH,ios,fuel,0
T00006613,F00597,433.48,NGN,4,6,US,android,electronics,1
T00018583,F00721,920.9,NGN,2,4,NG,android,retail,0
T00016735,F01003,1627.85,NGN,17,12,NG,web,travel,0
T00016243,F00408,393.85,NGN,2,12,GB,web,fuel,0
T00001356,F00031,987.59,NGN,12,2,GB,web,food,0
T00018618,F00475,879.25,NGN,4,4,NG,ios,retail,0
T00009393,F00475,1168.0,NGN,4,8,NG,ios,food,1
T00000543,F01028,688.99,NGN,1,3,GB,web,travel,0
T00004283,F00687,10070.08,NGN,20,2,NG,web,retail,0
T00004058,F01004,891.94,NGN,23,3,GH,android,fuel,0
T00002009,F01170,536.0,NGN,8,8,GH,android,travel,0
T00003394,F00461,561.29,NGN,16,6,NG,android,retail,0
T00008118,F00792,1336.49,NGN,4,7,NG,ios,digital,1
T00011584,F00549,1068.86,NGN,23,7,NG,web,retail,0
T00013841,F01091,247.73,NGN,13,12,GB,web,travel,0
T00007430,F00312,1203.39,NGN,0,5,NG,web,food,0
T00002941,F00101,769.32,NGN,20,1,GB,ios,digital,0
T00008568,F01139,430.33,NGN,11,7,NG,web,electronics,0
T00012959,F01097,1215.02,NGN,2,7,NG,web,retail,1
T00007356,F00852,1108.3,NGN,10,8,NG,ios,food,0
T00014642,F00760,419.7,NGN,20,6,NG,android,digital,0
T00018684,F00944,2003.24,NGN,14,4,NG,android,fuel,0
T00003918,F00959,1082.46,NGN,16,11,GH,ios,digital,0
T00004839,F01099,873.14,NGN,5,4,NG,android,retail,0
T00015541,F00338,1173.9,NGN,23,8,GH,web,electronics,0
T00019740,F00090,418.35,NGN,18,3,GH,web,travel,0
T00002980,F00970,644.84,NGN,6,5,US,ios,retail,0
T00013327,F01061,606.75,NGN,22,3,US,web,food,0
T00019602,F00800,1670.19,NGN,0,9,GH,ios,food,0
T00003556,F00191,1140.26,NGN,18,4,NG,android,food,0
T00004539,F00441,2110.84,NGN,11,7,NG,web,food,0
T00017040,F01028,1259.78,NGN,6,3,GB,android,digital,0
T00002987,F00373,3652.61,NGN,17,4,NG,ios,travel,0
T00012440,F00096,4102.1,NGN,11,1,NG,android,retail,0
T00002938,F00145,1033.58,NGN,18,9,NG,android,food,0
T00017535,F00196,1078.32,NGN,14,10,US,ios,food,0
T00007809,F01132,241.72,NGN,15,4,US,android,fuel,0
T00001554,F00669,428.18,NGN,17,9,NG,web,travel,0
T00019693,F00181,1331.58,NGN,15,11,GB,web,food,0
T00005244,F00314,483.73,NGN,10,8,NG,ios,food,0
T00005186,F00295,152.47,NGN,13,3,NG,android,retail,0
T00006982,F01044,620.25,NGN,3,12,NG,ios,retail,0
T00001180,F00670,1109.1,NGN,7,4,NG,android,food,0
T00019196,F00317,1656.17,NGN,23,8,NG,ios,food,0
T00012664,F00313,845.9,NGN,17,8,NG,ios,retail,0
T00015396,F00253,2631.52,NGN,15,10,NG,web,retail,0
T00003597,F00537,1238.13,NGN,1,3,GB,web,fuel,0
T00016029,F00600,318.84,NGN,9,3,US,web,electronics,0
T00002812,F00497,2168.43,NGN,16,10,GH,android,travel,0
T00016532,F00367,564.97,NGN,7,10,US,web,fuel,0
T00003658,F00482,1980.17,NGN,21,5,US,web,fuel,0
T00007028,F00954,731.08,NGN,6,1,US,web,food,0
T00012279,F00176,1922.67,NGN,8,8,US,ios,retail,0
T00010059,F00774,4512.17,NGN,2,4,GH,web,fuel,0
T00007781,F00287,434.23,NGN,19,9,GB,ios,food,0
T00014878,F00001,2361.0,NGN,22,1,NG,web,retail,0
T00013655,F00935,13887.15,NGN,8,5,NG,web,electronics,0
T00004623,F00104,192.91,NGN,23,6,NG,ios,travel,0
T00010534,F00581,674.66,NGN,10,2,NG,web,fuel,0
T00003190,F00846,1450.0,NGN,13,3,NG,web,digital,0
T00012299,F00139,644.89,NGN,19,10,NG,android,fuel,0
T00008310,F00217,4034.84,NGN,20,6,NG,android,travel,0
T00002840,F00976,2722.83,NGN,1,11,US,ios,digital,1
T00014448,F00434,955.13,NGN,9,2,GH,android,travel,0
T00002711,F00616,272.27,NGN,10,12,NG,android,electronics,0
T00008839,F00818,1177.87,NGN,0,5,GH,web,electronics,0
T00007272,F00851,670.93,NGN,12,10,NG,ios,food,0
T00001335,F01046,773.64,NGN,17,5,GH,ios,digital,0
T00000960,F00536,1196.47,NGN,7,8,NG,android,fuel,0
T00006464,F00204,3186.92,NGN,0,9,NG,android,electronics,0
T00007911,F00316,1634.19,NGN,8,2,GH,ios,food,0
T00013749,F00807,1382.79,NGN,6,3,US,ios,retail,0
T00015782,F00979,901.39,NGN,2,6,NG,ios,digital,1
T00013516,F00191,2246.03,NGN,20,12,NG,ios,electronics,0
T00003111,F00751,772.52,NGN,3,3,GH,ios,travel,0
T00006158,F00033,2911.76,NGN,7,4,GB,web,digital,0
T00014555,F00433,1188.08,NGN,1,11,US,web,travel,1
T00000736,F00634,1483.96,NGN,15,3,NG,web,retail,0
T00010468,F01105,3080.15,NGN,3,8,US,web,food,1
T00015592,F01104,1444.07,NGN,7,8,US,android,electronics,0
T00009638,F00594,1072.66,NGN,1,12,GH,android,travel,1
T00010166,F00980,2621.14,NGN,0,1,NG,web,electronics,0
T00008453,F00597,491.77,NGN,23,4,GH,android,travel,0
T00007625,F00867,1518.64,NGN,14,11,NG,web,retail,0
T00010312,F00230,862.39,NGN,8,2,NG,android,travel,0
T00012260,F00374,1570.56,NGN,14,8,NG,android,food,0
T00006805,F00327,416.64,NGN,4,6,NG,android,digital,1
T00005005,F00220,998.92,NGN,22,11,NG,ios,fuel,0
T00018397,F01109,2634.33,NGN,10,1,GB,ios,electronics,0
T00013852,F00954,467.24,NGN,20,8,NG,web,retail,0
T00001494,F00294,815.79,NGN,12,7,GH,android,travel,0
T00006384,F00541,1433.42,NGN,9,4,NG,android,food,0
T00003124,F00592,1115.29,NGN,18,8,NG,ios,fuel,0
T00014990,F01130,243.98,NGN,21,5,NG,web,fuel,0
T00011894,F00514,1247.73,NGN,9,6,GH,android,travel,0
T00018611,F00788,399.96,NGN,3,4,GB,android,food,0
T00003565,F01070,1150.36,NGN,18,6,GH,android,retail,0
T00009904,F00987,1722.97,NGN,5,8,NG,ios,electronics,0
T00000710,F00769,1478.36,NGN,10,3,GB,android,electronics,0
T00007048,F00222,808.59,NGN,21,5,NG,ios,travel,0
T00015797,F01063,201.5,NGN,19,11,NG,android,food,0
T00011131,F01188,2669.63,NGN,7,1,GH,web,digital,0
T00004805,F00035,956.2,NGN,8,12,NG,android,electronics,0
T00010386,F00064,480.62,NGN,22,7,US,web,digital,0
T00010279,F00366,197.1,NGN,1,5,US,web,fuel,0
T00008247,F00964,306.27,NGN,9,7,GH,ios,fuel,0
T00010678,F00515,553.48,NGN,3,3,NG,web,travel,0
T00016469,F00805,3582.46,NGN,14,4,GH,ios,fuel,0
T00000462,F01015,808.13,NGN,15,1,NG,web,food,0
T00007056,F00204,2192.25,NGN,14,9,US,android,fuel,0
T00003710,F00048,612.71,NGN,23,7,GH,android,retail,0
T00003931,F00571,1321.74,NGN,13,4,GH,android,food,0
T00007785,F00844,384.06,NGN,8,10,NG,android,electronics,0
T00019021,F00298,318.12,NGN,15,8,GB,ios,fuel,0
T00008408,F01168,4270.51,NGN,21,2,GB,web,food,0
T00013777,F00898,6102.93,NGN,15,10,NG,ios,digital,0
T00010426,F00291,1510.67,NGN,11,4,GH,web,digital,0
T00014914,F00416,7619.38,NGN,14,10,NG,web,digital,0
T00004662,F01096,974.31,NGN,21,2,NG,android,digital,0
T00011215,F00334,967.92,NGN,20,2,NG,ios,fuel,0
T00002434,F01142,421.99,NGN,20,8,GH,ios,retail,0
T00006776,F00265,490.29,NGN,20,5,NG,android,retail,0
T00019865,F00242,1063.09,NGN,22,10,NG,android,digital,0
T00015099,F00343,524.31,NGN,8,10,GB,web,travel,0
T00008499,F00979,355.59,NGN,19,11,US,android,fuel,0
T00017391,F00857,488.25,NGN,17,2,NG,web,fuel,0
T00014412,F00343,1923.48,NGN,3,7,GB,android,travel,0
T00017292,F01104,2082.6,NGN,8,11,NG,android,retail,0
T00012540,F00903,1192.45,NGN,19,6,GB,ios,electronics,0
T00003219,F00595,955.4,NGN,0,4,NG,android,food,0
T00002275,F01116,1281.29,NGN,12,3,GB,web,retail,0
T00004433,F00988,1446.72,NGN,13,3,GB,web,travel,0
T00014917,F00223,181.58,NGN,7,9,NG,android,retail,0
T00014578,F00004,650.97,NGN,0,9,NG,web,electronics,0
T00001820,F01139,337.06,NGN,2,9,NG,android,food,1
T00010947,F00841,3858.72,NGN,12,1,NG,web,fuel,0
T00004114,F01137,673.48,NGN,21,10,US,web,digital,0
T00011081,F00086,1341.09,NGN,9,10,NG,android,retail,0
T00012041,F00690,915.42,NGN,23,10,US,web,food,0
T00011192,F01039,1184.09,NGN,18,9,NG,ios,travel,0
T00007712,F00227,944.34,NGN,3,4,US,web,fuel,0
T00012011,F00057,390.52,NGN,20,11,GB,ios,electronics,0
T00018234,F00501,1827.92,NGN,9,7,GH,ios,retail,0
T00016650,F00241,1767.15,NGN,3,12,NG,android,travel,1
T00018160,F00665,406.43,NGN,18,12,GB,ios,digital,0
T00014888,F00928,1177.2,NGN,9,12,NG,ios,retail,0
T00001860,F00624,1046.63,NGN,20,2,US,ios,electronics,0
T00011601,F00711,1231.99,NGN,9,5,NG,android,travel,0
T00000819,F00804,312.33,NGN,16,4,GH,web,travel,0
T00000290,F00866,950.06,NGN,4,10,GB,ios,fuel,1
T00002475,F00744,813.14,NGN,19,2,US,ios,fuel,0
T00003288,F00606,975.58,NGN,5,11,GB,ios,fuel,0
T00016916,F01114,1173.1,NGN,22,11,US,ios,food,0
T00018313,F00099,539.87,NGN,3,8,NG,ios,fuel,0
T00019589,F00727,889.24,NGN,23,2,GH,ios,digital,0
T00013539,F00941,810.12,NGN,13,11,GH,android,digital,0
T00013672,F00967,291.33,NGN,9,5,NG,web,travel,0
T00001941,F00420,874.52,NGN,9,3,NG,android,food,0
T00010097,F00201,1568.08,NGN,15,1,US,web,travel,0
T00008903,F00410,158.46,NGN,16,1,NG,android,fuel,0
T00009833,F00758,2429.75,NGN,11,6,GB,android,food,0
T00018238,F00080,329.6,NGN,23,3,GB,android,travel,0
T00006697,F00827,1353.05,NGN,12,11,US,android,fuel,0
T00001856,F01080,1161.68,NGN,19,10,NG,android,fuel,0
T00006716,F00540,1278.17,NGN,21,5,NG,ios,retail,0
T00005730,F00785,317.52,NGN,3,7,NG,ios,travel,0
T00015608,F00702,18643.36,NGN,5,1,NG,android,digital,0
T00019033,F00673,1077.89,NGN,3,9,NG,ios,digital,0
T00018756,F00710,498.36,NGN,10,4,NG,web,digital,0
T00004315,F01133,678.99,NGN,8,8,GB,web,food,0
T00014803,F00480,1957.4,NGN,23,4,GH,android,food,0
T00012703,F00648,571.33,NGN,3,7,US,android,food,1
T00000850,F00295,982.64,NGN,13,7,GH,web,retail,0
T00012281,F01092,1627.38,NGN,11,3,NG,web,electronics,0
T00001500,F01118,625.55,NGN,4,8,US,web,digital,1
T00002466,F00849,2270.75,NGN,7,7,NG,web,travel,0
T00010207,F00290,1891.58,NGN,11,9,NG,web,retail,0
T00002867,F00722,949.02,NGN,19,5,NG,ios,electronics,0
T00005410,F01049,472.28,NGN,13,12,GB,ios,digital,0
T00015430,F00594,2538.66,NGN,23,9,NG,ios,food,0
T00008572,F00032,484.78,NGN,14,11,GH,ios,retail,0
T00019346,F00995,394.62,NGN,22,6,GH,android,electronics,0
T00010882,F00231,901.9,NGN,8,8,US,web,retail,0
T00007985,F00893,1835.17,NGN,9,1,GB,ios,electronics,0
T00010771,F01010,1178.73,NGN,8,1,NG,ios,food,0
T00001652,F00996,6139.35,NGN,2,5,NG,ios,electronics,0
T00013664,F00174,1399.31,NGN,2,5,GB,ios,fuel,0
T00001390,F00930,1045.44,NGN,2,2,NG,android,digital,0
T00002598,F00476,361.12,NGN,7,12,US,web,retail,0
T00004033,F00754,408.09,NGN,9,11,NG,android,retail,0
T00008518,F00658,1112.17,NGN,12,1,GB,android,food,0
T00014858,F00698,933.54,NGN,15,9,NG,android,travel,0
T00015656,F01073,490.16,NGN,5,12,GH,android,electronics,0
T00008273,F01014,620.73,NGN,8,9,GB,android,food,0
T00001120,F01097,831.52,NGN,10,8,NG,android,electronics,0
T00013236,F00479,708.67,NGN,12,8,GH,web,electronics,0
T00009597,F00112,1494.99,NGN,10,5,NG,android,fuel,0
T00005303,F01185,945.0,NGN,2,10,NG,ios,digital,1
T00008327,F00496,13400.57,NGN,16,7,NG,android,travel,0
T00003986,F00989,9422.35,NGN,23,6,US,web,fuel,0
T00013387,F00687,825.88,NGN,9,3,NG,web,fuel,0
T00016063,F01156,418.16,NGN,1,8,NG,android,fuel,0
T00004677,F00336,8654.32,NGN,22,11,NG,android,travel,0
T00005946,F00759,262.58,NGN,21,10,NG,android,digital,0
T00015925,F00897,675.87,NGN,15,2,NG,ios,electronics,0
T00004897,F01097,1749.49,NGN,12,10,NG,web,electronics,0
T00012061,F00723,2538.51,NGN,6,9,NG,web,digital,0
T00016835,F01041,1543.45,NGN,9,8,NG,android,electronics,0
T00008915,F00833,1512.02,NGN,10,2,NG,ios,fuel,0
T00013272,F00235,1713.36,NGN,15,4,NG,ios,retail,0
T00014729,F00913,1304.08,NGN,2,2,NG,web,retail,0
T00016231,F00954,1461.52,NGN,16,12,NG,ios,electronics,0
T00002036,F00855,1335.2,NGN,2,9,NG,web,digital,1
T00013573,F00363,961.51,NGN,18,1,NG,ios,fuel,0
T00015975,F01175,628.52,NGN,8,7,GB,ios,electronics,0
T00000349,F00684,553.48,NGN,9,2,NG,web,electronics,0
T00016661,F00757,350.12,NGN,7,9,NG,ios,digital,0
T00009327,F01074,1064.91,NGN,3,7,US,ios,food,1
T00005374,F00867,318.44,NGN,0,12,NG,ios,fuel,0
T00000474,F00889,1649.37,NGN,0,8,GB,android,fuel,0
T00017324,F00375,1268.79,NGN,1,3,NG,ios,food,0
T00008904,F00230,559.67,NGN,18,2,NG,ios,food,0
T00007858,F00865,3043.95,NGN,22,6,GH,ios,retail,0
T00018833,F00132,195.9,NGN,21,9,GB,ios,retail,0
T00013927,F00837,1406.96,NGN,2,10,NG,web,electronics,1
T00004419,F00192,2336.01,NGN,20,1,NG,android,food,0
T00019630,F00162,2473.54,NGN,10,3,NG,ios,fuel,0
T00017181,F00579,2310.76,NGN,9,8,GB,android,food,0
T00012028,F00309,509.71,NGN,7,12,GB,android,food,0
T00012542,F00033,2124.62,NGN,2,5,NG,web,digital,0
T00012866,F00630,681.93,NGN,9,1,NG,android,food,0
T00001600,F00153,481.88,NGN,8,5,GB,android,fuel,0
T00007358,F00716,379.04,NGN,20,10,NG,android,digital,0
T00004612,F00781,527.34,NGN,22,8,US,ios,food,0
T00000605,F00487,1308.68,NGN,15,2,NG,ios,retail,0
T00003110,F00260,187.54,NGN,18,11,GB,android,digital,0
T00016537,F01002,953.78,NGN,1,6,NG,android,digital,1
T00007273,F00070,1376.63,NGN,4,9,NG,ios,travel,1
T00004308,F00935,2284.31,NGN,5,3,US,ios,travel,0
T00004600,F00376,418.51,NGN,8,8,GH,web,electronics,0
T00013475,F00694,537.92,NGN,17,2,NG,ios,food,1
T00003269,F00137,992.41,NGN,19,8,NG,ios,retail,0
T00016095,F00401,368.19,NGN,3,9,US,web,fuel,1
T00013871,F00026,462.53,NGN,11,6,NG,ios,retail,0
T00004683,F01117,499.24,NGN,2,3,NG,android,food,0
T00000255,F00377,630.67,NGN,18,3,NG,ios,fuel,0
T00009755,F00129,2272.16,NGN,16,11,NG,web,travel,0
T00014028,F00884,929.85,NGN,1,12,NG,web,digital,1
T00007414,F00777,1606.46,NGN,1,7,NG,web,retail,0
T00009272,F00211,1115.01,NGN,18,9,NG,web,retail,0
T00009470,F00856,1270.98,NGN,21,9,US,web,digital,0
T00010739,F00466,1177.28,NGN,20,1,NG,ios,travel,0
T00001156,F00535,6383.68,NGN,19,9,NG,web,retail,0
T00007865,F01004,297.71,NGN,19,12,NG,web,food,0
T00014698,F01078,3020.74,NGN,14,9,GH,web,food,0
T00012119,F00295,321.54,NGN,21,3,GH,android,digital,0
T00009860,F00754,522.22,NGN,3,12,GB,android,digital,0
T00006376,F01153,972.69,NGN,11,9,NG,web,electronics,0
T00016627,F00640,612.55,NGN,17,12,US,android,digital,0
T00014975,F00134,2339.83,NGN,7,11,GH,android,fuel,0
T00000280,F00775,753.9,NGN,4,8,US,ios,travel,1
T00000630,F01043,4639.47,NGN,22,2,NG,ios,fuel,0
T00005544,F00628,1251.86,NGN,22,1,GH,ios,digital,0
T00014264,F00275,530.63,NGN,4,11,NG,ios,fuel,1
T00003295,F00198,470.32,NGN,17,2,US,web,digital,0
T00017699,F00033,480.17,NGN,20,7,GH,web,retail,0
T00019699,F00211,1179.85,NGN,19,12,NG,ios,travel,0
T00012885,F00661,914.76,NGN,7,11,GB,ios,digital,0
T00004846,F00079,818.98,NGN,16,3,NG,android,retail,0
T00008940,F00623,2750.04,NGN,14,9,NG,android,electronics,0
T00011720,F00271,936.78,NGN,16,1,NG,web,fuel,0
T00011763,F00753,1433.72,NGN,23,7,US,ios,retail,0
T00009176,F00026,973.03,NGN,2,1,NG,android,food,0
T00003469,F00855,5880.57,NGN,0,1,NG,web,fuel,0
T00006425,F01018,853.67,NGN,20,4,NG,android,food,0
T00013501,F01043,573.88,NGN,8,2,NG,web,fuel,0
T00012672,F00760,1466.85,NGN,7,8,NG,ios,fuel,0
T00010005,F00680,1494.68,NGN,8,10,NG,web,fuel,0
T00006226,F00397,1054.87,NGN,8,6,US,web,food,0
T00005644,F00944,3991.35,NGN,19,8,US,android,electronics,0
T00004154,F00530,2145.33,NGN,6,2,US,android,retail,0
T00014146,F00908,403.15,NGN,5,2,GB,web,travel,0
T00019048,F00604,5686.1,NGN,18,1,GH,android,digital,0
T00013983,F00572,668.54,NGN,10,2,US,android,food,0
T00008187,F01040,1047.65,NGN,21,12,NG,web,fuel,0
T00017578,F00377,120.49,NGN,6,4,GH,web,retail,0
T00006173,F00782,523.92,NGN,20,11,NG,android,retail,0
T00019698,F00717,2016.35,NGN,4,8,GH,android,retail,1
T00009056,F00134,1285.35,NGN,3,11,US,web,retail,1
T00010151,F00167,3457.56,NGN,5,7,US,ios,travel,0
T00007457,F00881,954.17,NGN,1,3,NG,ios,digital,0
T00000322,F01018,1063.47,NGN,15,6,GH,ios,electronics,0
T00000697,F00498,1160.83,NGN,14,8,NG,web,food,0
T00009428,F00617,678.77,NGN,18,10,GB,android,electronics,0
T00006448,F00329,2657.09,NGN,1,7,US,ios,food,1
T00019794,F00986,1855.72,NGN,19,6,US,web,digital,0
T00015102,F00759,1790.24,NGN,16,1,NG,ios,travel,0
T00001365,F00948,413.89,NGN,5,2,GB,ios,food,0
T00013257,F00319,1607.95,NGN,16,1,GB,ios,food,0
T00008072,F00633,2662.22,NGN,15,3,NG,ios,retail,0
T00011999,F00267,526.51,NGN,19,5,NG,ios,electronics,0
T00019529,F01068,5824.74,NGN,20,12,GB,web,retail,0
T00002585,F00125,2868.07,NGN,11,9,NG,android,fuel,0
T00012750,F01105,942.81,NGN,13,1,NG,ios,fuel,0
T00011682,F01120,804.98,NGN,16,1,NG,ios,food,0
T00013694,F00700,2019.54,NGN,6,9,GB,ios,retail,0
T00007067,F00754,386.18,NGN,12,8,GH,android,retail,0
T00011724,F00084,487.4,NGN,17,8,NG,android,digital,0
T00018751,F00549,1896.03,NGN,14,11,US,web,retail,0
T00018449,F00123,359.14,NGN,6,10,GH,ios,fuel,0
T00002828,F00470,635.27,NGN,11,6,NG,web,electronics,0
T00018205,F00290,1142.87,NGN,0,9,GB,ios,digital,0
T00006890,F00441,1729.32,NGN,8,1,NG,web,digital,0
T00006995,F00266,1021.74,NGN,16,11,US,ios,fuel,0
T00004422,F00452,322.33,NGN,6,2,US,ios,digital,0
T00019528,F00566,234.65,NGN,16,4,NG,android,digital,0
T00015569,F00959,1582.62,NGN,18,3,US,android,digital,0
T00002248,F00710,748.17,NGN,0,6,GB,android,travel,0
T00006871,F00159,1734.37,NGN,10,1,GB,android,fuel,0
T00002612,F01049,1374.35,NGN,14,9,GH,ios,digital,0
T00014804,F00915,658.79,NGN,11,9,NG,android,fuel,0
T00013895,F00732,265.72,NGN,7,3,GB,android,digital,0
T00017202,F00775,2293.99,NGN,2,1,GH,web,travel,0
T00019080,F00617,1102.62,NGN,9,11,GH,ios,food,0
T00014987,F00204,1349.99,NGN,5,6,GB,web,electronics,0
T00005800,F00325,774.38,NGN,16,10,NG,ios,digital,0
T00015427,F01087,1363.08,NGN,22,10,NG,ios,digital,0
T00005918,F00938,3677.45,NGN,18,12,NG,ios,fuel,0
T00007779,F00247,785.01,NGN,6,11,NG,ios,food,0
T00001651,F00100,1027.32,NGN,7,10,NG,web,food,0
T00013434,F00791,411.58,NGN,16,12,NG,web,travel,0
T00018590,F00260,1704.72,NGN,2,5,GH,android,digital,0
T00003201,F00906,1761.05,NGN,10,11,NG,ios,electronics,0
T00007927,F00275,1042.76,NGN,20,9,GH,android,fuel,0
T00015243,F00593,1203.42,NGN,5,6,US,web,fuel,1
T00018994,F01039,809.84,NGN,13,11,NG,ios,fuel,0
T00007473,F00689,924.85,NGN,20,7,GB,web,food,0
T00015529,F00913,4761.04,NGN,17,1,US,ios,food,0
T00011323,F00505,3541.19,NGN,9,11,NG,ios,electronics,0
T00017178,F01114,4099.45,NGN,8,7,GB,web,fuel,0
T00010196,F00036,5237.45,NGN,14,1,NG,web,digital,0
T00008941,F00621,147.87,NGN,23,7,US,android,digital,0
T00011133,F01005,811.56,NGN,4,3,GH,ios,digital,0
T00003985,F01163,865.55,NGN,4,6,GH,ios,travel,0
T00018770,F00264,813.13,NGN,22,8,NG,ios,digital,0
T00008819,F00656,615.82,NGN,8,12,NG,ios,digital,0
T00013435,F00757,1486.71,NGN,23,9,GH,ios,food,0
T00004242,F00181,2307.26,NGN,6,6,GB,android,fuel,0
T00012572,F00085,2657.89,NGN,21,9,GB,web,food,0
T00003982,F00848,423.96,NGN,20,4,GB,android,digital,0
T00017480,F01081,243.82,NGN,6,7,NG,web,fuel,0
T00012152,F00987,1838.27,NGN,3,7,GH,ios,food,1
T00009383,F00172,1442.39,NGN,16,3,US,ios,fuel,0
T00004647,F00920,207.69,NGN,3,9,GB,web,travel,1
T00012446,F00090,939.0,NGN,12,1,NG,ios,retail,0
T00004974,F00589,1616.47,NGN,9,3,GH,android,electronics,0
T00009394,F01020,2953.43,NGN,22,12,US,web,digital,0
T00013804,F00832,1018.9,NGN,10,4,NG,android,electronics,0
T00008571,F00628,1507.86,NGN,7,2,NG,android,travel,0
T00017371,F00251,829.45,NGN,23,7,US,android,electronics,1
T00005675,F00768,436.14,NGN,17,8,NG,android,digital,0
T00018996,F00061,1532.07,NGN,2,8,NG,android,digital,0
T00018409,F00792,824.41,NGN,18,5,NG,android,travel,0
T00005291,F01019,748.04,NGN,9,5,NG,android,electronics,0
T00001267,F01170,916.53,NGN,1,8,NG,ios,retail,1
T00004314,F00865,1234.58,NGN,8,10,NG,web,travel,0
T00016030,F00187,1311.71,NGN,20,2,NG,android,retail,0
T00014275,F00368,451.96,NGN,11,3,NG,ios,electronics,0
T00002012,F00538,1327.28,NGN,13,11,NG,android,food,0
T00003277,F00380,1478.75,NGN,22,10,US,android,digital,0
T00008082,F00399,1265.13,NGN,5,1,NG,ios,travel,0
T00019515,F00057,568.46,NGN,10,12,NG,ios,food,0
T00000068,F00113,1346.79,NGN,14,3,GB,ios,retail,0
T00002880,F00193,120.7,NGN,13,7,NG,web,digital,0
T00011303,F00468,3185.85,NGN,5,3,NG,web,retail,0
T00011498,F00100,394.2,NGN,8,7,NG,ios,retail,0
T00011861,F00394,529.52,NGN,16,6,NG,android,electronics,0
T00018852,F00604,1620.24,NGN,3,6,NG,web,fuel,1
T00018452,F01018,2694.39,NGN,9,2,US,android,retail,0
T00004189,F00459,3051.71,NGN,16,6,GB,android,digital,0
T00016977,F00378,1060.06,NGN,18,7,GB,ios,electronics,0
T00019827,F00935,387.85,NGN,11,2,NG,ios,retail,0
T00014456,F00907,3799.58,NGN,16,7,NG,ios,travel,0
T00018410,F01138,825.27,NGN,4,1,NG,android,food,0
T00002420,F01045,641.63,NGN,1,9,NG,ios,food,1
T00015863,F00489,438.43,NGN,20,5,GB,web,fuel,0
T00000338,F00334,512.4,NGN,9,8,NG,android,food,0
T00014763,F00375,181.26,NGN,23,5,NG,android,food,0
T00004551,F00402,6050.61,NGN,7,9,NG,web,digital,0
T00012794,F00146,2438.89,NGN,3,12,NG,ios,travel,1
T00015520,F00590,204.64,NGN,21,1,NG,android,electronics,0
T00008724,F01185,5583.63,NGN,5,10,US,ios,digital,0
T00010290,F00688,968.7,NGN,19,6,NG,web,food,0
T00006820,F00364,763.72,NGN,7,7,US,ios,food,0
T00010382,F00457,405.94,NGN,13,3,GB,android,retail,0
T00013476,F00581,992.87,NGN,5,10,GH,android,digital,0
T00010171,F01122,614.97,NGN,18,10,NG,web,digital,0
T00013848,F01139,1941.86,NGN,23,5,GB,ios,retail,0
T00002979,F00191,3225.4,NGN,13,1,GB,web,digital,0
T00014671,F01129,1180.13,NGN,3,9,NG,android,travel,1
T00001750,F00306,6967.98,NGN,21,2,NG,web,fuel,0
T00001636,F00892,3881.3,NGN,13,4,NG,web,fuel,0
T00007025,F00417,6560.94,NGN,16,1,NG,ios,travel,0
T00012159,F00955,10621.47,NGN,15,10,GH,web,electronics,0
T00012250,F01089,208.65,NGN,4,2,NG,web,fuel,0
T00019338,F00293,441.63,NGN,2,12,GB,ios,digital,0
T00000981,F00020,1776.6,NGN,22,6,NG,android,food,0
T00018505,F00713,1524.61,NGN,21,7,US,android,retail,0
T00002050,F01146,1187.57,NGN,13,1,NG,ios,travel,0
T00012173,F00829,2779.57,NGN,22,6,NG,ios,electronics,0
T00001222,F01093,1563.01,NGN,6,5,NG,android,food,0
T00007535,F00641,7478.81,NGN,4,6,NG,android,retail,1
T00010347,F00268,2509.69,NGN,6,7,GH,ios,travel,0
T00003749,F00575,268.09,NGN,6,11,NG,android,electronics,0
T00018114,F00895,1095.42,NGN,21,2,GH,android,food,0
T00018886,F01035,1747.11,NGN,16,8,NG,android,fuel,0
T00012884,F00369,709.4,NGN,16,3,NG,ios,retail,0
T00005087,F00350,481.69,NGN,12,5,NG,ios,food,0
T00014711,F00353,560.81,NGN,6,9,NG,android,digital,0
T00014115,F00435,2207.42,NGN,20,4,GH,ios,fuel,0
T00008111,F00524,933.59,NGN,19,1,US,web,fuel,0
T00019801,F00651,818.49,NGN,15,7,GB,web,fuel,0
T00003913,F00140,775.9,NGN,17,7,GB,ios,digital,0
T00016205,F00755,847.3,NGN,17,12,GH,android,digital,0
T00004851,F00539,436.39,NGN,21,5,NG,android,electronics,0
T00014093,F00585,1733.69,NGN,10,7,US,android,retail,0
T00017677,F00169,223.23,NGN,3,6,GH,android,digital,1
T00014968,F01097,11855.55,NGN,21,3,NG,android,digital,0
T00002732,F00883,553.22,NGN,9,2,US,android,food,0
T00019438,F00245,1149.08,NGN,22,10,GH,android,fuel,0
T00011443,F00646,431.6,NGN,1,2,NG,web,electronics,0
T00000796,F00458,1000.64,NGN,23,6,NG,android,fuel,0
T00006009,F00715,2738.44,NGN,8,7,NG,web,retail,0
T00014419,F00580,313.02,NGN,20,3,US,web,food,0
T00015919,F00348,2150.01,NGN,8,8,GH,web,fuel,0
T00008095,F00255,916.36,NGN,14,11,GB,ios,electronics,0
T00012570,F00893,1219.95,NGN,21,4,US,ios,electronics,0
T00014899,F00675,264.94,NGN,20,2,GB,ios,food,0
T00001012,F00476,1350.17,NGN,23,8,NG,android,travel,0
T00012720,F00869,1759.67,NGN,10,12,NG,ios,electronics,0
T00008602,F00100,496.1,NGN,9,8,NG,ios,food,0
T00010123,F00050,3045.24,NGN,18,10,NG,ios,retail,0
T00013244,F00051,2978.85,NGN,13,1,GH,web,electronics,0
T00001404,F00401,1037.6,NGN,22,12,GB,android,electronics,0
T00012464,F00813,1338.59,NGN,8,10,GH,android,digital,0
T00002625,F00724,365.33,NGN,15,7,NG,ios,digital,0
T00002971,F00287,1475.44,NGN,1,1,GH,ios,electronics,0
T00008021,F00694,2017.27,NGN,8,7,NG,ios,digital,0
T00001290,F00770,507.08,NGN,6,6,NG,ios,food,0
T00019291,F00070,5034.81,NGN,1,6,NG,android,food,1
T00008725,F00555,111.19,NGN,8,5,US,web,food,0
T00010595,F01037,18402.3,NGN,18,5,GB,web,fuel,0
T00003657,F00457,2854.91,NGN,0,9,NG,web,travel,0
T00010170,F00157,5640.53,NGN,18,11,NG,android,electronics,0
T00003972,F00329,308.94,NGN,18,12,GB,ios,digital,0
T00016017,F00049,597.19,NGN,16,1,NG,android,electronics,0
T00001320,F00517,1380.72,NGN,12,2,NG,ios,digital,0
T00019087,F01027,1198.53,NGN,20,1,NG,android,fuel,0
T00018952,F01197,3058.18,NGN,5,3,GB,ios,travel,0
T00008492,F01176,660.86,NGN,5,12,NG,ios,digital,0
T00004192,F00120,2502.66,NGN,21,4,NG,web,fuel,1
T00018730,F01113,1917.86,NGN,12,10,NG,web,electronics,0
T00011687,F00963,927.95,NGN,21,3,US,web,electronics,0
T00013343,F00203,1539.45,NGN,6,12,NG,ios,digital,0
T00013665,F00436,2413.51,NGN,8,2,NG,android,food,0
T00013762,F00849,408.78,NGN,9,1,NG,ios,travel,0
T00008747,F00817,270.47,NGN,14,6,NG,ios,electronics,0
T00000743,F00958,963.09,NGN,18,12,US,android,electronics,0
T00005929,F00935,1460.68,NGN,1,8,NG,ios,electronics,0
T00000844,F00835,1258.22,NGN,5,9,US,web,electronics,0
T00006755,F01040,789.87,NGN,15,3,US,ios,fuel,0
T00015038,F01000,1126.08,NGN,20,11,GB,android,digital,0
T00003669,F00090,170.15,NGN,12,7,US,web,fuel,0
T00015324,F00810,1008.6,NGN,10,4,NG,android,electronics,0
T00003803,F00860,996.77,NGN,21,4,GH,android,fuel,0
T00017018,F00507,3301.18,NGN,10,10,NG,ios,fuel,0
T00017538,F00024,373.72,NGN,15,7,NG,web,travel,0
T00019566,F00871,462.42,NGN,20,7,NG,ios,retail,0
T00019425,F00131,1685.34,NGN,14,6,NG,android,travel,0
T00007593,F00391,1937.16,NGN,19,9,GB,android,travel,0
T00010437,F00240,852.7,NGN,6,9,GH,web,fuel,0
T00014296,F00968,489.57,NGN,19,5,US,ios,retail,0
T00005500,F00433,4579.17,NGN,13,8,NG,android,digital,0
T00010308,F00803,3265.52,NGN,2,12,GB,android,retail,0
T00013853,F01006,1184.21,NGN,16,10,GH,web,digital,0
T00014511,F00523,358.36,NGN,14,8,NG,android,digital,0
T00001021,F00970,3666.34,NGN,16,5,NG,android,fuel,0
T00004594,F00533,1996.6,NGN,22,6,NG,ios,food,0
T00018671,F00965,4974.33,NGN,17,12,GH,web,electronics,0
T00013844,F00173,2769.72,NGN,11,10,NG,ios,digital,0
T00010388,F00689,679.06,NGN,9,3,US,web,travel,0
T00013246,F01126,1019.1,NGN,6,3,NG,web,food,0
T00007108,F00971,2244.32,NGN,22,6,US,ios,food,0
T00006867,F01173,3248.04,NGN,15,10,GH,web,electronics,0
T00006926,F00278,978.66,NGN,11,3,GH,android,electronics,0
T00005277,F00846,520.64,NGN,20,7,NG,android,fuel,0
T00008315,F00467,326.83,NGN,13,10,NG,web,fuel,0
T00011128,F00457,1405.56,NGN,21,6,GH,android,travel,0
T00014648,F00671,1802.88,NGN,5,5,NG,android,fuel,0
T00019321,F00717,568.73,NGN,4,7,NG,ios,food,1
T00001563,F00909,1838.33,NGN,8,8,GH,android,retail,0
T00001456,F00963,1473.3,NGN,14,12,NG,android,digital,0
T00018598,F00454,6562.4,NGN,14,9,NG,ios,retail,0
T00001658,F00254,1176.17,NGN,7,8,NG,ios,fuel,1
T00012109,F01143,1324.26,NGN,9,7,NG,android,electronics,0
T00013043,F00663,680.33,NGN,11,4,GH,ios,travel,0
T00006949,F00648,2400.34,NGN,22,8,GB,ios,fuel,0
T00001266,F00048,951.31,NGN,6,12,US,web,food,0
T00002500,F00563,1764.94,NGN,6,3,NG,web,electronics,0
T00019665,F00704,417.17,NGN,12,7,NG,android,food,0
T00005072,F00452,797.91,NGN,10,9,NG,web,travel,0
T00000594,F00474,369.75,NGN,14,8,GB,ios,retail,0
T00003738,F00749,1271.0,NGN,19,3,NG,android,digital,0
T00012164,F00373,2181.14,NGN,14,10,NG,ios,digital,0
T00012811,F01134,463.54,NGN,17,2,NG,android,travel,0
T00016952,F00422,928.58,NGN,6,2,US,ios,fuel,0
T00018157,F00974,1123.5,NGN,5,2,NG,web,food,0
T00006343,F00303,595.52,NGN,7,12,NG,ios,electronics,0
T00017754,F00463,1693.42,NGN,4,3,GB,android,retail,0
T00002462,F00586,707.65,NGN,5,2,NG,android,electronics,0
T00016016,F00711,269.04,NGN,19,12,GH,android,electronics,0
T00019243,F00304,976.43,NGN,1,3,NG,web,food,0
T00005210,F00345,419.55,NGN,2,11,GB,ios,digital,1
T00009251,F00115,1885.09,NGN,12,7,NG,web,digital,0
T00015954,F00025,350.38,NGN,22,4,GB,ios,food,0
T00010624,F00647,1350.25,NGN,0,11,US,ios,digital,0
T00008846,F01086,346.02,NGN,16,2,US,ios,electronics,0
T00011366,F01012,558.38,NGN,5,2,NG,web,fuel,0
T00005639,F00968,758.71,NGN,15,5,NG,ios,food,0
T00011188,F00242,229.96,NGN,13,6,GH,android,electronics,0
T00001343,F01113,4477.78,NGN,20,1,NG,web,fuel,0
T00002055,F00738,611.23,NGN,9,7,NG,web,travel,0
T00003773,F00806,417.59,NGN,3,1,NG,ios,food,0
T00011052,F00245,653.75,NGN,20,11,NG,android,fuel,0
T00008101,F00669,1266.19,NGN,15,1,NG,android,travel,0
T00018515,F00259,2463.67,NGN,13,11,NG,web,travel,0
T00017681,F01188,4901.19,NGN,13,8,GB,android,retail,0
T00008970,F01122,1881.57,NGN,5,6,NG,android,travel,0
T00000218,F00556,6572.45,NGN,18,11,NG,ios,electronics,0
T00013659,F01131,162.07,NGN,5,6,NG,web,fuel,0
T00017175,F00057,164.04,NGN,2,4,US,ios,food,0
T00013606,F00148,490.83,NGN,22,9,GH,web,digital,0
T00004708,F00916,1228.1,NGN,10,12,GB,ios,travel,0
T00017774,F01027,2769.23,NGN,4,11,US,web,digital,0
T00016364,F01152,4306.9,NGN,22,9,NG,android,travel,0
T00009174,F00010,4322.69,NGN,11,10,NG,android,retail,0
T00000892,F00567,983.47,NGN,14,3,GH,ios,electronics,0
T00016890,F00547,2007.8,NGN,13,1,NG,web,fuel,0
T00008023,F00832,400.09,NGN,23,6,NG,ios,retail,0
T00017870,F00121,246.78,NGN,12,5,NG,ios,fuel,0
T00003939,F00194,1450.64,NGN,0,2,GH,android,food,0
T00001312,F01019,1541.2,NGN,15,11,GH,ios,digital,0
T00002511,F00502,885.44,NGN,0,8,NG,android,electronics,0
T00004975,F00955,2968.09,NGN,20,6,NG,ios,fuel,0
T00016744,F00522,1727.73,NGN,20,12,NG,web,retail,0
T00011274,F01193,1470.21,NGN,23,2,NG,android,travel,0
T00008026,F00992,986.07,NGN,5,2,NG,android,digital,0
T00000917,F00992,2547.64,NGN,13,1,NG,android,electronics,0
T00000039,F00993,1956.43,NGN,12,11,NG,ios,retail,0
T00004296,F01102,2056.33,NGN,0,8,NG,android,electronics,0
T00011588,F00668,351.21,NGN,5,10,GB,android,travel,0
T00013726,F00923,662.5,NGN,19,1,GB,android,digital,0
T00004190,F00811,1580.78,NGN,1,5,US,android,digital,0
T00002698,F00501,753.05,NGN,6,4,NG,ios,fuel,0
T00001801,F00132,236.21,NGN,17,9,NG,android,electronics,0
T00008120,F00683,1409.65,NGN,19,8,NG,ios,travel,0
T00014347,F00601,442.22,NGN,11,10,NG,web,food,0
T00014031,F00345,631.46,NGN,4,1,US,web,travel,0
T00008022,F00522,697.52,NGN,6,3,NG,ios,digital,0
T00004789,F00842,1137.64,NGN,11,3,NG,ios,digital,0
T00012593,F00545,1895.86,NGN,3,10,NG,android,electronics,1
T00010074,F00882,1760.0,NGN,15,4,GH,android,travel,0
T00003268,F00979,439.49,NGN,20,6,US,web,fuel,0
T00005895,F00266,3323.98,NGN,18,9,NG,android,electronics,0
T00016468,F00059,632.33,NGN,8,9,NG,ios,retail,0
T00007169,F01174,1321.83,NGN,1,4,US,web,digital,0
T00012444,F00471,1992.56,NGN,1,11,GH,web,food,0
T00000516,F00015,600.23,NGN,14,9,GB,ios,electronics,0
T00001601,F00550,5035.37,NGN,9,5,US,web,travel,0
T00000248,F00318,587.48,NGN,12,1,US,ios,electronics,0
T00013397,F01090,1994.0,NGN,23,11,GH,web,retail,0
T00018247,F01105,518.18,NGN,8,10,GH,android,food,0
T00009418,F00378,787.73,NGN,13,2,GB,ios,fuel,0
T00001150,F01128,918.07,NGN,3,7,NG,android,digital,1
T00014494,F00810,1711.27,NGN,17,7,NG,ios,digital,0
T00010415,F00271,443.67,NGN,21,10,GB,web,electronics,0
T00012651,F00662,1193.14,NGN,21,9,GB,ios,travel,1
T00005769,F00609,5577.94,NGN,13,5,GH,ios,fuel,0
T00008637,F01091,1231.0,NGN,5,1,NG,ios,food,0
T00013790,F00728,857.1,NGN,0,8,US,android,retail,0
T00018767,F00403,663.93,NGN,10,8,GH,ios,digital,0
T00000079,F00146,2631.24,NGN,5,2,GB,ios,travel,0
T00006480,F00649,1371.79,NGN,21,4,NG,android,retail,0
T00003139,F00181,688.48,NGN,4,4,GB,ios,travel,0
T00006889,F00734,827.63,NGN,21,3,NG,android,food,0
T00009154,F00764,354.05,NGN,6,12,NG,android,travel,0
T00008958,F01030,4256.85,NGN,18,4,GH,ios,digital,0
T00011020,F00195,683.88,NGN,4,9,US,web,retail,0
T00016043,F00259,306.56,NGN,11,10,NG,web,travel,0
T00015849,F00614,383.31,NGN,16,8,NG,android,retail,0
T00014647,F01014,1070.52,NGN,1,9,NG,web,fuel,1
T00002943,F00489,5327.54,NGN,18,4,NG,ios,retail,0
T00014570,F01035,3459.2,NGN,8,3,GB,android,digital,0
T00008537,F00160,2939.03,NGN,4,2,NG,web,digital,0
T00006049,F00142,1503.91,NGN,17,12,US,web,electronics,0
T00018766,F00568,742.7,NGN,14,10,NG,ios,digital,0
T00007766,F00986,174.83,NGN,10,1,GB,web,fuel,0
T00007031,F00836,801.86,NGN,4,11,NG,web,travel,1
T00016216,F00231,2784.73,NGN,0,8,GH,ios,food,0
T00004423,F00422,1124.18,NGN,16,5,GH,android,digital,0
T00000096,F00973,288.79,NGN,3,4,NG,web,digital,0
T00010477,F01193,274.6,NGN,0,4,US,ios,electronics,0
T00011969,F00707,2371.92,NGN,13,3,GH,ios,fuel,0
T00009338,F00190,440.1,NGN,5,10,NG,android,electronics,0
T00014489,F00331,437.7,NGN,9,6,NG,ios,digital,0
T00000133,F00716,1703.31,NGN,23,8,US,android,food,0
T00016002,F00805,277.26,NGN,18,6,NG,ios,retail,0
T00009661,F00748,376.11,NGN,5,8,GB,ios,electronics,0
T00003594,F00197,588.98,NGN,15,1,US,ios,digital,0
T00017302,F00791,1407.97,NGN,14,5,NG,ios,retail,0
T00011641,F00217,4475.89,NGN,17,10,GH,android,digital,0
T00003451,F00488,631.4,NGN,1,5,GB,web,travel,0
T00018930,F00876,632.93,NGN,20,8,NG,android,travel,0
T00005580,F00298,1431.29,NGN,4,4,NG,android,food,0
T00002526,F00865,3701.03,NGN,5,12,NG,android,electronics,0
T00008514,F00919,11430.79,NGN,23,3,NG,ios,food,1
T00010838,F00704,508.64,NGN,4,5,US,android,retail,0
T00019216,F00070,271.55,NGN,9,12,US,ios,travel,0
T00013834,F01005,1056.54,NGN,5,2,GH,ios,food,0
T00012949,F01167,457.26,NGN,11,3,NG,android,digital,0
T00014198,F01066,6382.51,NGN,12,12,NG,ios,retail,0
T00006409,F01182,550.35,NGN,18,5,NG,ios,travel,0
T00018188,F00290,2154.0,NGN,0,10,GH,web,fuel,0
T00016786,F01074,1154.29,NGN,11,7,NG,web,retail,0
T00019733,F00596,3357.2,NGN,21,8,GH,ios,digital,0
T00018031,F01091,2183.15,NGN,19,1,NG,web,travel,0
T00016471,F00346,4420.4,NGN,20,6,GB,android,travel,0
T00014665,F00743,529.98,NGN,12,10,US,ios,fuel,0
T00019174,F00161,425.33,NGN,19,1,NG,web,food,0
T00012413,F00463,3113.22,NGN,7,11,GB,web,fuel,0
T00006519,F00171,1327.16,NGN,11,2,NG,web,retail,0
T00005088,F00200,589.21,NGN,6,8,NG,web,fuel,0
T00001441,F00178,567.02,NGN,16,4,NG,android,travel,0
T00014785,F00600,373.91,NGN,4,11,NG,ios,electronics,1
T00013990,F00779,2133.7,NGN,20,1,NG,web,electronics,0
T00004092,F00258,1148.49,NGN,18,3,NG,ios,retail,0
T00016558,F00906,3870.25,NGN,21,4,NG,android,electronics,0
T00015609,F00334,1116.12,NGN,23,6,US,android,retail,0
T00016886,F00195,1738.91,NGN,9,10,NG,web,food,0
T00004471,F00574,191.92,NGN,7,6,US,web,food,0
T00007849,F00253,2404.35,NGN,20,7,NG,android,fuel,0
T00019842,F00821,2716.97,NGN,14,3,GB,android,food,0
T00007498,F00865,2637.9,NGN,4,11,NG,web,travel,1
T00004614,F00155,590.98,NGN,15,4,GB,android,electronics,0
T00006741,F00150,1381.7,NGN,2,9,GH,web,travel,1
T00016883,F00698,903.6,NGN,19,1,NG,android,food,0
T00012982,F00879,4521.46,NGN,3,3,GH,web,digital,0
T00008459,F00087,1985.88,NGN,3,10,NG,android,fuel,1
T00001953,F01011,340.57,NGN,4,8,GH,ios,food,0
T00002044,F00663,292.69,NGN,6,1,US,web,retail,0
T00005690,F00759,1292.97,NGN,5,7,NG,ios,retail,0
T00009460,F00171,282.04,NGN,21,12,NG,ios,fuel,0
T00016567,F01172,2097.14,NGN,15,10,NG,ios,digital,0
T00006795,F00773,158.9,NGN,6,11,GB,web,retail,0
T00012372,F01056,1117.71,NGN,13,8,US,ios,electronics,0
T00000815,F00190,3613.99,NGN,1,9,US,android,retail,1
T00013131,F00523,3542.76,NGN,18,4,NG,android,travel,0
T00008923,F01164,509.0,NGN,6,1,GH,ios,digital,0
T00019787,F00670,498.15,NGN,10,5,NG,ios,fuel,0
T00000275,F00244,1006.01,NGN,14,12,NG,android,retail,0
T00009186,F00125,1201.78,NGN,2,7,GH,android,food,0
T00013519,F01097,3207.67,NGN,1,12,US,ios,travel,0
T00000859,F00757,563.56,NGN,12,9,NG,web,travel,0
T00001470,F00237,834.94,NGN,5,4,GB,web,electronics,0
T00014886,F00666,468.66,NGN,4,4,US,android,retail,0
T00016553,F00753,601.55,NGN,9,1,US,android,food,0
T00009998,F00736,2514.67,NGN,11,2,NG,web,food,0
T00014462,F00037,597.42,NGN,9,9,NG,ios,food,0
T00019475,F00244,1497.06,NGN,0,11,NG,android,retail,0
T00016869,F00695,734.02,NGN,18,7,NG,web,fuel,0
T00000828,F00223,423.77,NGN,10,2,NG,ios,travel,0
T00001624,F00829,309.38,NGN,16,6,NG,web,travel,0
T00017331,F00232,1532.46,NGN,15,1,GB,web,fuel,0
T00014702,F00268,3592.51,NGN,1,12,GB,web,retail,0
T00017610,F00006,486.78,NGN,10,9,GB,android,electronics,0
T00017911,F00703,250.96,NGN,3,3,GB,ios,electronics,0
T00012934,F00768,141.79,NGN,3,11,GB,android,electronics,0
T00005786,F01121,832.34,NGN,4,5,US,web,retail,0
T00016425,F00192,3616.92,NGN,8,11,GH,android,travel,0
T00008892,F00928,3100.89,NGN,1,4,GB,ios,retail,0
T00009419,F00353,391.69,NGN,11,4,NG,ios,fuel,0
T00000739,F00075,1083.78,NGN,17,12,NG,android,retail,0
T00010398,F00623,1051.45,NGN,0,3,US,android,electronics,0
T00000312,F00221,8638.92,NGN,13,9,NG,android,electronics,0
T00014660,F01087,428.61,NGN,21,12,NG,ios,electronics,0
T00011727,F00199,3824.04,NGN,17,2,GH,web,retail,0
T00011501,F00530,788.98,NGN,21,11,NG,ios,fuel,0
T00010787,F00483,2075.44,NGN,19,2,NG,web,digital,0
T00012735,F01016,1424.73,NGN,0,8,NG,ios,retail,0
T00005704,F00786,3847.82,NGN,8,12,GB,web,electronics,0
T00003177,F00959,2234.19,NGN,23,10,GH,ios,electronics,0
T00002700,F01069,427.12,NGN,15,5,GH,ios,food,0
T00003563,F00047,3117.61,NGN,21,5,GB,android,fuel,0
T00016269,F00736,335.0,NGN,14,1,NG,ios,digital,0
T00010841,F00400,3533.66,NGN,15,8,NG,web,digital,0
T00008422,F01026,19458.09,NGN,9,12,NG,ios,food,0
T00003998,F00578,397.17,NGN,18,8,US,ios,food,0
T00006835,F00097,876.18,NGN,20,1,NG,web,fuel,0
T00015404,F00080,525.17,NGN,6,10,GH,ios,food,0
T00004828,F00551,1160.73,NGN,3,10,NG,ios,food,0
T00010232,F00328,572.83,NGN,18,9,GH,android,digital,0
T00019984,F00093,2197.23,NGN,3,12,NG,ios,digital,1
T00005671,F00014,528.03,NGN,8,1,US,web,fuel,0
T00009339,F00163,572.1,NGN,20,9,NG,android,electronics,0
T00019732,F00744,973.77,NGN,11,4,GH,android,fuel,0
T00016899,F00390,2506.92,NGN,8,5,GB,web,electronics,0
T00010720,F01128,548.64,NGN,12,5,GB,android,travel,0
T00005870,F01140,1261.94,NGN,8,5,NG,ios,travel,0
T00011162,F00009,236.37,NGN,3,4,GB,ios,fuel,0
T00013280,F00723,191.2,NGN,23,11,NG,web,retail,0
T00001795,F00217,114.44,NGN,12,11,GH,android,travel,0
T00017824,F01040,779.37,NGN,7,7,NG,ios,digital,0
T00017950,F00965,595.96,NGN,18,3,NG,android,food,0
T00013550,F01075,1699.41,NGN,11,6,NG,ios,electronics,0
T00017185,F00576,1548.95,NGN,10,7,GH,web,fuel,0
T00012420,F00168,703.48,NGN,2,11,GB,ios,digital,0
T00010718,F00316,14508.5,NGN,19,6,GH,ios,travel,0
T00007614,F00365,1128.27,NGN,6,5,GB,ios,fuel,0
T00001034,F00834,403.96,NGN,21,4,GH,web,digital,0
T00019345,F00770,780.22,NGN,23,12,GH,android,fuel,0
T00019212,F01057,935.03,NGN,18,5,NG,ios,travel,0
T00000565,F00087,1236.69,NGN,5,3,NG,android,retail,0
T00016556,F00398,614.54,NGN,18,2,NG,ios,digital,0
T00008658,F00775,1703.41,NGN,11,8,NG,android,food,0
T00014950,F00123,377.1,NGN,7,2,GB,ios,travel,0
T00010750,F00424,1390.94,NGN,15,10,NG,web,food,0
T00005983,F00701,1000.23,NGN,1,7,US,android,fuel,1
T00010135,F00264,1011.44,NGN,5,10,NG,android,food,0
T00014703,F00789,1367.82,NGN,5,7,NG,ios,electronics,0
T00019042,F00909,1698.54,NGN,17,3,US,android,fuel,0
T00018164,F00729,121.58,NGN,7,6,NG,ios,travel,0
T00013680,F00475,1502.53,NGN,1,2,NG,ios,travel,0
T00003135,F01010,731.71,NGN,10,10,NG,ios,retail,0
T00012282,F00107,877.52,NGN,15,7,NG,android,digital,0
T00019997,F00188,1046.59,NGN,11,3,NG,ios,food,0
T00015819,F00174,836.39,NGN,3,8,GH,ios,fuel,1
T00013108,F00670,615.45,NGN,23,11,NG,web,retail,0
T00018890,F00982,435.93,NGN,2,12,NG,ios,fuel,0
T00017201,F00857,1439.2,NGN,10,9,NG,ios,retail,0
T00017942,F00365,3001.79,NGN,6,3,US,web,food,0
T00014629,F01010,1347.52,NGN,12,9,NG,ios,fuel,0
T00019264,F00348,1974.11,NGN,9,4,GB,web,digital,0
T00003449,F00127,4539.75,NGN,15,7,NG,web,fuel,0
T00003128,F00035,3331.18,NGN,18,6,NG,web,retail,0
T00008357,F00301,1621.7,NGN,2,11,NG,android,travel,1
T00017377,F00659,1616.66,NGN,12,9,GB,web,retail,0
T00019411,F01143,1563.66,NGN,9,11,NG,ios,electronics,0
T00004663,F00430,791.19,NGN,10,11,NG,android,electronics,0
T00002951,F00556,1726.0,NGN,4,12,GB,android,digital,1
T00013830,F00183,6842.68,NGN,4,11,GH,ios,travel,1
T00011940,F00704,1371.01,NGN,3,4,US,web,travel,0
T00019016,F00882,504.32,NGN,11,7,GH,web,travel,0
T00012867,F00033,2613.74,NGN,17,6,NG,android,retail,0
T00004674,F00575,2206.72,NGN,11,12,NG,web,fuel,0
T00002770,F00180,676.91,NGN,6,8,NG,ios,retail,0
T00016464,F01134,572.26,NGN,19,11,US,ios,electronics,0
T00004978,F00465,345.66,NGN,11,9,US,android,food,0
T00009475,F00832,2512.75,NGN,5,12,US,android,digital,0
T00001665,F00005,201.63,NGN,5,5,US,ios,travel,0
T00013779,F01054,3146.03,NGN,21,2,NG,ios,travel,0
T00008037,F00613,771.12,NGN,20,6,NG,ios,retail,0
T00006488,F00512,834.18,NGN,4,3,US,ios,food,0
T00007132,F00043,240.57,NGN,16,2,NG,web,food,0
T00016967,F01000,862.66,NGN,14,1,NG,android,travel,0
T00011612,F01008,394.71,NGN,5,2,NG,android,food,0
T00006958,F00636,2234.73,NGN,20,2,NG,android,electronics,0
T00016359,F00190,798.25,NGN,8,9,NG,ios,digital,0
T00002270,F00788,3905.24,NGN,19,10,NG,web,digital,0
T00002235,F01122,1662.16,NGN,17,12,NG,ios,digital,0
T00005998,F00467,1469.22,NGN,17,1,NG,android,food,0
T00008678,F00936,131.22,NGN,5,12,NG,android,travel,0
T00000569,F01175,215.4,NGN,0,4,NG,android,food,0
T00008877,F00805,1071.14,NGN,0,12,GB,web,travel,0
T00013644,F00047,785.51,NGN,16,5,NG,web,retail,0
T00019466,F00485,434.96,NGN,6,7,GB,web,retail,0
T00001175,F00679,1227.3,NGN,13,5,GB,web,food,0
T00001299,F00807,1014.79,NGN,1,1,NG,web,food,0
T00019416,F00298,1525.55,NGN,9,1,NG,android,electronics,0
T00013185,F00709,829.35,NGN,5,10,NG,ios,travel,0
T00015842,F00486,1878.74,NGN,19,8,GB,web,electronics,0
T00008880,F00295,408.34,NGN,23,10,GH,ios,travel,0
T00006160,F00815,1054.49,NGN,3,8,NG,android,retail,0
T00017804,F00161,313.18,NGN,19,4,NG,web,retail,0
T00005008,F00925,962.04,NGN,19,6,GH,web,food,0
T00010008,F00139,1159.51,NGN,3,7,NG,web,retail,1
T00000031,F00287,319.17,NGN,23,9,NG,android,electronics,0
T00004271,F00320,701.52,NGN,13,1,GB,android,digital,0
T00001815,F00002,753.28,NGN,13,1,NG,web,fuel,0
T00014707,F00823,778.48,NGN,23,8,NG,web,digital,0
T00010211,F00337,382.24,NGN,17,5,GB,android,electronics,0
T00016289,F00508,3398.01,NGN,10,9,GH,android,travel,0
T00000407,F00460,700.43,NGN,5,3,GB,web,food,0
T00016652,F01167,875.06,NGN,3,12,US,android,fuel,1
T00017443,F01056,756.59,NGN,13,7,NG,android,fuel,0
T00009555,F00603,3239.18,NGN,1,2,GB,web,retail,0
T00019652,F00550,946.03,NGN,12,4,GH,web,digital,0
T00017386,F00713,763.22,NGN,2,11,GH,android,electronics,1
T00012472,F00953,2507.6,NGN,17,7,GB,android,electronics,0
T00009762,F01136,1110.85,NGN,16,8,GB,ios,retail,0
T00011040,F00353,2870.73,NGN,14,12,NG,android,electronics,0
T00011350,F00668,416.64,NGN,18,5,NG,web,travel,0
T00013122,F00399,2152.87,NGN,18,4,GB,web,travel,0
T00016332,F00628,674.28,NGN,2,4,US,ios,digital,0
T00011801,F00482,138.82,NGN,5,4,GB,android,food,0
T00000344,F00278,1238.5,NGN,3,1,GH,android,travel,0
T00010671,F00792,9360.66,NGN,3,8,GH,web,food,0
T00012636,F00897,258.22,NGN,1,10,NG,ios,food,1
T00017596,F00865,852.8,NGN,22,6,GB,web,digital,0
T00000989,F00288,218.62,NGN,19,11,NG,android,travel,0
T00005702,F00174,1947.96,NGN,16,11,US,ios,travel,0
T00015931,F00299,1694.83,NGN,4,7,GB,ios,food,0
T00001405,F00294,313.2,NGN,8,5,GB,android,retail,0
T00006455,F00609,1951.65,NGN,5,11,GH,android,food,0
T00005774,F00472,2627.75,NGN,6,12,NG,ios,food,0
T00005771,F01092,2324.09,NGN,1,4,US,ios,electronics,0
T00017882,F00121,2089.21,NGN,0,2,US,android,retail,0
T00009707,F00541,181.21,NGN,2,1,NG,web,retail,0
T00017920,F00435,5824.29,NGN,7,1,NG,android,electronics,0
T00003757,F00567,339.71,NGN,18,7,US,web,digital,0
T00008640,F00167,3212.06,NGN,13,12,US,ios,fuel,0
T00012697,F00758,6004.14,NGN,4,5,NG,ios,digital,0
T00008475,F00546,164.88,NGN,19,9,NG,web,fuel,0
T00000794,F00866,1301.24,NGN,3,1,GB,android,food,0
T00001131,F00210,631.9,NGN,6,12,US,ios,fuel,0
T00016636,F01106,370.29,NGN,20,6,GB,android,travel,0
T00012877,F00950,1967.58,NGN,22,3,NG,ios,retail,0
T00003663,F00961,804.55,NGN,7,4,NG,android,fuel,0
T00017981,F00224,2456.68,NGN,21,3,NG,web,food,0
T00003260,F00530,515.25,NGN,20,1,US,ios,fuel,0
T00008978,F00540,1131.65,NGN,15,5,NG,ios,retail,0
T00004509,F00077,2034.77,NGN,22,12,US,web,travel,0
T00001973,F00459,2701.83,NGN,21,7,GB,android,electronics,0
T00005049,F00402,899.62,NGN,11,4,GH,ios,food,0
T00017827,F00815,3253.12,NGN,11,11,GH,web,electronics,0
T00001449,F01195,1261.69,NGN,2,8,NG,android,fuel,1
T00015568,F00951,2080.1,NGN,8,9,NG,ios,electronics,0
T00003965,F00071,741.62,NGN,2,7,US,web,food,1
T00004204,F00945,9602.54,NGN,11,11,US,web,fuel,0
T00013842,F00552,540.77,NGN,12,1,NG,web,electronics,0
T00004345,F00871,1329.82,NGN,7,5,GB,android,food,0
T00008794,F00290,1094.22,NGN,12,12,GH,android,digital,0
T00006959,F00109,773.76,NGN,17,5,NG,ios,fuel,0
T00001924,F00128,2260.49,NGN,19,6,NG,ios,food,0
T00009055,F00972,255.03,NGN,16,8,GB,ios,retail,0
T00004364,F01036,935.51,NGN,13,9,NG,web,food,0
T00002430,F00651,2131.26,NGN,8,3,NG,ios,electronics,0
T00000422,F00104,434.44,NGN,13,11,NG,android,electronics,0
T00016150,F00106,3368.83,NGN,20,8,NG,android,digital,0
T00002862,F00398,446.73,NGN,17,4,GH,ios,food,0
T00009584,F01163,763.16,NGN,7,2,NG,android,digital,0
T00016585,F00409,405.16,NGN,9,10,NG,ios,electronics,0
T00017521,F00186,141.86,NGN,7,6,NG,web,electronics,1
T00002646,F00783,752.96,NGN,3,11,NG,web,travel,1
T00008352,F00001,355.49,NGN,18,1,NG,android,travel,0
T00018254,F00584,1777.94,NGN,13,4,NG,android,food,0
T00001869,F00380,797.02,NGN,16,12,GB,web,food,0
T00003544,F00545,1600.47,NGN,21,1,GB,web,electronics,0
T00007592,F01081,654.67,NGN,20,12,NG,ios,travel,0
T00014819,F00989,704.08,NGN,22,3,NG,web,digital,0
T00011452,F00289,1111.33,NGN,19,10,US,web,travel,0
T00016834,F01043,893.01,NGN,17,2,NG,ios,retail,0
T00012951,F00027,509.17,NGN,1,6,GB,ios,food,1
T00002520,F00157,6368.08,NGN,10,4,NG,ios,food,0
T00019451,F01142,200.79,NGN,15,8,NG,android,electronics,0
T00013090,F00477,831.62,NGN,23,4,US,web,electronics,0
T00011615,F00955,2202.0,NGN,5,10,NG,ios,electronics,0
T00016145,F01182,1823.86,NGN,13,8,GB,web,electronics,0
T00015858,F00272,1508.11,NGN,10,7,GH,ios,travel,0
T00019010,F01045,1130.95,NGN,12,10,NG,ios,fuel,0
T00013787,F00921,880.06,NGN,11,11,US,web,electronics,0
T00015507,F00724,1988.48,NGN,5,11,US,ios,food,0
T00019579,F00008,837.41,NGN,23,10,NG,web,food,0
T00009001,F00834,195.48,NGN,7,5,NG,web,digital,0
T00012166,F01184,560.26,NGN,23,10,NG,web,electronics,0
T00004437,F00247,528.34,NGN,23,8,GB,web,fuel,0
T00010276,F00074,392.04,NGN,23,2,NG,android,retail,0
T00002917,F01031,436.79,NGN,18,1,NG,web,food,0
T00013371,F00232,167.6,NGN,0,1,NG,web,digital,0
T00000891,F00810,4151.79,NGN,7,8,GB,android,electronics,0
T00013896,F00266,834.31,NGN,19,6,NG,android,digital,0
T00017636,F00212,2470.57,NGN,6,11,GB,android,fuel,0
T00013116,F00326,1733.41,NGN,22,12,GB,ios,travel,0
T00000261,F00189,473.67,NGN,4,7,GH,web,fuel,1
T00003473,F00661,618.88,NGN,17,10,NG,android,travel,0
T00007061,F00492,1661.96,NGN,18,4,GB,ios,retail,0
T00005354,F00112,190.95,NGN,19,9,GB,android,retail,0
T00009304,F00026,2491.79,NGN,10,5,GH,android,fuel,0
T00015564,F00501,3281.39,NGN,2,12,NG,android,travel,0
T00019687,F01082,2150.62,NGN,14,6,GH,android,fuel,0
T00015640,F00109,2050.94,NGN,17,9,NG,android,fuel,0
T00012105,F00290,414.6,NGN,14,5,US,android,digital,0
T00006685,F00505,1212.52,NGN,19,10,GB,web,travel,0
T00002512,F00478,1876.65,NGN,20,6,GB,web,travel,0
T00014699,F00895,490.22,NGN,3,10,NG,ios,food,0
T00014276,F00735,431.54,NGN,0,4,US,web,digital,0
T00019638,F01165,670.46,NGN,8,4,GH,web,digital,0
T00008544,F00409,1209.2,NGN,11,4,NG,web,electronics,0
T00017842,F00304,1857.63,NGN,1,5,GB,web,digital,0
T00014486,F00017,1735.56,NGN,3,5,NG,web,food,0
T00002313,F00487,927.28,NGN,17,1,NG,ios,digital,0
T00005790,F00626,793.95,NGN,7,12,NG,android,food,0
T00018801,F00793,533.86,NGN,14,3,NG,ios,food,0
T00019947,F01115,1717.16,NGN,5,7,GB,android,digital,0
T00018353,F00239,1231.95,NGN,10,1,NG,ios,electronics,0
T00013551,F00470,867.4,NGN,11,10,NG,web,digital,0
T00012520,F00300,298.8,NGN,3,2,US,android,electronics,0
T00004165,F00009,172.56,NGN,2,12,NG,android,digital,1
T00005128,F01114,749.06,NGN,8,8,GH,android,retail,0
T00009366,F00025,473.91,NGN,12,3,GH,android,food,0
T00007626,F00369,2261.73,NGN,11,7,US,android,retail,0
T00012231,F00543,1574.15,NGN,3,1,GB,ios,retail,0
T00002570,F01004,2115.89,NGN,3,3,US,web,electronics,0
T00008094,F00822,2677.06,NGN,13,5,GB,web,food,0
T00015192,F00450,846.13,NGN,5,5,NG,web,fuel,0
T00010817,F01068,6151.88,NGN,14,1,US,web,digital,0
T00010808,F00704,265.57,NGN,1,2,NG,android,food,0
T00004257,F00700,156.65,NGN,12,9,NG,web,electronics,0
T00004397,F00293,3089.03,NGN,8,2,NG,ios,fuel,0
T00005102,F00731,603.8,NGN,4,12,US,web,fuel,1
T00005297,F01110,759.05,NGN,20,10,NG,web,travel,0
T00011382,F00598,865.03,NGN,7,12,NG,android,digital,0
T00003401,F00481,1826.03,NGN,23,10,GB,web,travel,0
T00006103,F01038,555.6,NGN,17,3,NG,ios,retail,0
T00017773,F00603,1520.5,NGN,10,9,NG,android,food,0
T00006607,F00477,19210.02,NGN,23,12,GB,web,retail,0
T00018798,F00756,635.61,NGN,2,12,GH,android,digital,1
T00013454,F00475,952.83,NGN,0,3,GB,android,retail,0
T00001314,F01187,138.6,NGN,23,12,US,android,retail,0
T00013063,F01140,2687.35,NGN,17,10,GH,ios,retail,0
T00012114,F00172,1200.64,NGN,0,8,GB,ios,fuel,0
T00001926,F00062,4574.35,NGN,1,11,NG,ios,digital,1
T00015428,F00644,2629.97,NGN,12,2,GB,ios,travel,0
T00016987,F00862,1544.35,NGN,2,3,NG,web,digital,0
T00001491,F00573,771.28,NGN,10,2,GB,web,travel,0
T00018110,F01126,1846.39,NGN,15,9,NG,ios,electronics,0
T00013287,F00314,2455.49,NGN,9,3,NG,web,fuel,0
T00012671,F00414,1331.78,NGN,2,3,NG,android,retail,0
T00017797,F00546,1613.13,NGN,4,6,GB,android,travel,1
T00001050,F00008,477.77,NGN,4,2,GB,android,fuel,0
T00008302,F01043,455.22,NGN,1,4,NG,ios,digital,0
T00006981,F00812,543.3,NGN,23,1,NG,android,fuel,0
T00012403,F00977,553.62,NGN,0,2,NG,web,travel,0
T00007260,F01109,1464.93,NGN,7,10,GB,ios,fuel,0
T00011203,F01187,734.88,NGN,9,10,GH,ios,fuel,0
T00019581,F00264,2297.08,NGN,17,11,GB,android,food,0
T00001830,F01148,1444.34,NGN,2,2,US,ios,digital,0
T00005118,F01040,858.44,NGN,12,4,NG,web,digital,0
T00010364,F00471,1343.47,NGN,8,2,US,web,digital,0
T00002849,F00854,1803.88,NGN,9,12,NG,ios,fuel,0
T00002479,F00671,763.76,NGN,8,1,GB,ios,food,0
T00015604,F01110,691.48,NGN,4,12,NG,web,digital,1
T00011791,F00529,450.28,NGN,1,4,US,android,travel,0
T00012977,F00485,11755.14,NGN,17,2,GH,ios,digital,0
T00016453,F00379,2017.66,NGN,6,12,GH,web,travel,0
T00001960,F00795,776.8,NGN,6,1,NG,web,retail,0
T00002354,F00633,3562.22,NGN,23,11,US,android,retail,0
T00015251,F00185,2598.95,NGN,2,1,US,android,electronics,0
T00010486,F00142,1626.52,NGN,0,3,NG,web,digital,0
T00004626,F00452,2133.6,NGN,17,7,US,android,electronics,0
T00004976,F00468,560.69,NGN,14,12,NG,web,electronics,0
T00017607,F00631,10239.29,NGN,2,6,GH,ios,digital,1
T00017361,F00681,594.98,NGN,8,12,US,web,travel,0
T00015403,F00484,2442.2,NGN,4,6,GB,ios,fuel,1
T00012026,F01068,1849.4,NGN,17,6,NG,ios,travel,0
T00009869,F00229,455.11,NGN,17,2,NG,android,fuel,0
T00013301,F00538,262.98,NGN,20,11,GB,ios,digital,0
T00017551,F00976,488.01,NGN,15,6,US,ios,fuel,0
T00001720,F01033,340.4,NGN,23,7,NG,ios,food,0
T00009488,F00071,591.31,NGN,4,3,GH,android,retail,0
T00014471,F00832,1502.19,NGN,10,5,NG,web,fuel,0
T00010521,F00977,640.01,NGN,18,8,US,android,travel,0
T00005250,F01181,2161.15,NGN,12,1,GH,ios,electronics,0
T00016774,F01088,527.12,NGN,2,2,NG,web,travel,0
T00007643,F00409,883.9,NGN,8,9,GB,ios,food,0
T00008373,F00763,816.9,NGN,20,5,NG,android,retail,0
T00002350,F00232,1305.1,NGN,18,11,NG,android,food,0
T00015625,F00577,784.59,NGN,10,12,US,ios,digital,0
T00014142,F00780,388.85,NGN,14,9,NG,ios,food,0
T00000043,F00204,380.35,NGN,9,7,NG,web,digital,0
T00001672,F00320,532.62,NGN,6,11,NG,web,digital,0
T00000770,F00890,2188.3,NGN,6,10,NG,android,retail,0
T00002177,F00076,1179.11,NGN,6,12,NG,ios,digital,0
T00011836,F00391,1160.43,NGN,1,2,GH,ios,food,0
T00003210,F00474,1160.22,NGN,15,1,NG,web,retail,0
T00003809,F01194,91.58,NGN,6,4,NG,android,electronics,0
T00008891,F01039,2010.59,NGN,8,3,NG,android,food,0
T00001297,F00178,1121.2,NGN,9,6,NG,android,retail,0
T00003841,F00543,9781.27,NGN,9,2,GH,ios,fuel,0
T00014617,F00303,626.46,NGN,5,3,GB,android,fuel,0
T00012858,F00768,723.71,NGN,8,7,US,ios,retail,0
T00019356,F00796,251.34,NGN,21,2,GB,web,digital,0
T00014564,F01023,5888.5,NGN,15,6,GH,web,retail,0
T00015055,F00611,2531.24,NGN,15,2,NG,ios,retail,0
T00015259,F00144,462.17,NGN,11,9,NG,web,electronics,0
T00004778,F00543,3928.05,NGN,11,12,US,ios,digital,0
T00004517,F00852,406.95,NGN,6,5,GH,web,food,0
T00013383,F00511,1020.41,NGN,16,6,NG,ios,digital,0
T00013794,F00959,3977.69,NGN,12,10,NG,web,food,0
T00005150,F00851,2060.19,NGN,0,11,GB,ios,retail,0
T00018855,F00490,814.78,NGN,19,5,GH,web,food,0
T00013660,F00580,352.17,NGN,18,10,NG,android,digital,0
T00016474,F00655,380.93,NGN,23,10,GB,ios,digital,0
T00011556,F00830,2307.59,NGN,6,1,NG,web,digital,0
T00004999,F00038,498.29,NGN,0,5,NG,android,digital,1
T00016326,F00136,1967.44,NGN,1,5,NG,android,fuel,0
T00012309,F00674,466.07,NGN,7,8,NG,android,retail,0
T00016598,F00270,1853.78,NGN,14,1,NG,ios,electronics,0
T00009666,F00300,3594.33,NGN,18,6,NG,android,retail,0
T00005196,F00669,7665.05,NGN,21,11,NG,android,electronics,0
T00012311,F01179,1179.77,NGN,5,12,NG,web,electronics,0
T00000766,F00275,2578.2,NGN,20,12,GH,web,retail,0
T00016361,F00840,4593.3,NGN,8,12,NG,android,retail,1
T00002100,F01011,905.25,NGN,19,6,NG,web,digital,0
T00010833,F01124,635.18,NGN,16,8,US,android,travel,0
T00016309,F00291,2184.55,NGN,17,11,GH,web,retail,0
T00010288,F00671,759.9,NGN,21,11,NG,web,retail,0
T00004534,F01182,7956.05,NGN,23,4,NG,android,retail,0
T00015587,F00594,1969.72,NGN,21,6,GB,web,electronics,0
T00000366,F00864,191.62,NGN,4,3,NG,ios,retail,0
T00000972,F00293,4382.92,NGN,1,5,NG,web,food,0
T00017964,F01102,428.75,NGN,11,6,GB,android,electronics,0
T00014829,F00289,1812.84,NGN,21,10,NG,ios,travel,0
T00010487,F00520,1549.05,NGN,8,9,NG,web,digital,0
T00013001,F00245,126.94,NGN,1,10,NG,ios,digital,1
T00006077,F01034,720.6,NGN,19,5,NG,web,travel,0
T00001883,F01143,1009.08,NGN,20,6,GH,web,retail,0
T00011450,F00975,3134.44,NGN,12,4,NG,web,digital,0
T00016076,F01152,2847.66,NGN,21,4,NG,android,retail,0
T00000402,F00882,2444.38,NGN,14,6,NG,ios,electronics,0
T00019949,F00861,6073.17,NGN,22,12,NG,android,retail,0
T00013458,F00094,234.53,NGN,10,7,NG,android,travel,0
T00000664,F00395,552.34,NGN,19,10,US,web,travel,0
T00005614,F00592,1433.11,NGN,20,8,US,ios,travel,0
T00006111,F00440,2383.97,NGN,11,2,GB,web,food,0
T00014531,F00091,2181.85,NGN,9,3,US,ios,travel,0
T00013764,F00442,839.7,NGN,10,3,US,web,digital,0
T00013240,F01129,335.7,NGN,19,3,NG,android,fuel,0
T00003955,F01050,4353.27,NGN,0,4,GH,web,digital,0
T00000375,F00245,1187.14,NGN,5,2,NG,ios,food,0
T00002122,F00864,1266.48,NGN,17,4,NG,ios,retail,0
T00005674,F00904,3392.95,NGN,20,11,NG,web,fuel,0
T00003489,F00198,1016.8,NGN,14,8,GH,android,retail,0
T00000361,F00524,1264.91,NGN,8,12,NG,web,digital,0
T00005915,F01093,1033.14,NGN,14,5,GH,web,food,0
T00008207,F00828,1321.53,NGN,15,9,NG,android,digital,0
T00011257,F01106,616.56,NGN,11,4,GB,android,travel,0
T00003448,F00695,2088.48,NGN,13,8,NG,ios,electronics,0
T00005978,F00433,596.2,NGN,5,5,GB,ios,electronics,0
T00000599,F00727,481.71,NGN,19,12,NG,android,food,0
T00018137,F00267,1504.39,NGN,22,8,US,android,digital,0
T00007271,F00994,1749.31,NGN,2,7,NG,android,electronics,1
T00015005,F00304,561.68,NGN,3,10,US,android,retail,1
T00008888,F00700,335.79,NGN,12,8,NG,android,fuel,0
T00000332,F00702,1394.83,NGN,15,3,GB,web,retail,0
T00003365,F00585,1223.11,NGN,18,8,GH,android,retail,0
T00016677,F00134,519.27,NGN,16,5,GB,web,food,0
T00015935,F00681,1155.05,NGN,9,8,GH,web,fuel,0
T00001444,F00634,154.36,NGN,20,7,GH,android,electronics,0
T00016340,F00123,636.25,NGN,15,4,US,android,food,0
T00018933,F00968,87.36,NGN,5,4,GH,web,travel,0
T00018907,F00019,3200.39,NGN,4,2,GH,web,fuel,0
T00002586,F00404,4633.01,NGN,6,4,NG,web,retail,0
T00005684,F00714,1148.06,NGN,11,4,NG,android,digital,0
T00000279,F00876,1440.9,NGN,6,3,NG,ios,fuel,0
T00014096,F00904,1849.12,NGN,13,6,NG,web,digital,0
T00010916,F00566,3215.21,NGN,20,2,GH,ios,retail,0
T00000811,F00028,335.97,NGN,21,2,GB,android,retail,0
T00016536,F00650,2131.69,NGN,8,4,GB,android,retail,0
T00004453,F00165,1419.36,NGN,8,3,US,ios,fuel,0
T00004454,F00685,1073.68,NGN,0,6,GH,android,digital,0
T00004014,F00220,1799.6,NGN,16,5,GB,web,travel,0
T00008335,F00339,3066.38,NGN,0,1,NG,ios,digital,0
T00001978,F00522,1758.77,NGN,6,2,US,ios,digital,0
T00002191,F01063,852.19,NGN,20,9,NG,android,retail,0
T00003771,F00147,2574.74,NGN,14,1,GH,android,fuel,0
T00019918,F00643,9564.61,NGN,4,8,GB,web,digital,1
T00017048,F00543,532.94,NGN,14,2,NG,android,digital,0
T00016978,F00134,250.17,NGN,11,5,GH,web,fuel,0
T00003602,F00180,7032.66,NGN,18,1,NG,web,retail,0
T00015103,F00423,1347.6,NGN,10,10,GB,web,digital,0
T00004302,F00621,1648.98,NGN,21,10,GH,android,digital,0
T00008689,F00470,1627.03,NGN,19,12,GB,android,retail,0
T00001898,F00217,607.0,NGN,12,1,US,android,retail,0
T00014715,F00345,449.34,NGN,14,1,NG,web,electronics,0
T00014944,F00856,3599.62,NGN,12,7,GH,ios,retail,0
T00000377,F00230,1573.28,NGN,8,10,NG,web,digital,0
T00012451,F00810,3399.5,NGN,13,7,NG,android,fuel,0
T00015514,F00300,1673.05,NGN,17,5,NG,android,food,0
T00015070,F01152,1492.94,NGN,20,2,GH,ios,retail,0
T00012381,F00221,2074.3,NGN,8,5,NG,android,retail,0
T00016362,F00103,49.24,NGN,2,5,US,ios,fuel,0
T00015752,F00402,610.4,NGN,4,12,GB,web,fuel,1
T00015867,F00001,1207.7,NGN,1,1,NG,android,food,0
T00014286,F01006,1403.41,NGN,11,12,US,ios,fuel,0
T00007815,F00399,207.93,NGN,5,10,GB,web,retail,0
T00012162,F01093,1040.52,NGN,21,1,NG,web,electronics,0
T00003188,F00818,535.41,NGN,20,9,GB,android,digital,0
T00008253,F00649,2476.42,NGN,10,1,NG,web,digital,0
T00003000,F00906,669.38,NGN,18,3,GB,android,travel,0
T00018321,F01035,550.01,NGN,2,9,NG,web,travel,1
T00008509,F00831,1767.47,NGN,4,8,US,ios,retail,0
T00012110,F00641,4801.97,NGN,4,4,NG,ios,fuel,0
T00016782,F00131,1035.28,NGN,15,4,NG,ios,travel,0
T00012765,F00715,944.9,NGN,18,3,GH,web,electronics,0
T00007693,F00171,7542.91,NGN,6,5,NG,android,retail,0
T00017411,F00233,411.24,NGN,6,1,NG,android,fuel,0
T00013714,F00212,1035.84,NGN,8,8,NG,android,food,0
T00000661,F01072,1898.7,NGN,3,10,NG,web,travel,1
T00005514,F01050,731.77,NGN,7,2,NG,ios,electronics,0
T00006849,F00858,1550.59,NGN,23,3,US,android,food,0
T00002627,F00932,388.72,NGN,8,10,NG,ios,retail,0
T00006451,F00886,637.28,NGN,8,2,NG,android,electronics,0
T00013253,F00002,2658.45,NGN,0,2,NG,android,digital,0
T00000767,F00822,531.88,NGN,13,12,NG,web,travel,0
T00007232,F00570,1142.88,NGN,15,1,NG,android,electronics,0
T00019297,F00213,2149.95,NGN,14,5,GH,web,travel,0
T00003461,F00986,389.95,NGN,6,6,GB,android,digital,0
T00004197,F01177,850.38,NGN,16,10,NG,web,digital,0
T00007400,F00723,1388.09,NGN,1,3,NG,ios,food,0
T00006878,F00662,558.69,NGN,11,5,NG,android,digital,0
T00003590,F00264,1466.26,NGN,3,7,NG,ios,retail,1
T00002431,F00244,1494.57,NGN,15,2,NG,android,food,0
T00014667,F00795,629.5,NGN,4,9,US,android,digital,1
T00018582,F01066,440.53,NGN,19,6,US,web,digital,0
T00017788,F00168,174.96,NGN,13,5,NG,android,fuel,0
T00008910,F00089,1652.75,NGN,19,3,NG,ios,electronics,0
T00015248,F01004,981.27,NGN,20,10,NG,android,electronics,0
T00002741,F00076,620.47,NGN,0,12,NG,ios,travel,0
T00004896,F01105,2747.73,NGN,20,7,GB,ios,travel,0
T00009340,F01188,147.57,NGN,3,2,GB,ios,retail,0
T00015902,F00243,1169.16,NGN,13,9,NG,web,digital,0
T00016840,F00041,824.38,NGN,15,11,GH,ios,fuel,0
T00008783,F00311,975.54,NGN,22,1,NG,ios,food,0
T00019925,F00882,400.12,NGN,17,12,NG,ios,retail,0
T00008860,F00340,1459.06,NGN,19,2,GB,android,travel,0
T00005189,F00607,733.75,NGN,22,4,NG,ios,travel,0
T00018838,F00620,941.02,NGN,6,11,NG,ios,electronics,0
T00010512,F00704,369.46,NGN,15,4,NG,android,digital,0
T00002657,F00242,402.47,NGN,7,9,GH,web,electronics,0
T00012471,F00176,298.97,NGN,12,6,NG,android,food,0
T00016872,F01146,1531.51,NGN,18,4,GH,web,fuel,0
T00003182,F00615,1862.87,NGN,8,10,GH,android,fuel,0
T00018459,F00413,264.72,NGN,6,7,NG,web,travel,0
T00019155,F00388,4828.75,NGN,16,8,NG,android,electronics,0
T00003829,F00469,1139.73,NGN,19,1,NG,web,retail,0
T00008966,F00829,1324.12,NGN,12,1,NG,web,retail,0
T00019272,F00344,2848.43,NGN,7,10,GB,android,electronics,0
T00019351,F00754,66.65,NGN,18,12,NG,android,retail,0
T00006807,F00502,419.73,NGN,9,10,US,ios,digital,0
T00002110,F01185,476.41,NGN,18,5,GB,android,digital,0
T00009572,F00057,2491.01,NGN,19,8,NG,web,retail,1
T00015417,F00171,1644.29,NGN,17,2,GB,web,food,0
T00016197,F00407,256.69,NGN,12,6,NG,web,food,0
T00002777,F00860,599.43,NGN,17,5,NG,ios,electronics,1
T00003828,F00645,1362.66,NGN,20,4,GH,android,travel,0
T00017495,F00186,2783.46,NGN,14,4,NG,web,travel,0
T00016470,F00914,1491.6,NGN,21,1,NG,android,fuel,0
T00011005,F01044,3388.24,NGN,17,6,GH,ios,food,0
T00010891,F00913,1003.4,NGN,0,9,NG,ios,electronics,0
T00002426,F00936,675.46,NGN,2,4,GB,android,electronics,0
T00009273,F00719,525.87,NGN,5,3,US,android,electronics,0
T00004765,F00907,2085.04,NGN,2,5,GB,android,digital,0
T00016462,F00305,303.52,NGN,19,11,US,android,electronics,0
T00015669,F01163,247.11,NGN,6,12,NG,ios,fuel,0
T00002604,F00822,801.98,NGN,1,3,GH,web,fuel,0
T00011589,F00441,1055.36,NGN,19,9,NG,ios,digital,0
T00004444,F00104,453.03,NGN,22,11,NG,android,travel,0
T00013408,F00850,2597.03,NGN,11,8,NG,ios,food,0
T00019092,F00481,2411.18,NGN,23,5,GH,ios,retail,0
T00016286,F00662,1098.28,NGN,11,8,US,web,food,0
T00015691,F00524,1390.79,NGN,14,11,US,ios,digital,0
T00006444,F00799,2490.87,NGN,15,4,GH,ios,digital,0
T00002410,F00381,2595.97,NGN,4,1,GH,android,digital,0
T00010542,F00366,541.89,NGN,23,4,GB,web,fuel,0
T00002338,F00162,743.45,NGN,10,3,US,web,retail,0
T00017849,F00885,437.89,NGN,2,5,NG,android,electronics,0
T00006908,F00054,1877.99,NGN,23,5,US,android,electronics,0
T00008470,F00737,666.92,NGN,11,9,NG,ios,digital,0
T00008593,F00600,384.99,NGN,14,9,GB,android,retail,0
T00009133,F00667,3071.48,NGN,10,4,NG,ios,travel,0
T00000679,F00858,2148.31,NGN,22,9,US,android,fuel,0
T00015895,F01106,1130.36,NGN,7,2,US,ios,travel,0
T00006466,F00935,706.62,NGN,16,8,US,android,fuel,0
T00016305,F00423,1678.01,NGN,9,4,NG,ios,fuel,0
T00001479,F00422,1170.27,NGN,9,9,GB,ios,retail,0
T00005068,F01008,478.73,NGN,22,7,NG,ios,travel,0
T00002319,F00688,1790.84,NGN,8,8,NG,android,digital,0
T00012462,F00541,551.69,NGN,8,7,NG,android,fuel,0
T00008280,F01171,691.55,NGN,16,12,GH,web,travel,0
T00011089,F00326,219.22,NGN,4,8,GB,android,food,1
T00015237,F00046,1508.29,NGN,17,8,NG,web,travel,0
T00004917,F00807,2540.87,NGN,10,5,NG,ios,travel,0
T00014158,F00066,788.91,NGN,14,12,NG,android,electronics,0
T00002186,F00740,448.13,NGN,21,8,NG,web,food,0
T00003711,F00645,3393.24,NGN,6,3,GH,android,travel,0
T00000858,F00252,708.26,NGN,13,3,NG,web,food,0
T00018731,F01017,959.09,NGN,13,5,NG,android,electronics,0
T00003224,F00193,5394.09,NGN,7,11,GB,android,electronics,0
T00009034,F00714,2122.66,NGN,3,3,NG,android,food,0
T00019157,F00896,2288.21,NGN,1,5,GB,ios,digital,0
T00014980,F00445,157.31,NGN,16,4,NG,ios,food,0
T00004653,F00999,14311.46,NGN,17,10,GB,android,retail,0
T00009489,F00200,1234.59,NGN,9,1,GB,web,electronics,0
T00012998,F01124,1283.09,NGN,1,11,NG,android,retail,1
T00006760,F00282,3410.15,NGN,8,11,GH,android,food,0
T00016728,F00490,447.54,NGN,13,9,NG,ios,fuel,0
T00008932,F00958,1188.08,NGN,18,10,GB,ios,travel,0
T00004874,F00514,3355.84,NGN,13,6,US,android,travel,0
T00018291,F00150,1973.25,NGN,13,11,GH,ios,fuel,0
T00010615,F01184,676.64,NGN,7,10,NG,android,travel,0
T00011059,F00427,9798.91,NGN,4,1,US,ios,electronics,0
T00000219,F00883,323.3,NGN,9,7,NG,android,fuel,0
T00019366,F00781,4981.5,NGN,6,3,NG,android,travel,0
T00011427,F00225,1753.01,NGN,18,7,US,ios,digital,0
T00012052,F00904,385.61,NGN,16,3,GB,ios,electronics,0
T00012798,F00433,767.8,NGN,6,12,US,android,digital,0
T00006414,F00368,696.6,NGN,5,1,NG,android,electronics,0
T00003956,F00609,320.71,NGN,11,4,GB,android,electronics,0
T00006086,F00462,1093.97,NGN,9,7,GB,android,retail,0
T00004218,F00642,867.15,NGN,17,6,NG,android,travel,0
T00014137,F01037,1026.5,NGN,21,1,US,ios,retail,0
T00007236,F00141,585.53,NGN,15,9,NG,web,fuel,0
T00001354,F00147,629.97,NGN,0,5,US,android,digital,0
T00000015,F00897,517.73,NGN,12,4,GB,ios,travel,0
T00001993,F00547,2452.69,NGN,5,12,GH,web,digital,0
T00019514,F00263,2610.38,NGN,12,3,NG,ios,electronics,0
T00007464,F00202,1554.92,NGN,7,3,NG,ios,electronics,0
T00011702,F00208,831.29,NGN,17,9,NG,web,retail,0
T00016233,F00056,477.56,NGN,18,2,GH,web,electronics,0
T00017111,F00178,891.8,NGN,6,8,NG,web,digital,0
T00017569,F00195,1373.86,NGN,6,12,US,ios,electronics,0
T00012908,F00625,445.51,NGN,6,12,NG,web,electronics,0
T00011811,F00571,663.28,NGN,0,7,NG,web,fuel,0
T00011766,F00645,1293.83,NGN,14,5,GB,web,travel,0
T00015161,F00044,794.35,NGN,6,6,GH,android,food,0
T00004338,F00736,676.79,NGN,4,10,GH,web,fuel,1
T00010036,F00620,3585.89,NGN,0,2,NG,web,food,0
T00003731,F00664,1491.69,NGN,0,6,GB,android,travel,0
T00004395,F00688,1688.07,NGN,16,12,GB,ios,retail,0
T00011881,F00460,4213.11,NGN,3,10,US,ios,electronics,0
T00010706,F00461,394.81,NGN,23,4,NG,ios,electronics,0
T00019783,F00350,341.21,NGN,12,8,NG,web,retail,0
T00011716,F01144,2659.05,NGN,11,6,NG,ios,fuel,0
T00003548,F00895,1254.15,NGN,22,4,US,ios,retail,0
T00019265,F00679,1608.6,NGN,11,3,GB,web,digital,0
T00007733,F00875,900.36,NGN,5,8,US,ios,digital,0
T00004501,F00015,879.21,NGN,14,5,GB,android,digital,0
T00011347,F00375,855.79,NGN,13,3,NG,web,food,0
T00005655,F00436,2426.16,NGN,20,1,US,android,travel,0
T00014732,F00730,1853.14,NGN,19,8,NG,android,fuel,0
T00005193,F00704,2352.66,NGN,3,7,GB,ios,food,0
T00008585,F00057,511.33,NGN,21,6,US,web,travel,0
T00003925,F00870,1160.31,NGN,5,5,NG,ios,electronics,0
T00017585,F00870,215.1,NGN,17,1,US,android,food,0
T00009167,F00014,3280.77,NGN,1,4,US,android,digital,0
T00007651,F00591,1361.67,NGN,2,11,GH,android,fuel,1
T00019468,F01047,715.81,NGN,10,7,NG,ios,food,0
T00017490,F00176,520.66,NGN,11,3,NG,ios,retail,0
T00008491,F00135,2049.99,NGN,12,4,US,web,digital,0
T00010360,F00336,292.56,NGN,3,5,GH,web,digital,0
T00006102,F00336,1936.29,NGN,11,11,GH,web,digital,0
T00001210,F00138,1127.73,NGN,5,12,NG,web,electronics,0
T00002658,F00519,915.69,NGN,14,6,GH,ios,travel,0
T00003767,F00247,2091.06,NGN,8,5,US,ios,travel,0
T00003928,F00937,801.57,NGN,12,3,NG,android,electronics,0
T00010024,F00325,2141.1,NGN,22,1,NG,android,digital,0
T00008531,F00910,1615.8,NGN,17,1,NG,android,fuel,0
T00006088,F01035,1471.49,NGN,20,12,GH,web,food,0
T00006357,F01018,898.41,NGN,15,1,NG,android,travel,0
T00010713,F00698,4180.23,NGN,10,2,NG,ios,travel,0
T00017815,F00344,6167.63,NGN,16,2,US,android,fuel,0
T00017160,F00356,2923.24,NGN,14,1,GH,android,food,0
T00018173,F00964,7034.39,NGN,13,3,NG,web,digital,0
T00002499,F00099,377.69,NGN,10,2,NG,android,fuel,0
T00014737,F01068,830.85,NGN,8,10,GH,android,food,0
T00012706,F00739,918.83,NGN,4,6,NG,ios,digital,1
T00006553,F00849,2861.92,NGN,2,1,NG,ios,digital,0
T00015003,F00717,246.27,NGN,2,1,NG,android,electronics,0
T00004272,F00663,844.38,NGN,13,5,GB,android,electronics,0
T00000956,F00020,4397.65,NGN,2,10,GH,ios,electronics,0
T00006316,F01147,2311.64,NGN,12,10,GB,android,fuel,0
T00011650,F00258,1674.03,NGN,2,5,NG,ios,retail,0
T00014728,F00035,917.09,NGN,14,6,NG,ios,travel,0
T00012979,F00086,340.92,NGN,12,5,GB,web,retail,0
T00010266,F00166,863.76,NGN,17,8,NG,web,travel,0
T00015646,F00349,4377.11,NGN,19,9,US,ios,food,0
T00013765,F00664,1448.21,NGN,21,1,NG,web,travel,0
T00008770,F00012,6139.28,NGN,6,4,GB,web,fuel,0
T00008780,F01156,635.25,NGN,8,12,US,ios,digital,0
T00006495,F00400,654.86,NGN,7,5,NG,ios,fuel,0
T00010176,F00765,212.39,NGN,3,5,NG,web,food,0
T00004988,F00113,601.88,NGN,1,4,US,ios,electronics,0
T00009413,F00065,1124.24,NGN,15,6,GH,web,electronics,0
T00002215,F00378,2831.89,NGN,20,10,NG,web,fuel,0
T00009652,F00296,288.62,NGN,21,6,NG,ios,digital,0
T00011436,F00705,4358.38,NGN,17,9,US,android,food,0
T00002964,F00080,1530.49,NGN,3,1,GH,web,retail,0
T00014336,F00385,344.85,NGN,0,11,US,ios,fuel,0
T00004176,F00101,395.95,NGN,23,7,NG,ios,retail,0
T00006752,F01151,1567.54,NGN,9,2,NG,android,fuel,0
T00004531,F01181,383.81,NGN,8,2,US,web,retail,0
T00000809,F01193,1546.85,NGN,17,8,GH,android,digital,0
T00012922,F01124,1084.05,NGN,21,7,GH,web,electronics,0
T00013486,F00895,3111.88,NGN,14,2,GH,web,travel,0
T00001660,F01066,383.04,NGN,8,6,NG,ios,travel,0
T00013588,F00205,563.64,NGN,8,3,GH,web,food,0
T00005267,F00502,1118.24,NGN,7,4,NG,web,travel,0
T00017135,F00363,98.28,NGN,20,11,NG,web,digital,0
T00000090,F01200,12659.34,NGN,7,1,NG,android,digital,0
T00012276,F00783,4335.73,NGN,18,12,NG,web,retail,0
T00000784,F00793,617.57,NGN,3,3,NG,web,retail,0
T00010875,F00105,1250.11,NGN,2,7,NG,ios,food,1
T00015319,F00213,123.56,NGN,17,9,NG,android,travel,0
T00000936,F00228,5200.89,NGN,8,11,GH,ios,retail,0
T00005441,F00491,976.25,NGN,12,9,GH,web,fuel,0
T00010940,F00554,463.1,NGN,17,11,NG,ios,travel,0
T00002308,F00517,614.26,NGN,8,4,US,ios,fuel,0
T00015985,F00408,1606.01,NGN,15,10,US,android,retail,0
T00003831,F00852,3471.26,NGN,18,2,NG,web,food,0
T00000115,F00308,9870.92,NGN,13,3,US,android,fuel,0
T00014588,F00761,2913.63,NGN,18,10,US,web,retail,0
T00009037,F00136,1227.45,NGN,11,1,GB,ios,travel,0
T00012666,F00177,1445.05,NGN,11,1,GH,android,digital,0
T00013687,F00769,2180.74,NGN,14,12,NG,android,electronics,0
T00017125,F01007,1037.75,NGN,17,1,NG,android,travel,0
T00019392,F01080,1856.74,NGN,10,7,NG,ios,food,0
T00018226,F00615,1175.75,NGN,22,2,NG,web,fuel,0
T00001265,F01180,1617.12,NGN,4,6,NG,web,digital,1
T00014861,F00678,855.72,NGN,16,12,NG,ios,fuel,0
T00009190,F00844,1729.34,NGN,20,10,US,ios,retail,0
T00018136,F00652,1541.27,NGN,10,7,NG,android,travel,0
T00008988,F00732,1255.03,NGN,15,9,NG,ios,electronics,0
T00009450,F00725,838.65,NGN,21,2,GH,ios,food,0
T00010359,F00463,1505.07,NGN,7,12,GB,ios,food,0
T00006267,F01177,664.66,NGN,11,7,NG,android,travel,0
T00015960,F00151,236.64,NGN,17,11,NG,ios,electronics,0
T00012650,F00807,810.29,NGN,9,7,NG,ios,electronics,0
T00003995,F00571,1598.18,NGN,23,12,NG,ios,electronics,0
T00007127,F00328,7306.45,NGN,8,6,US,android,fuel,0
T00019376,F01052,1468.51,NGN,5,10,NG,android,digital,0
T00017852,F00933,323.5,NGN,4,8,NG,ios,travel,1
T00014332,F00701,812.32,NGN,8,3,GB,ios,food,0
T00003080,F00740,10647.86,NGN,10,11,NG,ios,digital,0
T00014269,F00595,1124.83,NGN,3,8,NG,android,travel,1
T00011466,F00312,254.99,NGN,3,5,NG,android,travel,0
T00013393,F00687,2181.77,NGN,16,10,NG,android,travel,0
T00013580,F01150,184.73,NGN,20,2,NG,android,fuel,0
T00011378,F00799,1034.75,NGN,19,5,GB,web,food,0
T00008740,F00255,1619.94,NGN,15,4,NG,ios,travel,0
T00005917,F00057,3210.66,NGN,6,7,GB,web,food,0
T00010582,F00011,428.05,NGN,8,9,GH,android,digital,0
T00014215,F01113,570.3,NGN,6,4,NG,android,digital,0
T00019833,F00972,1182.85,NGN,11,3,GH,web,travel,0
T00012689,F01105,458.16,NGN,12,9,GH,web,electronics,0
T00018062,F00003,1826.83,NGN,12,6,GH,web,electronics,0
T00009139,F00401,1442.5,NGN,12,11,GH,ios,retail,0
T00018544,F00833,432.75,NGN,8,8,NG,ios,retail,0
T00010683,F00320,562.45,NGN,17,12,US,android,digital,0
T00006604,F00762,2638.07,NGN,6,7,NG,web,travel,0
T00001264,F00292,648.53,NGN,23,8,NG,android,retail,0
T00013032,F00465,553.9,NGN,4,1,NG,android,digital,0
T00012332,F00377,1078.78,NGN,14,2,GB,web,fuel,0
T00008384,F00909,1266.43,NGN,19,10,NG,ios,travel,0
T00000733,F00102,1667.85,NGN,8,11,NG,web,retail,0
T00007091,F00274,81.75,NGN,7,9,GH,web,digital,0
T00011929,F01199,299.91,NGN,3,1,GH,android,digital,0
T00018279,F00771,2272.04,NGN,19,9,US,android,electronics,0
T00013417,F00753,1084.0,NGN,4,12,US,android,digital,0
T00006247,F00555,8075.56,NGN,2,8,GB,web,electronics,0
T00007074,F00567,702.66,NGN,10,7,GB,android,fuel,0
T00009920,F00361,636.98,NGN,18,7,GB,web,digital,0
T00007297,F01023,1280.66,NGN,2,5,NG,web,digital,0
T00008818,F00405,204.56,NGN,4,6,NG,android,electronics,1
T00014300,F00779,739.57,NGN,10,10,NG,android,food,0
T00017976,F00682,2253.68,NGN,23,3,GH,ios,travel,0
T00013060,F00518,540.03,NGN,18,7,GH,android,travel,0
T00017707,F01180,1584.03,NGN,12,11,GB,ios,food,0
T00001357,F00863,112.6,NGN,21,4,NG,web,electronics,0
T00010955,F00219,4461.1,NGN,6,11,GH,ios,electronics,0
T00001345,F00708,4151.75,NGN,8,2,GH,android,digital,0
T00011285,F00956,217.36,NGN,8,5,NG,android,electronics,0
T00010633,F00048,733.5,NGN,23,9,NG,web,fuel,0
T00013949,F01058,2332.33,NGN,6,10,US,web,fuel,0
T00002677,F01198,1127.2,NGN,6,1,US,android,food,0
T00019486,F00489,2403.07,NGN,11,7,GB,web,retail,0
T00005048,F00477,4014.19,NGN,15,4,NG,android,digital,0
T00001693,F00841,519.65,NGN,22,5,GB,ios,fuel,0
T00013429,F00030,3606.05,NGN,6,11,NG,ios,fuel,0
T00010985,F00493,1751.16,NGN,23,11,NG,web,food,0
T00008080,F00040,443.24,NGN,12,4,NG,web,travel,0
T00002251,F00629,1348.23,NGN,9,9,GH,android,retail,0
T00002005,F00375,307.13,NGN,11,4,NG,web,fuel,0
T00001197,F01023,2072.12,NGN,11,2,US,ios,digital,0
T00016022,F00810,1567.41,NGN,23,7,GB,web,digital,0
T00001686,F00098,1037.52,NGN,3,11,US,android,retail,0
T00017104,F00161,263.15,NGN,18,6,NG,web,travel,0
T00009373,F00182,1260.13,NGN,2,2,GH,ios,travel,0
T00010298,F00103,1272.1,NGN,8,8,GH,web,digital,0
T00000094,F00130,663.51,NGN,19,10,NG,ios,electronics,0
T00017227,F00166,483.03,NGN,22,7,GB,web,retail,0
T00002530,F00302,393.54,NGN,19,5,NG,web,travel,0
T00005046,F00473,994.94,NGN,7,12,NG,android,travel,0
T00006687,F01136,230.09,NGN,11,8,NG,android,digital,0
T00018643,F00572,505.84,NGN,5,2,GB,web,electronics,0
T00003719,F00056,1080.84,NGN,22,7,US,android,electronics,0
T00013139,F00955,2908.8,NGN,19,1,US,web,electronics,0
T00013055,F00853,3067.44,NGN,16,10,GH,android,digital,0
T00002463,F00012,3837.74,NGN,9,7,GH,android,digital,0
T00002967,F00762,3763.1,NGN,1,11,US,android,fuel,0
T00002286,F00409,332.66,NGN,21,1,NG,web,travel,0
T00012859,F00464,1405.44,NGN,7,8,NG,ios,digital,0
T00002576,F00942,2223.54,NGN,14,9,NG,ios,travel,0
T00014232,F00266,608.5,NGN,5,1,NG,android,fuel,0
T00001949,F00279,2043.84,NGN,20,8,NG,ios,travel,0
T00015475,F01081,1094.95,NGN,6,1,GH,ios,food,1
T00014872,F00632,1092.12,NGN,10,12,NG,ios,retail,0
T00000016,F00058,386.61,NGN,1,9,NG,web,digital,1
T00009173,F00408,2399.1,NGN,23,7,NG,web,electronics,0
T00008478,F00930,2819.84,NGN,22,5,GB,ios,travel,0
T00018237,F00735,309.23,NGN,9,3,NG,ios,fuel,0
T00014112,F00124,1296.95,NGN,23,9,GB,android,fuel,0
T00005386,F00173,16178.92,NGN,21,10,US,web,food,0
T00010715,F00530,2003.46,NGN,17,4,GB,ios,retail,0
T00004835,F00680,1868.3,NGN,20,6,NG,web,electronics,0
T00007764,F00533,1729.99,NGN,17,9,US,android,travel,0
T00008406,F00437,4471.24,NGN,23,3,NG,web,food,0
T00000914,F00289,1475.34,NGN,18,12,GB,ios,digital,0
T00015812,F00213,1290.72,NGN,5,9,GH,ios,travel,0
T00009178,F00227,2448.46,NGN,8,1,US,web,retail,0
T00009144,F00959,3203.67,NGN,22,6,NG,web,fuel,0
T00002774,F01060,2168.19,NGN,0,12,NG,web,fuel,0
T00006417,F00759,183.76,NGN,14,3,GB,web,retail,0
T00019404,F00327,133.59,NGN,11,8,GB,android,digital,0
T00006422,F00463,2325.04,NGN,7,2,NG,ios,retail,0
T00000986,F01047,2608.76,NGN,1,8,GH,web,retail,1
T00010023,F00233,757.89,NGN,9,11,GB,ios,retail,0
T00011064,F00316,1972.43,NGN,5,3,NG,web,food,0
T00006924,F00307,235.33,NGN,16,11,US,ios,electronics,0
T00017034,F00469,407.94,NGN,8,11,GB,android,food,0
T00003839,F00084,1326.91,NGN,14,10,NG,ios,electronics,0
T00004882,F01198,3121.96,NGN,13,7,GH,android,retail,0
T00010709,F00405,697.42,NGN,4,3,US,android,fuel,0
T00015095,F00325,2570.77,NGN,11,10,GB,android,travel,0
T00018375,F00768,427.27,NGN,5,4,GB,web,digital,0
T00014843,F00026,278.39,NGN,4,5,NG,web,electronics,0
T00002066,F00955,2140.26,NGN,2,1,NG,web,food,0
T00015362,F00296,1737.28,NGN,8,5,GH,ios,electronics,0
T00019217,F00857,1480.06,NGN,2,3,NG,web,food,0
T00010855,F01022,328.37,NGN,8,3,US,android,digital,0
T00011882,F00876,848.68,NGN,11,7,NG,android,travel,0
T00017558,F00488,537.58,NGN,10,12,GB,web,digital,0
T00001049,F00555,1107.03,NGN,17,10,GH,android,digital,0
T00009866,F00245,399.0,NGN,20,3,NG,web,electronics,0
T00006069,F01019,900.16,NGN,4,12,NG,ios,digital,1
T00015789,F00473,579.48,NGN,1,6,NG,android,electronics,1
T00016841,F00761,1827.31,NGN,3,5,NG,web,digital,0
T00007953,F00467,1103.77,NGN,5,11,NG,android,fuel,0
T00004211,F00366,1332.69,NGN,13,9,GB,ios,travel,0
T00006531,F00464,533.55,NGN,17,10,NG,ios,electronics,0
T00011306,F00499,5777.71,NGN,6,9,NG,web,fuel,0
T00005116,F00042,5358.0,NGN,9,3,GH,web,retail,0
T00011810,F00818,1688.8,NGN,18,2,US,android,electronics,0
T00019315,F00580,799.82,NGN,15,3,NG,ios,digital,0
T00007705,F01132,332.38,NGN,3,11,US,ios,electronics,0
T00017140,F00704,2968.93,NGN,14,10,NG,ios,food,0
T00011048,F00459,1162.45,NGN,2,2,GH,ios,fuel,0
T00003017,F00378,2108.54,NGN,7,4,GH,ios,digital,0
T00005796,F01160,429.88,NGN,13,9,NG,ios,digital,0
T00017445,F00007,665.29,NGN,4,8,NG,android,travel,1
T00001151,F00447,1259.12,NGN,5,4,NG,android,fuel,0
T00011560,F01079,339.06,NGN,9,3,NG,ios,digital,0
T00016541,F01107,14018.76,NGN,4,11,NG,web,electronics,1
T00009288,F00883,4574.16,NGN,5,10,NG,web,digital,0
T00005856,F00406,1561.37,NGN,3,10,GB,android,digital,1
T00007229,F00155,423.93,NGN,20,5,GB,web,fuel,0
T00014239,F00430,1022.56,NGN,12,11,GH,android,food,0
T00015984,F01150,580.94,NGN,22,12,US,ios,retail,0
T00000922,F01108,1696.19,NGN,17,12,US,ios,food,0
T00009416,F00457,1079.79,NGN,4,11,NG,web,travel,1
T00010387,F01046,1442.13,NGN,13,12,GB,web,travel,0
T00009231,F01132,1081.34,NGN,17,7,US,android,digital,1
T00010674,F00979,1622.14,NGN,16,9,US,web,digital,0
T00010774,F00177,683.17,NGN,6,11,NG,ios,digital,0
T00014964,F00965,680.64,NGN,6,1,GB,ios,food,0
T00003557,F00817,465.56,NGN,17,8,GH,android,fuel,0
T00019991,F00312,151.47,NGN,9,10,NG,web,fuel,0
T00017659,F00367,1075.1,NGN,23,12,NG,android,electronics,0
T00002154,F00673,656.61,NGN,19,3,NG,android,travel,0
T00012084,F00109,985.08,NGN,1,1,GH,web,electronics,0
T00019960,F00757,806.51,NGN,8,8,US,ios,retail,0
T00002134,F00165,1016.22,NGN,1,5,NG,web,electronics,0
T00000042,F01123,436.39,NGN,10,2,NG,ios,travel,0
T00009594,F00411,314.96,NGN,17,12,NG,android,retail,0
T00003530,F00222,1447.68,NGN,0,2,NG,android,retail,0
T00017220,F00816,1111.88,NGN,14,10,NG,web,digital,0
T00001873,F00294,871.25,NGN,0,1,GB,web,fuel,0
T00015776,F00132,930.15,NGN,1,10,NG,ios,electronics,1
T00012736,F00469,866.28,NGN,16,6,NG,android,fuel,0
T00001192,F00294,310.49,NGN,12,4,GH,android,travel,0
T00002543,F00134,997.42,NGN,20,2,NG,android,electronics,1
T00003572,F01158,1421.16,NGN,11,12,NG,ios,digital,0
T00009396,F00850,1065.67,NGN,14,3,NG,ios,electronics,0
T00016115,F01012,829.52,NGN,1,3,NG,ios,retail,0
T00012085,F00181,944.47,NGN,13,8,GH,android,digital,0
T00008580,F00320,1548.17,NGN,0,10,NG,ios,fuel,0
T00013527,F00865,783.07,NGN,18,12,GB,web,digital,0
T00000140,F00420,135.91,NGN,21,8,GH,android,travel,0
T00016153,F00802,1158.79,NGN,22,1,US,android,electronics,0
T00000064,F00640,4800.29,NGN,10,5,GH,android,food,0
T00000465,F00522,95.09,NGN,14,5,GH,ios,travel,0
T00011412,F00242,825.36,NGN,23,9,GB,ios,retail,0
T00005242,F00534,471.73,NGN,3,5,NG,web,food,0
T00004090,F00825,2095.26,NGN,8,11,GB,web,electronics,0
T00011701,F00558,434.25,NGN,22,5,NG,ios,digital,0
T00012115,F00977,971.17,NGN,6,1,NG,ios,travel,0
T00014524,F00764,2562.56,NGN,22,5,NG,ios,food,0
T00003490,F00165,568.87,NGN,11,5,GH,web,electronics,0
T00012355,F00584,1809.18,NGN,2,7,NG,android,retail,1
T00017121,F00260,2629.26,NGN,20,3,NG,android,travel,0
T00008107,F00330,1329.03,NGN,1,4,NG,web,travel,0
T00009196,F00161,1828.2,NGN,17,9,US,android,retail,0
T00015101,F00600,377.22,NGN,6,8,NG,web,digital,0
T00003702,F01123,1914.42,NGN,11,5,GB,web,travel,0
T00009210,F00227,757.08,NGN,9,12,NG,android,digital,0
T00002503,F00917,766.78,NGN,23,1,GH,web,food,0
T00016213,F01111,1126.2,NGN,10,3,NG,ios,travel,0
T00010314,F00358,757.39,NGN,13,2,NG,android,digital,0
T00004930,F00770,700.38,NGN,7,7,US,web,food,0
T00018776,F00323,5402.27,NGN,11,4,NG,android,digital,0
T00005201,F00246,914.25,NGN,11,11,GH,web,fuel,1
T00018935,F00728,541.14,NGN,2,2,US,ios,travel,0
T00017100,F00633,2391.92,NGN,1,2,NG,android,food,0
T00006394,F00646,1109.11,NGN,23,7,NG,android,fuel,0
T00000281,F00469,625.97,NGN,13,6,GB,ios,digital,0
T00015635,F00011,977.77,NGN,19,10,US,ios,fuel,0
T00002894,F00915,3695.88,NGN,12,8,NG,ios,travel,0
T00003278,F00311,1194.47,NGN,18,2,GB,android,food,0
T00016692,F00167,958.97,NGN,9,12,NG,android,retail,0
T00016443,F00313,2431.23,NGN,18,6,GH,web,retail,0
T00004996,F00327,618.6,NGN,3,9,NG,ios,digital,1
T00001273,F00609,263.15,NGN,14,6,NG,web,food,0
T00010111,F00341,2541.49,NGN,20,7,US,web,digital,0
T00013314,F00710,2393.31,NGN,5,5,US,web,electronics,0
T00003079,F00513,1540.01,NGN,7,2,NG,android,retail,0
T00017250,F00828,1149.08,NGN,9,10,NG,web,digital,0
T00005368,F01191,232.21,NGN,23,3,GB,android,retail,0
T00017661,F00216,1936.0,NGN,15,3,GH,web,electronics,0
T00008126,F00596,1545.55,NGN,4,3,GB,ios,food,0
T00007267,F00107,3665.09,NGN,12,11,US,ios,fuel,0
T00014631,F00770,1158.69,NGN,10,10,NG,web,travel,0
T00005962,F00007,492.33,NGN,14,4,GH,ios,retail,0
T00009166,F00509,273.47,NGN,21,4,NG,web,food,0
T00017350,F00367,1844.39,NGN,13,2,NG,ios,electronics,0
T00004220,F00933,1249.5,NGN,3,8,NG,android,fuel,1
T00005637,F00491,1752.12,NGN,7,7,NG,web,fuel,0
T00009395,F00378,2254.02,NGN,6,1,NG,android,fuel,0
T00000464,F00508,3776.2,NGN,12,2,NG,android,travel,0
T00015785,F00510,1268.14,NGN,19,5,NG,web,retail,0
T00010325,F00670,889.65,NGN,18,7,NG,ios,retail,0
T00006094,F00099,3161.68,NGN,4,6,GB,android,travel,0
T00002092,F01061,3715.76,NGN,10,7,NG,web,digital,0
T00005932,F00634,310.65,NGN,5,9,NG,android,electronics,0
T00010046,F00647,1667.53,NGN,15,8,US,ios,digital,0
T00015050,F00402,653.78,NGN,0,2,GB,android,electronics,0
T00002562,F00282,1912.2,NGN,14,8,US,web,digital,0
T00006649,F00059,1622.48,NGN,19,7,NG,android,digital,0
T00009378,F00749,1865.34,NGN,10,6,GB,android,food,0
T00011104,F00479,258.11,NGN,16,12,GH,web,electronics,0
T00008190,F01055,897.52,NGN,9,7,NG,ios,travel,0
T00004282,F00798,492.45,NGN,4,12,GB,android,electronics,0
T00014639,F00397,2089.57,NGN,11,6,GB,web,digital,0
T00011420,F00019,1085.2,NGN,23,8,US,ios,electronics,0
T00003222,F00121,567.23,NGN,12,12,GH,web,travel,0
T00003744,F00287,700.47,NGN,9,1,GB,android,food,0
T00016976,F00557,6772.89,NGN,9,4,NG,web,retail,0
T00016084,F00038,1829.56,NGN,23,3,NG,ios,digital,0
T00006252,F00496,5987.21,NGN,13,7,GB,ios,fuel,0
T00018219,F00465,998.06,NGN,7,9,NG,web,travel,0
T00007730,F00137,819.6,NGN,6,1,GB,ios,food,0
T00012862,F00061,163.89,NGN,14,3,NG,android,digital,0
T00005227,F00830,559.37,NGN,8,8,NG,web,fuel,0
T00014979,F00357,762.48,NGN,23,5,GH,web,fuel,0
T00017129,F00940,463.92,NGN,12,10,GH,android,travel,0
T00006477,F00480,1792.16,NGN,8,7,NG,ios,retail,0
T00006400,F00688,978.02,NGN,9,5,NG,web,travel,0
T00010118,F01135,762.75,NGN,0,3,NG,android,digital,0
T00018561,F00311,650.35,NGN,3,8,NG,web,electronics,1
T00017960,F00684,8325.14,NGN,14,5,NG,android,travel,0
T00017871,F00620,2090.2,NGN,14,9,US,web,fuel,0
T00011834,F01003,2435.94,NGN,20,11,GH,ios,food,0
T00013545,F00019,3072.8,NGN,21,8,NG,web,retail,0
T00010578,F00285,2357.3,NGN,18,9,NG,ios,food,0
T00017775,F00909,265.46,NGN,4,8,NG,android,digital,1
T00004346,F00813,2116.88,NGN,11,3,NG,web,travel,0
T00019428,F00470,1133.32,NGN,10,10,NG,android,travel,0
T00010610,F00422,2133.16,NGN,0,2,NG,web,electronics,0
T00006084,F00239,578.45,NGN,17,4,GB,android,electronics,0
T00017477,F00262,1844.52,NGN,15,4,GB,android,food,0
T00011290,F00331,221.99,NGN,9,6,NG,android,fuel,0
T00005076,F00261,456.12,NGN,15,9,NG,android,food,0
T00010488,F00091,1804.34,NGN,13,8,GB,android,retail,0
T00017419,F00276,3031.3,NGN,12,9,GH,ios,food,0
T00002670,F00608,1413.45,NGN,20,5,GH,android,electronics,0
T00004547,F00668,236.54,NGN,15,6,GH,android,food,0
T00004585,F00824,752.91,NGN,17,6,GB,android,digital,0
T00018307,F00327,1907.11,NGN,13,8,US,android,retail,0
T00001426,F00892,384.47,NGN,2,6,GB,web,fuel,1
T00014653,F00116,416.0,NGN,7,10,NG,android,digital,0
T00007955,F00836,1366.14,NGN,8,7,NG,android,food,0
T00009919,F00008,890.66,NGN,7,9,NG,ios,travel,0
T00006516,F00374,1667.42,NGN,14,3,GB,web,digital,0
T00000242,F01037,209.57,NGN,16,12,NG,ios,retail,0
T00015227,F01025,568.47,NGN,23,11,GB,android,travel,0
T00004374,F00709,769.2,NGN,2,3,US,android,digital,0
T00014761,F00492,13281.87,NGN,18,3,US,web,food,0
T00007188,F00552,1945.33,NGN,19,3,US,web,food,0
T00005455,F00058,1585.23,NGN,21,12,GB,web,fuel,0
T00018654,F00269,619.41,NGN,21,8,GB,web,travel,0
T00003857,F00577,2769.13,NGN,0,8,GB,web,travel,0
T00008109,F01118,1520.3,NGN,3,4,GB,web,food,0
T00013746,F00213,1398.43,NGN,23,12,NG,web,fuel,0
T00011045,F00041,1780.43,NGN,7,5,NG,ios,travel,0
T00009879,F01110,1632.13,NGN,22,5,NG,ios,electronics,0
T00002614,F00291,736.05,NGN,9,12,GB,android,retail,0
T00018863,F00720,970.07,NGN,17,9,NG,web,travel,0
T00007403,F00525,889.81,NGN,3,2,NG,ios,retail,0
T00012062,F01187,273.32,NGN,1,2,GH,ios,travel,0
T00000446,F00173,436.71,NGN,12,6,NG,web,food,0
T00006963,F00248,841.14,NGN,0,4,NG,web,electronics,0
T00002909,F00979,2347.75,NGN,13,6,US,web,fuel,0
T00009873,F00374,346.48,NGN,14,6,GH,android,food,0
T00002153,F00201,680.17,NGN,20,2,NG,ios,digital,0
T00009837,F01058,137.57,NGN,8,12,NG,web,electronics,0
T00006977,F01199,2739.67,NGN,7,9,NG,android,electronics,0
T00000869,F00133,320.96,NGN,20,1,GH,web,travel,0
T00014209,F00288,2653.92,NGN,16,6,GB,android,fuel,0
T00009032,F00144,1031.73,NGN,3,6,GH,ios,digital,0
T00019838,F00019,1740.64,NGN,8,6,GB,ios,digital,0
T00010948,F00676,772.44,NGN,17,7,NG,web,fuel,0
T00005097,F00310,778.33,NGN,0,3,NG,android,retail,0
T00012645,F01020,789.15,NGN,5,3,NG,android,fuel,0
T00000574,F01182,2755.98,NGN,12,8,NG,ios,food,1
T00011317,F01152,1221.74,NGN,16,3,NG,ios,electronics,0
T00012442,F00097,201.74,NGN,5,1,NG,android,travel,0
T00019276,F00387,655.0,NGN,18,9,NG,ios,food,0
T00016700,F00433,730.39,NGN,7,9,GH,ios,retail,0
T00004496,F00363,486.94,NGN,21,11,NG,web,retail,0
T00014289,F01102,868.15,NGN,9,11,US,ios,retail,0
T00000166,F00607,2239.49,NGN,9,12,GB,android,travel,0
T00015710,F00908,468.82,NGN,11,5,NG,web,food,0
T00015715,F00503,5250.6,NGN,19,7,GH,ios,food,0
T00007144,F00734,4494.67,NGN,0,11,NG,web,food,0
T00005874,F00718,1696.48,NGN,22,10,GB,ios,electronics,0
T00011263,F00575,2391.06,NGN,8,3,NG,web,travel,0
T00014110,F01189,2183.04,NGN,8,6,NG,android,food,0
T00017294,F00234,602.24,NGN,18,6,NG,ios,electronics,0
T00010639,F00778,1716.59,NGN,12,11,NG,web,digital,0
T00017956,F00338,2541.12,NGN,8,6,GH,web,digital,0
T00012659,F01189,1460.72,NGN,6,3,NG,android,food,0
T00009790,F00129,679.49,NGN,7,6,US,android,retail,0
T00001790,F00741,1975.3,NGN,17,3,NG,web,fuel,0
T00014643,F01036,205.6,NGN,14,4,US,android,food,0
T00007396,F00231,351.23,NGN,17,6,NG,ios,electronics,0
T00007125,F00123,329.31,NGN,12,9,GH,android,electronics,0
T00008546,F00204,778.38,NGN,23,4,GH,android,fuel,0
T00019443,F01013,2101.6,NGN,4,5,NG,ios,retail,0
T00002149,F01111,230.04,NGN,22,12,NG,web,retail,0
T00004944,F00897,952.39,NGN,15,8,US,android,retail,0
T00011293,F00319,5106.22,NGN,14,4,GH,web,fuel,0
T00004016,F00061,669.8,NGN,5,5,NG,ios,fuel,0
T00019610,F00248,1385.61,NGN,11,3,US,web,digital,0
T00017557,F01060,8784.84,NGN,19,6,NG,web,retail,0
T00016992,F00054,927.7,NGN,7,10,US,android,food,0
T00018124,F00859,358.36,NGN,8,4,GB,ios,electronics,0
T00006769,F00028,5929.49,NGN,23,1,NG,web,electronics,0
T00007275,F00079,618.33,NGN,9,2,NG,ios,travel,0
T00001547,F01161,1093.58,NGN,17,1,NG,android,digital,0
T00000778,F00404,709.29,NGN,3,10,US,web,fuel,1
T00000415,F00020,779.61,NGN,12,4,GH,web,food,0
T00008657,F00430,555.36,NGN,1,9,NG,android,retail,1
T00011098,F00832,1397.48,NGN,22,10,NG,web,digital,0
T00010969,F00175,8113.65,NGN,14,3,GB,web,travel,0
T00015804,F01035,391.69,NGN,1,9,US,android,fuel,1
T00003141,F00390,2005.11,NGN,6,3,NG,android,fuel,0
T00007794,F00928,351.32,NGN,8,4,GB,ios,digital,0
T00006412,F00763,1351.54,NGN,6,11,GH,android,electronics,0
T00009693,F00489,1076.0,NGN,18,1,NG,ios,digital,0
T00015712,F01143,309.04,NGN,22,2,NG,android,fuel,0
T00001766,F00949,774.24,NGN,15,3,NG,android,travel,0
T00007995,F00220,1133.3,NGN,8,8,GH,ios,travel,0
T00011247,F00267,1450.26,NGN,18,3,GB,ios,travel,0
T00016801,F01070,2469.78,NGN,10,7,NG,android,electronics,0
T00006005,F00635,8152.33,NGN,18,8,GB,android,retail,0
T00006699,F00009,1106.36,NGN,13,6,NG,web,fuel,0
T00015924,F00646,415.68,NGN,20,10,NG,web,fuel,0
T00016349,F00387,661.4,NGN,14,9,NG,android,food,0
T00019436,F00260,1454.13,NGN,10,5,NG,ios,electronics,0
T00003567,F01049,691.78,NGN,16,12,US,web,fuel,0
T00009808,F00437,1650.34,NGN,11,10,GB,android,food,0
T00009760,F00696,952.81,NGN,8,1,GH,android,food,0
T00016552,F00860,2056.38,NGN,13,2,NG,ios,retail,0
T00013752,F00569,255.05,NGN,12,11,GB,web,digital,0
T00014912,F00435,1059.98,NGN,6,6,US,web,travel,0
T00008316,F00397,2391.41,NGN,10,3,NG,web,food,0
T00012433,F00341,3064.68,NGN,10,5,GB,android,food,0
T00014691,F00518,615.04,NGN,3,2,GH,web,travel,0
T00006364,F00639,1662.16,NGN,18,6,GB,android,travel,0
T00003586,F01007,1292.94,NGN,12,7,NG,ios,retail,0
T00012911,F00586,1773.62,NGN,12,7,NG,android,fuel,0
T00008244,F00051,4554.09,NGN,4,12,NG,ios,electronics,1
T00019187,F00420,698.1,NGN,14,2,NG,web,digital,0
T00012525,F00640,618.11,NGN,16,5,NG,ios,fuel,0
T00001296,F00320,2292.65,NGN,8,6,US,web,fuel,0
T00004649,F00813,5873.08,NGN,2,6,NG,ios,electronics,1
T00014004,F00957,1368.31,NGN,12,10,US,web,digital,0
T00001842,F00220,2397.75,NGN,10,12,NG,android,fuel,0
T00015999,F00346,642.21,NGN,13,9,NG,android,food,0
T00009105,F00040,4032.5,NGN,7,12,US,ios,food,0
T00009360,F01066,1088.21,NGN,12,4,US,web,electronics,0
T00004775,F00463,1922.96,NGN,6,10,GH,android,electronics,0
T00003150,F00439,1463.54,NGN,6,1,GH,web,food,0
T00008732,F00964,1781.83,NGN,2,3,NG,web,electronics,0
T00004031,F00972,2532.59,NGN,21,6,GB,android,digital,0
T00005635,F00721,406.51,NGN,17,9,NG,android,digital,0
T00009145,F00446,953.63,NGN,4,7,GB,android,electronics,1
T00004435,F00222,197.7,NGN,11,5,NG,web,retail,0
T00012193,F00015,1075.52,NGN,8,5,US,android,fuel,0
T00014685,F00184,1655.73,NGN,17,5,NG,android,digital,0
T00008845,F00675,353.04,NGN,5,1,GB,web,retail,0
T00013633,F00627,1566.37,NGN,18,11,GB,ios,travel,0
T00009892,F00360,669.87,NGN,22,12,US,ios,retail,0
T00016020,F00371,2859.37,NGN,15,1,US,web,digital,0
T00000441,F00935,1195.9,NGN,10,5,NG,ios,fuel,0
T00013620,F00114,2711.0,NGN,12,6,NG,web,travel,0
T00004607,F00321,2132.15,NGN,6,4,NG,ios,retail,0
T00019813,F00046,1721.53,NGN,9,2,NG,web,electronics,0
T00006469,F00490,4447.17,NGN,6,7,US,android,travel,0
T00001769,F01193,2731.78,NGN,2,1,GH,ios,food,0
T00008389,F00647,7337.38,NGN,18,4,NG,web,digital,0
T00015164,F01146,5976.12,NGN,13,6,NG,android,food,0
T00003562,F00455,8574.64,NGN,17,10,NG,ios,fuel,0
T00014202,F01196,2590.8,NGN,11,7,GH,ios,retail,0
T00008438,F00798,239.8,NGN,19,8,NG,web,food,0
T00014831,F00131,825.85,NGN,21,3,GH,android,electronics,0
T00012510,F00552,703.41,NGN,9,4,NG,android,fuel,0
T00006511,F00352,1877.43,NGN,4,9,NG,ios,fuel,0
T00006291,F01083,415.55,NGN,7,11,NG,web,travel,0
T00000646,F00463,3949.78,NGN,3,4,NG,android,travel,0
T00009905,F00125,1120.39,NGN,19,4,NG,ios,fuel,0
T00008070,F00185,1475.78,NGN,17,7,NG,ios,digital,0
T00012722,F00495,1256.91,NGN,7,4,NG,ios,travel,0
T00016033,F01121,807.45,NGN,9,8,NG,android,travel,0
T00019125,F00812,379.79,NGN,9,3,GB,android,food,0
T00003149,F01050,682.6,NGN,6,4,NG,web,fuel,0
T00001319,F00326,2601.22,NGN,18,4,NG,android,retail,0
T00015955,F00787,1371.07,NGN,10,2,NG,web,electronics,0
T00005281,F00607,848.43,NGN,2,11,GH,ios,electronics,1
T00019164,F00727,1627.05,NGN,14,5,GB,web,digital,0
T00013771,F00970,5066.94,NGN,20,5,GH,web,travel,0
T00012194,F00396,2458.92,NGN,2,6,NG,ios,electronics,1
T00013906,F01041,992.26,NGN,20,8,NG,android,travel,0
T00016212,F00605,3652.16,NGN,9,7,NG,web,electronics,0
T00018821,F00144,854.28,NGN,21,7,US,web,digital,0
T00009308,F01154,3613.49,NGN,5,5,GB,android,digital,0
T00013269,F00259,1563.73,NGN,11,8,US,android,electronics,0
T00005222,F00694,1454.67,NGN,4,12,GB,ios,digital,1
T00009127,F00626,4006.31,NGN,14,12,GH,web,electronics,0
T00015229,F00707,1060.44,NGN,18,1,NG,ios,travel,0
T00011180,F01125,509.78,NGN,17,11,GB,android,travel,0
T00006016,F00517,1099.1,NGN,18,8,GB,android,fuel,0
T00009079,F00053,1933.54,NGN,9,8,GH,web,electronics,0
T00004640,F00177,2180.53,NGN,12,10,NG,ios,food,0
T00014124,F00500,1989.84,NGN,7,9,GB,web,electronics,0
T00002748,F00379,1061.4,NGN,16,4,NG,web,electronics,0
T00002450,F00366,7174.9,NGN,21,8,NG,android,food,0
T00004057,F00202,984.28,NGN,19,7,NG,android,food,0
T00007179,F00225,6692.14,NGN,11,10,NG,web,retail,0
T00011678,F00291,377.3,NGN,20,1,NG,android,electronics,0
T00019954,F01115,419.55,NGN,23,6,GB,android,fuel,0
T00007021,F00362,1039.57,NGN,22,5,NG,web,travel,0
T00013098,F00128,999.82,NGN,9,12,NG,android,retail,0
T00003901,F00585,200.76,NGN,17,2,NG,ios,fuel,0
T00011175,F01045,867.65,NGN,15,8,GB,android,electronics,0
T00010526,F00926,2060.9,NGN,21,6,GH,ios,fuel,0
T00007066,F00238,1155.42,NGN,4,5,US,web,retail,0
T00005925,F00036,1402.91,NGN,19,8,NG,android,retail,0
T00018061,F00411,718.32,NGN,7,4,NG,ios,fuel,0
T00017628,F00791,1235.95,NGN,16,1,NG,web,travel,0
T00011866,F00024,494.79,NGN,14,1,NG,ios,fuel,0
T00011664,F00137,5311.8,NGN,4,12,NG,android,travel,0
T00009883,F00923,4107.34,NGN,23,7,NG,ios,food,0
T00003199,F00984,3677.62,NGN,21,9,GB,web,electronics,0
T00011328,F00116,1698.46,NGN,7,2,NG,ios,retail,0
T00001701,F00543,2831.76,NGN,5,2,NG,web,digital,0
T00001940,F00495,391.48,NGN,11,3,US,android,fuel,0
T00005290,F00022,661.62,NGN,14,8,NG,ios,retail,0
T00010559,F01102,704.37,NGN,7,9,GB,web,digital,0
T00019316,F00335,274.49,NGN,22,9,NG,ios,retail,0
T00008977,F00028,3541.5,NGN,15,12,GH,web,travel,0
T00018866,F00564,1029.06,NGN,16,10,US,ios,digital,0
T00006831,F01187,4436.26,NGN,11,5,US,ios,retail,0
T00014730,F00686,1020.91,NGN,7,1,US,android,electronics,0
T00019094,F00782,759.86,NGN,12,9,NG,web,food,0
T00007639,F01055,1195.8,NGN,16,5,GB,android,digital,0
T00007112,F00306,367.13,NGN,0,2,US,ios,electronics,0
T00018936,F01097,1263.47,NGN,4,4,NG,ios,digital,0
T00014039,F00002,1346.95,NGN,13,10,US,web,fuel,0
T00008481,F00056,1165.59,NGN,23,8,NG,android,retail,0
T00008765,F00880,2125.99,NGN,4,8,GB,ios,digital,0
T00001001,F01127,1070.53,NGN,15,3,GB,ios,food,0
T00008624,F00854,289.29,NGN,0,9,GB,ios,travel,0
T00009694,F00653,863.58,NGN,3,12,NG,android,travel,0
T00019138,F00677,2217.14,NGN,10,12,NG,android,fuel,0
T00000392,F00850,923.01,NGN,20,6,US,web,retail,0
T00016427,F00655,244.35,NGN,4,3,US,android,fuel,0
T00003264,F00005,1505.45,NGN,14,3,US,web,fuel,0
T00014322,F00346,1489.16,NGN,14,2,US,web,fuel,0
T00001863,F00895,773.98,NGN,4,9,GH,android,food,1
T00016702,F00956,932.28,NGN,19,1,GH,android,travel,0
T00004440,F00755,4631.59,NGN,3,12,US,android,fuel,1
T00014998,F00325,618.59,NGN,23,6,NG,android,retail,0
T00004252,F01199,1641.75,NGN,6,3,NG,ios,travel,0
T00019633,F01044,576.2,NGN,7,10,NG,ios,digital,0
T00006310,F01163,568.32,NGN,16,5,GH,ios,digital,0
T00001194,F00484,2007.3,NGN,15,8,NG,android,food,0
T00009240,F01173,3792.48,NGN,12,8,US,android,food,0
T00005295,F00719,598.17,NGN,15,4,US,ios,travel,0
T00002299,F00753,350.59,NGN,11,3,NG,web,food,0
T00019593,F00505,1146.25,NGN,0,12,GB,ios,digital,0
T00006595,F00830,616.64,NGN,21,5,NG,ios,retail,0
T00010778,F00548,361.17,NGN,13,11,US,web,fuel,0
T00005882,F00472,3517.03,NGN,11,6,NG,ios,food,0
T00007429,F01138,2225.03,NGN,12,12,NG,ios,digital,0
T00013592,F00850,290.62,NGN,7,1,US,web,fuel,0
T00018956,F00882,919.95,NGN,9,4,NG,android,fuel,0
T00006472,F00124,880.49,NGN,7,8,NG,web,electronics,0
T00018736,F00559,1772.73,NGN,2,11,GB,android,food,1
T00002750,F00165,714.63,NGN,7,4,NG,web,food,0
T00005662,F00427,552.77,NGN,18,2,GB,android,fuel,0
T00017568,F00257,386.54,NGN,10,9,GH,web,digital,0
T00006191,F00050,327.16,NGN,22,3,US,web,food,0
T00007412,F01072,1239.21,NGN,23,10,US,ios,digital,0
T00003045,F01056,1205.98,NGN,6,12,NG,android,travel,0
T00015146,F00516,645.55,NGN,3,10,NG,android,food,1
T00013332,F00011,716.72,NGN,17,1,NG,android,fuel,0
T00004119,F00286,361.98,NGN,12,11,GH,android,digital,0
T00015956,F00446,3269.19,NGN,11,12,GH,android,fuel,0
T00005801,F00099,784.17,NGN,17,8,NG,ios,travel,0
T00005719,F00960,586.33,NGN,7,2,NG,web,digital,0
T00012072,F00482,5547.8,NGN,20,7,GH,web,retail,0
T00005241,F00651,402.34,NGN,19,4,NG,web,retail,0
T00010510,F00538,181.0,NGN,20,4,NG,ios,retail,0
T00002493,F00679,315.62,NGN,2,7,NG,web,travel,1
T00001258,F00920,4469.1,NGN,12,6,NG,web,retail,0
T00004565,F01194,637.18,NGN,20,6,GB,ios,electronics,0
T00010895,F00797,1523.87,NGN,18,7,US,android,fuel,0
T00012460,F00556,1330.32,NGN,23,6,NG,android,electronics,0
T00018391,F00644,1125.16,NGN,0,1,NG,ios,digital,0
T00012942,F00428,332.64,NGN,9,2,US,ios,retail,0
T00012933,F00686,232.46,NGN,21,2,NG,android,food,0
T00014601,F01093,2363.82,NGN,1,4,GH,android,fuel,0
T00012437,F00903,1151.0,NGN,18,9,NG,android,food,0
T00012221,F01088,1059.38,NGN,8,11,NG,ios,food,0
T00008879,F00780,923.77,NGN,9,4,NG,web,electronics,0
T00010107,F00170,2361.85,NGN,0,11,GH,ios,digital,0
T00010128,F01115,1289.85,NGN,0,4,NG,android,electronics,0
T00002950,F01195,1339.51,NGN,7,7,NG,android,retail,0
T00001353,F01040,1757.12,NGN,1,1,US,ios,fuel,0
T00013626,F00932,391.95,NGN,21,7,US,ios,food,0
T00009842,F00546,1451.23,NGN,1,12,GH,ios,electronics,1
T00001431,F01033,2403.62,NGN,2,9,NG,ios,retail,1
T00014201,F00531,755.28,NGN,18,5,NG,web,travel,0
T00010857,F00893,1676.99,NGN,14,1,NG,android,digital,0
T00014528,F00901,727.16,NGN,13,3,GH,android,travel,0
T00006738,F00111,266.7,NGN,1,4,NG,android,food,0
T00012249,F00236,635.71,NGN,4,12,NG,web,electronics,0
T00000557,F01197,1163.32,NGN,23,6,NG,ios,electronics,0
T00012836,F00082,347.61,NGN,22,5,GB,web,digital,0
T00016459,F00334,212.88,NGN,9,7,NG,android,electronics,0
T00013354,F00463,2455.16,NGN,16,3,NG,web,fuel,0
T00008084,F00827,126.09,NGN,19,5,GB,ios,food,0
T00015794,F00985,1861.87,NGN,20,10,US,ios,food,0
T00017508,F00573,642.04,NGN,6,12,NG,web,digital,0
T00009269,F00496,1962.27,NGN,18,6,NG,web,fuel,0
T00002307,F00761,2646.85,NGN,22,3,NG,ios,retail,0
T00007520,F01177,229.75,NGN,14,9,NG,web,travel,0
T00008038,F01086,371.68,NGN,8,2,GH,android,retail,0
T00017082,F00965,808.63,NGN,16,10,NG,ios,food,0
T00016791,F00695,693.32,NGN,14,2,NG,web,electronics,0
T00009479,F00588,592.26,NGN,18,4,US,ios,digital,0
T00001854,F00967,2375.05,NGN,6,11,NG,ios,travel,0
T00008177,F00961,819.02,NGN,22,8,NG,android,food,0
T00014069,F00677,2605.42,NGN,7,11,NG,android,food,0
T00013563,F00625,972.49,NGN,21,10,GH,ios,electronics,0
T00009796,F01072,522.86,NGN,14,6,US,web,travel,0
T00015219,F00355,1399.68,NGN,0,8,NG,ios,travel,0
T00014298,F00737,589.58,NGN,21,8,NG,web,digital,0
T00001626,F01104,1528.88,NGN,2,3,GH,web,digital,0
T00018621,F00080,661.6,NGN,4,2,GB,android,electronics,0
T00006726,F00016,1561.73,NGN,19,9,NG,android,digital,0
T00003217,F00653,1151.21,NGN,18,10,NG,web,fuel,0
T00005889,F00786,507.93,NGN,11,9,GH,ios,digital,0
T00010932,F00980,1546.08,NGN,6,8,NG,android,retail,0
T00019877,F00415,1310.6,NGN,2,3,NG,ios,digital,0
T00011472,F00330,2534.75,NGN,18,5,NG,web,travel,0
T00004361,F00194,1883.76,NGN,21,12,GH,web,fuel,0
T00005015,F00417,1213.97,NGN,12,10,NG,ios,digital,0
T00012953,F00657,1163.57,NGN,2,4,NG,android,electronics,0
T00015707,F00165,3421.01,NGN,5,11,GB,ios,food,0
T00010431,F00902,3148.14,NGN,12,7,GH,web,food,0
T00018266,F00171,5480.97,NGN,4,10,GB,web,fuel,1
T00001704,F01011,702.23,NGN,8,8,US,web,digital,0
T00006643,F00501,1701.0,NGN,11,12,NG,ios,food,1
T00018649,F00320,2967.67,NGN,1,6,US,web,travel,1
T00006217,F00351,1510.91,NGN,4,4,NG,web,electronics,0
T00011173,F00452,1923.43,NGN,3,5,US,ios,digital,0
T00011950,F00173,1684.55,NGN,3,2,NG,android,electronics,0
T00002372,F00450,187.4,NGN,12,12,US,ios,fuel,0
T00000606,F00763,5793.47,NGN,0,8,NG,android,food,0
T00018537,F00480,807.32,NGN,14,12,US,android,travel,0
T00015850,F00359,1078.99,NGN,12,1,GH,web,travel,0
T00017466,F01030,929.5,NGN,1,7,NG,android,electronics,1
T00011141,F00039,490.83,NGN,11,1,GH,web,travel,0
T00018404,F00602,2732.37,NGN,21,4,NG,android,digital,0
T00014015,F00132,702.37,NGN,0,5,NG,ios,food,0
T00015335,F01174,689.13,NGN,7,5,US,ios,fuel,0
T00014523,F00506,998.55,NGN,10,9,NG,ios,electronics,0
T00008014,F00792,1391.7,NGN,21,4,GH,web,retail,0
T00013351,F00546,916.48,NGN,19,7,NG,ios,electronics,0
T00012637,F00688,633.58,NGN,20,10,NG,ios,fuel,0
T00014338,F00653,381.11,NGN,14,2,NG,ios,electronics,0
T00007105,F00127,2829.26,NGN,3,1,NG,web,food,0
T00004306,F01151,327.33,NGN,4,11,NG,ios,digital,1
T00016704,F00875,935.87,NGN,10,1,GB,ios,fuel,0
T00003099,F00269,1047.45,NGN,23,12,GB,android,fuel,0
T00007628,F00445,674.53,NGN,3,1,NG,android,fuel,0
T00007892,F00245,2213.05,NGN,6,3,NG,android,food,0
T00013312,F00893,535.56,NGN,12,10,NG,ios,retail,0
T00013677,F00794,708.84,NGN,3,4,GH,ios,travel,0
T00003471,F00881,1301.93,NGN,7,5,US,ios,travel,0
T00008648,F00761,2866.79,NGN,20,11,NG,android,digital,0
T00017719,F00913,672.69,NGN,23,10,US,android,retail,0
T00013231,F00696,2894.11,NGN,3,6,GH,ios,retail,1
T00017395,F00133,4379.99,NGN,13,5,US,web,food,0
T00003844,F00024,1132.04,NGN,12,5,NG,ios,food,0
T00004088,F01193,763.92,NGN,19,11,NG,ios,electronics,0
T00004878,F01147,2135.14,NGN,13,10,GB,android,digital,0
T00006177,F00360,1182.13,NGN,21,5,US,web,retail,0
T00013172,F01016,531.12,NGN,1,3,NG,web,fuel,0
T00016956,F00081,1505.7,NGN,16,3,NG,android,food,0
T00016116,F01198,2097.14,NGN,23,4,NG,web,digital,0
T00016717,F00059,5491.97,NGN,6,1,NG,web,retail,0
T00003274,F00129,2611.49,NGN,1,2,NG,ios,retail,0
T00008081,F00294,724.21,NGN,6,8,GH,web,retail,0
T00005823,F00414,2077.51,NGN,3,3,NG,web,electronics,0
T00009010,F00801,5356.09,NGN,17,1,US,ios,electronics,0
T00016228,F00137,158.0,NGN,16,7,NG,web,travel,0
T00013574,F00028,2231.59,NGN,12,1,US,android,retail,0
T00009562,F00003,776.19,NGN,8,10,NG,web,food,0
T00010892,F00966,3146.58,NGN,22,12,GH,android,travel,0
T00009611,F00703,2834.46,NGN,12,8,US,ios,fuel,0
T00002458,F00763,203.33,NGN,10,10,GH,web,electronics,0
T00004430,F00853,1652.16,NGN,18,10,US,web,retail,0
T00000890,F00647,712.96,NGN,9,1,NG,web,retail,0
T00012663,F00609,1750.02,NGN,1,8,NG,web,travel,1
T00012374,F00005,1216.45,NGN,4,9,NG,web,fuel,0
T00001629,F00291,2524.25,NGN,8,10,NG,android,food,0
T00013282,F00812,2323.34,NGN,0,6,US,web,food,0
T00001395,F00338,372.27,NGN,10,1,US,android,electronics,0
T00018717,F00891,714.14,NGN,4,5,GB,ios,travel,0
T00016265,F00934,1555.38,NGN,9,12,US,web,travel,0
T00014062,F00882,651.21,NGN,6,8,NG,web,digital,0
T00010602,F00555,768.37,NGN,13,2,US,ios,electronics,0
T00009718,F00902,3600.11,NGN,21,6,GB,web,electronics,0
T00004146,F00237,1380.55,NGN,14,5,NG,android,digital,0
T00009023,F00913,1193.39,NGN,2,5,GH,web,digital,0
T00005213,F01115,1763.72,NGN,13,8,NG,android,retail,0
T00007656,F00135,1855.62,NGN,4,2,NG,web,food,0
T00006423,F01059,8168.56,NGN,5,6,US,android,retail,0
T00004215,F01119,371.49,NGN,13,9,US,android,digital,0
T00008583,F00183,2411.68,NGN,7,1,GB,web,electronics,0
T00014881,F00187,778.64,NGN,23,9,NG,android,retail,0
T00005438,F00069,3335.03,NGN,19,6,NG,android,fuel,0
T00019248,F00152,359.07,NGN,12,10,GH,web,travel,0
T00005553,F00334,331.16,NGN,19,2,GH,ios,travel,0
T00008451,F00516,933.65,NGN,19,4,NG,ios,fuel,0
T00010047,F00151,1178.71,NGN,2,1,NG,android,travel,0
T00015299,F00167,552.48,NGN,13,3,US,android,food,0
T00002152,F00259,693.97,NGN,0,6,NG,ios,fuel,0
T00008377,F00320,522.33,NGN,4,1,NG,android,fuel,0
T00009135,F01074,658.32,NGN,16,5,NG,android,travel,0
T00007893,F00430,3191.55,NGN,0,5,NG,android,travel,0
T00003875,F00752,2695.84,NGN,13,7,NG,web,food,0
T00014992,F00909,2372.19,NGN,19,8,GH,web,digital,0
T00017714,F01049,12197.45,NGN,8,11,US,ios,food,0
T00012576,F00913,563.89,NGN,2,10,GH,ios,food,1
T00006915,F00454,887.52,NGN,17,1,GH,ios,retail,0
T00014957,F00272,3151.28,NGN,7,8,US,android,travel,0
T00014959,F00942,1114.36,NGN,2,6,US,ios,digital,1
T00011794,F00784,1638.17,NGN,1,4,NG,web,digital,0
T00010566,F00440,3263.1,NGN,13,10,NG,android,digital,0
T00010908,F00086,255.1,NGN,4,9,NG,android,fuel,1
T00001262,F00686,3188.3,NGN,2,11,NG,ios,electronics,1
T00003452,F00686,1109.43,NGN,5,4,GH,ios,digital,0
T00017625,F00390,132.4,NGN,19,7,NG,android,food,0
T00015182,F00336,3173.9,NGN,19,7,GH,ios,electronics,0
T00007248,F00810,3177.4,NGN,10,4,GB,ios,retail,0
T00007221,F00215,676.2,NGN,13,11,GH,android,food,0
T00011129,F00405,3224.6,NGN,23,5,GB,android,digital,0
T00002539,F01038,854.89,NGN,18,2,US,web,travel,0
T00010300,F00677,1083.76,NGN,8,8,GB,web,fuel,0
T00011951,F00748,957.06,NGN,19,11,NG,android,fuel,0
T00008681,F00591,1909.78,NGN,9,11,US,web,travel,0
T00001555,F00601,573.87,NGN,17,10,US,ios,food,0
T00009471,F00384,381.83,NGN,8,1,NG,android,fuel,0
T00007277,F00363,265.86,NGN,16,4,GH,web,digital,0
T00007950,F00259,3545.01,NGN,3,2,NG,ios,retail,0
T00006624,F00881,254.67,NGN,22,9,GB,android,digital,0
T00019034,F00589,2157.08,NGN,16,6,NG,android,electronics,0
T00019198,F01143,1046.35,NGN,7,2,NG,android,food,0
T00018096,F00723,2052.23,NGN,2,8,GB,android,travel,0
T00018721,F00598,1318.33,NGN,18,12,NG,web,travel,0
T00015758,F01082,1739.24,NGN,22,4,GB,ios,travel,0
T00015560,F00769,2546.3,NGN,13,11,NG,web,electronics,0
T00002885,F01183,1635.77,NGN,20,9,NG,web,fuel,0
T00006535,F00219,201.29,NGN,9,11,GH,ios,food,0
T00017812,F00149,610.98,NGN,21,7,GB,android,food,0
T00016035,F00950,501.49,NGN,15,8,US,ios,travel,0
T00009243,F00964,618.05,NGN,23,1,NG,web,retail,0
T00003342,F00709,8883.06,NGN,1,5,NG,android,digital,0
T00011134,F00785,1938.24,NGN,8,6,GH,android,fuel,0
T00016891,F00797,663.46,NGN,8,11,GB,android,travel,0
T00011039,F00836,932.27,NGN,20,6,NG,android,travel,0
T00003095,F00882,218.29,NGN,7,8,NG,android,electronics,0
T00015522,F00750,732.23,NGN,10,5,GB,ios,food,0
T00011947,F00820,1334.65,NGN,23,4,GB,ios,travel,0
T00008350,F00545,1828.12,NGN,6,5,US,ios,retail,0
T00013861,F01101,579.5,NGN,20,8,GH,android,digital,0
T00003873,F01037,1363.27,NGN,21,12,NG,ios,fuel,0
T00006584,F00758,3169.26,NGN,18,3,GB,android,digital,0
T00005588,F00325,1128.23,NGN,8,2,NG,web,digital,0
T00019578,F00243,982.24,NGN,22,4,NG,ios,digital,0
T00008763,F00140,695.23,NGN,20,3,GB,android,fuel,0
T00003467,F01149,991.43,NGN,2,5,US,web,fuel,0
T00002983,F00855,654.94,NGN,0,11,GH,web,retail,0
T00012873,F00126,326.28,NGN,0,7,NG,ios,food,0
T00000825,F00285,3024.51,NGN,21,4,US,web,travel,0
T00002674,F00315,1110.64,NGN,16,2,GB,web,electronics,0
T00014362,F00560,4131.06,NGN,19,12,GB,web,travel,0
T00014541,F00782,2115.33,NGN,23,4,NG,web,food,0
T00004872,F01199,1029.49,NGN,11,12,NG,ios,digital,0
T00008896,F00097,867.92,NGN,22,12,GB,ios,electronics,0
T00004603,F01086,2003.23,NGN,3,12,NG,ios,digital,1
T00015940,F00086,1137.31,NGN,5,5,US,ios,fuel,0
T00019915,F00634,586.5,NGN,18,3,GH,ios,food,0
T00005658,F00161,515.99,NGN,6,9,US,web,electronics,0
T00003549,F00085,637.28,NGN,15,12,NG,android,retail,0
T00004073,F01113,2970.54,NGN,20,7,NG,web,food,0
T00008045,F00102,425.97,NGN,9,6,GH,web,fuel,0
T00000321,F00509,830.72,NGN,17,6,NG,android,electronics,0
T00011809,F00690,1395.1,NGN,11,7,GB,android,retail,0
T00015234,F00036,828.59,NGN,12,4,GB,android,digital,0
T00018690,F00517,1203.9,NGN,3,4,NG,android,travel,0
T00011902,F01098,298.22,NGN,17,8,GB,ios,fuel,0
T00006029,F00761,1214.2,NGN,1,9,GB,ios,food,0
T00004638,F00505,249.76,NGN,13,7,US,web,fuel,0
T00005767,F00572,672.12,NGN,17,12,NG,ios,food,0
T00009499,F01174,1447.7,NGN,1,9,NG,web,food,1
T00000893,F00608,3572.09,NGN,2,4,NG,android,electronics,0
T00003180,F00826,1477.26,NGN,16,9,US,web,food,0
T00011741,F01106,1240.8,NGN,6,12,NG,web,fuel,0
T00007580,F00538,821.13,NGN,16,1,NG,ios,retail,0
T00017399,F00959,3066.31,NGN,13,2,GH,android,fuel,0
T00019402,F00580,1007.69,NGN,3,3,NG,android,retail,0
T00012628,F00286,1680.22,NGN,9,2,GB,web,electronics,0
T00016131,F00257,4333.64,NGN,15,11,NG,ios,digital,0
T00001424,F00982,2766.88,NGN,19,4,US,android,electronics,0
T00003507,F00424,7898.77,NGN,4,11,NG,web,food,1
T00005775,F00814,397.77,NGN,22,9,NG,ios,digital,0
T00016690,F00974,937.0,NGN,17,1,NG,ios,retail,0
T00016723,F00912,908.6,NGN,21,3,NG,web,electronics,0
T00000527,F00369,1964.24,NGN,14,5,GB,web,travel,0
T00013820,F00406,766.03,NGN,12,11,NG,web,retail,0
T00016232,F00691,10951.83,NGN,3,2,NG,ios,electronics,0
T00003354,F01116,4737.18,NGN,15,12,GB,android,fuel,0
T00001816,F00115,936.13,NGN,9,7,GB,ios,digital,0
T00013389,F00599,539.9,NGN,7,2,NG,ios,food,0
T00003682,F00316,858.23,NGN,23,1,NG,ios,food,0
T00005133,F00757,3223.59,NGN,4,6,US,ios,digital,1
T00015513,F00749,2796.04,NGN,10,3,GB,ios,travel,0
T00013163,F01112,1361.7,NGN,12,3,GH,web,fuel,0
T00017750,F00493,329.52,NGN,12,7,US,android,travel,0
T00004415,F00881,835.45,NGN,8,11,NG,web,fuel,0
T00002069,F00699,1061.2,NGN,23,12,NG,ios,fuel,0
T00008211,F00953,442.25,NGN,18,8,NG,android,retail,0
T00001668,F00945,1231.75,NGN,3,7,US,web,fuel,1
T00012168,F00761,2333.46,NGN,12,2,NG,web,travel,0
T00013796,F00359,839.63,NGN,7,1,GH,web,retail,0
T00019605,F01116,3336.52,NGN,8,5,NG,android,fuel,0
T00016864,F00930,1111.09,NGN,9,3,GB,ios,food,0
T00007719,F00675,826.17,NGN,9,8,US,android,digital,0
T00014672,F00205,2212.07,NGN,5,6,NG,web,retail,0
T00019213,F00747,2598.54,NGN,5,10,NG,ios,fuel,0
T00005379,F00643,1670.98,NGN,19,1,NG,android,food,0
T00011144,F00841,1740.23,NGN,23,6,NG,web,electronics,0
T00003636,F00174,1055.34,NGN,2,12,GH,web,digital,1
T00004027,F00266,1053.05,NGN,10,8,NG,android,digital,0
T00016789,F00087,2743.38,NGN,15,7,GB,android,electronics,0
T00014846,F00234,196.9,NGN,18,6,NG,android,food,0
T00002516,F00667,1042.16,NGN,7,7,GB,android,electronics,0
T00012049,F00552,404.93,NGN,5,4,GB,web,digital,0
T00017668,F00492,805.78,NGN,22,6,GH,ios,fuel,0
T00019068,F00458,2488.32,NGN,1,1,GH,web,fuel,0
T00019394,F00718,7287.84,NGN,12,11,NG,web,retail,0
T00010843,F00802,1299.85,NGN,18,6,GH,ios,food,0
T00008669,F00029,3637.97,NGN,8,3,GB,ios,fuel,0
T00009451,F01040,576.85,NGN,10,4,GH,android,fuel,0
T00017486,F00348,1625.11,NGN,15,8,NG,android,food,0
T00008264,F00560,2035.68,NGN,14,12,GH,ios,retail,0
T00009820,F00152,1057.75,NGN,16,10,GB,ios,food,0
T00009939,F00916,2055.08,NGN,10,5,NG,android,digital,0
T00018957,F00689,441.16,NGN,22,4,NG,ios,electronics,0
T00003475,F01111,411.42,NGN,23,7,GH,android,digital,0
T00013375,F00880,195.54,NGN,5,7,GH,web,food,0
T00010596,F00786,6944.52,NGN,13,8,GH,ios,food,0
T00000668,F00037,1488.72,NGN,6,5,NG,web,food,0
T00011566,F00835,357.05,NGN,16,9,US,android,fuel,0
T00018503,F00360,778.41,NGN,12,6,GH,ios,travel,1
T00010440,F00583,653.3,NGN,23,2,NG,android,fuel,0
T00012093,F00559,867.97,NGN,6,6,US,ios,electronics,0
T00009309,F00396,1165.03,NGN,3,6,NG,web,digital,1
T00019683,F00596,300.83,NGN,1,8,NG,ios,travel,0
T00002782,F00250,575.46,NGN,16,2,GB,ios,electronics,0
T00006858,F00318,265.63,NGN,1,7,NG,ios,retail,1
T00008898,F00307,101.58,NGN,2,4,NG,ios,electronics,0
T00008982,F00639,483.45,NGN,15,2,US,android,electronics,0
T00001628,F00270,1287.21,NGN,6,7,NG,web,travel,0
T00006099,F00312,7034.9,NGN,15,5,GB,ios,retail,0
T00010247,F00160,824.29,NGN,16,12,GB,web,travel,0
T00011926,F00240,1017.48,NGN,5,7,US,ios,digital,0
T00000968,F00517,190.4,NGN,23,8,GB,web,retail,0
T00009347,F00459,2399.14,NGN,8,1,NG,android,fuel,0
T00017162,F00635,407.68,NGN,19,5,GB,ios,fuel,0
T00000351,F00656,1900.04,NGN,6,5,NG,ios,retail,0
T00016848,F00419,412.7,NGN,16,3,NG,ios,travel,0
T00001812,F00958,727.1,NGN,10,4,NG,web,electronics,0
T00016950,F00260,353.37,NGN,14,6,NG,android,digital,0
T00007880,F00933,318.75,NGN,7,5,GB,android,travel,0
T00004001,F01164,794.65,NGN,23,10,US,web,food,0
T00008588,F00760,776.14,NGN,12,12,GB,web,travel,0
T00018402,F00600,845.24,NGN,23,1,US,android,travel,0
T00009669,F00265,1612.33,NGN,16,2,GB,android,travel,0
T00004340,F01140,315.86,NGN,17,4,GB,ios,digital,0
T00016794,F00008,962.07,NGN,1,11,US,android,retail,1
T00010897,F01064,2422.18,NGN,13,8,NG,ios,retail,0
T00005253,F00075,1405.53,NGN,7,11,NG,android,fuel,0
T00013488,F01128,683.07,NGN,2,4,GH,android,food,0
T00007817,F01097,1335.62,NGN,4,2,US,web,food,0
T00010649,F00505,1424.78,NGN,9,7,NG,web,food,0
T00000709,F00952,4195.89,NGN,5,1,NG,android,retail,0
T00010813,F00079,996.55,NGN,22,8,US,ios,travel,0
T00002432,F00950,1034.0,NGN,22,7,GB,android,digital,1
T00016369,F00605,267.42,NGN,12,7,NG,web,electronics,0
T00013128,F00025,2026.93,NGN,10,10,US,android,travel,0
T00009547,F00849,1063.68,NGN,13,2,NG,ios,electronics,0
T00001463,F01043,152.82,NGN,2,6,NG,ios,electronics,0
T00003065,F01042,980.48,NGN,18,12,US,android,electronics,0
T00004498,F00634,2051.0,NGN,17,9,NG,android,retail,0
T00002250,F00863,5456.48,NGN,22,8,NG,web,fuel,0
T00007030,F00504,1670.69,NGN,10,10,NG,web,food,0
T00019348,F00834,1184.51,NGN,12,6,NG,android,travel,0
T00000860,F00921,261.18,NGN,6,7,US,ios,travel,0
T00005686,F00874,1848.75,NGN,22,12,GB,ios,retail,0
T00018788,F00206,2542.23,NGN,6,12,GB,ios,retail,0
T00005965,F00344,605.3,NGN,20,7,NG,web,retail,0
T00002879,F00870,4112.85,NGN,3,1,NG,android,electronics,0
T00016516,F01113,523.7,NGN,23,1,NG,ios,retail,0
T00012743,F00218,803.58,NGN,7,10,NG,web,fuel,0
T00013281,F01044,463.92,NGN,3,11,US,ios,electronics,1
T00001952,F01124,2914.76,NGN,17,7,NG,web,food,0
T00001889,F00382,502.31,NGN,20,6,GH,android,travel,0
T00002444,F00986,7648.08,NGN,6,2,NG,android,travel,0
T00008796,F00086,1060.43,NGN,7,9,NG,ios,fuel,0
T00001991,F00482,657.64,NGN,23,8,NG,web,retail,0
T00002685,F00039,2951.89,NGN,7,10,GB,web,digital,0
T00003786,F00130,2848.83,NGN,6,10,NG,web,food,0
T00010591,F00997,994.8,NGN,20,4,NG,web,retail,0
T00013118,F00510,519.38,NGN,20,10,NG,android,retail,0
T00015489,F00935,406.39,NGN,7,9,GB,ios,fuel,0
T00000189,F00099,1261.17,NGN,8,4,NG,web,travel,0
T00005938,F01049,123.87,NGN,7,10,NG,ios,digital,0
T00003350,F00275,214.75,NGN,0,5,NG,android,fuel,0
T00018026,F00824,3321.38,NGN,5,7,US,ios,food,0
T00004382,F00746,367.02,NGN,11,6,GB,ios,fuel,0
T00015341,F00424,2043.63,NGN,9,6,GB,ios,retail,0
T00001726,F01044,1082.64,NGN,7,11,GB,ios,travel,0
T00019946,F00206,1047.7,NGN,18,9,NG,ios,food,0
T00002858,F00030,225.95,NGN,23,12,NG,ios,digital,0
T00005986,F01166,1706.77,NGN,9,11,NG,ios,food,0
T00015208,F00483,517.28,NGN,14,8,NG,ios,digital,0
T00000109,F00947,360.78,NGN,3,12,NG,android,travel,1
T00005982,F01002,764.99,NGN,9,3,NG,web,travel,0
T00002023,F00576,326.11,NGN,6,12,GB,web,travel,0
T00015726,F00481,5557.78,NGN,3,8,NG,ios,food,0
T00000945,F00206,451.73,NGN,3,9,GH,web,fuel,1
T00015286,F00705,1576.89,NGN,0,6,US,web,fuel,0
T00017678,F00571,1167.49,NGN,17,10,US,android,retail,0
T00000251,F00006,782.7,NGN,8,1,US,android,digital,0
T00000944,F00978,223.68,NGN,11,5,NG,ios,food,0
T00015185,F01006,2438.26,NGN,12,3,US,web,food,0
T00009540,F00505,811.66,NGN,23,6,GH,android,food,0
T00004209,F00943,2719.27,NGN,19,5,NG,ios,travel,0
T00008775,F01004,497.46,NGN,8,9,GB,ios,digital,0
T00004081,F00576,1434.22,NGN,3,9,NG,ios,retail,0
T00003327,F00714,1290.72,NGN,16,10,GB,ios,fuel,0
T00007287,F00878,3422.34,NGN,6,12,NG,ios,digital,0
T00010858,F00847,455.48,NGN,4,11,GB,web,travel,0
T00013104,F00893,764.75,NGN,18,12,GH,web,digital,0
T00010574,F01136,2046.38,NGN,19,1,NG,android,food,0
T00008210,F00910,1111.01,NGN,7,11,US,android,electronics,1
T00017225,F00730,2896.55,NGN,22,2,GB,android,travel,0
T00004783,F00389,1022.85,NGN,20,6,US,android,travel,0
T00008015,F00804,479.09,NGN,12,1,NG,android,retail,0
T00003701,F00022,537.12,NGN,18,3,US,android,retail,0
T00001937,F01087,1980.33,NGN,20,3,NG,ios,fuel,0
T00010728,F00871,1731.16,NGN,16,7,US,ios,travel,0
T00008918,F00324,1920.38,NGN,9,1,NG,android,fuel,0
T00013245,F01117,1761.72,NGN,12,4,GH,ios,fuel,0
T00018176,F01180,3314.1,NGN,6,3,NG,android,digital,0
T00005446,F00484,2520.9,NGN,23,9,NG,android,electronics,0
T00000610,F01141,5497.88,NGN,19,5,NG,web,travel,0
T00016633,F00179,2216.67,NGN,21,1,US,web,electronics,0
T00018809,F00297,806.65,NGN,11,9,GH,web,food,0
T00011062,F00371,992.02,NGN,8,2,NG,android,digital,0
T00007853,F00913,4213.88,NGN,8,10,GH,android,digital,0
T00002662,F01057,382.54,NGN,14,3,US,android,electronics,0
T00005736,F00132,940.98,NGN,22,9,NG,web,food,0
T00012711,F00842,750.63,NGN,20,12,GB,ios,digital,0
T00003691,F00835,2371.24,NGN,20,1,US,web,fuel,0
T00011668,F00550,584.33,NGN,1,2,GB,web,digital,0
T00015654,F00144,2134.73,NGN,9,8,NG,ios,food,0
T00003054,F00202,485.09,NGN,11,1,NG,web,electronics,0
T00013513,F00453,1437.72,NGN,0,8,GB,web,travel,0
T00003673,F01169,815.09,NGN,8,11,NG,ios,travel,0
T00011271,F00108,432.97,NGN,18,6,US,android,digital,0
T00017286,F00834,3934.01,NGN,6,2,GB,ios,digital,0
T00019950,F00072,337.38,NGN,18,1,GB,ios,travel,0
T00015040,F00809,505.12,NGN,10,6,GH,web,retail,0
T00010348,F00207,501.7,NGN,17,2,NG,ios,electronics,0
T00007624,F00079,1060.46,NGN,14,3,GB,ios,food,0
T00007857,F00174,2070.64,NGN,20,12,US,android,travel,0
T00016604,F00925,1436.26,NGN,15,9,NG,web,fuel,0
T00014233,F00705,2731.08,NGN,22,11,NG,ios,travel,0
T00018005,F00197,1491.76,NGN,5,6,GB,web,fuel,0
T00006660,F00833,427.44,NGN,11,3,GH,android,travel,0
T00016356,F01109,861.7,NGN,15,3,NG,android,electronics,0
T00000334,F00572,490.73,NGN,6,10,NG,android,digital,0
T00006328,F00687,907.04,NGN,12,8,US,ios,food,0
T00019757,F00875,1093.35,NGN,4,9,NG,web,fuel,0
T00009469,F00142,599.0,NGN,18,2,US,android,retail,0
T00005373,F00794,389.78,NGN,23,2,US,ios,digital,0
T00009903,F00617,322.56,NGN,8,4,GB,web,fuel,0
T00006301,F00242,3141.53,NGN,15,10,NG,web,fuel,0
T00016943,F00114,802.61,NGN,11,7,NG,web,electronics,0
T00000506,F00353,92.39,NGN,7,12,NG,web,digital,0
T00016758,F00444,4265.42,NGN,0,7,GH,android,food,0
T00005975,F00283,448.5,NGN,16,7,NG,ios,fuel,0
T00009959,F01011,595.55,NGN,18,3,NG,android,food,0
T00008428,F00104,495.14,NGN,19,8,GB,web,electronics,0
T00017995,F00614,863.19,NGN,2,12,NG,android,fuel,1
T00019487,F00762,635.08,NGN,20,6,GH,web,electronics,0
T00005622,F00818,328.49,NGN,17,6,US,ios,electronics,0
T00018420,F00068,1542.26,NGN,1,12,GB,web,fuel,1
T00014712,F00563,343.81,NGN,10,5,NG,android,fuel,0
T00019898,F00453,1131.77,NGN,23,10,GB,ios,electronics,0
T00012868,F01122,1534.72,NGN,0,11,GH,android,fuel,0
T00011967,F00158,833.73,NGN,2,7,GH,web,digital,1
T00019172,F01182,371.14,NGN,1,7,GB,android,electronics,1
T00001379,F00493,6379.08,NGN,21,4,US,web,food,0
T00002870,F01121,6929.74,NGN,14,1,NG,android,fuel,0
T00013310,F00441,756.36,NGN,11,9,NG,ios,travel,0
T00013033,F00660,2390.23,NGN,13,9,GH,ios,digital,0
T00013622,F00027,5494.03,NGN,5,4,NG,android,food,0
T00008226,F00488,834.42,NGN,0,6,US,web,retail,0
T00011769,F00223,4158.9,NGN,0,1,US,android,digital,0
T00015382,F00673,2953.2,NGN,2,12,GB,web,electronics,1
T00011248,F00729,927.06,NGN,7,10,GB,web,retail,0
T00014035,F00466,710.9,NGN,23,4,NG,ios,fuel,0
T00014688,F00353,7753.12,NGN,5,3,GB,ios,retail,0
T00010372,F01111,299.41,NGN,14,11,US,web,digital,0
T00017577,F00121,3739.44,NGN,13,1,NG,android,retail,0
T00008801,F00143,2863.0,NGN,10,11,NG,web,electronics,0
T00005325,F00212,2190.73,NGN,18,9,NG,android,food,0
T00002245,F00183,4202.62,NGN,16,5,NG,ios,food,0
T00019240,F01048,3228.9,NGN,4,8,US,ios,digital,1
T00011718,F01126,1968.4,NGN,20,10,NG,ios,retail,0
T00007990,F00701,490.34,NGN,2,7,NG,web,food,0
T00005442,F00211,492.09,NGN,23,9,GB,web,electronics,0
T00000725,F00195,2313.34,NGN,19,5,NG,android,food,0
T00003991,F00212,12323.53,NGN,1,12,NG,android,travel,0
T00003714,F00806,2928.02,NGN,12,2,NG,ios,fuel,0
T00007257,F01179,2221.8,NGN,17,12,NG,ios,travel,0
T00001253,F01143,2288.8,NGN,12,2,GH,ios,retail,0
T00004525,F00872,1551.19,NGN,22,12,US,ios,retail,0
T00005195,F00508,1336.82,NGN,19,7,NG,web,travel,0
T00019657,F00699,1547.09,NGN,20,8,NG,android,retail,0
T00002236,F00784,1295.23,NGN,20,5,NG,ios,food,0
T00017487,F00368,677.81,NGN,20,4,GB,ios,digital,0
T00018286,F00253,1355.95,NGN,10,6,NG,android,electronics,0
T00009188,F00144,790.68,NGN,23,4,GH,android,electronics,0
T00006523,F00341,641.99,NGN,13,8,NG,ios,food,0
T00010904,F00589,4540.99,NGN,18,8,GH,android,retail,0
T00019359,F00394,993.01,NGN,21,11,NG,ios,digital,0
T00011226,F00926,1348.77,NGN,9,8,NG,ios,retail,0
T00011669,F00674,117.19,NGN,12,2,NG,ios,travel,0
T00007822,F00102,733.2,NGN,17,3,GH,android,travel,0
T00008768,F00431,563.68,NGN,22,10,GB,ios,food,0
T00005185,F00904,7006.52,NGN,17,4,GB,android,travel,0
T00010791,F00545,795.67,NGN,22,3,GH,web,retail,0
T00010793,F00226,1169.02,NGN,7,7,NG,web,travel,0
T00001613,F00273,890.6,NGN,13,11,NG,ios,retail,0
T00000292,F00639,577.61,NGN,10,7,US,web,digital,0
T00006415,F01118,138.31,NGN,9,2,US,android,retail,0
T00014238,F00468,176.74,NGN,12,3,GB,ios,fuel,0
T00019642,F00504,6279.26,NGN,23,6,NG,web,fuel,0
T00001927,F00280,1521.03,NGN,2,2,GB,web,fuel,0
T00013190,F00277,425.53,NGN,1,11,GH,ios,travel,0
T00009527,F00830,3578.95,NGN,6,9,NG,web,travel,0
T00018499,F00034,798.17,NGN,11,7,US,ios,electronics,0
T00008299,F00830,1561.64,NGN,3,5,US,web,retail,0
T00010205,F00202,1386.04,NGN,22,12,NG,web,fuel,0
T00019557,F00611,3301.86,NGN,6,10,NG,android,electronics,0
T00018172,F00953,1371.37,NGN,18,12,NG,web,digital,0
T00011903,F00220,626.06,NGN,0,5,NG,web,travel,0
T00000376,F00321,1648.35,NGN,18,5,US,android,electronics,0
T00000894,F00551,2455.67,NGN,0,10,NG,ios,fuel,0
T00009738,F00271,1340.9,NGN,11,3,GH,ios,digital,0
T00003811,F00139,1921.48,NGN,9,6,NG,android,digital,0
T00002884,F00501,1376.88,NGN,10,11,GH,android,electronics,0
T00011760,F01164,4481.67,NGN,19,4,NG,android,digital,0
T00017914,F00342,1033.58,NGN,8,7,NG,web,electronics,0
T00004226,F00917,4771.53,NGN,20,3,US,web,food,0
T00003672,F00563,1073.75,NGN,12,12,NG,android,electronics,0
T00019869,F00039,844.15,NGN,11,11,US,web,digital,0
T00014361,F00331,2666.46,NGN,11,2,NG,android,electronics,0
T00006040,F00941,1485.33,NGN,14,11,NG,android,digital,0
T00018862,F00103,1273.63,NGN,10,3,NG,ios,food,0
T00008333,F00151,675.78,NGN,13,6,NG,android,travel,0
T00009910,F00549,1530.95,NGN,3,2,NG,android,digital,0
T00010296,F00627,4429.24,NGN,19,8,NG,web,fuel,0
T00006734,F01115,2872.18,NGN,22,8,GH,ios,fuel,0
T00015581,F00849,1922.59,NGN,13,10,NG,android,fuel,0
T00015193,F00262,2020.46,NGN,22,5,NG,android,fuel,0
T00019085,F00628,1881.34,NGN,20,8,NG,android,retail,0
T00007638,F00564,245.6,NGN,22,9,NG,web,digital,0
T00019747,F01186,2906.44,NGN,3,4,NG,ios,retail,0
T00017255,F00275,1936.5,NGN,5,3,GB,android,fuel,0
T00010274,F00081,3711.18,NGN,19,6,NG,web,travel,0
T00009290,F00021,772.22,NGN,23,1,NG,ios,digital,0
T00003885,F01160,1203.05,NGN,17,6,US,ios,retail,0
T00011745,F01033,430.48,NGN,17,9,GB,web,travel,0
T00000492,F01193,4276.84,NGN,23,12,GB,ios,food,0
T00019076,F00547,294.0,NGN,22,12,NG,android,travel,0
T00017795,F01007,797.48,NGN,7,7,GH,android,travel,0
T00018443,F00454,674.49,NGN,11,2,NG,android,digital,0
T00003969,F00334,392.35,NGN,10,2,US,ios,food,0
T00015347,F01141,8504.95,NGN,14,5,GH,web,electronics,0
T00006482,F00582,373.26,NGN,10,5,GB,ios,retail,0
T00000270,F00819,406.61,NGN,1,5,GB,android,electronics,0
T00004054,F00756,344.5,NGN,13,11,GB,ios,fuel,0
T00006047,F00767,4928.42,NGN,10,11,GH,android,retail,0
T00001027,F01112,515.53,NGN,16,1,NG,android,travel,0
T00015271,F01162,621.81,NGN,2,7,NG,android,retail,0
T00007902,F00981,983.74,NGN,17,11,US,android,retail,0
T00004115,F00827,683.51,NGN,6,11,GB,web,food,0
T00005168,F00010,2329.84,NGN,23,1,GH,android,digital,0
T00002725,F00395,998.17,NGN,11,7,NG,android,electronics,0
T00009349,F00048,4182.59,NGN,8,4,NG,android,digital,1
T00004317,F00722,398.01,NGN,8,11,NG,android,retail,0
T00005939,F01095,1242.19,NGN,20,10,GH,ios,digital,0
T00015487,F00179,3147.18,NGN,16,6,NG,web,food,0
T00002553,F00548,2343.05,NGN,13,8,NG,web,digital,0
T00000948,F00406,1367.57,NGN,1,3,GB,web,retail,0
T00002669,F00314,3688.7,NGN,10,12,NG,android,retail,0
T00017612,F00439,2230.51,NGN,18,4,NG,android,food,0
T00018380,F00346,5675.88,NGN,3,6,NG,ios,food,0
T00009250,F00792,308.73,NGN,0,2,NG,web,electronics,0
T00013037,F00947,255.59,NGN,18,3,GH,ios,retail,0
T00018851,F00936,2137.66,NGN,8,4,NG,android,travel,0
T00019027,F00816,1019.7,NGN,20,10,GH,android,food,0
T00002349,F00127,1010.25,NGN,6,10,NG,ios,fuel,1
T00001865,F00754,1167.17,NGN,20,10,NG,ios,fuel,0
T00009329,F00753,3008.22,NGN,19,4,GB,web,travel,0
T00002329,F01173,990.88,NGN,22,12,GB,web,food,0
T00018483,F00415,110.08,NGN,19,12,NG,web,retail,0
T00009159,F00394,1648.6,NGN,14,2,GB,web,food,0
T00019614,F00236,5295.04,NGN,16,4,NG,ios,fuel,0
T00000940,F00790,1433.27,NGN,11,11,NG,android,electronics,0
T00010099,F00124,517.68,NGN,8,3,GH,ios,food,0
T00018849,F00067,412.34,NGN,11,4,NG,web,travel,0
T00009169,F00997,969.27,NGN,16,10,GB,ios,electronics,0
T00009583,F00287,545.85,NGN,20,1,NG,web,travel,0
T00017169,F01084,270.89,NGN,7,7,NG,ios,food,0
T00001950,F00292,2149.58,NGN,11,11,NG,web,food,0
T00002274,F00029,1503.99,NGN,21,5,NG,android,electronics,0
T00007465,F00586,971.99,NGN,7,7,NG,ios,digital,0
T00011527,F00676,432.51,NGN,10,5,NG,web,digital,0
T00001225,F00032,432.57,NGN,15,9,GB,ios,retail,0
T00006606,F00713,273.81,NGN,1,2,GB,ios,digital,0
T00011824,F00421,982.54,NGN,1,11,NG,web,electronics,1
T00013277,F00227,2847.29,NGN,21,8,NG,android,electronics,0
T00007820,F00532,790.99,NGN,10,9,NG,web,retail,1
T00006461,F00825,1439.37,NGN,0,11,GB,ios,electronics,0
T00017611,F00159,1017.88,NGN,6,9,US,web,travel,0
T00011100,F00595,1904.19,NGN,6,5,NG,android,electronics,0
T00014513,F00023,500.77,NGN,23,10,GB,android,electronics,0
T00002124,F01107,814.27,NGN,9,6,GH,ios,retail,0
T00019749,F00617,4251.26,NGN,1,6,NG,web,travel,1
T00014581,F00881,491.97,NGN,6,10,US,ios,digital,0
T00007208,F01114,695.6,NGN,23,4,US,android,travel,0
T00001302,F00114,886.38,NGN,14,6,NG,android,retail,0
T00010906,F01037,1306.4,NGN,6,8,NG,web,digital,0
T00002087,F01015,747.33,NGN,20,4,NG,web,retail,0
T00018802,F00746,1460.5,NGN,20,11,US,android,travel,0
T00002033,F00936,226.3,NGN,10,2,NG,web,food,0
T00003134,F01112,1931.74,NGN,7,4,NG,ios,travel,0
T00015980,F01040,1872.62,NGN,20,7,NG,web,electronics,0
T00005125,F00715,561.9,NGN,5,10,NG,android,travel,0
T00006404,F00124,2142.12,NGN,14,10,NG,ios,fuel,0
T00002514,F00548,2080.7,NGN,0,5,US,ios,digital,0
T00005971,F00790,213.68,NGN,18,10,NG,web,retail,0
T00013326,F01080,660.91,NGN,14,6,GB,ios,electronics,0
T00005007,F00726,2888.75,NGN,20,5,NG,android,fuel,0
T00015350,F00571,2727.96,NGN,6,5,NG,android,retail,0
T00006852,F00555,872.64,NGN,6,8,GB,web,food,0
T00004432,F00049,2673.5,NGN,0,9,US,android,fuel,0
T00014313,F00186,404.64,NGN,0,11,NG,android,digital,0
T00005390,F00025,762.41,NGN,14,4,US,web,food,0
T00013144,F01051,1238.78,NGN,19,8,NG,web,retail,0
T00015511,F00714,3236.99,NGN,15,7,NG,android,food,0
T00018575,F00483,2080.16,NGN,9,2,NG,android,food,0
T00014556,F00219,3248.23,NGN,14,7,NG,web,retail,0
T00013453,F00873,558.15,NGN,7,9,GH,android,electronics,0
T00007443,F00644,556.23,NGN,4,9,NG,android,retail,1
T00004067,F00610,2598.89,NGN,21,11,GH,android,digital,0
T00000359,F00213,962.06,NGN,12,3,NG,web,electronics,0
T00001984,F00875,2831.73,NGN,23,6,NG,ios,digital,0
T00008392,F00884,1504.92,NGN,3,6,GH,ios,fuel,1
T00014679,F00339,278.87,NGN,19,9,NG,ios,digital,0
T00001450,F00800,434.49,NGN,20,10,GH,ios,retail,0
T00000134,F00078,891.46,NGN,2,1,NG,android,retail,0
T00001349,F00109,418.14,NGN,22,7,GB,ios,digital,0
T00011233,F00994,2728.26,NGN,23,5,NG,web,retail,0
T00013395,F01162,3052.34,NGN,6,7,GB,android,retail,0
T00011813,F01122,306.31,NGN,11,10,US,ios,food,0
T00012378,F00442,563.0,NGN,4,3,NG,web,electronics,0
T00018962,F00587,702.45,NGN,4,7,US,ios,retail,1
T00003863,F00560,747.51,NGN,11,10,US,web,digital,0
T00016720,F00786,1971.08,NGN,2,11,GB,ios,food,0
T00001535,F00054,1095.91,NGN,22,6,NG,web,electronics,0
T00007389,F00719,699.05,NGN,23,6,NG,web,fuel,0
T00007191,F00082,684.79,NGN,19,7,GH,android,fuel,0
T00011403,F00561,9054.02,NGN,2,10,NG,ios,travel,0
T00003119,F00283,1039.66,NGN,1,5,NG,android,electronics,0
T00003949,F00850,5254.44,NGN,18,11,NG,ios,electronics,0
T00010748,F00601,642.99,NGN,6,7,GB,android,food,0
T00011227,F00885,129.15,NGN,8,4,GB,android,retail,1
T00011163,F00468,1587.5,NGN,5,11,NG,ios,retail,0
T00018078,F01173,567.23,NGN,19,2,US,android,retail,0
T00002977,F00407,5833.24,NGN,14,12,NG,ios,retail,0
T00007799,F00592,836.25,NGN,15,4,US,android,food,0
T00019513,F00100,939.91,NGN,17,12,GH,android,retail,0
T00012040,F00310,1294.08,NGN,11,5,NG,ios,fuel,1
T00008175,F00080,1385.58,NGN,2,11,NG,android,food,1
T00005528,F00268,4387.71,NGN,9,10,GH,ios,fuel,0
T00010925,F00784,1979.4,NGN,11,9,NG,android,retail,0
T00018523,F00819,930.34,NGN,3,11,NG,web,fuel,1
T00013126,F01099,341.32,NGN,6,6,NG,ios,food,0
T00012306,F00965,313.85,NGN,18,3,NG,ios,fuel,0
T00011699,F00950,574.71,NGN,22,5,NG,ios,electronics,1
T00001694,F00311,293.22,NGN,13,5,NG,android,food,0
T00018981,F00362,530.89,NGN,8,7,NG,android,travel,0
T00016665,F00767,3294.03,NGN,14,7,NG,android,food,0
T00006329,F00010,1972.55,NGN,13,11,US,web,digital,0
T00005989,F00248,797.87,NGN,7,7,US,web,fuel,0
T00007346,F00053,2389.34,NGN,9,3,US,web,food,0
T00014632,F00200,1071.03,NGN,5,8,US,web,travel,0
T00009346,F00933,1512.4,NGN,2,5,NG,ios,retail,0
T00013991,F00018,631.5,NGN,5,11,US,android,travel,0
T00011993,F00164,1152.35,NGN,22,12,NG,web,digital,0
T00016463,F00846,5109.6,NGN,0,2,NG,web,digital,0
T00018895,F00820,196.3,NGN,22,3,US,android,digital,0
T00009224,F01163,593.05,NGN,0,5,NG,web,digital,0
T00003929,F00692,1652.71,NGN,18,9,NG,android,fuel,0
T00010564,F00883,738.95,NGN,8,1,NG,ios,food,0
T00016375,F00737,972.07,NGN,3,3,NG,ios,digital,0
T00011895,F01077,745.87,NGN,13,4,US,android,retail,0
T00009424,F00646,300.39,NGN,8,11,NG,ios,retail,0
T00017906,F01011,477.49,NGN,11,5,GB,ios,digital,0
T00006136,F00527,1059.66,NGN,15,5,NG,android,food,0
T00016134,F00981,752.91,NGN,0,2,GH,android,digital,0
T00016448,F01072,1074.51,NGN,1,5,NG,android,fuel,0
T00008345,F00794,307.68,NGN,12,1,NG,android,digital,0
T00005619,F00375,241.01,NGN,16,2,NG,android,retail,0
T00006076,F00237,1574.52,NGN,12,2,GB,ios,food,0
T00012324,F01198,657.85,NGN,6,2,GH,ios,fuel,0
T00012087,F00402,2055.29,NGN,7,12,GB,android,travel,1
T00008189,F01051,300.2,NGN,20,3,NG,web,digital,0
T00009569,F00070,1799.13,NGN,18,8,US,ios,electronics,0
T00019526,F01197,2756.67,NGN,13,12,GB,web,fuel,0
T00018557,F01068,308.44,NGN,23,5,US,web,retail,0
T00006702,F00986,273.01,NGN,13,3,NG,ios,digital,0
T00007491,F00930,9862.75,NGN,7,2,GB,web,retail,0
T00000476,F00783,293.86,NGN,9,6,NG,ios,digital,0
T00004601,F00875,1635.65,NGN,11,7,NG,ios,food,0
T00019782,F00958,874.39,NGN,4,1,NG,web,retail,0
T00017660,F00543,1946.54,NGN,20,2,US,android,fuel,0
T00007217,F00242,2349.06,NGN,1,7,US,android,retail,0
T00000073,F00336,1136.9,NGN,14,4,NG,ios,electronics,0
T00013583,F01058,883.39,NGN,21,1,GH,android,digital,1
T00007886,F01022,283.18,NGN,13,1,NG,android,travel,0
T00018249,F00805,1967.19,NGN,12,1,NG,web,digital,1
T00005535,F00098,743.41,NGN,8,4,NG,web,travel,0
T00010389,F00490,2256.32,NGN,0,5,GB,android,electronics,0
T00011449,F00375,1036.22,NGN,11,1,GB,android,travel,0
T00006621,F00231,1207.06,NGN,19,8,GH,web,electronics,0
T00004559,F00021,2048.27,NGN,15,10,GH,ios,fuel,0
T00004617,F00997,450.58,NGN,11,6,NG,android,fuel,0
T00016990,F00294,1478.57,NGN,0,3,GB,web,food,0
T00007377,F00550,636.4,NGN,12,10,US,web,digital,0
T00016983,F00731,793.51,NGN,15,5,NG,android,travel,0
T00000199,F00005,183.74,NGN,21,1,GB,ios,electronics,0
T00013662,F00146,4531.77,NGN,9,7,NG,android,fuel,0
T00018512,F00710,767.17,NGN,9,4,NG,ios,travel,0
T00015943,F00250,552.65,NGN,16,1,NG,android,digital,0
T00014610,F00219,415.52,NGN,17,10,NG,android,fuel,0
T00001391,F00232,521.28,NGN,13,9,NG,ios,retail,0
T00013029,F00696,1221.28,NGN,16,6,GH,ios,travel,0
T00006209,F01015,1033.14,NGN,20,7,GB,ios,fuel,0
T00019892,F00737,1596.17,NGN,16,12,GH,ios,electronics,0
T00017006,F01155,2240.58,NGN,11,6,GB,ios,fuel,0
T00012362,F00366,1149.52,NGN,21,12,GB,android,travel,0
T00016974,F00996,616.2,NGN,16,11,GH,android,retail,0
T00009948,F01033,2260.55,NGN,1,2,US,ios,electronics,0
T00003250,F01010,3561.43,NGN,15,5,US,web,travel,0
T00006467,F00330,1593.44,NGN,22,4,NG,web,travel,0
T00009278,F00329,1280.66,NGN,19,5,NG,ios,electronics,0
T00000955,F00625,3695.36,NGN,19,6,NG,web,retail,0
T00004500,F00184,750.18,NGN,16,12,US,ios,electronics,0
T00014263,F00061,848.45,NGN,11,9,GH,android,travel,0
T00003699,F00263,1754.46,NGN,11,4,NG,android,retail,0
T00001310,F01037,694.07,NGN,4,2,NG,web,travel,0
T00008460,F00560,963.38,NGN,3,8,NG,web,digital,0
T00019123,F00684,1348.38,NGN,8,8,NG,ios,retail,0
T00015052,F01034,296.55,NGN,16,8,GH,web,retail,0
T00012661,F01191,456.22,NGN,11,10,NG,web,digital,0
T00006032,F00814,186.6,NGN,6,3,NG,web,retail,0
T00012218,F00769,194.81,NGN,21,12,NG,ios,food,0
T00008125,F00878,449.02,NGN,19,7,NG,web,food,0
T00002376,F01017,369.26,NGN,15,9,NG,android,food,0
T00009874,F00336,1796.77,NGN,11,10,GB,web,digital,0
T00000374,F00013,718.29,NGN,4,9,GH,android,fuel,1
T00008402,F00843,2627.15,NGN,8,12,US,web,electronics,0
T00019660,F00264,301.51,NGN,5,4,NG,web,food,0
T00017523,F00417,2386.31,NGN,22,6,GH,ios,travel,0
T00002913,F00119,1118.05,NGN,8,7,GH,ios,fuel,0
T00002856,F00570,2074.48,NGN,9,5,NG,ios,digital,0
T00018723,F00510,5979.97,NGN,4,1,US,web,food,0
T00004853,F00138,1016.91,NGN,23,8,NG,web,electronics,0
T00019594,F00598,885.7,NGN,4,7,NG,web,retail,1
T00016903,F00016,1796.79,NGN,7,2,NG,ios,fuel,0
T00008510,F00037,499.12,NGN,4,3,NG,ios,food,0
T00005017,F00418,802.54,NGN,2,5,NG,ios,retail,0
T00018495,F00325,1086.94,NGN,7,9,NG,ios,travel,0
T00018980,F00357,2814.33,NGN,7,3,NG,ios,retail,0
T00013061,F00032,16184.41,NGN,18,2,NG,web,travel,0
T00017270,F00375,1377.21,NGN,10,11,NG,web,digital,0
T00010399,F00737,1607.48,NGN,16,6,GH,android,retail,0
T00016090,F00333,181.45,NGN,14,1,NG,web,fuel,0
T00003132,F00054,1129.0,NGN,3,3,NG,android,digital,0
T00007305,F00523,877.33,NGN,20,1,NG,android,retail,0
T00003097,F00740,537.8,NGN,9,10,NG,ios,food,0
T00008954,F00356,1648.08,NGN,7,1,GH,ios,retail,0
T00018324,F00932,399.6,NGN,20,12,US,android,digital,0
T00011083,F01098,9832.8,NGN,23,8,US,web,fuel,0
T00013497,F00153,679.36,NGN,19,7,GB,android,food,0
T00004838,F00120,753.32,NGN,22,7,US,ios,food,0
T00006010,F00881,260.43,NGN,19,7,NG,ios,food,0
T00011356,F00890,1911.52,NGN,2,12,US,android,electronics,1
T00015041,F00615,3854.7,NGN,18,8,GB,android,travel,1
T00005934,F01080,2125.78,NGN,0,4,US,web,travel,0
T00009552,F00415,932.82,NGN,14,8,NG,ios,digital,0
T00001741,F01001,8762.9,NGN,3,3,US,ios,digital,0
T00006297,F00002,2155.33,NGN,14,1,GB,ios,food,0
T00019214,F00390,607.57,NGN,9,9,GH,android,digital,0
T00017291,F00064,487.32,NGN,16,8,NG,android,retail,0
T00016986,F00958,1443.42,NGN,4,4,NG,web,electronics,0
T00015864,F01006,685.79,NGN,14,9,GH,web,fuel,0
T00008364,F00142,943.29,NGN,7,1,US,android,retail,0
T00000744,F00483,715.88,NGN,14,5,NG,ios,food,0
T00003421,F00871,145.75,NGN,12,4,NG,web,retail,0
T00004341,F00169,1215.14,NGN,1,4,NG,ios,fuel,0
T00012416,F01054,2395.69,NGN,6,12,GH,ios,electronics,0
T00002887,F01038,3781.14,NGN,0,6,NG,android,digital,0
T00001802,F00460,2113.34,NGN,23,6,NG,web,fuel,0
T00006599,F01090,487.07,NGN,15,9,NG,ios,fuel,0
T00003290,F00224,222.95,NGN,21,8,NG,web,fuel,0
T00011107,F00321,244.12,NGN,16,10,NG,web,food,0
T00002076,F00989,512.01,NGN,15,6,NG,web,fuel,0
T00010436,F00542,5383.12,NGN,3,9,US,ios,food,1
T00008610,F00020,3743.04,NGN,13,10,NG,web,travel,0
T00017189,F00568,1901.43,NGN,15,4,NG,ios,retail,0
T00019086,F00077,654.7,NGN,14,8,GB,ios,electronics,0
T00011217,F00205,3184.56,NGN,22,1,NG,web,retail,0
T00009734,F00202,1005.3,NGN,11,8,US,ios,electronics,0
T00002423,F00838,776.27,NGN,6,3,GH,android,food,0
T00005467,F00523,2489.6,NGN,0,7,US,web,food,0
T00005066,F00747,3327.41,NGN,11,12,US,web,travel,0
T00006856,F00444,908.63,NGN,20,10,GH,ios,food,1
T00011355,F00553,795.21,NGN,2,11,NG,ios,travel,0
T00015584,F01020,1173.39,NGN,16,8,NG,android,food,0
T00019771,F00374,1204.67,NGN,19,9,NG,android,food,0
T00018163,F00424,1481.91,NGN,12,9,GH,android,travel,0
T00011172,F00230,3927.84,NGN,4,11,NG,android,food,1
T00006957,F01087,1147.38,NGN,13,7,GH,ios,electronics,0
T00005682,F00813,668.65,NGN,0,1,GH,web,digital,0
T00005421,F00087,514.64,NGN,23,11,GH,android,food,0
T00007618,F00021,262.33,NGN,20,8,GH,web,retail,0
T00018964,F01005,3214.15,NGN,23,1,US,android,travel,0
T00004873,F00833,327.39,NGN,18,12,GB,ios,digital,0
T00009836,F00624,886.61,NGN,18,4,GB,android,retail,0
T00004113,F00405,1770.48,NGN,3,10,US,web,digital,1
T00019736,F00941,2945.57,NGN,10,12,NG,ios,retail,0
T00007889,F01160,538.86,NGN,22,9,US,web,retail,0
T00016730,F00301,832.76,NGN,21,2,NG,android,digital,0
T00018562,F00579,704.61,NGN,9,10,NG,android,food,0
T00005171,F00276,1959.62,NGN,12,1,US,ios,fuel,0
T00005820,F00361,884.63,NGN,13,10,NG,android,food,0
T00005098,F01165,3399.08,NGN,10,3,NG,android,fuel,0
T00014960,F00313,670.35,NGN,5,2,GB,ios,electronics,0
T00019798,F00543,3409.17,NGN,17,1,GB,android,digital,0
T00008058,F01034,1817.12,NGN,18,10,NG,ios,electronics,0
T00018311,F00611,596.26,NGN,3,5,US,ios,food,0
T00011931,F00442,332.34,NGN,21,7,US,android,retail,0
T00000245,F00226,3137.27,NGN,22,12,GH,ios,travel,0
T00002324,F00323,206.07,NGN,10,3,US,web,retail,0
T00013449,F00381,2269.77,NGN,3,6,NG,web,fuel,1
T00003957,F01135,1186.57,NGN,14,4,GB,web,electronics,0
T00005309,F01075,1151.86,NGN,15,2,NG,android,food,0
T00019634,F00400,1090.48,NGN,1,10,US,android,retail,1
T00006975,F00107,3579.93,NGN,0,4,GH,android,electronics,0
T00003457,F00600,2458.44,NGN,12,8,US,ios,travel,0
T00018681,F00762,370.02,NGN,15,9,GH,web,food,0
T00019793,F00222,189.11,NGN,6,11,US,ios,digital,0
T00009421,F00456,1408.21,NGN,22,1,NG,ios,travel,0
T00014024,F00824,565.88,NGN,6,10,GB,web,fuel,0
T00013258,F00613,2465.96,NGN,5,12,NG,web,electronics,0
T00006332,F00900,344.4,NGN,10,6,GB,ios,retail,0
T00000265,F00483,677.8,NGN,5,7,NG,android,travel,0
T00013962,F00518,1294.95,NGN,11,9,NG,ios,food,0
T00009754,F00010,824.33,NGN,13,12,US,ios,electronics,0
T00014780,F00503,1362.15,NGN,22,4,NG,ios,food,0
T00007780,F00687,2120.97,NGN,8,12,NG,android,travel,0
T00012991,F01189,4468.81,NGN,0,6,GB,ios,electronics,0
T00016439,F00415,1848.21,NGN,23,8,NG,ios,electronics,0
T00014479,F00090,1258.95,NGN,18,8,GH,ios,food,0
T00004528,F00415,848.48,NGN,17,6,US,android,retail,0
T00010158,F00422,821.67,NGN,18,11,GB,web,fuel,0
T00007922,F01131,4693.6,NGN,20,3,GB,ios,retail,0
T00015892,F00133,967.54,NGN,16,6,NG,web,fuel,0
T00017316,F01028,2108.99,NGN,5,11,NG,ios,travel,0
T00003315,F00949,1602.77,NGN,9,3,GH,ios,fuel,0
T00015064,F01099,2308.23,NGN,12,4,US,web,fuel,0
T00006378,F00320,935.72,NGN,3,9,NG,ios,digital,1
T00008984,F00865,1127.26,NGN,6,8,NG,android,food,0
T00000843,F00204,647.62,NGN,11,2,NG,android,electronics,0
T00015114,F00020,2353.35,NGN,12,6,GH,android,digital,0
T00008493,F00414,836.43,NGN,2,7,GH,android,retail,1
T00011331,F00681,1374.01,NGN,19,8,NG,android,food,0
T00018367,F01102,140.15,NGN,4,7,GB,ios,travel,0
T00006538,F01137,3148.64,NGN,22,11,GB,ios,retail,0
T00001359,F00920,5346.84,NGN,11,6,NG,ios,retail,0
T00017252,F01190,1084.05,NGN,4,11,US,android,retail,1
T00001935,F00438,1707.8,NGN,21,11,GH,web,retail,0
T00006918,F00710,757.65,NGN,21,3,NG,android,retail,0
T00002818,F01176,776.19,NGN,7,12,GB,web,digital,0
T00017430,F00162,1191.02,NGN,17,7,US,web,retail,0
T00008909,F00773,305.65,NGN,13,8,NG,web,fuel,0
T00002074,F00403,2223.59,NGN,5,3,NG,web,electronics,0
T00005756,F01151,3136.85,NGN,19,4,GB,web,retail,0
T00006253,F00195,2943.8,NGN,7,9,GH,web,food,0
T00016635,F01017,1332.06,NGN,19,10,NG,ios,food,0
T00011749,F00647,603.21,NGN,11,2,NG,web,food,0
T00016363,F00683,737.91,NGN,5,7,GH,web,electronics,0
T00000773,F00097,1107.11,NGN,17,1,NG,web,fuel,0
T00008907,F00676,514.98,NGN,3,4,NG,web,fuel,0
T00015081,F00776,422.3,NGN,15,1,NG,android,travel,0
T00001575,F00513,133.75,NGN,7,3,NG,web,retail,0
T00012626,F00666,1108.9,NGN,6,2,GH,android,retail,0
T00017356,F00561,2457.4,NGN,20,1,US,ios,retail,0
T00003367,F00920,5825.06,NGN,10,12,NG,ios,travel,0
T00011448,F00082,2559.95,NGN,4,10,US,web,food,0
T00008337,F00279,2551.37,NGN,5,8,NG,android,retail,0
T00012292,F00441,2942.31,NGN,2,10,GB,web,retail,1
T00004078,F01198,387.62,NGN,0,7,NG,web,digital,0
T00005770,F00385,490.54,NGN,2,2,NG,ios,food,0
T00019697,F00172,1664.75,NGN,5,12,GB,ios,electronics,0
T00001957,F00504,2211.0,NGN,19,5,GB,android,electronics,0
T00009171,F00678,700.85,NGN,18,9,NG,web,retail,0
T00009400,F00524,715.59,NGN,17,10,NG,ios,retail,0
T00012264,F00630,474.79,NGN,2,6,NG,ios,electronics,0
T00015133,F01056,719.82,NGN,19,9,GB,android,food,0
T00008827,F00943,1751.66,NGN,2,4,NG,android,retail,0
T00003721,F01069,647.93,NGN,20,3,NG,android,electronics,0
T00002398,F00172,589.53,NGN,9,7,NG,ios,retail,0
T00016885,F00085,1974.16,NGN,6,2,NG,android,food,0
T00003653,F00610,3220.53,NGN,17,5,NG,web,digital,0
T00009296,F00545,3577.54,NGN,7,11,NG,ios,retail,0
T00002727,F00924,467.26,NGN,14,5,NG,ios,food,0
T00002293,F01031,4374.71,NGN,2,4,NG,android,electronics,0
T00010971,F01060,1906.01,NGN,17,3,GB,web,electronics,0
T00009598,F00982,183.87,NGN,2,8,US,web,food,1
T00015451,F00456,3897.22,NGN,16,5,US,ios,food,0
T00011979,F00626,3378.96,NGN,11,12,NG,web,food,0
T00006399,F01124,1224.6,NGN,19,4,NG,android,fuel,0
T00009248,F00393,808.35,NGN,21,5,GB,android,retail,0
T00003456,F01074,3454.1,NGN,0,3,GB,android,digital,0
T00004206,F01073,349.58,NGN,9,9,NG,android,food,0
T00001495,F00112,508.02,NGN,2,2,NG,web,food,0
T00004849,F00748,1658.02,NGN,0,9,NG,web,electronics,0
T00009624,F00519,676.77,NGN,12,4,NG,web,retail,0
T00004318,F01024,728.42,NGN,21,11,NG,android,travel,0
T00019921,F00644,136.8,NGN,13,2,NG,android,electronics,0
T00016433,F01118,1515.25,NGN,13,11,NG,ios,electronics,0
T00016108,F00381,1148.23,NGN,8,1,NG,android,electronics,0
T00004449,F00031,1242.07,NGN,22,5,US,android,fuel,0
T00005948,F00227,1307.61,NGN,3,2,NG,android,travel,0
T00005739,F00402,705.97,NGN,19,6,GB,web,fuel,0
T00014260,F00437,307.75,NGN,19,6,US,android,travel,0
T00014271,F00741,1590.4,NGN,6,3,GH,android,electronics,0
T00012684,F00985,715.14,NGN,13,2,NG,android,electronics,0
T00002034,F00603,2755.26,NGN,8,12,NG,android,travel,0
T00001837,F00004,1590.5,NGN,20,5,NG,ios,retail,0
T00000071,F01133,92.7,NGN,15,7,GB,ios,fuel,0
T00006039,F00309,939.0,NGN,14,2,GB,web,fuel,0
T00017030,F00397,628.34,NGN,4,7,GB,web,electronics,1
T00000267,F00177,1028.92,NGN,11,10,GB,ios,travel,0
T00017233,F00680,624.74,NGN,20,6,US,android,electronics,0
T00015872,F00771,1185.71,NGN,19,7,GB,android,fuel,0
T00018128,F00882,1183.38,NGN,22,1,NG,android,electronics,0
T00008263,F00549,17935.99,NGN,18,7,US,web,travel,0
T00008872,F00438,282.78,NGN,18,8,NG,android,retail,0
T00006203,F00020,2604.72,NGN,10,10,NG,android,food,0
T00001136,F00479,899.29,NGN,0,12,GB,ios,travel,0
T00006900,F00830,2296.17,NGN,2,12,GH,android,food,1
T00018724,F00276,1038.73,NGN,7,7,GH,android,fuel,0
T00009858,F01001,632.74,NGN,3,1,NG,android,electronics,0
T00009356,F00151,315.37,NGN,12,4,GB,web,electronics,0
T00013149,F00150,3570.27,NGN,6,8,GB,android,digital,0
T00018912,F00932,1110.08,NGN,9,7,NG,ios,retail,0
T00017524,F00589,542.85,NGN,14,12,GB,web,food,0
T00013912,F00045,655.67,NGN,0,2,US,android,food,0
T00004151,F00458,2344.07,NGN,23,3,NG,android,electronics,0
T00011859,F00232,5037.06,NGN,19,9,GH,android,food,0
T00004982,F01196,2898.34,NGN,10,3,NG,ios,retail,0
T00000515,F00355,1409.29,NGN,22,9,US,web,digital,0
T00014378,F01057,774.05,NGN,6,5,GH,android,travel,0
T00014440,F00098,1125.52,NGN,2,12,NG,android,electronics,1
T00013152,F00668,434.32,NGN,18,5,GH,web,electronics,0
T00000868,F00572,1696.08,NGN,6,10,GB,android,retail,0
T00019964,F00085,2560.66,NGN,11,1,NG,android,food,0
T00014948,F00732,4018.25,NGN,1,11,US,web,electronics,1
T00002851,F00024,6402.4,NGN,23,5,NG,ios,digital,0
T00015890,F00243,1757.05,NGN,6,6,NG,ios,travel,0
T00009228,F00344,233.8,NGN,23,2,NG,android,digital,0
T00014222,F00431,120.29,NGN,20,8,NG,android,electronics,0
T00005454,F00627,1303.18,NGN,3,6,NG,android,electronics,1
T00002846,F01171,4541.05,NGN,0,6,NG,android,retail,1
T00014963,F00071,340.58,NGN,17,7,NG,ios,food,0
T00013607,F00160,871.25,NGN,20,11,GH,web,fuel,0
T00016122,F01059,103.28,NGN,8,8,US,android,retail,0
T00003425,F00031,715.86,NGN,14,4,NG,web,retail,0
T00010780,F00926,398.67,NGN,5,2,NG,android,food,0
T00000692,F00060,532.98,NGN,22,1,NG,ios,travel,0
T00017306,F00066,634.58,NGN,8,6,GH,ios,food,0
T00009194,F00848,203.34,NGN,5,4,NG,web,fuel,0
T00015302,F00008,1793.17,NGN,19,8,NG,web,fuel,0
T00006288,F00348,925.47,NGN,15,1,US,web,electronics,0
T00007168,F00173,2568.08,NGN,6,8,US,ios,retail,0
T00007237,F00882,911.26,NGN,6,3,NG,web,retail,0
T00005351,F00531,1183.55,NGN,13,12,GB,ios,electronics,0
T00005067,F00749,1061.71,NGN,23,6,GH,ios,fuel,0
T00019452,F01100,1395.0,NGN,16,11,US,web,fuel,0
T00011313,F00129,59.7,NGN,21,4,GH,ios,fuel,0
T00017468,F00397,958.5,NGN,14,12,NG,web,digital,0
T00003996,F00706,2769.31,NGN,23,8,NG,android,travel,0
T00008232,F00630,372.63,NGN,22,5,NG,android,fuel,0
T00015856,F00002,1214.74,NGN,5,11,NG,android,fuel,0
T00012377,F00676,420.08,NGN,22,7,GB,ios,food,0
T00009676,F00675,1639.43,NGN,18,12,GB,web,retail,0
T00016611,F00754,138.94,NGN,0,5,NG,android,food,0
T00009122,F00986,2191.01,NGN,9,4,NG,android,fuel,0
T00014797,F01011,278.18,NGN,5,5,NG,android,fuel,0
T00019824,F00631,3165.59,NGN,22,4,GH,ios,fuel,0
T00000612,F00912,1788.43,NGN,6,6,US,web,electronics,0
T00005383,F00254,1487.02,NGN,5,11,GH,web,fuel,0
T00001587,F00891,5133.38,NGN,4,6,GB,android,electronics,1
T00002513,F00309,592.25,NGN,4,11,NG,web,electronics,1
T00002188,F00133,1583.23,NGN,15,7,NG,web,travel,0
T00017311,F00871,473.57,NGN,2,11,NG,ios,retail,0
T00016415,F00493,2292.49,NGN,10,2,US,android,travel,0
T00015800,F00947,1079.11,NGN,13,7,GB,web,food,0
T00000619,F00110,5869.43,NGN,0,11,GB,android,digital,0
T00019008,F00835,11166.77,NGN,22,10,NG,web,retail,0
T00001507,F00646,1742.49,NGN,6,5,GB,web,travel,0
T00006573,F00753,9309.95,NGN,10,4,GB,android,fuel,0
T00005263,F00628,803.55,NGN,4,11,US,ios,travel,1
T00018925,F00818,648.34,NGN,4,2,GB,android,fuel,0
T00006791,F01199,1385.39,NGN,6,5,NG,web,digital,0
T00013525,F00724,1481.61,NGN,18,11,US,android,fuel,0
T00009317,F00350,1147.94,NGN,6,7,NG,android,food,0
T00011631,F00556,1197.04,NGN,1,3,NG,web,retail,0
T00004428,F01025,791.25,NGN,14,9,NG,android,fuel,0
T00005135,F00858,3152.98,NGN,17,5,GH,android,retail,0
T00004087,F00010,2352.71,NGN,16,5,NG,android,retail,0
T00018197,F00480,541.54,NGN,2,8,GH,web,food,0
T00017833,F00556,3490.07,NGN,16,4,NG,android,fuel,0
T00008659,F00071,887.36,NGN,22,1,US,android,digital,0
T00003374,F00412,1329.59,NGN,19,4,NG,android,retail,0
T00004171,F00794,11202.68,NGN,12,2,US,android,digital,0
T00005822,F00002,928.3,NGN,17,3,NG,ios,electronics,0
T00004425,F00824,1045.67,NGN,14,1,NG,web,food,0
T00006631,F00068,3051.23,NGN,5,3,NG,web,fuel,0
T00002827,F00051,541.3,NGN,15,9,NG,android,digital,0
T00000487,F00931,1141.62,NGN,1,6,NG,web,retail,1
T00019508,F00727,1581.79,NGN,19,10,NG,android,retail,0
T00019895,F01093,2587.38,NGN,8,10,GH,web,digital,0
T00014216,F00446,2001.71,NGN,11,2,NG,android,electronics,0
T00004343,F00801,627.58,NGN,0,7,NG,web,digital,0
T00002415,F01123,7351.01,NGN,16,9,NG,web,fuel,0
T00017010,F00757,1241.43,NGN,16,10,GH,android,fuel,0
T00017333,F01054,2515.59,NGN,9,11,NG,ios,digital,0
T00016454,F00192,3439.25,NGN,14,2,NG,web,retail,0
T00017110,F00707,1779.44,NGN,5,5,GH,web,food,0
T00011236,F00984,851.37,NGN,21,2,US,ios,food,0
T00008654,F00125,5818.18,NGN,16,6,NG,ios,food,0
T00010938,F00481,356.3,NGN,12,3,NG,android,retail,0
T00007270,F00384,909.94,NGN,5,4,NG,ios,travel,0
T00013505,F00370,3511.82,NGN,13,8,GH,ios,electronics,0
T00001281,F00737,2611.22,NGN,22,6,NG,ios,food,0
T00019889,F00104,1338.63,NGN,15,4,NG,android,digital,0
T00002795,F00913,1864.93,NGN,4,3,NG,android,digital,0
T00014087,F00702,903.1,NGN,6,11,GH,web,travel,0
T00015714,F01158,539.95,NGN,12,4,GH,android,digital,0
T00002644,F00433,825.68,NGN,18,1,GB,android,travel,0
T00013303,F00809,1619.6,NGN,5,6,GB,ios,fuel,0
T00001964,F00400,509.05,NGN,0,7,GB,ios,fuel,0
T00012457,F00978,663.52,NGN,4,1,NG,web,electronics,0
T00012618,F01025,995.64,NGN,22,5,GH,ios,food,0
T00017532,F00826,647.86,NGN,15,3,GH,web,electronics,0
T00013418,F01142,443.22,NGN,14,6,GH,web,electronics,0
T00012737,F00536,2851.34,NGN,22,5,GB,android,electronics,0
T00002559,F00227,246.32,NGN,3,10,NG,ios,fuel,1
T00017467,F00415,1000.26,NGN,18,4,NG,android,travel,0
T00002094,F00003,1868.33,NGN,7,5,NG,android,digital,0
T00017337,F01038,3569.87,NGN,5,12,NG,android,retail,0
T00012140,F00221,722.14,NGN,1,2,GB,ios,travel,0
T00004284,F00439,2716.32,NGN,9,9,US,android,retail,0
T00014889,F01163,1329.82,NGN,20,2,NG,ios,electronics,0
T00016277,F00323,4699.59,NGN,15,4,NG,web,fuel,0
T00005617,F00526,760.67,NGN,1,1,GH,ios,food,0
T00008798,F00547,447.74,NGN,7,9,GH,android,travel,0
T00000904,F00445,491.44,NGN,19,11,NG,android,fuel,0
T00014042,F00374,792.2,NGN,19,6,GH,web,digital,0
T00016322,F00457,1881.12,NGN,23,10,NG,ios,fuel,0
T00001534,F00670,1093.21,NGN,6,7,NG,android,fuel,0
T00005190,F00709,447.13,NGN,11,12,GB,web,food,0
T00008197,F00895,2398.32,NGN,14,7,NG,web,travel,0
T00011209,F00271,977.81,NGN,13,12,GH,ios,fuel,0
T00014662,F00399,1187.61,NGN,10,9,NG,web,digital,0
T00016750,F00992,599.43,NGN,6,1,NG,ios,electronics,0
T00019146,F00122,3598.5,NGN,2,6,NG,ios,retail,1
T00000653,F00662,4063.74,NGN,16,10,GB,ios,digital,0
T00014596,F00048,218.92,NGN,7,10,US,android,retail,0
T00016897,F00583,3930.97,NGN,1,8,NG,web,travel,1
T00007837,F00643,630.23,NGN,17,11,NG,android,digital,0
T00005865,F00633,1738.11,NGN,6,5,NG,web,retail,0
T00007933,F00720,845.76,NGN,22,7,GB,ios,fuel,0
T00016994,F01023,722.98,NGN,12,11,GB,ios,retail,0
T00015439,F00894,1075.38,NGN,3,6,NG,ios,food,1
T00005294,F01109,861.99,NGN,16,5,NG,android,fuel,0
T00012418,F00224,327.77,NGN,10,7,US,ios,travel,0
T00007409,F00647,1129.86,NGN,9,11,GH,android,travel,0
T00011879,F00606,658.11,NGN,2,1,GB,ios,digital,0
T00014166,F01066,911.18,NGN,1,4,US,android,digital,0
T00009701,F00947,1684.04,NGN,17,7,GB,android,fuel,0
T00015317,F00450,441.79,NGN,18,11,US,web,fuel,0
T00016434,F00155,3578.51,NGN,21,12,GB,ios,travel,0
T00014267,F00667,1905.67,NGN,18,2,US,ios,food,0
T00019306,F00263,1093.6,NGN,16,8,NG,ios,fuel,0
T00002181,F00065,1792.68,NGN,15,9,US,web,food,0
T00002361,F00212,3188.73,NGN,21,1,NG,android,retail,0
T00000114,F00246,806.78,NGN,8,7,NG,android,retail,0
T00011411,F00375,345.66,NGN,5,3,NG,ios,travel,0
T00015326,F00317,527.86,NGN,5,5,NG,web,digital,0
T00017716,F00892,4373.74,NGN,3,10,US,android,food,1
T00018528,F00165,381.0,NGN,2,10,NG,web,retail,0
T00018592,F01145,6613.4,NGN,16,10,GB,web,travel,0
T00005286,F01091,512.08,NGN,23,12,US,ios,travel,0
T00004725,F00676,1055.46,NGN,19,3,NG,ios,fuel,0
T00003245,F00889,901.1,NGN,20,6,US,web,fuel,0
T00010400,F00460,402.18,NGN,18,10,GH,android,fuel,0
T00010623,F00313,261.24,NGN,2,6,NG,ios,food,1
T00008692,F00814,577.39,NGN,15,5,NG,web,travel,0
T00011294,F00654,733.96,NGN,19,7,GH,android,electronics,0
T00012936,F00038,419.24,NGN,8,4,NG,ios,digital,0
T00013349,F00890,1656.39,NGN,22,3,NG,android,food,0
T00005985,F00735,762.09,NGN,4,12,NG,android,retail,1
T00009267,F00242,5690.52,NGN,21,7,NG,ios,food,0
T00014391,F00553,128.0,NGN,0,8,NG,ios,electronics,0
T00009289,F00915,2118.82,NGN,17,7,NG,android,fuel,0
T00007696,F00547,2922.52,NGN,14,6,GB,ios,travel,0
T00016426,F00188,438.25,NGN,8,4,US,android,travel,0
T00004486,F00928,2604.28,NGN,21,11,GB,android,food,0
T00019666,F00267,336.88,NGN,3,8,US,web,electronics,1
T00017015,F00505,1056.03,NGN,3,11,NG,web,travel,0
T00018043,F00183,1000.4,NGN,0,10,NG,ios,fuel,0
T00011508,F00812,1172.67,NGN,14,10,US,ios,fuel,0
T00011812,F00985,3746.44,NGN,2,6,NG,web,electronics,1
T00010093,F00857,12270.18,NGN,15,4,GH,android,electronics,0
T00000472,F01136,416.84,NGN,20,11,GH,ios,food,0
T00019304,F00048,2596.15,NGN,11,2,GH,android,retail,0
T00008069,F01200,408.47,NGN,1,12,GB,web,retail,1
T00016032,F00938,821.19,NGN,14,3,NG,ios,retail,0
T00006337,F00779,5396.6,NGN,13,5,GB,ios,digital,0
T00004995,F00226,7376.32,NGN,12,6,NG,web,retail,0
T00012445,F00512,2928.03,NGN,18,7,NG,ios,travel,0
T00019711,F00887,2083.15,NGN,16,11,GH,web,fuel,0
T00018596,F00871,300.71,NGN,1,4,GH,ios,food,0
T00015830,F00836,861.38,NGN,1,12,NG,web,digital,1
T00006437,F00453,604.71,NGN,16,1,GH,ios,food,0
T00016337,F01064,1144.01,NGN,11,9,NG,android,digital,0
T00007113,F00115,2726.14,NGN,18,3,NG,android,fuel,0
T00017334,F00966,3669.59,NGN,4,8,GH,web,electronics,1
T00006827,F00977,3279.07,NGN,5,1,NG,ios,travel,0
T00005031,F01055,975.5,NGN,15,8,NG,ios,travel,0
T00019814,F01135,192.06,NGN,11,8,GB,ios,travel,0
T00011613,F00684,750.7,NGN,6,11,GH,android,food,0
T00000220,F00564,740.28,NGN,8,3,NG,ios,retail,0
T00011418,F00354,1160.29,NGN,2,2,NG,android,electronics,0
T00016221,F00971,4298.27,NGN,4,7,NG,android,retail,1
T00010860,F00192,1024.35,NGN,18,2,GB,android,retail,0
T00004695,F00995,414.22,NGN,7,12,GB,ios,fuel,0
T00010918,F00849,1290.11,NGN,17,12,NG,android,electronics,0
T00015214,F00422,210.92,NGN,10,5,GB,web,fuel,0
T00015537,F00357,200.62,NGN,2,4,NG,ios,retail,0
T00002730,F00739,365.01,NGN,20,2,US,web,electronics,0
T00010679,F00492,3112.69,NGN,16,10,US,ios,electronics,0
T00017529,F00418,7563.16,NGN,6,2,NG,android,food,0
T00018999,F00392,452.22,NGN,12,11,GH,android,food,0
T00007798,F00335,814.17,NGN,8,5,GB,web,travel,0
T00011680,F00983,778.8,NGN,19,7,NG,web,retail,0
T00001429,F00437,133.75,NGN,16,11,NG,android,electronics,0
T00000055,F00107,2572.54,NGN,0,8,US,ios,food,0
T00004214,F00323,1012.2,NGN,14,10,US,ios,travel,0
T00005204,F00322,436.27,NGN,5,11,NG,android,fuel,0
T00007382,F00944,1436.05,NGN,17,9,NG,ios,digital,0
T00014554,F00909,485.99,NGN,1,6,NG,web,retail,1
T00005626,F01105,2754.18,NGN,0,8,GB,web,electronics,0
T00014306,F00917,2733.09,NGN,10,5,NG,web,digital,0
T00019627,F00210,853.44,NGN,17,11,US,web,food,0
T00007494,F00546,994.93,NGN,3,9,NG,web,digital,1
T00010138,F00689,4394.21,NGN,5,2,NG,ios,travel,0
T00014694,F01065,1021.97,NGN,20,7,NG,android,digital,0
T00007470,F00735,175.42,NGN,23,5,US,android,travel,0
T00003253,F01056,2400.76,NGN,14,6,NG,web,electronics,0
T00006501,F00768,3357.02,NGN,9,10,NG,web,travel,0
T00010057,F00906,772.8,NGN,0,5,NG,web,fuel,0
T00005541,F00838,397.7,NGN,11,11,GH,android,fuel,0
T00007597,F00092,2039.19,NGN,21,9,GH,web,travel,0
T00004494,F01099,988.97,NGN,3,2,GH,web,digital,0
T00004390,F00801,1715.77,NGN,14,9,GB,ios,digital,0
T00018138,F00137,385.51,NGN,2,1,GB,web,fuel,0
T00019858,F00678,357.43,NGN,3,10,GH,ios,electronics,0
T00005526,F01065,2062.05,NGN,22,9,NG,ios,fuel,0
T00015531,F00374,1421.64,NGN,11,2,GB,ios,electronics,0
T00004671,F00227,2201.54,NGN,11,5,NG,ios,digital,0
T00015894,F00832,1384.72,NGN,10,2,US,ios,food,0
T00004924,F00052,2745.23,NGN,3,4,GH,web,retail,0
T00002916,F00914,1838.4,NGN,11,2,GH,ios,electronics,0
T00017729,F00416,488.18,NGN,7,11,GH,android,retail,0
T00006440,F00401,1016.53,NGN,22,9,NG,android,food,0
T00010137,F00202,1638.81,NGN,18,5,NG,web,food,0
T00009657,F00798,590.85,NGN,5,3,GH,android,retail,0
T00001488,F01052,422.6,NGN,22,8,NG,ios,retail,0
T00004013,F00305,387.53,NGN,9,1,NG,android,electronics,0
T00005776,F00734,542.55,NGN,1,11,NG,ios,food,1
T00007871,F00585,1680.31,NGN,13,9,NG,web,digital,0
T00019527,F01200,2548.2,NGN,10,10,GB,ios,electronics,0
T00003022,F00027,547.14,NGN,15,11,GB,web,electronics,0
T00013666,F00636,1571.15,NGN,18,8,NG,android,food,0
T00019688,F00701,5611.56,NGN,5,2,NG,web,electronics,0
T00011792,F01133,3090.86,NGN,9,7,NG,ios,digital,0
T00014190,F00832,3066.44,NGN,4,9,US,ios,travel,1
T00010781,F00134,1184.04,NGN,1,1,GB,ios,retail,0
T00003723,F00556,669.18,NGN,13,9,NG,web,digital,0
T00009933,F00807,1154.85,NGN,5,5,US,ios,travel,0
T00006281,F00252,1848.33,NGN,23,1,GH,web,digital,0
T00007658,F00675,330.37,NGN,4,5,NG,android,food,0
T00004597,F00729,372.35,NGN,18,1,NG,android,electronics,0
T00015816,F01107,2857.28,NGN,5,11,NG,ios,travel,0
T00009147,F00311,733.76,NGN,13,12,NG,web,travel,0
T00018135,F00193,208.72,NGN,2,10,NG,web,electronics,0
T00016162,F00096,485.67,NGN,2,1,NG,web,digital,0
T00004061,F01122,790.7,NGN,12,12,US,android,retail,0
T00003039,F00055,593.31,NGN,3,4,GH,ios,food,0
T00013566,F01052,296.99,NGN,4,7,NG,android,fuel,1
T00011219,F01186,554.82,NGN,22,12,GB,web,digital,0
T00017400,F00004,2946.95,NGN,19,6,NG,android,travel,0
T00001597,F00804,3120.15,NGN,11,2,NG,ios,travel,0
T00006705,F01064,218.2,NGN,11,12,NG,android,digital,0
T00005586,F00676,240.18,NGN,8,3,NG,android,electronics,0
T00012772,F00503,1744.13,NGN,14,3,NG,web,travel,0
T00016237,F01079,4112.46,NGN,14,1,US,web,digital,0
T00014816,F00638,140.58,NGN,3,11,NG,web,digital,1
T00012496,F00865,1404.54,NGN,19,9,GB,ios,retail,0
T00008298,F00485,807.74,NGN,17,7,NG,android,food,0
T00008507,F00729,4743.2,NGN,13,2,GH,ios,travel,0
T00007322,F00015,1908.29,NGN,12,4,NG,web,travel,0
T00006979,F00742,3404.59,NGN,15,6,NG,android,food,0
T00004997,F00735,589.06,NGN,23,12,NG,web,electronics,0
T00018615,F01177,1680.81,NGN,22,8,NG,ios,food,0
T00002238,F00985,978.6,NGN,11,9,GH,ios,food,0
T00013798,F00431,451.49,NGN,9,11,GB,web,electronics,0
T00010134,F00578,1172.55,NGN,19,10,NG,android,travel,0
T00005429,F00718,1989.91,NGN,2,10,NG,ios,electronics,0
T00007391,F00833,940.35,NGN,12,10,GB,ios,travel,0
T00008230,F01116,6965.32,NGN,3,2,NG,ios,food,0
T00012724,F00902,2347.23,NGN,21,5,GB,android,travel,0
T00015106,F00070,720.57,NGN,20,3,GB,web,electronics,0
T00019831,F00790,5645.95,NGN,20,9,NG,ios,retail,0
T00017915,F00308,465.96,NGN,5,10,GH,web,travel,0
T00004795,F00012,421.36,NGN,6,5,NG,ios,electronics,0
T00006552,F00984,959.98,NGN,15,10,NG,web,digital,0
T00016763,F00354,557.95,NGN,7,11,GH,ios,retail,0
T00016810,F00889,853.27,NGN,13,10,NG,ios,digital,0
T00005738,F01009,937.11,NGN,18,1,GH,ios,digital,0
T00012275,F00032,1590.02,NGN,4,4,NG,ios,electronics,0
T00003305,F00951,168.42,NGN,23,12,GH,web,retail,0
T00011759,F01200,592.73,NGN,8,6,NG,android,food,0
T00008733,F00082,2400.78,NGN,9,4,NG,ios,retail,0
T00008319,F00440,1238.08,NGN,20,6,NG,android,electronics,0
T00003823,F00470,1246.08,NGN,4,1,NG,android,fuel,0
T00009955,F01149,643.9,NGN,6,8,US,web,retail,0
T00009849,F00813,306.58,NGN,4,9,NG,ios,travel,1
T00006998,F00996,2009.36,NGN,6,2,NG,ios,digital,0
T00015549,F00343,348.61,NGN,5,9,GH,ios,digital,0
T00007104,F00912,531.45,NGN,16,7,GH,ios,retail,0
T00002877,F00938,1205.84,NGN,13,1,NG,web,fuel,0
T00001619,F00310,205.58,NGN,19,3,NG,ios,retail,0
T00001472,F00695,3388.87,NGN,11,5,GH,android,food,0
T00016787,F00982,2155.19,NGN,10,2,NG,android,retail,0
T00016143,F00574,282.42,NGN,15,11,NG,ios,retail,0
T00013718,F00592,275.73,NGN,2,5,GB,web,food,0
T00011031,F00660,5338.09,NGN,5,12,GH,android,digital,0
T00003164,F01071,3249.52,NGN,21,6,GH,android,retail,0
T00007213,F00627,363.73,NGN,7,10,NG,web,digital,0
T00006189,F00337,1625.64,NGN,22,7,GH,ios,electronics,0
T00002857,F00300,1114.93,NGN,20,3,NG,android,digital,0
T00009195,F00109,1446.32,NGN,14,8,NG,web,electronics,0
T00001412,F00069,1055.36,NGN,16,3,NG,web,electronics,0
T00003193,F00424,948.94,NGN,7,12,NG,web,fuel,0
T00008330,F00900,1063.28,NGN,19,11,NG,android,fuel,0
T00005435,F01179,1334.04,NGN,19,3,NG,ios,fuel,0
T00019025,F00286,718.38,NGN,11,5,US,android,travel,0
T00001739,F00614,524.78,NGN,8,12,US,android,travel,0
T00006947,F00736,1030.21,NGN,1,11,GH,ios,fuel,1
T00009214,F00816,941.11,NGN,2,10,NG,ios,food,1
T00004717,F01019,791.98,NGN,18,11,NG,android,retail,0
T00007529,F01041,306.77,NGN,5,7,GB,ios,retail,0
T00002764,F00081,503.1,NGN,22,2,GH,web,retail,0
T00004332,F00484,766.36,NGN,19,3,GH,android,food,0
T00019742,F00915,470.05,NGN,18,12,GH,web,fuel,0
T00014323,F01068,636.94,NGN,9,5,NG,ios,digital,0
T00010310,F01098,589.29,NGN,8,11,NG,ios,digital,0
T00013261,F00751,1014.03,NGN,1,8,NG,ios,retail,1
T00007923,F00382,1324.58,NGN,11,8,NG,web,digital,0
T00004616,F00760,1338.17,NGN,13,4,NG,web,electronics,0
T00019268,F00462,5144.54,NGN,8,5,US,android,electronics,0
T00016926,F00435,754.17,NGN,1,5,NG,android,digital,0
T00005508,F00972,825.93,NGN,3,12,NG,web,travel,1
T00015958,F00153,5781.62,NGN,9,9,GB,android,fuel,0
T00013813,F00458,2629.1,NGN,19,12,NG,web,retail,0
T00009474,F00580,329.29,NGN,21,4,GB,android,retail,0
T00000187,F00023,1473.91,NGN,9,1,NG,ios,food,0
T00011287,F01099,2330.64,NGN,17,1,NG,ios,travel,0
T00004237,F00212,1298.65,NGN,9,11,US,ios,electronics,0
T00008503,F00452,2284.95,NGN,19,7,US,ios,food,0
T00014411,F00978,928.31,NGN,23,11,US,ios,fuel,0
T00013930,F00050,852.0,NGN,16,10,NG,ios,digital,0
T00005161,F00219,3568.67,NGN,18,1,NG,android,fuel,0
T00013873,F00128,219.6,NGN,15,10,NG,android,food,1
T00010384,F00429,203.59,NGN,1,5,GH,ios,electronics,0
T00012600,F00712,1460.88,NGN,2,4,GB,ios,digital,0
T00011105,F00576,1395.0,NGN,22,7,NG,web,digital,0
T00001789,F00739,1279.18,NGN,18,1,GH,android,travel,0
T00003413,F01160,734.52,NGN,4,8,GH,ios,food,0
T00000797,F00635,4411.67,NGN,4,5,NG,web,fuel,0
T00010495,F00039,8224.65,NGN,5,6,NG,ios,fuel,0
T00005612,F01200,3351.58,NGN,16,5,US,web,food,0
T00015829,F00486,5660.52,NGN,18,1,GH,web,food,0
T00010007,F00262,1461.31,NGN,1,6,NG,ios,food,1
T00009843,F00052,619.39,NGN,16,7,GB,ios,digital,0
T00016013,F00277,1371.94,NGN,18,10,GB,ios,food,0
T00001605,F00394,1170.72,NGN,20,5,NG,web,travel,0
T00011655,F00830,1014.32,NGN,1,8,NG,web,electronics,1
T00014159,F01032,3263.82,NGN,13,4,NG,ios,fuel,0
T00017647,F00131,1167.58,NGN,19,6,GB,web,electronics,0
T00001747,F00414,450.88,NGN,22,7,NG,ios,electronics,0
T00011934,F00423,924.37,NGN,9,7,GB,android,digital,0
T00010992,F00767,3143.9,NGN,15,9,GB,ios,travel,0
T00015349,F00314,3131.77,NGN,15,2,GH,android,food,0
T00002439,F01125,342.82,NGN,21,1,NG,web,electronics,0
T00017590,F00031,536.87,NGN,13,10,GH,ios,digital,0
T00019166,F00876,1601.7,NGN,3,4,NG,android,electronics,0
T00019930,F00461,2110.85,NGN,5,9,GH,web,electronics,0
T00002041,F00603,1518.5,NGN,14,1,NG,android,retail,0
T00011772,F01130,2591.57,NGN,14,11,NG,android,electronics,0
T00014157,F00381,2384.5,NGN,9,5,NG,web,electronics,0
T00012259,F00353,3278.98,NGN,2,10,NG,ios,travel,1
T00018884,F00174,1802.18,NGN,1,4,NG,android,food,0
T00019851,F00374,533.3,NGN,12,1,GB,ios,food,0
T00005181,F01013,2179.48,NGN,3,3,GH,ios,travel,0
T00002558,F00579,5918.66,NGN,13,6,GH,android,food,0
T00016512,F00018,253.75,NGN,3,11,GB,android,retail,1
T00001752,F00757,375.17,NGN,16,12,US,web,retail,0
T00013555,F00899,242.56,NGN,18,9,NG,web,retail,0
T00015738,F00744,2374.94,NGN,14,5,NG,ios,fuel,0
T00002688,F01126,2871.47,NGN,13,11,NG,ios,digital,0
T00014360,F00789,140.36,NGN,1,4,GB,ios,retail,0
T00011316,F00762,645.07,NGN,6,9,NG,android,fuel,0
T00018745,F00057,412.32,NGN,0,9,NG,web,fuel,0
T00010888,F00838,526.29,NGN,23,11,NG,ios,travel,0
T00014750,F00352,3544.2,NGN,6,9,NG,ios,retail,0
T00016159,F01085,1318.68,NGN,9,4,US,ios,travel,0
T00013608,F00249,2458.96,NGN,23,6,NG,android,electronics,0
T00003148,F00364,464.03,NGN,19,4,NG,web,digital,0
T00010700,F00483,1623.12,NGN,0,6,GH,web,retail,0
T00002144,F00084,637.79,NGN,2,1,NG,ios,digital,0
T00010663,F00572,640.5,NGN,17,2,GH,ios,retail,0
T00019938,F01040,306.39,NGN,10,6,NG,ios,food,0
T00010724,F01147,2213.49,NGN,15,5,GH,ios,fuel,0
T00000006,F00321,1085.45,NGN,6,11,GB,ios,food,0
T00002740,F00744,878.88,NGN,17,2,GH,web,electronics,0
T00019355,F00456,1301.4,NGN,21,11,GB,android,fuel,0
T00009490,F01055,1843.15,NGN,1,8,GB,web,food,1
T00001387,F00813,860.89,NGN,13,4,NG,android,digital,0
T00015034,F00810,654.5,NGN,18,5,GH,ios,fuel,0
T00017278,F00567,2947.68,NGN,1,5,NG,web,travel,0
T00002174,F00371,778.47,NGN,10,5,US,ios,retail,0
T00018620,F00590,171.43,NGN,9,7,GH,android,electronics,0
T00012509,F00782,594.4,NGN,3,5,NG,web,retail,0
T00016494,F00703,2229.97,NGN,11,6,GH,ios,fuel,0
T00004410,F00663,1119.84,NGN,5,2,NG,ios,digital,0
T00011912,F00964,1591.19,NGN,19,8,GB,web,fuel,0
T00001800,F01118,741.79,NGN,10,12,NG,web,fuel,0
T00010872,F01143,1651.62,NGN,17,1,GB,web,travel,0
T00013275,F00146,4225.02,NGN,1,10,US,android,digital,0
T00003145,F00224,208.35,NGN,5,6,GB,ios,digital,0
T00005647,F00523,2091.37,NGN,23,3,GH,ios,retail,0
T00003029,F00557,334.97,NGN,13,3,NG,android,retail,0
T00014775,F01192,5580.11,NGN,3,10,US,ios,travel,1
T00012640,F00769,430.15,NGN,20,8,NG,ios,fuel,0
T00016254,F01002,1524.4,NGN,17,3,US,ios,travel,0
T00013932,F00608,1412.62,NGN,20,5,NG,ios,digital,0
T00017461,F00969,2430.48,NGN,21,2,GH,ios,digital,0
T00000484,F00542,421.39,NGN,13,3,NG,ios,food,0
T00019149,F00989,556.43,NGN,19,2,NG,web,travel,0
T00012726,F00817,3014.2,NGN,18,1,GB,android,food,0
T00017952,F00800,4312.26,NGN,1,9,NG,android,digital,1
T00008802,F00291,4706.34,NGN,3,11,NG,ios,fuel,0
T00003891,F01035,3954.5,NGN,18,5,NG,web,food,0
T00006104,F00818,1250.89,NGN,2,5,NG,android,food,0
T00001465,F00181,1291.0,NGN,22,4,US,android,travel,0
T00006955,F00658,785.86,NGN,16,5,US,android,food,0
T00017398,F00158,1526.55,NGN,22,8,GH,ios,retail,0
T00017363,F00551,2483.49,NGN,11,4,NG,android,retail,0
T00008102,F01157,942.15,NGN,3,10,GB,web,electronics,1
T00010751,F00450,2264.51,NGN,7,6,NG,ios,fuel,0
T00019424,F01031,423.7,NGN,15,4,GB,android,electronics,0
T00002533,F00277,1239.81,NGN,17,4,NG,web,fuel,0
T00009364,F00478,2771.34,NGN,6,11,NG,web,retail,0
T00000202,F00085,560.35,NGN,5,8,US,web,retail,0
T00009631,F00017,1675.63,NGN,22,10,GH,web,fuel,0
T00014553,F00409,3179.48,NGN,20,9,GB,android,fuel,0
T00018565,F00403,1545.19,NGN,14,1,GH,ios,retail,0
T00005931,F00880,399.73,NGN,2,9,NG,web,electronics,0
T00009098,F00108,628.88,NGN,4,4,US,web,electronics,0
T00013528,F00070,313.25,NGN,2,11,NG,web,food,1
T00008236,F00676,195.54,NGN,5,9,NG,web,electronics,0
T00008928,F00579,538.11,NGN,12,7,NG,android,food,0
T00019505,F00955,763.13,NGN,15,7,GH,ios,digital,0
T00003504,F00350,1509.03,NGN,7,1,NG,web,digital,0
T00005546,F00922,473.95,NGN,23,9,US,ios,fuel,0
T00006562,F01063,1769.6,NGN,12,8,GH,android,food,0
T00014172,F00608,1312.5,NGN,23,6,US,android,retail,0
T00011984,F00721,515.5,NGN,19,4,US,ios,food,0
T00014474,F00890,2398.96,NGN,3,8,GB,android,digital,0
T00005363,F00229,6480.66,NGN,3,10,NG,ios,retail,0
T00005036,F00324,1111.92,NGN,16,8,NG,web,electronics,0
T00005486,F00898,960.39,NGN,18,6,GB,web,retail,0
T00018719,F00951,1040.77,NGN,16,9,US,android,fuel,0
T00009237,F00050,1606.85,NGN,19,10,NG,web,food,0
T00002652,F00674,1057.75,NGN,1,7,GB,ios,travel,1
T00006197,F01155,1035.56,NGN,23,6,GH,ios,fuel,0
T00000701,F01001,385.85,NGN,3,9,GB,ios,travel,1
T00018775,F00661,1706.77,NGN,21,2,GH,ios,retail,0
T00019057,F01192,3030.97,NGN,11,8,NG,web,digital,0
T00005898,F00121,776.54,NGN,9,10,NG,ios,fuel,0
T00004091,F00394,4359.06,NGN,13,9,NG,android,fuel,0
T00008417,F00383,3456.13,NGN,18,6,GH,android,food,0
T00017031,F00752,797.15,NGN,10,4,NG,android,fuel,0
T00006131,F00918,228.52,NGN,11,6,GH,web,travel,0
T00000865,F00567,876.25,NGN,15,4,NG,web,travel,0
T00002579,F00893,1976.15,NGN,15,5,US,web,travel,0
T00009556,F01161,750.95,NGN,10,9,NG,ios,food,0
T00001717,F00952,1736.13,NGN,21,4,GB,android,fuel,0
T00016080,F00609,752.62,NGN,15,6,US,ios,travel,0
T00016547,F00398,168.8,NGN,4,5,GB,android,electronics,0
T00008973,F00097,487.09,NGN,5,10,GB,web,electronics,0
T00008702,F00746,376.19,NGN,11,5,GB,ios,travel,0
T00005149,F01123,806.78,NGN,5,11,GH,web,electronics,0
T00003772,F00487,769.42,NGN,7,1,GH,web,electronics,0
T00004889,F00110,1975.73,NGN,20,8,GH,android,food,0
T00007381,F00178,4736.74,NGN,18,10,NG,android,fuel,0
T00016476,F00266,2069.12,NGN,5,10,US,web,digital,0
T00012985,F01013,1606.57,NGN,8,10,GB,android,retail,0
T00009025,F00233,1579.02,NGN,22,10,NG,web,digital,0
T00015831,F00584,2564.65,NGN,1,3,GH,android,fuel,0
T00006330,F00328,1104.31,NGN,14,2,NG,android,travel,0
T00011398,F01099,1653.4,NGN,22,2,NG,ios,fuel,0
T00002148,F01077,684.68,NGN,15,10,GH,ios,travel,0
T00009636,F00034,875.1,NGN,2,4,US,android,electronics,0
T00005596,F00148,900.8,NGN,22,6,GH,android,retail,0
T00002373,F00966,2064.77,NGN,7,3,US,web,fuel,0
T00008342,F00141,3493.41,NGN,18,11,GB,ios,electronics,0
T00017253,F00362,138.98,NGN,1,3,US,web,electronics,0
T00010465,F00341,1037.15,NGN,11,10,US,ios,digital,0
T00003126,F00772,1286.03,NGN,18,2,NG,android,digital,0
T00012076,F00991,4851.09,NGN,15,5,NG,ios,food,0
T00000436,F00342,7182.87,NGN,13,11,NG,ios,travel,0
T00010108,F00940,5852.27,NGN,0,5,GH,ios,fuel,0
T00002487,F00123,775.31,NGN,13,9,NG,ios,fuel,0
T00013341,F00412,1294.02,NGN,1,5,GB,ios,food,0
T00015857,F00087,708.92,NGN,3,5,NG,android,travel,0
T00010353,F00485,606.6,NGN,18,4,NG,android,digital,0
T00000555,F01122,2932.75,NGN,14,8,NG,android,retail,0
T00007032,F00213,1988.39,NGN,8,1,GH,web,fuel,0
T00009225,F00196,4191.43,NGN,14,8,NG,ios,travel,0
T00004408,F00446,897.47,NGN,8,5,NG,web,travel,0
T00019188,F00714,204.36,NGN,3,11,NG,ios,retail,1
T00001455,F01102,1786.42,NGN,17,3,NG,web,food,0
T00002855,F00874,946.18,NGN,2,7,NG,ios,digital,1
T00018208,F00529,3907.84,NGN,12,3,NG,web,retail,0
T00012519,F00628,1219.02,NGN,15,4,GH,ios,travel,0
T00002729,F00132,322.67,NGN,22,9,GB,ios,travel,1
T00014130,F00429,757.06,NGN,19,12,GH,android,travel,0
T00006572,F00203,1443.85,NGN,1,7,US,web,electronics,1
T00014063,F01140,274.58,NGN,13,9,NG,ios,electronics,0
T00017171,F00581,2210.16,NGN,15,10,GB,web,fuel,0
T00015914,F01063,449.79,NGN,21,3,NG,web,fuel,0
T00007203,F01044,3571.18,NGN,21,2,US,android,travel,0
T00004926,F00772,506.2,NGN,8,8,GB,web,fuel,0
T00017032,F00125,2691.09,NGN,5,10,GH,android,electronics,0
T00013042,F01006,498.2,NGN,7,11,NG,ios,food,0
T00014251,F00361,1113.02,NGN,21,9,NG,web,travel,0
T00005414,F01064,871.61,NGN,19,10,NG,web,retail,0
T00018396,F00335,1315.34,NGN,1,3,GH,web,digital,0
T00009777,F00012,1300.26,NGN,14,5,GB,ios,retail,0
T00012112,F00243,2167.09,NGN,20,11,GB,web,travel,0
T00015314,F00100,1618.48,NGN,8,5,NG,web,travel,0
T00008304,F00411,481.2,NGN,9,9,NG,web,digital,0
T00016624,F00792,1861.74,NGN,11,6,NG,web,food,0
T00019751,F01029,531.74,NGN,13,1,NG,ios,food,0
T00013092,F00053,3328.22,NGN,14,9,GH,android,retail,0
T00013670,F00418,2868.39,NGN,15,8,NG,android,retail,0
T00008521,F00982,1960.59,NGN,7,10,NG,ios,fuel,0
T00000585,F01083,2115.93,NGN,6,10,GB,android,digital,0
T00016000,F00060,439.58,NGN,14,7,NG,web,fuel,0
T00010711,F00107,1375.23,NGN,3,5,NG,android,fuel,0
T00019911,F00389,1294.36,NGN,20,10,NG,android,digital,0
T00015506,F00073,1987.47,NGN,23,2,NG,web,food,0
T00004383,F01004,1119.2,NGN,16,12,GB,android,electronics,0
T00019550,F00656,511.12,NGN,22,10,GH,android,fuel,0
T00007116,F01194,2584.86,NGN,1,9,US,android,travel,1
T00001269,F00823,1347.9,NGN,20,4,US,android,electronics,0
T00010345,F00288,653.89,NGN,8,1,GB,android,retail,0
T00009281,F00817,1894.78,NGN,9,1,GB,web,electronics,0
T00004311,F01116,463.19,NGN,14,12,NG,web,retail,0
T00015244,F00825,1572.26,NGN,3,1,GB,web,food,0
T00001874,F01096,2065.95,NGN,6,5,NG,android,travel,0
T00004182,F00636,707.29,NGN,23,7,NG,ios,food,0
T00009699,F00785,613.56,NGN,0,5,GB,android,travel,0
T00019011,F00426,1626.77,NGN,20,11,GB,web,travel,0
T00019325,F00787,161.41,NGN,0,4,GB,android,food,0
T00008062,F00480,2933.3,NGN,15,9,NG,ios,electronics,0
T00006792,F00102,247.15,NGN,18,11,GB,ios,digital,0
T00010625,F00323,1663.68,NGN,10,2,NG,android,digital,1
T00012701,F01083,358.38,NGN,10,9,US,ios,retail,0
T00018683,F00881,1937.05,NGN,23,12,NG,web,retail,0
T00019031,F00159,934.49,NGN,20,12,US,android,electronics,0
T00008500,F00902,2867.82,NGN,20,7,NG,android,travel,0
T00002678,F00386,6110.49,NGN,19,1,NG,android,fuel,0
T00006375,F00585,6186.81,NGN,16,8,GH,web,retail,0
T00004842,F00298,655.17,NGN,21,4,US,web,electronics,0
T00017937,F00762,721.98,NGN,1,7,NG,web,digital,1
T00013692,F01187,1985.99,NGN,5,2,GB,web,food,0
T00010819,F00300,1563.79,NGN,8,6,GB,android,electronics,0
T00010890,F00936,1881.45,NGN,4,8,NG,web,fuel,1
T00007697,F01174,3788.03,NGN,20,12,US,ios,electronics,0
T00006868,F00576,623.21,NGN,18,10,NG,web,fuel,0
T00010957,F00246,418.47,NGN,23,4,GH,android,food,0
T00017406,F00014,1397.54,NGN,9,7,GH,web,food,0
T00008782,F00856,4576.24,NGN,16,9,GH,ios,travel,0
T00007210,F00424,2774.03,NGN,20,2,NG,ios,digital,0
T00000618,F00924,526.58,NGN,17,1,NG,android,fuel,0
T00011237,F00231,604.0,NGN,0,10,US,android,digital,0
T00009343,F00861,978.65,NGN,14,9,US,web,travel,0
T00007920,F00939,980.89,NGN,9,8,NG,android,travel,0
T00000466,F00440,1509.73,NGN,22,1,GB,web,digital,0
T00001530,F00334,2971.67,NGN,5,9,NG,ios,food,0
T00019442,F00894,1661.32,NGN,12,12,GB,web,electronics,0
T00006930,F01016,918.21,NGN,20,3,NG,web,electronics,0
T00003468,F00398,2412.86,NGN,13,3,NG,ios,fuel,0
T00000493,F01012,583.1,NGN,20,5,GH,android,digital,0
T00012100,F00062,1992.61,NGN,17,11,GH,web,fuel,0
T00015223,F00732,6777.01,NGN,17,1,US,ios,travel,0
T00019134,F01026,2335.67,NGN,22,1,NG,android,electronics,0
T00015832,F00373,1527.35,NGN,7,9,GH,android,retail,0
T00004627,F00188,13751.63,NGN,0,4,GB,web,retail,0
T00002357,F00612,1366.94,NGN,0,11,GH,android,electronics,0
T00006172,F00967,2966.46,NGN,4,10,NG,android,electronics,0
T00008556,F00333,633.68,NGN,14,7,NG,ios,food,0
T00013591,F00250,2419.07,NGN,8,12,GH,web,food,0
T00014208,F00024,733.22,NGN,21,2,GB,android,travel,0
T00006937,F00434,489.07,NGN,13,6,US,android,electronics,0
T00001853,F00689,2841.81,NGN,19,4,NG,ios,travel,0
T00012300,F00345,913.39,NGN,3,5,NG,web,fuel,0
T00005207,F00660,4088.52,NGN,18,8,US,ios,digital,0
T00019354,F01028,969.8,NGN,2,7,NG,android,digital,0
T00004907,F01182,1464.84,NGN,20,8,NG,web,fuel,0
T00005403,F00200,2400.4,NGN,11,3,NG,web,digital,0
T00010575,F00980,933.16,NGN,14,10,NG,web,digital,0
T00016088,F00669,254.01,NGN,19,9,NG,web,food,0
T00017679,F01014,1891.76,NGN,22,7,NG,android,food,0
T00010693,F00586,180.64,NGN,20,6,US,ios,food,0
T00009915,F01089,1055.61,NGN,22,8,US,web,electronics,0
T00014859,F00147,555.31,NGN,22,6,US,android,retail,0
T00010129,F01116,474.08,NGN,19,5,NG,web,electronics,0
T00014207,F00191,565.07,NGN,21,2,NG,web,travel,0
T00009414,F01035,365.11,NGN,20,2,GB,web,electronics,0
T00013596,F01191,391.53,NGN,9,1,GB,web,electronics,0
T00012756,F00976,1040.97,NGN,1,1,NG,web,electronics,0
T00014080,F00725,1337.63,NGN,3,12,NG,android,electronics,0
T00003845,F01036,865.7,NGN,11,5,NG,android,electronics,0
T00018028,F00028,911.64,NGN,7,4,GB,android,food,0
T00009320,F00611,804.3,NGN,20,1,NG,web,travel,0
T00016110,F01043,662.78,NGN,17,10,NG,android,food,0
T00001504,F00908,558.71,NGN,5,4,US,ios,digital,0
T00008675,F00864,1048.19,NGN,10,2,GH,ios,electronics,0
T00005398,F01065,969.79,NGN,18,1,GB,ios,retail,0
T00009902,F00341,1089.87,NGN,13,8,NG,web,fuel,0
T00017676,F00493,586.37,NGN,23,12,GH,android,travel,0
T00000926,F00054,4609.14,NGN,2,4,GB,web,food,0
T00003754,F00086,2412.3,NGN,15,8,NG,android,food,0
T00011537,F00003,663.51,NGN,14,9,GH,ios,digital,0
T00002901,F01188,1715.61,NGN,18,2,NG,web,fuel,0
T00011735,F00882,536.99,NGN,16,3,GH,web,digital,0
T00001184,F00835,1739.52,NGN,20,6,NG,android,fuel,0
T00013514,F00608,353.62,NGN,11,1,NG,ios,food,0
T00003046,F00416,4292.79,NGN,0,1,GH,web,travel,0
T00015591,F01052,848.3,NGN,7,2,NG,web,retail,0
T00019539,F00760,6691.92,NGN,5,9,GB,web,fuel,0
T00001841,F00599,623.62,NGN,16,4,GB,android,electronics,0
T00004223,F00798,6000.96,NGN,10,9,NG,web,retail,0
T00018327,F00955,1933.19,NGN,22,7,GH,ios,retail,0
T00014417,F00541,1438.06,NGN,20,4,GH,android,food,0
T00009567,F00460,1139.54,NGN,18,4,NG,web,fuel,0
T00014696,F00853,2139.24,NGN,3,9,GH,web,travel,1
T00014055,F01125,1306.88,NGN,17,1,GB,ios,retail,0
T00007149,F00981,704.44,NGN,13,12,US,web,food,0
T00005703,F00532,1520.69,NGN,20,3,NG,android,travel,0
T00003291,F00084,2264.1,NGN,21,8,NG,ios,travel,0
T00001586,F00861,1740.98,NGN,1,2,GH,web,food,0
T00013133,F00061,2576.95,NGN,11,7,NG,android,retail,0
T00013222,F00635,1042.23,NGN,13,11,NG,android,fuel,0
T00013937,F00598,2608.13,NGN,10,12,NG,ios,fuel,0
T00010933,F00912,509.55,NGN,16,9,GB,web,electronics,0
T00003592,F00026,708.09,NGN,0,3,GB,ios,fuel,0
T00015743,F00559,474.03,NGN,15,9,NG,android,food,0
T00005006,F00089,750.27,NGN,5,1,NG,android,food,0
T00016174,F00911,1240.26,NGN,8,12,NG,web,retail,0
T00007890,F00627,221.38,NGN,12,5,NG,web,food,0
T00016775,F00404,637.47,NGN,5,2,NG,ios,retail,0
T00009302,F01030,611.16,NGN,19,11,GB,android,digital,0
T00015907,F00781,272.69,NGN,6,6,NG,ios,retail,0
T00015970,F00461,2286.78,NGN,3,6,NG,android,fuel,0
T00001378,F00543,160.79,NGN,17,2,GH,ios,travel,0
T00015138,F01141,1001.89,NGN,23,4,GB,ios,travel,0
T00008016,F01085,1130.75,NGN,16,12,US,web,digital,0
T00004392,F00486,835.69,NGN,13,4,NG,android,digital,0
T00016284,F00553,513.83,NGN,23,9,NG,android,digital,0
T00004837,F01121,779.04,NGN,3,11,GH,android,food,1
T00016068,F00836,1119.55,NGN,19,12,US,android,fuel,0
T00019574,F00772,2099.61,NGN,0,10,NG,web,travel,0
T00014465,F00892,5376.47,NGN,9,6,NG,web,travel,0
T00005178,F00108,3909.88,NGN,20,9,NG,android,retail,0
T00017222,F01162,566.78,NGN,7,2,GB,android,fuel,0
T00000699,F00989,6992.1,NGN,9,5,GH,web,food,0
T00007399,F00507,4418.29,NGN,10,2,GH,ios,digital,0
T00018248,F00410,1672.11,NGN,23,5,US,android,electronics,0
T00008674,F00734,2747.85,NGN,16,9,NG,android,electronics,0
T00009908,F00969,505.82,NGN,4,11,GB,ios,electronics,1
T00019319,F00193,1077.43,NGN,22,4,US,android,travel,0
T00006541,F01035,796.82,NGN,9,2,US,web,digital,0
T00009662,F00878,375.53,NGN,18,11,NG,android,retail,0
T00004940,F00199,580.87,NGN,22,10,GB,android,retail,0
T00010867,F00202,1062.31,NGN,14,7,NG,web,digital,0
T00001763,F00351,877.3,NGN,8,1,GB,web,food,0
T00019973,F00831,120.51,NGN,17,8,US,android,retail,0
T00012568,F00145,906.93,NGN,15,9,NG,android,travel,0
T00009468,F00746,484.93,NGN,9,1,NG,ios,electronics,0
T00006318,F00718,3652.27,NGN,16,12,NG,ios,fuel,0
T00014169,F00104,1700.04,NGN,21,8,US,web,retail,0
T00004375,F00415,2652.91,NGN,3,10,NG,ios,fuel,1
T00019156,F00548,3731.25,NGN,7,10,NG,ios,food,0
T00019631,F00837,1597.53,NGN,13,8,US,android,electronics,0
T00008727,F00428,1570.7,NGN,15,9,NG,android,electronics,0
T00016849,F00723,1373.74,NGN,19,9,NG,web,fuel,0
T00019006,F00693,2410.58,NGN,4,1,US,web,retail,0
T00018805,F00944,756.0,NGN,11,4,NG,android,travel,0
T00013065,F00801,1630.66,NGN,0,11,US,android,digital,0
T00009265,F00092,1771.04,NGN,6,3,NG,web,electronics,0
T00004019,F01140,1566.73,NGN,10,3,NG,android,fuel,0
T00001692,F00769,5388.69,NGN,1,10,US,ios,food,1
T00001332,F01003,697.56,NGN,16,12,NG,web,fuel,0
T00012208,F00859,832.05,NGN,6,2,NG,android,digital,0
T00016301,F00973,1428.34,NGN,17,9,US,android,digital,0
T00008858,F00947,5770.38,NGN,9,11,GB,android,digital,0
T00004766,F00220,263.07,NGN,13,5,NG,ios,digital,0
T00002878,F00803,244.16,NGN,8,7,NG,android,travel,0
T00019920,F00684,1185.1,NGN,15,9,NG,web,digital,0
T00001908,F00976,3457.93,NGN,13,2,NG,ios,retail,0
T00000479,F00816,1823.27,NGN,13,4,NG,web,retail,0
T00019201,F00250,807.51,NGN,2,1,GH,android,fuel,0
T00008570,F00896,1626.12,NGN,6,8,NG,android,fuel,0
T00010773,F00340,600.76,NGN,8,12,US,ios,food,0
T00010849,F01090,1178.48,NGN,17,1,US,android,electronics,0
T00001571,F00929,3067.35,NGN,18,2,NG,web,food,0
T00004645,F00696,1228.63,NGN,17,4,NG,web,electronics,0
T00019546,F00435,1416.05,NGN,19,11,NG,web,retail,0
T00009868,F00286,248.25,NGN,6,9,US,ios,digital,0
T00004619,F00133,1053.07,NGN,6,4,GB,ios,food,0
T00009143,F00747,868.55,NGN,2,9,US,ios,fuel,1
T00017779,F01162,198.34,NGN,3,2,NG,ios,electronics,0
T00014516,F00782,662.45,NGN,15,10,NG,ios,retail,0
T00011165,F00194,2265.76,NGN,16,2,NG,ios,electronics,0
T00017900,F00706,4091.03,NGN,9,1,NG,ios,electronics,0
T00003482,F00704,505.75,NGN,0,10,NG,web,digital,0
T00017038,F00867,206.4,NGN,14,1,GB,web,food,0
T00017726,F00792,901.13,NGN,11,6,GH,web,fuel,0
T00000058,F00102,2465.32,NGN,19,5,US,web,travel,0
T00003727,F00148,390.58,NGN,14,3,GH,ios,fuel,0
T00018211,F00284,2950.98,NGN,18,1,NG,android,digital,0
T00000729,F01154,4903.04,NGN,2,12,GB,ios,electronics,1
T00018195,F00784,313.84,NGN,11,7,US,android,fuel,0
T00019692,F00739,959.0,NGN,10,5,NG,android,travel,0
T00011752,F00509,1205.22,NGN,1,7,GB,web,digital,0
T00018603,F00093,1038.2,NGN,22,10,NG,ios,retail,0
T00014185,F00856,878.66,NGN,8,2,US,ios,electronics,0
T00007426,F00945,2643.97,NGN,1,10,NG,web,retail,1
T00010491,F01114,613.39,NGN,13,9,US,android,food,0
T00006245,F00469,4006.75,NGN,12,2,US,android,electronics,0
T00014248,F00843,925.13,NGN,10,9,NG,ios,retail,0
T00000345,F00145,839.31,NGN,5,4,NG,web,fuel,0
T00015221,F00884,1773.81,NGN,22,12,GB,ios,digital,0
T00000049,F00585,323.68,NGN,1,7,US,android,food,1
T00017629,F00019,729.41,NGN,11,10,US,web,travel,0
T00006312,F00346,662.84,NGN,15,2,US,web,travel,0
T00017680,F00977,1000.51,NGN,8,4,NG,android,travel,0
T00016888,F00162,832.45,NGN,0,2,NG,web,retail,0
T00015536,F00391,2823.93,NGN,10,1,NG,web,fuel,0
T00003283,F00319,1460.35,NGN,1,4,NG,ios,travel,0
T00005750,F00329,381.43,NGN,9,8,NG,web,travel,0
T00013641,F01030,1923.94,NGN,3,8,NG,web,food,1
T00009507,F00849,622.47,NGN,18,5,US,ios,food,0
T00018531,F00217,4033.15,NGN,2,7,GH,web,electronics,1
T00013093,F00996,848.63,NGN,12,8,NG,ios,travel,0
T00004405,F00991,864.77,NGN,21,4,GB,android,food,0
T00004532,F01037,385.1,NGN,22,5,US,ios,food,0
T00009050,F00919,375.53,NGN,22,6,NG,ios,retail,0
T00018763,F00727,2177.6,NGN,16,11,NG,ios,digital,0
T00017835,F00622,105.38,NGN,23,1,GB,ios,retail,0
T00011817,F00697,1441.66,NGN,22,10,US,android,travel,0
T00012649,F00086,3291.36,NGN,17,10,NG,web,food,0
T00016930,F01173,927.81,NGN,4,4,US,ios,retail,0
T00000103,F00062,667.26,NGN,17,1,NG,android,digital,0
T00015852,F00955,1677.81,NGN,14,10,NG,ios,retail,0
T00004103,F00976,10538.13,NGN,2,2,GH,ios,travel,0
T00017099,F00705,941.25,NGN,13,12,NG,android,retail,0
T00009074,F00588,619.24,NGN,16,6,GH,ios,travel,0
T00015134,F00874,1452.57,NGN,19,9,NG,android,travel,0
T00002106,F01180,834.97,NGN,20,3,NG,android,food,0
T00018373,F00729,877.08,NGN,16,3,NG,ios,retail,0
T00004727,F00771,3539.36,NGN,14,10,GH,ios,travel,0
T00009640,F00442,1870.56,NGN,8,2,NG,web,digital,0
T00012685,F00149,1056.72,NGN,8,6,NG,android,retail,0
T00016904,F01050,5031.35,NGN,15,9,NG,android,travel,0
T00000061,F00296,1579.53,NGN,4,7,US,ios,travel,1
T00015414,F01116,2743.29,NGN,11,1,NG,ios,retail,0
T00016595,F00257,1251.87,NGN,6,10,NG,ios,fuel,0
T00013635,F01062,370.96,NGN,10,6,NG,web,digital,0
T00018739,F00127,581.12,NGN,21,5,NG,web,retail,0
T00019646,F00953,1817.63,NGN,10,9,NG,ios,food,0
T00003980,F01190,700.67,NGN,5,7,NG,ios,electronics,0
T00014076,F00894,2772.02,NGN,15,4,NG,ios,food,0
T00016693,F00334,1514.45,NGN,12,8,NG,ios,retail,0
T00008487,F00944,319.2,NGN,3,8,NG,android,retail,0
T00004850,F00521,7445.36,NGN,20,3,NG,android,fuel,0
T00019552,F00025,265.0,NGN,5,1,NG,web,food,0
T00008174,F00956,696.34,NGN,11,3,NG,web,digital,0
T00016941,F00674,2301.95,NGN,8,11,GB,ios,digital,0
T00010153,F00738,394.89,NGN,12,1,NG,ios,retail,0
T00011486,F00053,2439.11,NGN,21,7,NG,ios,digital,0
T00006881,F00575,2157.85,NGN,18,10,GB,android,retail,0
T00014017,F00843,4310.76,NGN,14,7,US,web,travel,0
T00006808,F01106,6134.2,NGN,22,10,GH,web,travel,0
T00006299,F00140,534.49,NGN,14,12,NG,android,digital,0
T00017434,F00265,572.58,NGN,8,9,NG,web,retail,0
T00006622,F00506,371.45,NGN,4,11,NG,ios,fuel,1
T00018103,F00515,482.02,NGN,6,6,US,web,retail,0
T00008719,F00966,1577.14,NGN,20,9,GB,android,fuel,0
T00010394,F00752,5777.2,NGN,11,10,GB,web,electronics,0
T00003497,F00153,2768.41,NGN,3,8,GH,android,electronics,1
T00002757,F00556,2017.51,NGN,19,7,GB,web,digital,0
T00003287,F00228,445.18,NGN,21,8,GH,android,food,0
T00004328,F00021,665.11,NGN,19,5,NG,ios,digital,0
T00016499,F00117,665.3,NGN,2,3,NG,ios,electronics,0
T00013156,F00526,595.35,NGN,23,3,GH,ios,electronics,0
T00000579,F00148,1328.54,NGN,17,8,NG,ios,electronics,0
T00017581,F00404,924.4,NGN,2,1,NG,android,digital,0
T00009179,F00612,814.23,NGN,9,6,GB,web,retail,0
T00015295,F00359,458.79,NGN,0,3,GH,android,retail,0
T00015718,F00735,1320.68,NGN,23,10,GH,ios,travel,0
T00009601,F00900,1255.84,NGN,18,11,US,web,retail,0
T00015253,F00625,1411.66,NGN,2,12,GH,web,electronics,0
T00014234,F00785,5552.83,NGN,17,4,NG,android,electronics,0
T00011333,F00046,2305.37,NGN,5,1,NG,ios,food,0
T00012489,F00250,5193.61,NGN,0,7,NG,android,electronics,0
T00015036,F01005,1187.81,NGN,18,5,NG,ios,fuel,0
T00000812,F00656,7363.72,NGN,17,4,NG,ios,food,0
T00009771,F00484,5245.66,NGN,19,9,GH,android,electronics,0
T00001557,F00011,6005.06,NGN,13,8,US,android,fuel,0
T00007402,F00701,348.42,NGN,7,4,GB,android,digital,0
T00007234,F00696,5084.98,NGN,9,9,GH,android,fuel,1
T00009731,F00377,782.81,NGN,10,3,GH,android,food,0
T00000188,F00246,2655.88,NGN,15,2,NG,android,retail,0
T00011918,F00492,1627.82,NGN,5,8,NG,android,food,0
T00000962,F00902,1964.22,NGN,22,12,GH,android,retail,0
T00019585,F00992,1757.67,NGN,7,10,US,android,fuel,0
T00017381,F00783,300.16,NGN,6,11,GH,android,food,0
T00013212,F00451,2134.78,NGN,14,3,GB,web,fuel,0
T00008170,F00105,2554.51,NGN,23,9,NG,android,digital,0
T00003821,F00725,570.48,NGN,15,7,NG,android,fuel,0
T00007058,F00293,3563.82,NGN,19,12,GB,ios,digital,0
T00008848,F00822,758.17,NGN,14,7,NG,web,electronics,0
T00003390,F01163,613.58,NGN,15,12,US,ios,travel,0
T00019999,F00912,667.04,NGN,4,1,NG,ios,electronics,0
T00011148,F00102,1173.85,NGN,22,2,US,web,fuel,0
T00008833,F01124,244.05,NGN,12,9,NG,ios,travel,0
T00008088,F00773,342.35,NGN,8,7,NG,ios,electronics,0
T00002504,F00318,656.66,NGN,16,6,GB,android,retail,0
T00005273,F00111,664.51,NGN,10,10,NG,web,travel,0
T00007819,F00141,537.27,NGN,4,7,NG,android,fuel,0
T00010976,F01102,7559.58,NGN,18,3,NG,ios,digital,0
T00013247,F00887,4810.96,NGN,6,12,GB,web,fuel,0
T00016564,F00573,606.18,NGN,13,6,NG,android,food,0
T00008371,F00094,3894.25,NGN,12,3,NG,android,electronics,0
T00017378,F00015,219.36,NGN,5,2,US,web,digital,0
T00006911,F00601,338.87,NGN,15,6,NG,android,fuel,0
T00001976,F00811,3627.74,NGN,1,7,NG,ios,travel,1
T00014401,F00498,633.98,NGN,17,11,GH,web,fuel,0
T00004589,F00198,345.44,NGN,3,11,US,web,fuel,1
T00005928,F01125,968.0,NGN,11,2,US,android,digital,0
T00007452,F00239,3557.05,NGN,6,8,GH,ios,food,0
T00015670,F00255,858.19,NGN,6,6,NG,android,travel,0
T00003667,F00182,379.28,NGN,22,4,NG,ios,travel,0
T00005225,F00246,595.21,NGN,21,1,NG,android,food,0
T00018425,F00819,308.24,NGN,20,3,US,web,food,0
T00003751,F00747,477.2,NGN,5,6,NG,ios,retail,0
T00016513,F00714,167.0,NGN,13,1,NG,android,food,0
T00003294,F00218,1248.89,NGN,20,8,NG,web,electronics,0
T00002112,F00382,1400.3,NGN,12,8,US,ios,electronics,0
T00013151,F00140,597.06,NGN,2,8,NG,web,travel,0
T00011788,F00040,8370.88,NGN,19,10,NG,android,digital,0
T00013503,F00166,1566.09,NGN,23,5,US,web,electronics,0
T00000570,F01055,4350.22,NGN,17,7,US,android,travel,0
T00018155,F00076,201.76,NGN,23,3,GH,android,digital,0
T00004904,F01119,1293.86,NGN,17,12,US,android,food,0
T00001583,F01023,1003.5,NGN,4,4,GB,web,travel,0
T00001994,F00796,466.9,NGN,10,10,GB,ios,digital,0
T00014810,F00183,630.82,NGN,18,2,NG,web,food,0
T00006100,F00863,2345.26,NGN,21,2,GH,android,food,0
T00016649,F00538,1226.75,NGN,18,8,NG,ios,electronics,0
T00005878,F00293,1457.14,NGN,22,5,GB,web,travel,0
T00000147,F00403,635.72,NGN,9,5,US,ios,electronics,0
T00014206,F00630,2890.87,NGN,12,7,NG,android,food,0
T00004956,F01010,3345.65,NGN,16,8,GB,ios,travel,0
T00017979,F00148,725.64,NGN,16,1,GB,ios,travel,0
T00006894,F00429,1191.65,NGN,14,11,GH,ios,electronics,0
T00006270,F01154,473.61,NGN,18,10,NG,ios,retail,0
T00000370,F00100,699.9,NGN,2,7,NG,ios,retail,1
T00015268,F00183,313.94,NGN,20,6,GH,android,travel,0
T00004859,F00794,1139.41,NGN,1,4,NG,ios,travel,0
T00000028,F00791,662.78,NGN,9,5,US,android,retail,0
T00007240,F00887,659.09,NGN,8,6,GB,web,electronics,0
T00009687,F01042,1207.89,NGN,3,3,NG,web,digital,0
T00005807,F00820,552.25,NGN,11,8,NG,web,travel,0
T00018680,F00864,2031.18,NGN,8,7,NG,ios,retail,0
T00004349,F00092,808.2,NGN,17,2,GB,ios,digital,0
T00009758,F00321,1274.02,NGN,5,10,NG,android,fuel,0
T00015313,F00156,847.66,NGN,21,2,NG,web,digital,0
T00012066,F00222,927.66,NGN,12,11,NG,ios,fuel,0
T00002131,F00790,224.87,NGN,1,8,NG,android,electronics,1
T00008223,F00320,1015.61,NGN,20,10,NG,web,food,0
T00003466,F01153,824.08,NGN,14,11,US,ios,food,0
T00019469,F00434,413.34,NGN,13,12,US,android,food,0
T00006163,F00190,2961.18,NGN,0,1,GH,android,electronics,0
T00014627,F00727,1077.02,NGN,6,7,NG,web,food,0
T00006438,F00981,484.06,NGN,21,5,GH,web,food,0
T00014646,F00956,459.32,NGN,13,1,GH,android,electronics,0
T00010193,F01188,495.54,NGN,19,11,GB,android,food,0
T00008013,F00954,440.47,NGN,15,8,GB,android,travel,0
T00016642,F01046,3685.18,NGN,22,10,NG,web,electronics,0
T00005476,F00993,518.03,NGN,6,3,GB,web,travel,0
T00007247,F01183,1824.13,NGN,5,2,GH,web,fuel,0
T00011513,F00311,1450.96,NGN,10,10,US,android,electronics,0
T00009550,F00530,4013.32,NGN,11,8,GH,web,electronics,0
T00008716,F00635,845.85,NGN,10,12,GH,web,electronics,0
T00017498,F00167,1028.71,NGN,9,7,NG,ios,food,0
T00017235,F01185,892.22,NGN,11,2,NG,ios,electronics,0
T00006221,F01163,413.68,NGN,11,11,NG,web,electronics,0
T00011225,F00967,458.59,NGN,18,11,NG,web,digital,0
T00018867,F01171,1188.73,NGN,15,9,NG,web,digital,0
T00019540,F01138,745.66,NGN,11,8,NG,android,fuel,0
T00004738,F00140,3784.93,NGN,18,1,NG,ios,travel,0
T00003967,F00419,430.1,NGN,18,5,NG,android,digital,0
T00007827,F00557,800.5,NGN,12,11,NG,ios,digital,0
T00008360,F00822,737.22,NGN,17,7,NG,web,retail,0
T00004275,F00247,3323.81,NGN,0,4,NG,android,fuel,0
T00015270,F00292,386.69,NGN,13,9,NG,web,travel,0
T00005792,F00477,621.22,NGN,21,4,US,ios,fuel,0
T00019847,F00588,1454.28,NGN,7,3,NG,android,travel,0
T00006108,F00621,1238.55,NGN,7,12,GB,web,fuel,0
T00001101,F00284,1625.69,NGN,21,7,NG,android,retail,0
T00003747,F00638,1498.28,NGN,11,2,NG,web,food,0
T00008439,F01142,547.51,NGN,18,5,NG,ios,food,0
T00014099,F00970,344.18,NGN,22,3,NG,web,digital,0
T00010967,F00300,1403.56,NGN,2,10,US,ios,retail,1
T00005944,F00490,2005.73,NGN,23,2,NG,ios,retail,0
T00011478,F00936,739.73,NGN,8,2,NG,web,fuel,0
T00015478,F00796,826.84,NGN,12,10,GB,web,food,0
T00017522,F01017,1573.19,NGN,4,2,NG,ios,digital,0
T00018628,F01113,1247.75,NGN,3,2,GH,web,electronics,0
T00014145,F00203,447.24,NGN,9,4,NG,web,electronics,0
T00018572,F01106,883.6,NGN,8,5,GB,ios,digital,0
T00001116,F00054,1494.64,NGN,0,11,NG,ios,electronics,0
T00002949,F00455,3527.75,NGN,20,6,GH,ios,fuel,0
T00012565,F00072,1273.39,NGN,13,3,NG,web,fuel,0
T00019758,F00675,1259.49,NGN,4,4,GB,ios,food,0
T00003668,F00237,1176.4,NGN,9,1,NG,web,travel,0
T00002406,F00219,617.95,NGN,4,10,NG,android,retail,1
T00019939,F00811,4058.59,NGN,9,1,GH,web,electronics,0
T00007215,F01197,919.0,NGN,1,10,NG,android,food,1
T00015652,F01075,3275.36,NGN,20,7,NG,web,food,0
T00010788,F01158,1565.78,NGN,19,10,GH,web,digital,0
T00006043,F00352,1136.01,NGN,0,5,GB,web,digital,0
T00015855,F00867,287.1,NGN,16,6,US,android,food,0
T00007320,F00483,1818.71,NGN,15,8,NG,android,digital,0
T00001568,F00506,2190.91,NGN,11,11,NG,ios,digital,0
T00016226,F00236,377.2,NGN,3,9,GB,ios,food,0
T00000286,F00680,1190.79,NGN,17,12,NG,ios,food,0
T00003384,F01145,3162.17,NGN,16,3,NG,ios,retail,0
T00017472,F01032,1056.98,NGN,9,5,NG,web,travel,0
T00017651,F00316,579.58,NGN,15,10,GB,ios,digital,0
T00016182,F00955,944.38,NGN,18,10,GB,android,digital,0
T00018540,F00333,1315.99,NGN,0,9,NG,web,electronics,0
T00009627,F00001,184.07,NGN,20,8,GB,ios,digital,0
T00003534,F00575,5900.68,NGN,19,1,NG,web,electronics,0
T00001901,F00002,2365.36,NGN,12,12,US,android,fuel,0
T00009682,F00353,1548.91,NGN,22,12,NG,ios,retail,0
T00001176,F00811,959.47,NGN,6,12,NG,ios,retail,0
T00013717,F01030,1599.81,NGN,5,4,NG,ios,retail,0
T00001838,F00319,2895.52,NGN,21,5,GH,ios,electronics,0
T00006074,F01088,967.28,NGN,12,7,GH,ios,food,0
T00011318,F00833,1727.21,NGN,5,7,NG,android,retail,0
T00001514,F01065,952.14,NGN,21,11,NG,web,travel,0
T00009665,F01143,1961.94,NGN,14,9,GB,ios,retail,0
T00002726,F00829,610.39,NGN,11,4,NG,android,fuel,0
T00017029,F00314,155.12,NGN,23,11,NG,android,food,0
T00015680,F00902,1215.82,NGN,6,10,GH,android,travel,0
T00010356,F00367,673.88,NGN,21,11,US,ios,travel,0
T00010422,F00542,1106.74,NGN,11,6,NG,web,retail,0
T00005289,F00650,2118.39,NGN,9,12,NG,web,travel,0
T00005252,F01192,301.96,NGN,6,7,GB,web,fuel,0
T00005643,F01160,1072.32,NGN,23,12,GH,android,food,0
T00006326,F00649,1665.9,NGN,21,8,GH,android,fuel,0
T00011110,F00812,11221.61,NGN,4,5,GH,ios,electronics,0
T00014134,F01092,768.13,NGN,5,12,GH,ios,electronics,0
T00017621,F00034,2404.05,NGN,19,1,GH,web,travel,0
T00005519,F00173,928.28,NGN,22,11,US,web,retail,0
T00002717,F00806,355.64,NGN,11,3,NG,web,retail,0
T00002519,F00669,2563.19,NGN,13,7,GH,android,fuel,0
T00015100,F00855,867.03,NGN,2,8,NG,android,electronics,1
T00012406,F00075,694.84,NGN,12,11,GH,web,travel,0
T00010619,F00428,191.14,NGN,11,10,GB,ios,electronics,0
T00014060,F00100,5634.7,NGN,12,3,NG,android,fuel,0
T00013198,F00945,1614.44,NGN,8,6,NG,ios,retail,0
T00014521,F00866,1637.64,NGN,3,7,US,android,travel,0
T00005451,F00581,2219.75,NGN,0,5,NG,ios,retail,0
T00012063,F00131,1077.64,NGN,0,3,US,android,food,0
T00005860,F01031,3381.74,NGN,14,4,NG,android,retail,0
T00001505,F00068,1027.33,NGN,17,4,NG,ios,electronics,0
T00010119,F01128,897.27,NGN,23,5,US,ios,food,0
T00019323,F00831,1981.68,NGN,8,8,GB,web,electronics,0
T00009276,F00149,2305.03,NGN,7,5,NG,ios,fuel,0
T00018697,F01004,104.24,NGN,9,7,GH,android,digital,0
T00011386,F00678,1867.29,NGN,16,11,NG,web,travel,0
T00019292,F00691,807.6,NGN,13,2,NG,android,travel,0
T00008043,F00628,174.67,NGN,19,8,NG,android,retail,0
T00001401,F00746,1902.06,NGN,10,1,GB,ios,fuel,0
T00003930,F00556,533.56,NGN,6,12,NG,android,digital,0
T00017463,F00883,742.18,NGN,7,5,GB,ios,food,0
T00014020,F01039,1016.92,NGN,19,4,US,web,travel,0
T00008554,F00315,505.39,NGN,22,12,NG,android,fuel,0
T00013248,F00063,923.7,NGN,14,11,GB,ios,digital,0
T00009978,F00020,2704.25,NGN,20,2,NG,web,travel,0
T00011867,F00136,1822.36,NGN,0,2,NG,android,food,0
T00009447,F00127,853.31,NGN,4,8,NG,web,fuel,1
T00012511,F00568,4709.51,NGN,6,2,NG,ios,electronics,0
T00009924,F00081,416.23,NGN,4,11,NG,web,retail,1
T00012786,F00697,1724.17,NGN,13,5,NG,ios,fuel,0
T00002881,F00331,2384.38,NGN,13,11,NG,android,digital,0
T00004651,F01111,2062.96,NGN,9,11,NG,web,retail,0
T00012327,F01055,1042.95,NGN,8,5,GB,ios,travel,0
T00009612,F00077,492.36,NGN,1,9,GB,web,retail,1
T00016562,F00754,145.98,NGN,18,10,US,android,electronics,0
T00014537,F00268,1585.7,NGN,16,9,NG,web,digital,0
T00018319,F01056,1636.51,NGN,17,3,GB,web,electronics,0
T00004812,F00308,1224.41,NGN,0,5,NG,android,travel,0
T00007623,F00394,1084.87,NGN,4,8,GB,ios,food,0
T00004232,F00189,353.64,NGN,19,10,NG,ios,travel,0
T00018253,F00843,755.89,NGN,3,8,NG,web,digital,1
T00004782,F01044,3249.54,NGN,16,2,NG,ios,electronics,0
T00005224,F00649,479.73,NGN,19,9,GH,ios,electronics,0
T00000231,F00957,563.02,NGN,16,10,NG,ios,travel,0
T00000324,F01188,1438.27,NGN,23,9,NG,ios,fuel,0
T00010113,F00188,269.4,NGN,7,7,GH,web,digital,0
T00002325,F00909,4556.99,NGN,9,10,NG,android,fuel,0
T00016688,F00122,841.09,NGN,19,12,NG,android,food,0
T00016681,F00317,1454.88,NGN,2,4,NG,ios,electronics,0
T00001067,F00007,1069.97,NGN,4,1,NG,ios,fuel,0
T00003498,F00284,769.11,NGN,5,6,NG,web,retail,0
T00002817,F00598,3719.2,NGN,12,9,NG,android,food,0
T00016164,F00764,920.81,NGN,6,4,GB,ios,retail,0
T00005233,F00553,3060.62,NGN,0,3,GB,ios,digital,0
T00001489,F00058,2188.63,NGN,18,3,NG,android,electronics,0
T00013954,F00453,2742.3,NGN,3,6,NG,web,electronics,1
T00007620,F00931,683.0,NGN,21,12,US,ios,travel,0
T00008173,F00206,580.59,NGN,3,2,US,android,travel,0
T00010395,F00955,1914.26,NGN,19,7,NG,ios,digital,0
T00008143,F01106,651.53,NGN,8,10,US,ios,food,0
T00018864,F00801,2349.99,NGN,15,11,NG,ios,travel,0
T00003692,F00576,2110.94,NGN,16,12,NG,ios,digital,0
T00002378,F01044,525.95,NGN,17,3,NG,ios,food,0
T00014261,F00271,1529.92,NGN,12,12,NG,ios,food,0
T00017272,F01153,343.97,NGN,4,2,US,ios,travel,0
T00000913,F00602,876.37,NGN,8,8,NG,android,retail,0
T00019828,F00540,1670.55,NGN,9,5,US,web,travel,0
T00005991,F00196,655.57,NGN,13,6,GH,ios,fuel,0
T00001990,F00768,1246.85,NGN,4,10,US,web,travel,1
T00014092,F01150,1378.4,NGN,16,6,NG,android,food,0
T00006935,F00827,1923.31,NGN,6,7,NG,android,digital,0
T00011301,F00562,2283.14,NGN,12,12,NG,ios,fuel,0
T00001200,F00085,3274.08,NGN,7,5,NG,ios,retail,0
T00008538,F01087,334.71,NGN,1,3,US,ios,digital,0
T00010000,F01013,416.63,NGN,14,5,GB,web,digital,0
T00004869,F00654,1190.6,NGN,5,6,US,web,fuel,0
T00009913,F00753,1283.45,NGN,6,10,US,android,electronics,0
T00008059,F00631,511.63,NGN,9,1,GB,web,retail,0
T00003385,F00261,583.8,NGN,19,1,NG,ios,fuel,0
T00011138,F00676,1246.56,NGN,14,9,NG,android,travel,0
T00016395,F00015,1959.18,NGN,22,4,US,web,retail,0
T00015636,F00728,1148.97,NGN,0,7,NG,web,electronics,0
T00011123,F00563,1131.36,NGN,17,2,GB,android,retail,0
T00011553,F00798,612.09,NGN,0,10,NG,web,retail,0
T00016121,F01187,392.96,NGN,10,4,NG,web,digital,0
T00006686,F00511,492.54,NGN,2,5,US,android,travel,0
T00016238,F00605,1506.36,NGN,11,4,NG,web,travel,0
T00008830,F01040,723.45,NGN,1,3,US,web,electronics,0
T00019667,F01030,283.16,NGN,18,5,US,ios,travel,0
T00010727,F01019,1103.38,NGN,4,2,GB,ios,digital,0
T00006355,F00699,139.39,NGN,21,8,GB,web,electronics,0
T00001376,F00937,716.05,NGN,9,6,GH,android,electronics,0
T00006008,F00451,3299.67,NGN,5,6,GB,ios,food,0
T00000684,F00348,2371.43,NGN,1,12,GB,android,travel,1
T00018677,F00694,668.17,NGN,10,3,GB,android,fuel,0
T00014850,F00306,411.35,NGN,12,6,NG,web,digital,0
T00006048,F00331,1984.88,NGN,22,6,NG,android,digital,0
T00001445,F01149,894.99,NGN,2,5,US,android,travel,0
T00014381,F00331,1598.07,NGN,2,5,NG,web,food,0
T00006875,F00945,401.6,NGN,16,8,US,android,electronics,0
T00012212,F00906,1327.95,NGN,5,11,NG,ios,electronics,0
T00017094,F00509,492.48,NGN,9,7,NG,web,food,0
T00005115,F00594,609.77,NGN,7,5,GB,web,travel,0
T00019220,F00124,2876.94,NGN,21,10,GH,web,retail,0
T00006182,F00598,505.69,NGN,21,8,NG,ios,travel,0
T00004898,F01192,858.42,NGN,19,6,GH,web,digital,0
T00005905,F01020,2618.99,NGN,10,6,NG,web,travel,0
T00019912,F00823,462.73,NGN,12,3,NG,ios,electronics,0
T00003056,F00178,426.65,NGN,1,1,NG,android,travel,0
T00016155,F00856,215.18,NGN,12,3,NG,ios,food,0
T00002661,F00953,2040.74,NGN,0,12,GH,web,digital,0
T00006305,F00399,922.69,NGN,5,4,NG,android,travel,0
T00016739,F00957,1472.05,NGN,6,7,US,web,retail,0
T00018159,F00958,4132.56,NGN,0,7,NG,ios,fuel,1
T00017457,F00234,1772.6,NGN,15,7,GH,ios,fuel,0
T00007044,F00972,789.48,NGN,14,11,NG,android,digital,0
T00004521,F01092,559.52,NGN,12,12,NG,ios,electronics,0
T00007938,F01150,5537.51,NGN,2,11,GB,ios,fuel,0
T00003796,F00559,1753.87,NGN,7,3,GH,ios,electronics,0
T00017725,F01118,2431.98,NGN,21,9,US,web,food,0
T00001425,F00186,864.44,NGN,14,8,NG,android,travel,0
T00008004,F00754,989.83,NGN,14,12,GB,ios,digital,0
T00012032,F00270,3700.81,NGN,5,4,NG,ios,travel,0
T00008097,F00736,2942.76,NGN,22,9,NG,web,fuel,0
T00016612,F00776,548.25,NGN,21,12,GH,android,retail,0
T00012015,F01030,319.52,NGN,12,4,GB,android,electronics,0
T00007437,F00673,212.38,NGN,6,10,NG,ios,digital,0
T00006235,F00321,514.99,NGN,19,5,NG,ios,fuel,0
T00003282,F00901,5679.79,NGN,12,6,NG,web,electronics,0
T00017807,F01156,1095.79,NGN,5,9,NG,ios,travel,0
T00006059,F00608,1246.98,NGN,7,3,NG,ios,digital,0
T00017282,F00336,674.5,NGN,5,10,GB,android,travel,0
T00015788,F00492,1664.31,NGN,18,6,NG,ios,food,0
T00003280,F00689,722.43,NGN,6,7,GB,ios,electronics,0
T00005010,F00331,199.9,NGN,13,7,GB,android,fuel,0
T00007293,F00834,499.53,NGN,1,10,NG,ios,digital,1
T00013522,F00308,902.17,NGN,7,9,NG,android,digital,0
T00018997,F00308,3205.9,NGN,20,3,NG,web,electronics,0
T00016157,F00689,825.25,NGN,15,9,NG,web,travel,0
T00015177,F01063,1159.05,NGN,13,1,NG,web,food,0
T00012893,F00067,798.56,NGN,0,12,NG,android,travel,0
T00012918,F00655,678.38,NGN,17,11,NG,ios,retail,0
T00001482,F00843,1980.13,NGN,17,1,NG,android,food,0
T00008301,F01124,1554.49,NGN,1,11,GB,android,fuel,1
T00008547,F00574,584.37,NGN,18,9,NG,android,retail,0
T00006428,F00578,2887.45,NGN,7,11,GB,android,electronics,0
T00010016,F00142,1130.64,NGN,13,2,NG,android,fuel,0
T00017481,F00656,1070.41,NGN,2,5,GH,web,fuel,0
T00016710,F00747,807.31,NGN,9,2,NG,android,travel,0
T00005419,F00891,2458.92,NGN,15,6,US,web,fuel,0
T00014677,F00643,3343.69,NGN,0,1,NG,android,digital,0
T00006540,F00108,2641.81,NGN,19,9,NG,ios,fuel,0
T00000987,F00398,1775.58,NGN,22,7,NG,web,retail,0
T00013213,F00392,1079.99,NGN,10,4,NG,ios,digital,0
T00016846,F00431,552.43,NGN,23,6,NG,web,fuel,0
T00013758,F00695,367.24,NGN,12,10,NG,web,fuel,0
T00009245,F00066,2901.15,NGN,12,7,GB,android,travel,0
T00018428,F00183,438.88,NGN,5,3,US,ios,digital,0
T00004634,F01147,827.95,NGN,22,10,GH,web,travel,0
T00002185,F00211,143.44,NGN,22,10,GB,android,fuel,0
T00009352,F00063,2081.54,NGN,4,10,NG,web,electronics,1
T00003186,F01111,531.81,NGN,9,12,GH,android,electronics,0
T00006178,F00321,185.26,NGN,4,8,US,ios,electronics,1
T00016673,F00248,957.32,NGN,17,3,NG,android,electronics,0
T00006280,F00448,679.65,NGN,4,3,GB,ios,retail,0
T00018969,F00923,2085.29,NGN,0,9,GB,web,retail,0
T00006534,F00671,3345.16,NGN,3,2,US,ios,fuel,0
T00002924,F00283,227.5,NGN,14,3,GH,web,food,0
T00016352,F00586,6414.99,NGN,15,3,US,android,food,0
T00012206,F00249,198.54,NGN,11,3,NG,android,fuel,0
T00016601,F01066,1160.93,NGN,23,3,NG,web,digital,0
T00007355,F00943,1980.43,NGN,6,7,NG,android,fuel,0
T00009106,F00307,978.82,NGN,18,10,NG,web,digital,0
T00016563,F00895,4208.0,NGN,14,1,NG,web,travel,0
T00000650,F00746,1570.7,NGN,4,10,NG,android,retail,1
T00002150,F00178,626.67,NGN,18,1,NG,web,food,0
T00017929,F00052,812.39,NGN,4,1,GH,web,fuel,0
T00006651,F00522,653.9,NGN,7,7,GB,web,electronics,0
T00010254,F00101,524.06,NGN,17,6,GB,web,fuel,0
T00017108,F00671,1483.17,NGN,22,10,US,ios,food,0
T00018784,F00590,1016.69,NGN,21,5,US,web,digital,0
T00010668,F00418,2239.5,NGN,7,5,NG,web,electronics,0
T00001041,F00725,1362.52,NGN,12,8,NG,web,food,0
T00017583,F00720,8625.61,NGN,3,12,NG,web,travel,1
T00019362,F00032,2182.59,NGN,23,10,NG,android,retail,0
T00007176,F00275,8324.59,NGN,2,4,GB,android,electronics,0
T00018139,F00856,749.89,NGN,1,1,NG,ios,electronics,0
T00012907,F00418,3199.17,NGN,9,12,US,ios,electronics,0
T00011646,F00232,661.97,NGN,12,10,GH,ios,food,0
T00007883,F00692,971.18,NGN,15,2,GH,android,digital,0
T00015644,F00087,704.18,NGN,2,12,GH,web,travel,1
T00014839,F00205,4827.85,NGN,23,4,NG,web,food,0
T00012700,F00861,3579.6,NGN,4,9,GH,web,retail,1
T00009997,F00535,1839.19,NGN,9,3,GB,web,food,0
T00011846,F00171,480.94,NGN,13,3,GH,web,retail,0
T00003588,F00930,4211.28,NGN,19,8,US,android,fuel,0
T00011240,F00698,933.2,NGN,5,8,NG,android,fuel,0
T00009016,F00386,232.76,NGN,0,12,NG,ios,travel,0
T00004527,F01098,1304.55,NGN,13,6,NG,android,electronics,0
T00014756,F01098,288.07,NGN,7,5,US,web,electronics,0
T00019071,F00085,355.61,NGN,14,8,NG,web,travel,0
T00016991,F00771,755.54,NGN,12,6,NG,web,fuel,0
T00002161,F00953,267.17,NGN,22,9,NG,web,digital,0
T00007615,F00224,2226.39,NGN,4,1,NG,ios,travel,1
T00015329,F01137,1133.52,NGN,9,2,NG,ios,food,0
T00014249,F00456,1571.62,NGN,10,12,NG,web,digital,0
T00009043,F00041,1357.94,NGN,19,2,NG,web,travel,0
T00014106,F00287,520.51,NGN,0,7,GH,web,fuel,0
T00010294,F00393,2865.54,NGN,16,5,NG,ios,travel,0
T00019636,F00892,3868.77,NGN,3,5,GH,android,electronics,0
T00010425,F00540,1925.23,NGN,17,10,GH,web,fuel,0
T00006824,F00631,614.63,NGN,1,9,GB,ios,food,1
T00001718,F00462,2404.32,NGN,3,3,NG,android,retail,0
T00004983,F01097,3608.43,NGN,3,11,NG,ios,retail,1
T00018901,F00475,1668.2,NGN,13,8,GB,ios,digital,0
T00004557,F00273,332.28,NGN,20,7,NG,web,digital,0
T00000592,F00671,191.66,NGN,4,5,GB,web,digital,0
T00000434,F00739,591.09,NGN,3,5,US,ios,retail,0
T00007416,F01134,3206.32,NGN,14,6,GH,android,travel,0
T00007256,F00770,150.83,NGN,16,4,NG,android,electronics,0
T00018329,F01174,703.97,NGN,16,5,NG,web,electronics,0
T00013668,F00525,3165.89,NGN,4,11,US,android,electronics,0
T00018987,F00592,3091.12,NGN,0,2,NG,web,food,0
T00008410,F00734,706.11,NGN,13,5,GB,ios,digital,0
T00019195,F00518,458.47,NGN,17,12,GB,ios,digital,0
T00018823,F00411,2687.97,NGN,22,4,NG,web,travel,0
T00012532,F00569,4394.42,NGN,3,3,NG,web,food,0
T00006096,F00662,794.0,NGN,5,8,GH,web,digital,0
T00006020,F00061,432.72,NGN,14,9,NG,ios,food,0
T00003284,F00507,885.21,NGN,4,11,GB,android,food,1
T00010809,F00829,3300.34,NGN,1,8,NG,android,retail,1
T00006873,F00727,3715.62,NGN,21,11,NG,web,travel,0
T00004667,F01060,471.93,NGN,14,1,NG,web,electronics,0
T00013266,F00972,2341.06,NGN,4,3,NG,ios,electronics,0
T00013878,F00699,3095.9,NGN,3,8,NG,android,travel,1
T00009641,F00314,764.43,NGN,19,3,GH,android,electronics,0
T00019545,F00885,443.98,NGN,0,4,GB,android,retail,0
T00015865,F00591,676.36,NGN,21,6,GH,ios,digital,0
T00007978,F00087,2990.74,NGN,2,2,US,android,travel,0
T00001019,F00924,2016.71,NGN,11,4,US,ios,travel,0
T00018947,F00254,2772.62,NGN,3,1,NG,web,fuel,0
T00009608,F00704,725.97,NGN,10,7,US,web,fuel,0
T00015358,F00463,647.2,NGN,3,7,US,android,retail,1
T00008850,F00637,235.88,NGN,15,6,NG,android,travel,0
T00015974,F00322,1689.13,NGN,10,12,GB,ios,travel,0
T00005073,F00143,2541.21,NGN,13,10,US,ios,digital,0
T00006389,F00952,1723.18,NGN,7,5,NG,android,travel,0
T00017412,F00004,1760.63,NGN,14,3,GH,ios,fuel,0
T00007371,F00878,2156.47,NGN,13,9,US,ios,food,0
T00009740,F00258,812.48,NGN,16,8,GB,android,digital,0
T00018334,F01029,768.46,NGN,7,3,NG,ios,electronics,0
T00017579,F01091,4922.82,NGN,16,2,NG,ios,travel,0
T00019081,F00916,1813.44,NGN,13,1,US,web,digital,0
T00006775,F00074,915.0,NGN,6,1,NG,android,retail,0
T00002059,F00652,981.9,NGN,6,11,US,android,fuel,0
T00016985,F00358,234.84,NGN,15,6,NG,android,retail,0
T00014902,F00074,1344.7,NGN,20,7,NG,web,retail,0
T00000036,F00236,1281.06,NGN,15,11,NG,android,retail,0
T00000390,F00052,562.51,NGN,18,10,NG,android,digital,0
T00014982,F00866,938.85,NGN,0,9,NG,android,electronics,0
T00016449,F01042,1147.21,NGN,5,10,NG,android,retail,0
T00004461,F00792,1352.53,NGN,19,8,GH,ios,retail,0
T00016083,F01005,2121.06,NGN,23,1,GH,android,food,0
T00000437,F00271,5238.88,NGN,6,12,NG,web,retail,0
T00014346,F00129,309.96,NGN,19,12,GH,android,retail,0
T00008656,F00845,1671.81,NGN,8,5,GB,web,fuel,0
T00001536,F00793,787.52,NGN,17,3,NG,web,digital,0
T00007566,F00704,4461.26,NGN,10,2,US,android,fuel,0
T00018068,F00934,462.83,NGN,2,1,NG,web,retail,0
T00002359,F00764,407.67,NGN,2,8,GB,ios,travel,1
T00002390,F00420,861.91,NGN,17,9,GB,android,digital,0
T00016407,F01019,206.12,NGN,17,5,NG,android,food,0
T00019293,F00282,22691.49,NGN,21,2,NG,android,travel,0
T00013577,F00339,243.06,NGN,10,11,NG,android,digital,0
T00005415,F00422,2647.66,NGN,22,7,GH,web,travel,0
T00009748,F00561,350.4,NGN,10,3,US,web,fuel,0
T00012126,F00239,2372.7,NGN,10,4,NG,ios,electronics,0
T00010991,F00916,4330.07,NGN,16,6,US,web,travel,0
T00002436,F00928,526.14,NGN,17,1,NG,web,retail,0
T00012665,F00367,509.36,NGN,12,1,NG,ios,electronics,0
T00009498,F00701,678.85,NGN,5,6,GH,ios,travel,0
T00015697,F00614,1103.02,NGN,22,12,GB,web,retail,0
T00018377,F00694,3368.99,NGN,9,5,GH,web,travel,0
T00012338,F00894,3383.43,NGN,12,10,NG,ios,retail,0
T00014480,F00428,643.38,NGN,15,7,NG,android,fuel,0
T00013493,F00337,1628.55,NGN,8,3,NG,ios,food,0
T00018991,F00546,4395.44,NGN,17,7,NG,android,retail,0
T00002173,F01120,238.52,NGN,15,6,NG,android,digital,0
T00001703,F00694,2605.8,NGN,0,3,GB,android,digital,0
T00005728,F00921,1450.49,NGN,4,9,US,android,retail,1
T00008027,F00245,1201.23,NGN,16,6,GB,web,retail,0
T00007064,F00233,616.4,NGN,0,7,GH,web,travel,0
T00001432,F00451,2780.74,NGN,5,8,NG,web,food,0
T00002165,F00801,1056.96,NGN,16,6,NG,ios,retail,0
T00014837,F01131,3177.55,NGN,2,8,GB,ios,food,0
T00003519,F00677,392.36,NGN,22,4,GB,ios,travel,0
T00015682,F01057,2483.61,NGN,1,11,NG,web,digital,0
T00007342,F00571,326.57,NGN,0,1,NG,android,electronics,0
T00015731,F01009,1770.86,NGN,16,5,NG,web,fuel,0
T00003103,F01141,917.44,NGN,12,12,NG,android,food,0
T00017966,F00146,4236.74,NGN,1,5,GB,android,digital,0
T00000965,F00350,554.44,NGN,11,2,US,web,fuel,0
T00004451,F00570,2341.29,NGN,8,6,US,ios,electronics,0
T00004553,F00144,1591.87,NGN,12,9,NG,ios,electronics,0
T00018149,F00172,4075.07,NGN,4,8,NG,web,digital,0
T00002919,F00291,3779.1,NGN,0,2,NG,web,electronics,0
T00009374,F00789,3447.3,NGN,3,1,GB,ios,retail,0
T00002387,F00857,3420.15,NGN,23,9,GH,android,retail,0
T00006327,F00508,426.61,NGN,5,6,NG,ios,electronics,0
T00019032,F00443,814.09,NGN,16,12,NG,ios,fuel,0
T00007398,F00644,3387.64,NGN,4,11,NG,android,fuel,1
T00008992,F00854,716.64,NGN,8,5,GB,android,travel,0
T00012131,F00486,910.32,NGN,20,10,US,android,digital,0
T00013380,F01172,964.65,NGN,1,7,US,ios,travel,0
T00014461,F00692,1022.7,NGN,16,1,NG,web,electronics,0
T00019241,F00510,722.59,NGN,18,4,GB,web,travel,0
T00000203,F00366,501.12,NGN,15,6,GH,android,food,0
T00002747,F00711,1189.33,NGN,10,5,GH,ios,food,0
T00018566,F00614,2913.6,NGN,5,2,NG,web,food,0
T00018309,F00573,2230.54,NGN,2,4,NG,android,food,0
T00003560,F00703,456.42,NGN,1,6,GB,web,retail,1
T00014906,F00111,2505.34,NGN,23,11,NG,android,travel,0
T00008949,F00001,1750.09,NGN,17,1,GH,web,fuel,0
T00008560,F01184,996.91,NGN,13,8,US,android,food,0
T00016557,F00587,643.16,NGN,18,2,GB,android,food,0
T00010640,F00057,2638.0,NGN,10,8,NG,android,travel,0
T00011168,F00103,1258.98,NGN,16,12,NG,android,electronics,0
T00007193,F00926,233.75,NGN,15,4,NG,ios,electronics,0
T00012595,F00141,694.18,NGN,22,1,GH,web,travel,0
T00006243,F01183,1043.63,NGN,19,11,GB,android,travel,0
T00012675,F00181,1472.48,NGN,15,8,NG,ios,digital,0
T00004411,F01130,922.84,NGN,9,1,NG,ios,food,0
T00005781,F00892,2801.55,NGN,0,8,GH,web,retail,0
T00005834,F00712,661.87,NGN,13,6,NG,web,fuel,0
T00004476,F01197,1234.42,NGN,7,11,GB,ios,food,0
T00008829,F01149,1752.88,NGN,3,2,US,web,fuel,0
T00002800,F01117,7559.15,NGN,5,10,GB,ios,travel,0
T00010003,F01198,1007.17,NGN,17,3,US,web,electronics,0
T00008309,F00985,2620.97,NGN,8,12,GB,web,retail,0
T00001459,F00168,1620.7,NGN,19,11,GH,ios,retail,0
T00008995,F00579,1769.68,NGN,16,7,GH,web,fuel,0
T00014724,F01032,723.67,NGN,0,3,NG,ios,retail,0
T00006042,F00783,1315.96,NGN,19,8,GH,ios,food,0
T00001892,F00631,346.12,NGN,20,8,GH,ios,travel,0
T00004826,F00185,346.84,NGN,18,11,US,web,travel,0
T00017005,F00455,385.07,NGN,4,12,NG,ios,food,0
T00019906,F00575,6332.91,NGN,17,6,NG,android,electronics,0
T00011888,F00450,2190.26,NGN,12,3,NG,ios,retail,0
T00008471,F00314,449.59,NGN,4,8,US,android,fuel,1
T00014742,F00938,345.77,NGN,9,12,NG,web,digital,0
T00019017,F00212,498.94,NGN,7,2,GB,web,digital,0
T00004307,F00766,595.54,NGN,13,2,NG,web,digital,0
T00019277,F01126,496.06,NGN,16,8,NG,android,food,0
T00011311,F00973,1459.15,NGN,1,2,US,web,retail,0
T00011121,F00489,1318.58,NGN,15,10,NG,android,retail,0
T00019070,F00843,463.6,NGN,0,6,US,web,electronics,0
T00011143,F00126,390.1,NGN,10,3,NG,ios,food,0
T00003976,F00053,1662.84,NGN,6,6,GB,ios,food,0
T00011538,F00958,827.45,NGN,12,1,GH,web,electronics,0
T00001695,F00055,939.75,NGN,0,3,NG,android,food,0
T00018474,F00916,788.28,NGN,0,10,NG,android,fuel,0
T00016962,F00196,2047.34,NGN,19,10,US,android,fuel,0
T00012553,F00833,1040.63,NGN,2,6,NG,web,travel,1
T00017934,F00135,3034.18,NGN,11,11,GH,ios,electronics,0
T00000525,F00685,493.93,NGN,1,6,US,ios,fuel,0
T00006737,F00402,1548.14,NGN,1,5,NG,ios,food,0
T00009899,F00722,3155.83,NGN,9,6,US,android,retail,0
T00002121,F00717,628.16,NGN,5,9,NG,ios,food,0
T00006860,F00721,1230.6,NGN,19,12,NG,ios,food,0
T00018105,F00945,915.73,NGN,3,4,GH,android,travel,0
T00006639,F00720,842.2,NGN,21,3,GB,android,digital,0
T00010012,F00007,1977.35,NGN,4,3,NG,android,food,0
T00000357,F00855,1028.7,NGN,18,9,US,web,electronics,0
T00009991,F01152,1176.94,NGN,21,4,GH,ios,digital,0
T00004669,F00467,664.29,NGN,3,3,US,ios,food,0
T00001730,F00885,1394.04,NGN,23,9,NG,ios,travel,0
T00017115,F00174,1489.55,NGN,21,3,GB,web,retail,0
T00007561,F00420,812.33,NGN,0,10,NG,web,food,1
T00009045,F01186,852.06,NGN,11,5,GB,ios,travel,0
T00015558,F00054,5500.92,NGN,0,10,NG,ios,retail,0
T00006271,F00269,714.8,NGN,4,9,NG,web,travel,0
T00008679,F00800,572.22,NGN,5,11,NG,ios,travel,0
T00001162,F00172,1728.19,NGN,16,10,GH,ios,retail,1
T00014371,F00926,115.93,NGN,2,3,NG,android,retail,0
T00013206,F00521,1037.39,NGN,17,6,GH,ios,food,0
T00019336,F00494,3926.58,NGN,3,1,GB,android,electronics,0
T00015843,F00719,872.96,NGN,10,11,NG,ios,fuel,0
T00015961,F00734,1034.01,NGN,19,5,GB,web,retail,0
T00004172,F00741,658.32,NGN,19,7,NG,ios,electronics,0
T00015517,F00240,1191.33,NGN,19,4,NG,web,digital,0
T00013161,F00570,1676.7,NGN,6,10,US,android,digital,0
T00000501,F00891,372.13,NGN,15,2,GH,web,digital,0
T00019095,F00269,399.66,NGN,23,5,NG,android,fuel,0
T00011113,F00001,790.99,NGN,2,9,GH,web,food,1
T00012901,F00889,557.21,NGN,16,8,NG,android,digital,0
T00008999,F00181,1548.83,NGN,2,12,GH,android,food,1
T00009792,F00268,3988.02,NGN,8,1,GH,android,electronics,0
T00007684,F01015,1060.27,NGN,8,7,US,web,digital,0
T00008777,F00107,518.57,NGN,20,6,GH,web,fuel,0
T00014149,F00952,281.81,NGN,8,5,NG,ios,retail,0
T00010854,F00129,859.45,NGN,11,8,NG,web,retail,0
T00014413,F01096,722.09,NGN,10,8,GH,web,retail,0
T00005881,F00901,651.14,NGN,19,3,NG,web,retail,0
T00002142,F00184,1091.26,NGN,23,12,US,ios,fuel,0
T00009011,F00921,321.62,NGN,21,8,NG,web,electronics,0
T00000978,F00621,1657.11,NGN,4,11,NG,android,digital,0
T00018976,F01130,1522.57,NGN,8,12,NG,android,digital,0
T00003621,F00859,420.72,NGN,23,3,US,android,retail,0
T00010701,F00475,4629.36,NGN,4,8,US,ios,retail,1
T00016255,F01081,253.91,NGN,16,12,GB,ios,electronics,1
T00010476,F00610,1162.99,NGN,6,5,NG,web,fuel,0
T00012443,F01052,277.44,NGN,16,8,GB,ios,travel,0
T00009101,F01128,1199.39,NGN,8,9,NG,web,fuel,0
T00004137,F00170,282.27,NGN,7,7,GH,ios,food,0
T00019368,F00601,1492.63,NGN,1,11,US,android,travel,1
T00013598,F00120,455.82,NGN,8,8,US,ios,retail,0
T00019860,F00254,592.23,NGN,23,2,GB,ios,fuel,0
T00019872,F00397,9186.3,NGN,20,1,NG,web,digital,0
T00004942,F00208,2250.51,NGN,21,11,NG,ios,fuel,0
T00018284,F00421,826.76,NGN,15,3,US,android,food,0
T00000700,F00286,251.56,NGN,15,2,GH,web,retail,0
T00008834,F01180,1057.28,NGN,16,10,NG,web,fuel,0
T00012047,F01108,2162.88,NGN,8,9,NG,android,fuel,0
T00010358,F00633,610.59,NGN,12,9,US,ios,retail,0
T00003207,F00059,301.08,NGN,7,5,NG,web,travel,0
T00014230,F00898,4185.3,NGN,14,2,NG,android,food,0
T00010762,F01172,261.04,NGN,8,8,NG,ios,retail,0
T00005437,F00035,858.78,NGN,13,6,NG,ios,retail,0
T00010225,F00954,419.31,NGN,11,8,NG,ios,fuel,0
T00015885,F00919,510.59,NGN,22,1,NG,web,food,0
T00019890,F00606,376.56,NGN,3,7,US,web,electronics,1
T00001835,F00102,709.69,NGN,19,10,NG,web,retail,0
T00018797,F01031,1182.44,NGN,10,8,GH,ios,travel,0
T00008603,F00308,1490.95,NGN,17,6,NG,web,electronics,0
T00019022,F01197,4039.12,NGN,23,6,US,ios,retail,0
T00004356,F00031,1632.61,NGN,15,2,GB,web,electronics,0
T00010924,F00830,139.89,NGN,17,3,NG,ios,fuel,0
T00007915,F00022,2822.09,NGN,4,1,GB,ios,fuel,0
T00004359,F00989,1257.93,NGN,4,4,NG,web,retail,0
T00004866,F00574,1420.94,NGN,1,1,NG,android,retail,0
T00004442,F00037,4021.74,NGN,9,3,NG,ios,electronics,0
T00003055,F00179,726.18,NGN,19,9,GH,web,food,0
T00010091,F00795,2669.98,NGN,14,1,NG,ios,fuel,0
T00000007,F00190,282.1,NGN,14,12,NG,android,retail,0
T00015658,F01066,2321.55,NGN,0,12,US,web,travel,0
T00002484,F00281,3064.43,NGN,8,7,GB,android,retail,0
T00002445,F00337,3241.73,NGN,2,5,NG,android,digital,0
T00011559,F00345,466.39,NGN,13,1,NG,ios,retail,0
T00007918,F00080,559.29,NGN,10,5,NG,web,travel,0
T00001938,F00494,1246.5,NGN,5,5,GB,web,retail,0
T00017447,F01053,1446.67,NGN,19,9,GH,web,retail,0
T00006110,F00999,581.79,NGN,17,5,US,ios,digital,0
T00013975,F01088,272.68,NGN,23,4,US,android,fuel,0
T00012501,F00121,2143.19,NGN,2,7,NG,web,retail,1
T00000303,F00879,1026.8,NGN,18,2,US,android,digital,0
T00008444,F01080,1072.58,NGN,2,11,NG,web,travel,0
T00008496,F00375,1878.37,NGN,2,2,GH,android,electronics,0
T00014529,F00572,925.27,NGN,8,12,GH,android,travel,0
T00003778,F00936,1071.19,NGN,14,6,GH,android,electronics,0
T00013619,F00047,1240.81,NGN,11,3,NG,android,fuel,0
T00004868,F00031,635.21,NGN,16,2,NG,ios,electronics,0
T00017271,F00906,1196.49,NGN,22,1,GB,ios,retail,0
T00008696,F00745,1652.82,NGN,5,10,GH,web,retail,0
T00003577,F00078,995.34,NGN,4,5,NG,android,digital,0
T00002607,F00149,443.73,NGN,12,7,NG,ios,fuel,0
T00012712,F00477,1094.85,NGN,9,10,NG,ios,food,0
T00009014,F00808,247.94,NGN,7,3,NG,android,retail,0
T00000564,F00172,967.49,NGN,13,12,NG,ios,travel,0
T00019862,F01044,448.32,NGN,7,1,NG,android,digital,0
T00005529,F00973,789.84,NGN,7,7,GB,web,food,0
T00018637,F00705,922.0,NGN,7,2,US,web,electronics,0
T00009046,F01113,2999.63,NGN,21,10,NG,web,fuel,0
T00004676,F01097,1071.81,NGN,5,12,NG,ios,digital,0
T00009112,F00435,1036.91,NGN,9,6,GH,android,electronics,0
T00017781,F00690,848.72,NGN,20,1,NG,android,fuel,0
T00013755,F00636,735.96,NGN,15,4,US,ios,travel,0
T00000886,F01134,574.85,NGN,0,7,GH,web,electronics,0
T00010370,F00616,780.0,NGN,6,3,NG,android,travel,0
T00017756,F00139,3116.59,NGN,17,5,NG,ios,food,0
T00001160,F00840,3325.16,NGN,2,1,GH,android,travel,0
T00012531,F00236,2391.73,NGN,13,4,NG,ios,food,0
T00009531,F00010,1440.36,NGN,13,11,NG,web,retail,0
T00008191,F01037,785.03,NGN,6,3,GH,android,food,0
T00019484,F00319,2084.82,NGN,17,4,US,web,electronics,0
T00001149,F00296,413.83,NGN,8,6,NG,web,food,0
T00007423,F01151,401.42,NGN,8,4,NG,web,retail,0
T00012559,F01142,1147.9,NGN,21,9,US,android,food,0
T00013936,F00465,1374.76,NGN,3,2,GB,web,fuel,0
T00002310,F01037,714.34,NGN,18,9,NG,android,digital,0
T00004259,F00488,2764.9,NGN,17,8,NG,web,electronics,0
T00013508,F00744,1216.33,NGN,23,7,NG,android,fuel,0
T00008902,F00752,3879.19,NGN,7,6,NG,android,electronics,0
T00010260,F00553,674.07,NGN,10,1,NG,android,travel,0
T00004217,F00317,1390.23,NGN,19,1,NG,android,fuel,0
T00005578,F01197,706.15,NGN,11,3,US,ios,digital,0
T00000159,F00488,1445.29,NGN,7,9,GB,ios,retail,0
T00014940,F00987,2913.03,NGN,16,2,US,ios,food,0
T00017858,F00172,310.65,NGN,7,5,NG,web,electronics,0
T00004221,F00375,1265.12,NGN,22,5,GH,web,digital,0
T00007410,F00304,391.62,NGN,9,9,US,android,digital,0
T00016663,F00041,281.17,NGN,5,3,NG,web,food,0
T00010758,F00063,3029.22,NGN,9,7,NG,ios,digital,0
T00006317,F00296,1994.12,NGN,0,6,NG,web,digital,0
T00007768,F00882,1118.17,NGN,6,7,GB,web,food,0
T00012594,F00648,4685.36,NGN,5,12,GH,ios,food,0
T00013650,F00731,2890.91,NGN,0,8,NG,web,fuel,0
T00018501,F00841,2236.82,NGN,4,5,GB,ios,retail,0
T00015418,F00075,1013.33,NGN,10,10,GB,web,retail,0
T00014821,F00783,2059.43,NGN,8,4,NG,android,fuel,0
T00003084,F00089,640.99,NGN,11,10,GH,web,electronics,0
T00002403,F00499,1639.52,NGN,11,5,GB,web,electronics,0
T00013218,F00582,1195.32,NGN,17,6,US,web,fuel,0
T00006663,F00202,925.0,NGN,21,10,GB,ios,food,0
T00018177,F00305,2895.88,NGN,22,3,GB,android,fuel,0
T00007017,F00110,6548.95,NGN,12,8,GH,web,retail,0
T00007337,F00518,6666.3,NGN,21,3,GH,android,fuel,0
T00011962,F00584,804.48,NGN,10,9,NG,ios,food,0
T00005394,F00603,1609.53,NGN,9,12,NG,ios,retail,0
T00014012,F00845,686.79,NGN,1,3,NG,web,digital,0
T00018576,F01081,1851.68,NGN,12,8,GB,ios,retail,0
T00014281,F01029,1694.99,NGN,10,12,US,android,digital,0
T00000695,F00596,5299.79,NGN,17,2,US,web,electronics,0
T00008601,F00095,2418.11,NGN,9,10,NG,web,fuel,0
T00004723,F00797,786.39,NGN,5,2,GB,web,electronics,0
T00011618,F01164,5027.04,NGN,22,2,US,ios,electronics,0
T00007807,F00628,1235.58,NGN,3,10,GB,ios,fuel,1
T00010147,F00308,2151.44,NGN,0,6,US,ios,travel,0
T00009783,F00615,631.24,NGN,14,5,GH,android,fuel,0
T00011006,F00437,1024.61,NGN,7,1,GB,ios,digital,0
T00014388,F00518,2605.93,NGN,20,9,US,ios,digital,0
T00000754,F00313,783.61,NGN,22,12,GH,web,digital,0
T00018791,F01155,1117.1,NGN,18,9,US,web,travel,0
T00009946,F00972,526.37,NGN,11,7,US,ios,digital,0
T00016964,F00705,381.11,NGN,6,11,NG,android,digital,0
T00000591,F00154,968.3,NGN,19,7,GH,ios,electronics,0
T00009577,F00601,1499.19,NGN,7,8,NG,ios,retail,0
T00019884,F00133,450.26,NGN,4,1,NG,android,electronics,0
T00011021,F00912,1550.34,NGN,14,1,NG,ios,digital,0
T00007241,F00064,847.09,NGN,0,11,US,ios,food,0
T00018156,F00851,437.95,NGN,22,9,GH,android,fuel,0
T00001094,F00484,1184.53,NGN,3,9,NG,android,retail,1
T00019972,F00440,1138.57,NGN,5,12,GB,android,retail,0
T00004722,F00332,3220.66,NGN,16,6,NG,android,retail,0
T00019160,F00798,276.05,NGN,18,9,GH,android,food,0
T00002008,F00945,1473.47,NGN,4,9,NG,ios,travel,1
T00007575,F01119,150.61,NGN,5,7,GB,web,digital,0
T00000316,F00143,363.5,NGN,17,9,US,android,food,0
T00012267,F01182,571.81,NGN,1,3,GH,android,electronics,0
T00012274,F00596,352.01,NGN,23,10,US,web,fuel,0
T00012541,F00659,391.31,NGN,0,5,US,web,travel,0
T00014001,F00907,308.62,NGN,10,2,NG,android,retail,0
T00011914,F01155,443.81,NGN,20,1,NG,android,digital,0
T00004469,F00165,3459.23,NGN,19,5,US,web,electronics,0
T00004002,F00669,1219.75,NGN,0,12,GH,web,food,0
T00010454,F00247,640.25,NGN,4,5,GH,android,retail,0
T00002615,F00928,1992.17,NGN,18,11,US,android,travel,0
T00005521,F00869,722.68,NGN,1,3,NG,android,electronics,0
T00000216,F01015,539.78,NGN,0,4,NG,web,food,0
T00016573,F00759,389.99,NGN,2,7,NG,android,travel,1
T00016077,F00448,454.59,NGN,8,12,NG,web,fuel,0
T00015908,F00522,290.72,NGN,5,5,NG,ios,food,0
T00000848,F00717,717.95,NGN,1,7,NG,web,digital,1
T00002040,F01140,1943.93,NGN,16,3,NG,ios,retail,0
T00006751,F00315,802.11,NGN,20,11,US,web,food,0
T00018451,F00011,1387.15,NGN,12,7,NG,web,fuel,0
T00008119,F00328,8943.91,NGN,12,9,NG,web,electronics,0
T00008617,F00939,344.35,NGN,7,3,US,ios,fuel,0
T00017598,F00324,1309.41,NGN,9,1,US,ios,digital,0
T00018558,F00327,2176.27,NGN,2,10,GH,android,food,1
T00009568,F00462,1826.12,NGN,10,4,US,android,digital,0
T00005111,F00570,395.87,NGN,8,11,NG,android,digital,0
T00011871,F00125,795.51,NGN,11,4,NG,web,fuel,0
T00005367,F00171,2940.18,NGN,7,6,GB,web,travel,0
T00004747,F01079,780.47,NGN,8,10,GB,web,food,0
T00012035,F00316,3676.2,NGN,4,5,NG,android,electronics,0
T00014086,F00366,6683.56,NGN,1,5,NG,web,digital,0
T00011465,F00902,1401.08,NGN,2,7,NG,ios,fuel,1
T00003360,F00972,188.78,NGN,13,12,GH,android,fuel,0
T00005468,F01045,1703.18,NGN,12,6,GH,web,food,0
T00015075,F00904,220.08,NGN,11,11,GH,android,retail,0
T00005370,F00533,3379.14,NGN,22,6,GH,android,fuel,0
T00004524,F01053,322.28,NGN,20,7,GH,android,travel,0
T00014451,F00478,1210.25,NGN,21,7,NG,android,digital,0
T00009406,F00185,1640.13,NGN,18,2,NG,web,fuel,0
T00014989,F00484,1489.13,NGN,16,2,NG,android,food,0
T00018469,F00672,3535.13,NGN,5,10,GB,ios,retail,0
T00009643,F00699,2087.89,NGN,15,1,NG,android,travel,0
T00002405,F00603,2108.38,NGN,18,10,NG,android,digital,0
T00010502,F00716,764.46,NGN,6,4,NG,web,digital,0
T00016821,F00980,1554.33,NGN,16,6,NG,web,fuel,0
T00015709,F00071,569.81,NGN,17,10,GB,android,retail,0
T00005192,F00645,853.37,NGN,5,3,GB,web,retail,0
T00016262,F00591,658.59,NGN,18,10,NG,android,travel,0
T00015667,F01085,3835.02,NGN,8,12,NG,android,retail,0
T00017930,F00487,2242.2,NGN,2,12,GB,web,digital,1
T00010868,F00647,1457.14,NGN,5,2,NG,web,food,0
T00015911,F00801,967.1,NGN,11,10,US,web,digital,0
T00011988,F00301,411.03,NGN,10,11,US,ios,digital,0
T00016548,F00232,702.32,NGN,14,10,NG,ios,travel,0
T00011764,F00632,2429.09,NGN,20,12,GH,ios,retail,0
T00002051,F00796,261.49,NGN,15,2,NG,ios,fuel,0
T00012682,F00004,485.33,NGN,13,11,NG,android,digital,0
T00012641,F00170,589.0,NGN,19,7,NG,android,electronics,0
T00008486,F00915,6123.79,NGN,6,12,NG,web,food,0
T00007998,F00017,690.69,NGN,3,5,NG,ios,fuel,0
T00001298,F00870,893.42,NGN,9,4,NG,ios,digital,0
T00001434,F00730,617.44,NGN,20,4,GH,ios,food,0
T00008553,F00986,215.19,NGN,12,11,GH,android,electronics,0
T00008445,F00883,1749.87,NGN,14,7,NG,android,retail,0
T00017687,F00813,3585.96,NGN,20,7,NG,web,food,0
T00003161,F00796,364.67,NGN,12,5,NG,web,electronics,0
T00010823,F00560,1371.8,NGN,3,9,NG,android,digital,1
T00009674,F00068,1330.02,NGN,14,8,NG,web,digital,0
T00009075,F00267,686.29,NGN,5,1,GH,ios,fuel,0
T00018674,F00394,795.1,NGN,0,3,NG,android,fuel,0
T00010084,F01115,3252.0,NGN,4,4,NG,web,travel,0
T00001805,F00296,3284.43,NGN,21,7,NG,android,travel,0
T00009766,F00699,3850.44,NGN,0,1,US,android,travel,0
T00004879,F00037,558.73,NGN,0,8,NG,web,electronics,0
T00008093,F00665,3012.29,NGN,15,6,GB,android,fuel,0
T00016837,F00525,3138.7,NGN,7,12,GH,ios,retail,0
T00001777,F00389,11232.69,NGN,20,12,NG,android,electronics,0
T00008318,F00288,2323.59,NGN,12,2,GH,android,fuel,0
T00005011,F00141,449.82,NGN,23,1,NG,web,fuel,0
T00004181,F01006,2033.38,NGN,6,4,GB,ios,electronics,0
T00007114,F00488,697.42,NGN,20,5,GB,ios,fuel,0
T00018287,F00342,750.75,NGN,9,8,GB,android,travel,0
T00019791,F00692,969.13,NGN,19,7,GB,android,fuel,0
T00016672,F00329,449.71,NGN,5,6,GB,android,digital,0
T00009389,F00786,844.77,NGN,13,5,GH,ios,food,0
T00004155,F00273,1322.2,NGN,11,9,NG,web,digital,0
T00005576,F00145,902.76,NGN,6,9,GH,ios,digital,0
T00019300,F00735,462.92,NGN,10,9,GH,web,digital,0
T00004726,F00059,4737.05,NGN,19,12,GH,web,food,0
T00005113,F00610,169.54,NGN,6,12,NG,web,fuel,0
T00016980,F00779,779.71,NGN,14,9,NG,ios,retail,0
T00001691,F00453,1264.8,NGN,19,4,GH,ios,digital,0
T00011019,F00160,1278.91,NGN,17,4,NG,ios,food,0
T00016001,F00194,406.43,NGN,1,4,GB,ios,electronics,0
T00017593,F00563,288.81,NGN,4,2,GH,android,retail,0
T00003633,F00435,597.71,NGN,6,9,NG,android,fuel,0
T00007937,F00898,1040.93,NGN,9,8,GH,ios,digital,0
T00005717,F00626,620.83,NGN,17,1,NG,ios,food,0
T00010656,F01162,1228.31,NGN,13,9,NG,ios,digital,0
T00016646,F00294,1519.15,NGN,7,9,NG,web,digital,0
T00002506,F00932,890.15,NGN,15,9,NG,android,digital,0
T00009675,F01108,889.73,NGN,10,12,GH,ios,fuel,0
T00015730,F00281,1463.26,NGN,0,10,NG,web,food,0
T00011208,F00022,1918.57,NGN,16,12,US,web,retail,0
T00017409,F01099,3559.19,NGN,4,1,GH,web,electronics,0
T00014144,F00536,688.33,NGN,11,3,GB,web,fuel,0
T00008285,F00687,611.34,NGN,10,11,GB,ios,digital,0
T00001623,F00644,154.22,NGN,22,12,NG,ios,electronics,0
T00012027,F01021,379.0,NGN,14,12,NG,web,electronics,0
T00006279,F00335,1313.28,NGN,6,11,NG,android,digital,0
T00003921,F01099,547.74,NGN,8,11,GH,ios,fuel,0
T00019447,F00602,828.33,NGN,0,8,GH,ios,retail,0
T00015260,F01088,1892.64,NGN,5,4,GB,web,travel,0
T00012845,F00436,301.07,NGN,1,12,NG,ios,retail,1
T00004700,F00911,413.63,NGN,16,11,GB,ios,electronics,0
T00009889,F00248,252.85,NGN,15,11,US,ios,food,0
T00003331,F00066,427.89,NGN,13,4,GB,android,food,0
T00012796,F00466,200.09,NGN,12,1,NG,web,food,0
T00009593,F00601,1551.01,NGN,19,3,NG,ios,retail,0
T00005960,F00645,729.74,NGN,11,3,NG,android,food,0
T00007238,F00524,4977.57,NGN,9,1,NG,ios,retail,0
T00005156,F00923,470.56,NGN,18,2,GB,ios,fuel,0
T00019611,F01139,5285.53,NGN,23,8,GH,android,travel,0
T00010616,F00400,2509.61,NGN,18,2,US,android,fuel,0
T00017323,F00692,1031.95,NGN,18,5,GH,web,travel,0
T00018174,F00742,3899.91,NGN,23,11,GB,android,digital,0
T00010784,F00873,865.39,NGN,7,3,NG,ios,fuel,0
T00011375,F00892,676.01,NGN,4,7,GB,web,electronics,1
T00005902,F00812,596.92,NGN,18,10,NG,android,travel,0
T00001423,F00699,337.15,NGN,14,3,NG,web,fuel,0
T00002645,F00135,416.13,NGN,22,5,US,ios,travel,0
T00015222,F00577,696.29,NGN,1,8,NG,web,food,1
T00000238,F00651,290.22,NGN,3,6,US,android,retail,1
T00003323,F00315,2095.13,NGN,16,8,NG,ios,travel,0
T00009728,F00433,1014.93,NGN,22,7,US,web,retail,0
T00002736,F01165,608.12,NGN,14,10,NG,ios,fuel,0
T00002298,F00494,1431.88,NGN,18,9,GH,web,retail,0
T00000252,F00888,1641.78,NGN,19,6,GH,web,travel,0
T00015717,F00384,816.76,NGN,23,7,US,web,fuel,0
T00001725,F00861,1097.87,NGN,0,2,NG,ios,digital,0
T00005642,F00002,2969.17,NGN,23,4,US,web,digital,0
T00003377,F00416,477.41,NGN,16,5,GB,android,electronics,0
T00003878,F00995,2281.05,NGN,1,8,GH,android,electronics,1
T00012974,F00509,1957.27,NGN,3,9,NG,ios,digital,1
T00012777,F00990,740.38,NGN,4,9,NG,android,digital,0
T00011132,F00559,950.8,NGN,14,4,GH,ios,digital,0
T00005350,F00344,3088.11,NGN,22,12,GB,android,travel,0
T00009053,F00360,2003.09,NGN,1,5,NG,ios,food,0
T00015400,F00474,723.92,NGN,7,10,NG,ios,fuel,0
T00001855,F00217,1440.87,NGN,22,6,NG,web,digital,0
T00014079,F00316,2098.78,NGN,20,10,NG,android,travel,0
T00013786,F00132,263.73,NGN,11,4,US,android,digital,0
T00000391,F00724,863.33,NGN,6,9,NG,ios,digital,0
T00009409,F00756,1267.6,NGN,0,3,NG,android,electronics,0
T00016065,F01092,664.23,NGN,4,1,US,web,digital,0
T00014250,F00208,1826.97,NGN,18,1,NG,ios,electronics,0
T00017507,F00472,4365.78,NGN,15,7,NG,android,electronics,0
T00018074,F00638,624.71,NGN,13,1,NG,web,fuel,0
T00010141,F01195,390.65,NGN,11,9,NG,ios,fuel,0
T00006153,F00317,1974.95,NGN,21,10,NG,android,travel,0
T00015910,F01076,526.43,NGN,23,7,NG,web,food,0
T00015420,F00683,509.38,NGN,17,6,NG,web,food,0
T00003900,F00123,8295.33,NGN,10,8,NG,ios,fuel,0
T00005943,F00478,674.19,NGN,1,4,NG,android,digital,0
T00019205,F01189,5779.38,NGN,7,2,GB,web,fuel,0
T00017822,F00124,2384.24,NGN,13,4,GH,android,retail,0
T00014701,F00685,1856.64,NGN,5,10,NG,ios,travel,0
T00018424,F00921,1522.03,NGN,10,8,NG,android,fuel,0
T00015334,F01164,475.55,NGN,18,8,US,ios,electronics,0
T00006851,F00114,130.97,NGN,18,5,NG,ios,travel,0
T00000537,F01127,1764.24,NGN,20,3,US,web,travel,0
T00000038,F00110,546.27,NGN,2,9,US,ios,retail,1
T00014741,F01184,989.04,NGN,4,6,NG,android,retail,1
T00019855,F00310,1693.6,NGN,2,11,NG,android,travel,1
T00006507,F00672,291.46,NGN,2,10,GH,android,food,1
T00017462,F01199,576.32,NGN,23,7,GB,ios,electronics,0
T00016355,F00975,340.11,NGN,5,7,NG,web,digital,0
T00009695,F01105,1070.76,NGN,21,8,GH,ios,travel,0
T00016467,F00539,8851.1,NGN,4,2,GH,web,digital,0
T00003171,F00626,1113.66,NGN,10,12,NG,android,digital,0
T00006142,F01020,1090.82,NGN,17,6,GB,ios,retail,0
T00010014,F01092,1037.57,NGN,12,9,NG,web,electronics,0
T00003313,F00299,1215.12,NGN,7,3,NG,android,retail,0
T00006898,F00232,663.0,NGN,10,6,NG,android,digital,0
T00016050,F00698,482.11,NGN,12,5,NG,android,digital,0
T00007482,F00293,2268.29,NGN,13,10,GB,web,digital,0
T00004693,F00671,2517.09,NGN,1,11,NG,web,fuel,0
T00001475,F00537,350.57,NGN,14,6,US,web,electronics,0
T00018360,F00434,891.6,NGN,9,1,NG,web,food,0
T00017765,F00203,996.81,NGN,8,1,NG,web,fuel,0
T00008686,F00381,3905.79,NGN,11,10,NG,web,food,0
T00001675,F00535,820.78,NGN,6,12,NG,web,fuel,0
T00011572,F00196,2095.73,NGN,2,12,NG,ios,electronics,1
T00006044,F00447,3262.36,NGN,0,12,US,ios,food,0
T00005950,F00244,781.52,NGN,11,5,NG,web,food,0
T00012803,F01006,2052.13,NGN,0,11,US,ios,digital,0
T00010551,F00852,332.51,NGN,7,5,US,ios,retail,0
T00004943,F00974,884.12,NGN,9,2,GH,android,travel,0
T00003523,F00085,1785.92,NGN,2,9,NG,web,retail,0
T00006927,F00827,1453.13,NGN,3,7,NG,web,fuel,0
T00017060,F00348,265.93,NGN,13,5,NG,ios,travel,0
T00010083,F00889,734.6,NGN,20,8,NG,web,food,0
T00004421,F00517,679.86,NGN,13,12,US,ios,retail,0
T00005620,F00420,335.14,NGN,6,1,NG,web,travel,0
T00017935,F00865,683.3,NGN,3,9,GH,web,electronics,1
T00005056,F00844,1889.45,NGN,11,10,GB,android,fuel,0
T00004733,F00307,449.35,NGN,19,11,NG,android,travel,0
T00019806,F00456,1312.16,NGN,9,10,GH,android,retail,0
T00005096,F01086,940.41,NGN,10,5,GH,ios,travel,0
T00013367,F00647,1339.31,NGN,10,1,NG,web,fuel,0
T00002937,F01122,3192.41,NGN,5,4,NG,web,food,0
T00007027,F00066,1157.01,NGN,23,5,NG,ios,digital,0
T00006342,F00124,804.36,NGN,6,5,GB,android,retail,0
T00012183,F00218,805.0,NGN,18,6,US,ios,retail,0
T00006176,F00192,379.76,NGN,2,4,GB,ios,fuel,0
T00018411,F00636,329.22,NGN,4,7,NG,web,electronics,1
T00010457,F00433,959.75,NGN,20,5,GH,android,fuel,0
T00019375,F00745,1818.09,NGN,10,6,GH,android,digital,0
T00002170,F01142,349.49,NGN,17,4,NG,web,retail,0
T00016902,F00764,638.21,NGN,2,5,NG,ios,retail,0
T00017958,F01170,3977.75,NGN,9,12,NG,web,digital,0
T00012835,F00738,1797.55,NGN,17,4,GB,ios,travel,0
T00000584,F00899,1643.65,NGN,20,2,GB,ios,electronics,0
T00011489,F00384,165.93,NGN,6,7,GB,web,electronics,0
T00009596,F00376,1510.68,NGN,22,6,NG,android,food,0
T00010233,F00656,2390.78,NGN,15,9,NG,web,retail,0
T00013843,F00990,431.72,NGN,21,5,US,android,electronics,0
T00003366,F00602,1205.84,NGN,3,12,NG,ios,electronics,1
T00005293,F00320,1239.83,NGN,5,1,GH,android,fuel,0
T00017547,F00925,584.51,NGN,13,12,NG,ios,electronics,0
T00006070,F00568,878.78,NGN,3,11,GB,web,electronics,1
T00005311,F00653,279.42,NGN,4,1,NG,web,food,0
T00012805,F00712,5271.29,NGN,23,2,GB,android,retail,0
T00013455,F00954,728.24,NGN,7,3,NG,web,retail,0
T00017172,F00893,596.53,NGN,19,8,NG,web,fuel,0
T00018280,F00904,409.56,NGN,9,12,GB,ios,food,0
T00008250,F00404,347.67,NGN,23,8,US,web,digital,0
T00006442,F00542,2351.74,NGN,3,4,GH,ios,travel,0
T00006315,F00912,1304.67,NGN,3,2,GH,android,digital,1
T00015458,F00770,482.96,NGN,11,5,GH,web,food,0
T00015661,F00351,866.41,NGN,0,7,GH,ios,retail,0
T00010926,F00790,160.65,NGN,20,3,NG,android,travel,0
T00011674,F00774,2434.69,NGN,2,3,NG,android,fuel,0
T00002328,F00682,182.53,NGN,23,9,GH,android,fuel,0
T00008234,F00578,2354.79,NGN,1,4,NG,ios,food,0
T00014764,F00910,188.6,NGN,15,3,NG,ios,food,0
T00002402,F01056,1380.44,NGN,22,12,NG,android,electronics,0
T00000266,F00630,1359.78,NGN,18,8,NG,ios,electronics,0
T00000747,F00037,7179.28,NGN,4,1,NG,android,food,0
T00008326,F00260,720.19,NGN,2,2,NG,ios,travel,0
T00002192,F00378,285.37,NGN,13,5,GH,web,digital,0
T00019041,F01014,3940.19,NGN,4,7,GH,ios,retail,1
T00011938,F00467,863.93,NGN,19,6,GH,web,electronics,0
T00008709,F00857,1823.13,NGN,13,4,GB,web,travel,0
T00015982,F00103,2835.04,NGN,22,2,US,web,fuel,0
T00006692,F00964,960.0,NGN,9,1,NG,ios,digital,0
T00006120,F00749,921.18,NGN,21,12,NG,android,electronics,0
T00001333,F00254,1093.31,NGN,23,3,NG,android,fuel,0
T00005513,F00139,2411.89,NGN,7,11,US,web,travel,0
T00006194,F00579,1327.92,NGN,17,10,NG,android,fuel,0
T00011459,F01129,1262.42,NGN,16,5,NG,android,fuel,0
T00003248,F00766,2142.61,NGN,9,7,GB,android,fuel,0
T00018419,F01029,2951.68,NGN,8,12,NG,android,fuel,0
T00000468,F00907,1741.62,NGN,6,10,GB,ios,fuel,0
T00007187,F00157,7396.01,NGN,2,10,GH,web,fuel,1
T00018585,F00346,865.22,NGN,19,8,US,android,fuel,0
T00010278,F00322,802.09,NGN,15,8,NG,android,travel,0
T00002686,F01011,306.66,NGN,23,3,GH,ios,retail,0
T00016729,F00398,1500.04,NGN,6,9,GB,ios,retail,0
T00009482,F00500,35181.27,NGN,6,12,NG,web,digital,0
T00000151,F00064,338.66,NGN,14,4,GB,android,travel,0
T00008542,F00271,2349.36,NGN,22,8,GB,android,fuel,0
T00018382,F00151,1726.99,NGN,4,11,GB,ios,fuel,1
T00019811,F00648,442.03,NGN,5,12,NG,web,digital,0
T00018668,F00427,597.17,NGN,20,12,US,ios,electronics,0
T00009520,F00394,994.44,NGN,7,1,US,android,travel,0
T00018290,F01087,764.08,NGN,4,7,NG,web,electronics,1
T00007772,F00577,1491.99,NGN,7,8,NG,android,retail,0
T00000433,F00033,448.54,NGN,14,10,US,ios,electronics,0
T00008257,F00119,282.53,NGN,15,7,GB,android,food,0
T00019173,F00780,481.41,NGN,1,8,NG,android,food,1
T00010124,F01153,273.59,NGN,4,10,US,web,travel,1
T00000087,F00080,1010.18,NGN,6,10,NG,web,food,0
T00016829,F01189,455.61,NGN,1,12,US,ios,travel,0
T00010048,F00898,691.05,NGN,12,7,GH,ios,food,0
T00001561,F00651,1368.44,NGN,6,2,NG,ios,travel,0
T00014770,F01177,910.4,NGN,21,12,GH,android,food,0
T00009613,F00301,3350.46,NGN,2,6,GH,android,retail,0
T00017127,F01026,844.47,NGN,22,7,GH,web,fuel,0
T00008049,F00586,6064.25,NGN,23,9,NG,web,digital,0
T00012042,F00697,544.8,NGN,23,9,GB,android,travel,0
T00014153,F00207,1574.92,NGN,17,5,GH,ios,retail,0
T00014772,F00881,1490.02,NGN,5,5,US,android,electronics,0
T00019107,F00668,732.31,NGN,12,3,NG,web,retail,0
T00018571,F00368,2152.58,NGN,15,12,US,web,digital,0
T00002234,F00802,2262.98,NGN,4,10,US,web,electronics,1
T00017221,F01049,879.85,NGN,2,3,NG,android,electronics,0
T00002243,F00453,4320.9,NGN,9,11,NG,android,electronics,0
T00006703,F00695,929.15,NGN,1,9,US,android,electronics,0
T00004107,F00186,3256.81,NGN,1,8,GH,web,fuel,1
T00010923,F00401,4334.94,NGN,14,2,NG,web,fuel,0
T00014155,F00799,2286.67,NGN,7,9,NG,web,digital,0
T00003279,F00053,377.78,NGN,8,10,US,web,travel,0
T00018783,F00998,5915.2,NGN,3,11,NG,ios,electronics,1
T00011770,F00606,323.24,NGN,0,12,US,android,retail,0
T00001851,F00214,285.09,NGN,21,11,US,web,fuel,0
T00004588,F00661,763.63,NGN,21,1,GH,android,food,0
T00013950,F00434,998.05,NGN,8,4,NG,web,travel,0
T00004629,F01108,1344.84,NGN,5,4,NG,android,travel,0
T00008626,F00266,385.0,NGN,6,9,NG,ios,fuel,0
T00011167,F00238,1445.82,NGN,4,3,US,android,fuel,0
T00007441,F01106,629.37,NGN,15,2,GB,ios,digital,0
T00010258,F00426,1476.18,NGN,9,1,NG,ios,fuel,0
T00006880,F00162,751.02,NGN,20,6,GB,android,digital,0
T00019183,F00580,954.84,NGN,9,9,NG,web,retail,0
T00006114,F00055,617.54,NGN,10,6,NG,web,electronics,0
T00004757,F01065,783.35,NGN,13,1,NG,web,travel,0
T00012966,F00338,3210.17,NGN,17,6,US,android,food,0
T00002253,F01081,4094.19,NGN,11,4,GB,android,digital,0
T00018433,F00273,997.32,NGN,7,5,GH,web,travel,0
T00002117,F00445,1795.95,NGN,9,3,NG,ios,retail,0
T00005479,F00624,388.39,NGN,2,6,US,ios,food,0
T00011561,F00734,2111.64,NGN,7,3,GB,ios,travel,0
T00011891,F00267,1607.67,NGN,6,10,NG,web,food,0
T00005843,F00825,519.38,NGN,19,2,NG,android,fuel,0
T00005392,F00004,2316.61,NGN,15,10,NG,web,fuel,0
T00003480,F00249,2929.29,NGN,19,6,NG,android,electronics,0
T00013286,F01023,233.8,NGN,11,8,NG,web,electronics,0
T00014164,F01184,680.92,NGN,14,7,GB,android,electronics,0
T00005080,F00153,1022.45,NGN,10,8,NG,ios,electronics,0
T00003984,F01131,291.18,NGN,20,4,GB,android,fuel,0
T00013233,F01166,663.33,NGN,22,5,GH,web,electronics,0
T00007801,F00129,1322.76,NGN,14,12,GH,android,electronics,0
T00009331,F00583,1300.33,NGN,3,2,GH,ios,food,0
T00011297,F00475,927.52,NGN,14,7,NG,web,travel,0
T00015540,F00033,2500.84,NGN,20,12,NG,ios,travel,0
T00004582,F00246,2450.95,NGN,5,8,NG,web,digital,0
T00008388,F00475,2581.2,NGN,17,5,NG,web,electronics,0
T00017146,F01169,2345.76,NGN,11,10,GB,android,electronics,0
T00004724,F01012,3121.8,NGN,20,12,GB,ios,retail,0
T00015533,F01059,2146.05,NGN,19,12,GB,ios,electronics,0
T00019805,F00205,2107.3,NGN,4,7,US,ios,retail,1
T00017696,F00024,996.99,NGN,3,9,NG,android,fuel,1
T00008714,F01016,366.65,NGN,6,4,GB,ios,retail,0
T00017545,F00761,962.56,NGN,7,3,NG,ios,travel,0
T00010999,F01067,3028.42,NGN,5,3,NG,ios,retail,0
T00011060,F00700,2560.8,NGN,16,5,NG,android,fuel,0
T00010086,F00510,1573.7,NGN,18,4,NG,ios,fuel,0
T00002263,F00047,1300.1,NGN,10,11,NG,web,digital,0
T00012535,F01080,2997.03,NGN,9,6,GB,web,electronics,0
T00017936,F00481,898.7,NGN,5,11,GH,android,digital,0
T00016808,F00118,453.6,NGN,13,5,NG,ios,fuel,0
T00016653,F00505,800.39,NGN,6,7,US,web,retail,0
T00009294,F01100,1109.22,NGN,7,11,NG,web,electronics,0
T00003880,F00344,336.67,NGN,3,10,US,ios,travel,1
T00005342,F00186,1280.91,NGN,9,12,NG,android,electronics,0
T00001130,F00142,813.5,NGN,22,5,NG,web,electronics,0
T00017025,F00437,115.2,NGN,19,2,NG,web,retail,0
T00004391,F00188,1455.2,NGN,1,1,GB,ios,retail,0
T00009259,F00728,460.72,NGN,20,2,US,web,electronics,0
T00007630,F00901,2841.88,NGN,18,9,NG,ios,electronics,0
T00016147,F01075,707.73,NGN,22,4,GH,ios,digital,0
T00014254,F00631,154.69,NGN,17,10,US,android,retail,0
T00000792,F01118,169.29,NGN,19,1,GH,web,fuel,0
T00012270,F00758,2294.59,NGN,4,1,GB,web,travel,0
T00001233,F00946,1171.51,NGN,16,10,NG,ios,fuel,0
T00002843,F00132,418.32,NGN,5,4,NG,android,food,0
T00009427,F00856,661.58,NGN,10,3,NG,ios,fuel,0
T00007469,F01012,1743.52,NGN,7,11,NG,web,digital,0
T00007431,F00289,1639.45,NGN,11,2,NG,web,fuel,0
T00003169,F01121,958.45,NGN,17,11,GH,web,digital,0
T00014708,F00837,589.98,NGN,22,4,GB,android,electronics,0
T00002237,F00690,344.63,NGN,2,4,GH,web,travel,0
T00008324,F00813,255.7,NGN,13,3,NG,web,fuel,0
T00019955,F01174,829.14,NGN,7,9,GB,web,food,0
T00013483,F00509,1019.21,NGN,3,7,NG,ios,electronics,0
T00004806,F00636,882.5,NGN,2,8,GB,android,electronics,0
T00009781,F00020,10898.47,NGN,16,3,NG,web,food,0
T00006201,F01134,1547.49,NGN,22,4,GB,web,electronics,0
T00016014,F00281,6927.58,NGN,4,1,NG,android,fuel,0
T00018086,F00362,822.6,NGN,11,4,US,android,electronics,0
T00000288,F00671,7577.04,NGN,23,11,NG,web,electronics,0
T00002720,F00880,2011.47,NGN,0,5,NG,web,electronics,0
T00004625,F00957,653.24,NGN,17,11,NG,android,electronics,0
T00001416,F00467,1545.85,NGN,8,10,US,android,electronics,0
T00011635,F00192,1411.72,NGN,3,8,GH,web,retail,0
T00003500,F00630,2758.08,NGN,23,11,GH,android,travel,0
T00009430,F00940,1692.16,NGN,12,5,NG,web,food,0
T00017267,F00674,974.54,NGN,22,8,NG,web,travel,0
T00014595,F00807,3570.12,NGN,2,9,NG,ios,retail,1
T00009983,F00346,542.77,NGN,15,3,NG,ios,digital,0
T00005940,F00192,626.43,NGN,20,11,GB,android,fuel,0
T00019571,F00337,1360.36,NGN,1,2,NG,web,fuel,0
T00008447,F00745,5885.93,NGN,9,3,US,web,travel,0
T00011372,F00287,2118.58,NGN,3,1,GH,web,fuel,0
T00012983,F00774,4550.15,NGN,8,4,NG,android,retail,1
T00015167,F00122,432.33,NGN,8,12,GB,web,retail,0
T00005372,F01107,580.73,NGN,6,3,NG,android,food,0
T00013584,F01182,363.38,NGN,17,1,NG,android,digital,0
T00009332,F00611,614.35,NGN,23,3,NG,android,retail,0
T00005574,F00630,998.35,NGN,5,11,GB,web,fuel,0
T00016732,F00492,3008.93,NGN,10,7,GH,android,retail,0
T00005819,F00603,253.43,NGN,7,12,US,web,food,0
T00000514,F01166,538.25,NGN,18,11,NG,ios,digital,0
T00008208,F00757,905.8,NGN,1,8,NG,android,fuel,1
T00007292,F00661,406.34,NGN,0,9,NG,web,fuel,0
T00005306,F01199,1207.63,NGN,16,7,NG,android,food,0
T00015363,F00460,1621.97,NGN,18,8,NG,web,travel,0
T00017501,F00891,567.71,NGN,21,1,GH,android,digital,0
T00007226,F00243,803.62,NGN,13,2,NG,ios,retail,0
T00011582,F00410,930.44,NGN,16,3,NG,android,digital,0
T00019734,F00966,3893.03,NGN,10,5,NG,ios,retail,0
T00006906,F00763,1317.76,NGN,17,8,NG,android,retail,0
T00016291,F00792,1064.34,NGN,17,4,US,ios,digital,0
T00006439,F00275,3208.2,NGN,14,1,NG,android,travel,0
T00004063,F00516,323.17,NGN,16,12,NG,android,digital,0
T00007859,F00998,1377.67,NGN,13,5,US,ios,fuel,0
T00015212,F00937,1950.71,NGN,13,12,GB,ios,retail,0
T00019792,F00718,2057.87,NGN,7,8,GH,web,electronics,0
T00014550,F00076,1426.35,NGN,21,3,NG,android,digital,0
T00008385,F00151,613.59,NGN,0,4,GH,ios,fuel,0
T00008464,F00680,1408.6,NGN,13,3,GB,ios,retail,0
T00010733,F00320,1252.96,NGN,8,3,NG,android,travel,0
T00017351,F00598,1491.05,NGN,11,3,GH,ios,travel,0
T00006011,F00858,585.48,NGN,12,1,NG,web,retail,0
T00018768,F00644,1096.49,NGN,19,11,NG,web,electronics,0
T00010206,F01141,1742.38,NGN,8,10,NG,android,food,0
T00010659,F00059,351.65,NGN,3,9,GH,android,electronics,1
T00002619,F00642,1284.95,NGN,7,1,GH,web,electronics,0
T00007788,F00292,817.87,NGN,15,5,GB,ios,electronics,0
T00018107,F00247,627.97,NGN,1,10,GH,web,fuel,1
T00005594,F00446,3444.06,NGN,13,1,NG,web,electronics,0
T00006627,F00698,6344.78,NGN,9,5,NG,android,food,0
T00004096,F01038,1068.86,NGN,11,8,NG,web,food,0
T00005773,F01001,1218.51,NGN,19,10,US,android,digital,0
T00001858,F00667,1033.71,NGN,21,6,GB,ios,fuel,0
T00018213,F00503,3899.01,NGN,15,6,GH,ios,electronics,0
T00016119,F00075,2082.61,NGN,16,3,US,web,food,0
T00002114,F00429,958.4,NGN,2,4,GB,ios,travel,0
T00014274,F00668,333.55,NGN,22,1,NG,android,electronics,0
T00016722,F00168,1243.0,NGN,13,9,NG,android,fuel,0
T00010815,F00710,7693.96,NGN,5,4,US,ios,travel,0
T00000519,F00953,816.25,NGN,19,4,NG,web,food,0
T00003915,F00601,1148.83,NGN,13,12,US,android,fuel,0
T00006411,F00670,13054.37,NGN,12,2,GH,web,electronics,0
T00014345,F00106,1195.25,NGN,14,4,GB,ios,fuel,0
T00008078,F00157,819.9,NGN,2,7,NG,ios,retail,1
T00010913,F00163,459.28,NGN,6,11,NG,web,fuel,0
T00012353,F00529,7920.46,NGN,1,2,NG,ios,fuel,0
T00006810,F00688,1524.93,NGN,6,3,GB,ios,fuel,0
T00008608,F00072,865.64,NGN,21,6,NG,android,electronics,0
T00010271,F00453,3325.5,NGN,7,6,NG,web,electronics,0
T00005229,F00232,2178.7,NGN,20,7,NG,android,travel,0
T00013973,F00004,2575.95,NGN,6,11,NG,android,food,0
T00012961,F00249,7357.76,NGN,6,1,NG,web,electronics,0
T00001728,F00894,327.71,NGN,15,3,GH,web,retail,0
T00018632,F01196,769.25,NGN,15,4,GH,web,digital,0
T00013773,F00222,566.95,NGN,5,5,US,web,retail,0
T00015736,F00966,244.4,NGN,18,7,NG,ios,fuel,0
T00005602,F00976,2180.45,NGN,13,12,GH,android,fuel,0
T00002673,F00254,1443.98,NGN,23,2,NG,android,digital,0
T00019054,F00527,557.6,NGN,22,10,GH,web,digital,0
T00018774,F00452,3643.32,NGN,17,10,GB,ios,fuel,0
T00016668,F01104,284.4,NGN,12,4,NG,ios,travel,0
T00005618,F00758,364.1,NGN,9,8,NG,android,fuel,0
T00001642,F00557,532.81,NGN,9,11,NG,android,retail,0
T00012902,F00155,636.0,NGN,15,1,NG,web,retail,0
T00005542,F00382,3221.59,NGN,0,1,US,android,digital,0
T00015452,F01125,640.39,NGN,16,6,NG,android,travel,0
T00016024,F00926,1058.69,NGN,22,12,NG,android,retail,0
T00005933,F00845,1372.45,NGN,14,2,NG,web,digital,0
T00000545,F00605,992.22,NGN,20,3,GH,android,travel,0
T00016399,F00300,4311.72,NGN,6,8,NG,android,travel,0
T00007023,F00289,4406.15,NGN,13,6,NG,web,fuel,0
T00009476,F00825,696.47,NGN,2,4,GB,web,retail,0
T00017876,F01131,298.85,NGN,5,1,US,web,retail,0
T00018650,F00181,191.3,NGN,22,12,NG,ios,electronics,0
T00008628,F00217,422.09,NGN,3,6,GH,ios,retail,1
T00011082,F00778,1150.65,NGN,15,2,US,ios,retail,0
T00017518,F00625,403.2,NGN,6,8,NG,android,digital,0
T00000526,F00762,480.42,NGN,16,6,GB,ios,digital,0
T00001268,F01058,566.91,NGN,3,2,NG,ios,food,0
T00003892,F00044,2719.12,NGN,1,5,NG,web,food,0
T00006661,F00115,3976.21,NGN,18,6,NG,web,electronics,0
T00009961,F00072,3927.02,NGN,21,1,NG,android,fuel,0
T00006905,F01192,561.89,NGN,11,5,GH,android,electronics,0
T00011755,F00212,1124.85,NGN,17,10,GB,android,electronics,0
T00004941,F00560,1905.96,NGN,9,12,NG,ios,food,0
T00016381,F00686,970.44,NGN,14,12,NG,web,digital,0
T00006736,F00346,847.02,NGN,15,11,GB,web,travel,0
T00003405,F00955,1472.31,NGN,5,2,US,android,travel,0
T00013049,F00329,677.57,NGN,6,1,NG,ios,food,0
T00015884,F01177,6782.08,NGN,21,7,US,ios,food,0
T00012223,F01100,964.87,NGN,1,5,GH,web,digital,0
T00018458,F00289,581.41,NGN,13,7,US,android,electronics,0
T00011896,F00901,1622.85,NGN,8,10,NG,web,electronics,0
T00001810,F00626,904.84,NGN,13,2,NG,ios,retail,0
T00015395,F00946,6257.68,NGN,18,7,US,android,digital,0
T00009686,F01095,1781.6,NGN,17,8,US,android,food,0
T00010796,F00917,2641.35,NGN,20,2,US,android,fuel,0
T00010708,F00293,4324.24,NGN,6,7,US,web,travel,0
T00002557,F00195,1646.71,NGN,13,1,GH,web,electronics,0
T00016493,F01174,1082.42,NGN,22,12,NG,android,travel,0
T00012614,F00880,477.03,NGN,17,8,NG,android,electronics,0
T00003510,F01188,646.31,NGN,23,12,NG,android,retail,0
T00017917,F00048,1473.5,NGN,12,5,US,web,food,0
T00000827,F00836,656.41,NGN,22,9,NG,ios,digital,0
T00015671,F00804,4013.8,NGN,15,10,NG,web,retail,0
T00014262,F01067,2207.39,NGN,9,9,NG,ios,electronics,0
T00008522,F00282,597.71,NGN,17,11,GB,ios,electronics,0
T00001778,F00813,2144.71,NGN,15,5,GH,web,electronics,0
T00017157,F00127,2431.71,NGN,19,1,NG,ios,food,0
T00012881,F00107,3381.73,NGN,3,2,NG,ios,food,0
T00009585,F00012,1202.89,NGN,14,12,GB,ios,food,0
T00017957,F00538,1146.15,NGN,13,1,NG,ios,food,0
T00007197,F00203,881.84,NGN,18,7,GB,web,retail,0
T00001631,F00477,786.44,NGN,1,8,GH,android,food,1
T00015369,F00830,3415.66,NGN,4,2,US,android,fuel,0
T00019091,F00756,1017.12,NGN,9,10,NG,web,fuel,0
T00010161,F00013,592.67,NGN,1,9,NG,web,electronics,1
T00009571,F00738,2363.56,NGN,18,12,NG,ios,travel,0
T00018903,F00844,968.19,NGN,20,7,NG,android,electronics,0
T00005341,F00257,495.68,NGN,22,8,US,web,electronics,0
T00006436,F00550,434.9,NGN,14,5,GB,web,electronics,0
T00007442,F00496,1200.33,NGN,2,12,NG,ios,food,0
T00000803,F00437,1728.91,NGN,3,5,GH,web,electronics,0
T00008814,F00200,163.86,NGN,16,9,GB,android,travel,0
T00005720,F00738,1637.93,NGN,12,5,NG,android,digital,0
T00003993,F00397,1572.48,NGN,7,9,GB,android,electronics,0
T00004732,F00561,52.35,NGN,12,10,US,ios,retail,0
T00015577,F01015,1203.7,NGN,23,12,US,ios,electronics,0
T00016754,F01096,955.14,NGN,22,7,US,web,travel,0
T00007380,F00349,168.3,NGN,15,1,GH,android,electronics,0
T00010452,F00488,2246.69,NGN,15,6,US,ios,travel,0
T00008098,F01122,4867.84,NGN,1,5,US,ios,electronics,0
T00006586,F00525,2118.38,NGN,2,10,NG,android,travel,0
T00018190,F00411,1778.23,NGN,13,10,GH,ios,fuel,0
T00007735,F00025,2793.53,NGN,22,11,NG,web,travel,0
T00010767,F00786,1370.02,NGN,5,12,NG,web,fuel,0
T00015996,F00897,669.2,NGN,2,5,NG,android,digital,0
T00002547,F00478,871.5,NGN,9,4,US,web,travel,0
T00004972,F00124,840.44,NGN,11,4,GB,web,fuel,0
T00013653,F00449,306.42,NGN,4,4,US,ios,digital,0
T00000908,F00430,773.05,NGN,5,5,NG,web,travel,0
T00002067,F01103,3440.86,NGN,11,2,US,android,electronics,0
T00013839,F00975,727.26,NGN,7,3,GH,ios,digital,0
T00007900,F00240,409.11,NGN,23,9,NG,ios,travel,0
T00008182,F00033,3296.33,NGN,19,3,GB,android,retail,0
T00008744,F00873,1908.41,NGN,3,1,US,web,travel,0
T00017401,F00346,738.82,NGN,2,1,GH,ios,food,0
T00000912,F00865,70.68,NGN,21,6,NG,web,travel,0
T00011380,F00309,94.09,NGN,0,5,NG,web,fuel,0
T00009976,F00487,1011.49,NGN,14,10,NG,android,food,0
T00006127,F00235,934.11,NGN,18,12,NG,android,travel,0
T00016508,F00572,8464.96,NGN,6,7,NG,web,food,0
T00000601,F01116,2556.72,NGN,3,8,US,web,food,0
T00016188,F00554,611.77,NGN,0,2,NG,web,food,0
T00007324,F00404,1496.14,NGN,14,9,NG,ios,retail,0
T00009420,F00040,1142.4,NGN,1,8,NG,ios,travel,1
T00016764,F00283,1369.36,NGN,14,11,GH,ios,travel,0
T00012003,F00657,2986.68,NGN,1,4,GB,android,retail,0
T00001881,F00850,1015.62,NGN,9,9,NG,android,food,0
T00008638,F00741,283.08,NGN,9,3,GB,ios,travel,0
T00009155,F00406,1328.03,NGN,6,3,US,android,electronics,0
T00008458,F00874,443.54,NGN,2,12,NG,ios,digital,1
T00005923,F00105,1084.54,NGN,12,9,NG,web,retail,0
T00013698,F00599,1728.09,NGN,12,8,NG,web,travel,0
T00014205,F00328,919.8,NGN,18,8,NG,web,electronics,0
T00002792,F00761,769.02,NGN,16,5,GB,ios,retail,0
T00009942,F00881,1306.41,NGN,0,10,NG,android,fuel,0
T00010634,F00831,2749.95,NGN,0,9,NG,web,retail,0
T00011325,F00084,5238.64,NGN,9,10,GH,ios,retail,0
T00010080,F00010,159.69,NGN,5,8,NG,web,food,0
T00012814,F01143,502.48,NGN,8,11,GB,web,fuel,0
T00018145,F00838,2157.94,NGN,7,8,NG,android,fuel,0
T00011575,F00713,629.09,NGN,0,7,GH,ios,retail,0
T00016982,F00079,3410.09,NGN,11,1,GB,web,electronics,0
T00000259,F00751,174.56,NGN,23,5,NG,android,digital,0
T00005877,F00370,352.25,NGN,3,11,GB,web,travel,1
T00005460,F00588,2014.24,NGN,0,4,US,ios,electronics,0
T00008806,F01186,253.75,NGN,6,2,US,android,digital,0
T00008504,F00401,440.82,NGN,9,10,NG,android,fuel,0
T00016540,F00921,2793.34,NGN,5,1,NG,ios,travel,0
T00009233,F00390,1489.47,NGN,20,12,NG,web,food,0
T00011223,F01119,4309.54,NGN,15,11,GB,web,travel,0
T00012343,F00102,827.92,NGN,4,5,NG,ios,travel,0
T00000598,F00702,3169.43,NGN,19,11,NG,ios,travel,0
T00006774,F00404,263.72,NGN,20,6,GB,web,fuel,0
T00002472,F00317,1097.88,NGN,20,3,GH,web,retail,0
T00005310,F00043,1273.89,NGN,6,4,GH,ios,digital,0
T00012846,F00962,2435.49,NGN,14,7,US,android,fuel,0
T00005396,F00329,1122.06,NGN,9,3,NG,ios,food,0
T00010227,F00073,297.66,NGN,10,6,GB,web,food,0
T00013808,F00776,304.15,NGN,3,6,GH,ios,travel,0
T00009906,F00939,249.64,NGN,13,4,GH,android,fuel,0
T00008590,F00601,440.6,NGN,18,5,NG,ios,travel,0
T00008242,F00586,1271.34,NGN,16,7,NG,ios,retail,0
T00008865,F00621,461.41,NGN,21,2,GH,web,travel,0
T00004803,F00034,962.7,NGN,7,1,GB,android,food,0
T00004684,F00295,776.18,NGN,10,11,GH,ios,travel,0
T00019250,F00998,1163.15,NGN,10,8,NG,ios,fuel,0
T00011254,F00274,1679.31,NGN,19,9,NG,web,electronics,1
T00002052,F00384,1593.25,NGN,9,12,US,ios,electronics,0
T00017055,F00762,2721.4,NGN,4,10,NG,android,digital,0
T00015722,F01101,858.8,NGN,5,10,GB,ios,fuel,0
T00005352,F00684,1246.77,NGN,7,4,NG,web,digital,0
T00002868,F00871,1544.65,NGN,12,1,NG,android,retail,0
T00005120,F00133,6170.86,NGN,7,4,GB,android,fuel,0
T00019270,F00582,1683.36,NGN,13,4,US,web,fuel,0
T00015745,F00741,489.25,NGN,21,6,GB,android,digital,0
T00013271,F01071,1962.03,NGN,21,5,NG,web,electronics,0
T00013372,F00572,1668.69,NGN,22,3,NG,ios,retail,0
T00018198,F00606,349.26,NGN,9,10,GH,web,travel,0
T00011090,F00307,13757.84,NGN,10,1,NG,ios,fuel,0
T00002295,F00802,2512.78,NGN,1,5,US,web,fuel,0
T00008100,F00383,1528.63,NGN,4,2,NG,android,food,0
T00000458,F01074,493.74,NGN,14,3,US,web,travel,0
T00002853,F00509,2346.97,NGN,13,7,NG,ios,fuel,0
T00013112,F00533,2403.35,NGN,4,4,US,android,retail,0
T00006371,F00033,1056.19,NGN,7,7,GB,android,fuel,0
T00013299,F01097,7866.56,NGN,10,1,US,web,retail,0
T00000804,F00844,261.56,NGN,12,10,NG,ios,retail,0
T00009691,F00796,1923.37,NGN,6,10,NG,android,fuel,0
T00012897,F00542,2538.98,NGN,18,5,NG,web,food,0
T00006673,F00371,698.0,NGN,20,2,NG,web,food,0
T00014794,F00840,466.41,NGN,1,8,GB,android,digital,0
T00019098,F01072,395.03,NGN,3,5,NG,ios,digital,0
T00019781,F00721,2644.48,NGN,6,4,GB,android,food,0
T00005216,F00036,1627.82,NGN,2,9,NG,android,electronics,1
T00006041,F00068,2155.98,NGN,0,5,US,ios,travel,0
T00012197,F01060,297.12,NGN,23,4,NG,ios,retail,0
T00008998,F01089,2030.64,NGN,13,2,GH,android,food,0
T00004448,F00701,836.23,NGN,14,11,GB,android,fuel,0
T00010631,F00647,353.59,NGN,17,7,NG,web,travel,0
T00011381,F00986,540.47,NGN,0,5,NG,web,travel,0
T00019367,F00129,2103.95,NGN,16,11,GH,ios,travel,0
T00011930,F00677,1857.7,NGN,4,3,GH,web,food,0
T00002118,F00486,993.03,NGN,12,11,GB,android,fuel,0
T00004130,F00120,833.5,NGN,16,10,NG,ios,travel,0
T00007466,F00298,2449.47,NGN,2,8,GB,android,fuel,0
T00009730,F01162,2158.06,NGN,17,2,NG,android,digital,0
T00012146,F00971,710.92,NGN,21,5,NG,web,digital,0
T00011815,F00345,131.17,NGN,22,3,GH,web,travel,0
T00003035,F00709,515.5,NGN,13,10,NG,web,electronics,0
T00010986,F01095,872.93,NGN,22,3,NG,android,digital,0
T00015883,F00135,2690.66,NGN,15,4,NG,ios,digital,0
T00005059,F00365,682.84,NGN,4,3,US,android,electronics,0
T00005953,F00909,890.7,NGN,19,8,US,web,retail,0
T00005477,F00354,470.2,NGN,14,10,NG,web,retail,0
T00016910,F00741,473.33,NGN,7,1,US,web,food,0
T00002168,F01028,237.78,NGN,7,6,GB,android,travel,0
T00002314,F00702,961.26,NGN,17,6,NG,android,food,0
T00019342,F01037,451.62,NGN,15,8,NG,ios,digital,0
T00006190,F01020,657.8,NGN,14,11,GH,android,digital,0
T00008693,F00434,1851.17,NGN,14,5,NG,android,digital,0
T00003485,F00635,1151.94,NGN,20,9,NG,web,food,0
T00011434,F00409,697.72,NGN,11,3,GB,android,food,0
T00006529,F00763,2944.9,NGN,8,3,GH,ios,electronics,0
T00005501,F00159,473.56,NGN,14,5,GH,ios,electronics,0
T00007729,F00289,800.11,NGN,15,11,GH,web,food,0
T00000520,F01034,2612.58,NGN,12,8,GB,ios,retail,0
T00004654,F01165,2310.97,NGN,20,4,GB,ios,fuel,0
T00017528,F00089,511.06,NGN,9,7,US,ios,retail,0
T00016748,F00111,375.31,NGN,11,11,NG,android,electronics,0
T00010438,F00554,3306.9,NGN,14,3,NG,web,travel,0
T00009367,F00309,512.61,NGN,6,11,NG,android,electronics,0
T00007783,F01066,1516.79,NGN,20,10,NG,ios,electronics,0
T00019650,F01081,352.24,NGN,4,4,US,ios,retail,0
T00012495,F00277,775.45,NGN,20,8,US,web,travel,0
T00004652,F00277,2095.11,NGN,21,7,NG,web,food,0
T00014303,F01120,1109.21,NGN,2,9,GH,ios,food,0
T00001825,F00528,3184.28,NGN,17,10,NG,web,food,0
T00010346,F00524,214.83,NGN,14,8,NG,web,travel,0
T00002968,F01180,599.47,NGN,20,1,NG,ios,digital,0
T00019615,F00474,1973.73,NGN,3,8,US,ios,food,0
T00007001,F00580,676.18,NGN,3,2,NG,web,retail,0
T00002571,F00813,92.64,NGN,10,8,GH,ios,travel,0
T00018913,F00874,3038.1,NGN,10,1,NG,ios,travel,0
T00000399,F01139,1427.62,NGN,9,3,NG,ios,travel,0
T00003781,F00887,1137.38,NGN,7,2,NG,android,retail,0
T00013339,F00923,1091.5,NGN,12,5,GB,ios,retail,0
T00006089,F00163,120.11,NGN,17,11,NG,web,fuel,0
T00010607,F00134,1199.19,NGN,6,8,NG,android,electronics,0
T00013392,F00777,203.0,NGN,21,1,NG,web,electronics,0
T00007158,F01037,798.56,NGN,19,7,NG,android,retail,0
T00018535,F00265,1656.8,NGN,13,7,GH,ios,food,0
T00010455,F00804,770.98,NGN,5,2,GH,ios,travel,0
T00018491,F00320,4591.51,NGN,13,11,US,ios,food,0
T00019854,F00256,656.97,NGN,13,12,GB,web,digital,0
T00014689,F00894,2167.83,NGN,7,3,NG,android,retail,0
T00007354,F00601,339.86,NGN,1,6,GB,android,digital,1
T00018277,F00989,1672.15,NGN,6,7,GH,ios,food,0
T00002584,F00335,1183.62,NGN,3,2,NG,android,digital,0
T00013647,F00331,607.7,NGN,6,3,GH,ios,fuel,0
T00018244,F00668,1495.59,NGN,15,11,NG,android,electronics,0
T00016344,F01110,5404.46,NGN,14,7,NG,ios,digital,0
T00010136,F00988,919.07,NGN,10,3,NG,web,retail,0
T00005751,F01199,207.17,NGN,13,10,US,android,food,0
T00017978,F00434,984.63,NGN,17,11,NG,web,fuel,0
T00018718,F00409,258.8,NGN,22,5,NG,android,food,0
T00017868,F01128,3153.47,NGN,2,9,NG,android,food,0
T00016036,F01032,871.8,NGN,17,3,GB,android,electronics,0
T00010328,F00007,849.92,NGN,8,4,NG,web,retail,0
T00006941,F00986,329.37,NGN,10,7,GB,android,food,0
T00000616,F00745,1018.59,NGN,1,5,GH,android,retail,0
T00018792,F00065,1416.65,NGN,19,9,NG,web,fuel,0
T00008018,F00130,1083.86,NGN,0,4,NG,android,food,0
T00001409,F00200,2779.07,NGN,2,6,US,ios,retail,1
T00000356,F00102,522.53,NGN,13,12,NG,ios,travel,0
T00018672,F00249,849.94,NGN,22,4,NG,android,electronics,0
T00013704,F00222,496.95,NGN,4,4,NG,android,fuel,0
T00015585,F00547,2945.76,NGN,15,6,GB,web,food,0
T00005598,F00669,341.61,NGN,8,7,NG,android,food,0
T00005537,F00076,803.7,NGN,23,9,GH,ios,retail,0
T00006033,F00143,812.0,NGN,5,7,GH,android,retail,0
T00014432,F00007,1161.87,NGN,3,3,GB,ios,digital,0
T00011923,F00088,591.17,NGN,18,4,GH,ios,travel,0
T00005691,F00478,3627.29,NGN,12,8,NG,web,food,0
T00008235,F00649,742.63,NGN,15,8,GB,web,electronics,0
T00000559,F00118,1098.78,NGN,7,7,NG,web,digital,0
T00015441,F00690,1183.85,NGN,8,3,NG,web,fuel,0
T00008472,F00576,281.27,NGN,22,10,NG,android,fuel,0
T00002635,F01124,950.01,NGN,6,8,GB,android,travel,0
T00010252,F00174,439.24,NGN,18,12,NG,web,electronics,0
T00010412,F00782,323.7,NGN,22,11,NG,ios,food,0
T00006307,F00929,518.26,NGN,1,2,NG,ios,digital,0
T00005976,F00796,1056.64,NGN,6,11,US,ios,fuel,0
T00019658,F00837,1332.86,NGN,17,10,GH,web,fuel,0
T00004814,F00692,4117.73,NGN,0,8,US,android,digital,0
T00011018,F00105,1054.55,NGN,2,6,GB,web,digital,0
T00018828,F00623,1404.02,NGN,11,7,NG,android,electronics,0
T00012182,F01116,187.19,NGN,7,6,GB,android,travel,0
T00008862,F00216,78.32,NGN,23,2,GB,web,digital,0
T00012423,F00146,1422.48,NGN,23,6,GH,ios,fuel,0
T00016963,F01021,5615.29,NGN,18,3,NG,android,food,0
T00019994,F00197,542.24,NGN,22,7,NG,web,food,0
T00011191,F00487,162.95,NGN,8,7,NG,ios,travel,0
T00002969,F00385,2813.17,NGN,0,8,US,ios,retail,0
T00009806,F00949,539.57,NGN,15,1,NG,ios,digital,0
T00001706,F01047,160.51,NGN,3,12,NG,web,digital,1
T00002793,F00861,434.85,NGN,10,12,US,android,retail,0
T00010470,F00990,841.16,NGN,21,8,GH,ios,retail,0
T00003518,F00306,716.6,NGN,11,7,NG,web,digital,0
T00019612,F00722,3628.13,NGN,21,5,NG,ios,retail,0
T00007453,F00172,505.89,NGN,15,9,NG,ios,food,0
T00002600,F01133,395.43,NGN,4,3,NG,ios,food,0
T00014053,F00260,2563.12,NGN,4,9,NG,android,digital,1
T00006223,F00120,2268.67,NGN,15,3,GH,web,retail,0
T00011516,F00872,420.2,NGN,6,5,US,android,travel,0
T00001263,F00872,1706.16,NGN,11,8,US,android,travel,0
T00002780,F01101,1294.96,NGN,8,10,NG,android,retail,0
T00001922,F00424,2592.76,NGN,19,2,NG,android,travel,0
T00006960,F00745,632.07,NGN,22,6,NG,android,retail,0
T00006650,F00467,378.59,NGN,10,7,NG,android,retail,0
T00005539,F00017,1866.74,NGN,7,11,GH,android,digital,0
T00004971,F00417,1193.81,NGN,6,12,US,web,digital,0
T00017379,F01143,964.61,NGN,4,6,GH,web,food,1
T00008430,F01138,91.72,NGN,22,5,NG,android,electronics,0
T00008508,F00909,517.21,NGN,1,10,NG,ios,travel,1
T00005179,F00709,611.95,NGN,8,10,NG,web,fuel,0
T00006987,F00132,2362.04,NGN,10,12,NG,web,fuel,0
T00000581,F00359,2203.87,NGN,13,11,NG,ios,electronics,0
T00002947,F01125,841.29,NGN,2,4,NG,ios,electronics,0
T00006117,F00657,1190.09,NGN,6,7,GH,android,food,0
T00000282,F01052,1624.1,NGN,7,2,NG,ios,digital,0
T00003229,F00023,700.64,NGN,5,2,GB,android,travel,0
T00011400,F00360,886.53,NGN,7,4,US,ios,travel,0
T00007996,F00030,221.11,NGN,12,10,NG,android,food,0
T00015263,F00395,381.46,NGN,17,3,NG,web,travel,0
T00016905,F00338,3541.45,NGN,9,4,GB,android,retail,0
T00010317,F00439,521.73,NGN,17,9,NG,web,food,0
T00003349,F00649,802.3,NGN,19,12,GB,android,retail,0
T00004661,F00048,2955.01,NGN,17,2,NG,android,electronics,0
T00010342,F01169,2142.68,NGN,9,5,GH,ios,food,0
T00015645,F01102,798.75,NGN,6,11,NG,ios,travel,0
T00000999,F00810,957.27,NGN,21,12,NG,web,electronics,0
T00016098,F01168,1337.8,NGN,21,1,NG,web,fuel,0
T00009008,F00726,1484.56,NGN,18,8,NG,android,fuel,0
T00004730,F00043,2652.07,NGN,15,8,NG,web,retail,0
T00009168,F00755,940.58,NGN,10,10,NG,ios,food,0
T00002699,F00500,783.91,NGN,10,2,GH,android,food,0
T00010114,F00870,1307.51,NGN,0,12,GB,web,digital,0
T00009350,F01154,594.2,NGN,7,2,NG,web,digital,0
T00010869,F00188,1942.58,NGN,11,12,NG,web,digital,0
T00013840,F00886,1318.1,NGN,5,1,NG,android,electronics,0
T00004167,F00745,2215.84,NGN,16,9,NG,web,fuel,0
T00004681,F01194,493.96,NGN,10,4,GH,web,electronics,0
T00008606,F00829,308.79,NGN,3,5,GH,ios,fuel,0
T00012473,F00273,754.56,NGN,15,4,US,android,retail,0
T00007713,F00132,1526.21,NGN,11,12,US,ios,retail,0
T00009984,F00874,949.87,NGN,11,1,NG,ios,fuel,0
T00015562,F01075,4825.75,NGN,0,12,US,android,food,0
T00003608,F00498,5861.41,NGN,8,1,NG,web,fuel,0
T00011160,F00843,574.12,NGN,21,1,NG,web,fuel,0
T00017798,F00292,965.18,NGN,2,8,NG,web,travel,1
T00000777,F00545,568.26,NGN,22,2,US,web,fuel,0
T00003090,F00518,2628.97,NGN,16,8,GB,android,fuel,0
T00006910,F01059,2689.2,NGN,16,5,US,web,retail,0
T00016778,F00941,1343.16,NGN,2,12,NG,android,food,1
T00009099,F00465,6797.78,NGN,22,12,NG,web,travel,0
T00007487,F00022,1456.06,NGN,23,9,GB,android,fuel,0
T00008495,F00690,2334.18,NGN,21,2,NG,ios,fuel,0
T00010103,F01187,789.68,NGN,11,1,GH,web,food,0
T00014307,F00291,1198.52,NGN,4,3,NG,web,food,0
T00003272,F00977,2129.9,NGN,5,10,NG,ios,retail,1
T00004987,F00304,447.95,NGN,10,5,GB,ios,retail,0
T00001880,F00863,399.71,NGN,7,9,US,android,retail,0
T00003404,F00516,402.7,NGN,14,4,NG,ios,retail,0
T00016329,F01110,2125.11,NGN,16,6,GH,android,electronics,0
T00010152,F00728,449.66,NGN,19,5,GH,web,travel,0
T00001221,F00243,678.27,NGN,10,6,NG,android,electronics,0
T00007002,F00357,1342.83,NGN,16,11,GH,android,retail,0
T00016276,F01036,2612.83,NGN,15,1,NG,web,electronics,0
T00001126,F00988,2865.92,NGN,2,10,NG,android,food,1
T00012956,F00050,609.73,NGN,16,5,NG,android,food,0
T00014021,F00131,339.2,NGN,22,11,GH,ios,electronics,0
T00009677,F00198,9877.99,NGN,21,2,GH,android,electronics,0
T00009262,F00411,1485.62,NGN,7,1,NG,ios,fuel,0
T00016261,F00133,201.94,NGN,4,10,NG,web,food,1
T00015025,F00189,1540.96,NGN,2,8,NG,android,electronics,1
T00006602,F00686,1123.6,NGN,19,10,GB,web,digital,0
T00017009,F00408,2328.27,NGN,3,11,US,ios,retail,1
T00003300,F01099,3550.95,NGN,23,11,GH,web,digital,0
T00000486,F00299,290.02,NGN,14,2,NG,android,fuel,0
T00018477,F00084,1381.95,NGN,13,10,NG,android,travel,0
T00011047,F01050,1915.31,NGN,8,6,US,web,digital,0
T00001118,F00456,2560.12,NGN,11,10,GH,web,food,0
T00008791,F00817,2755.23,NGN,14,4,US,web,travel,0
T00010051,F00094,4761.69,NGN,1,2,GH,ios,food,0
T00007449,F00948,1330.18,NGN,3,12,GH,ios,retail,1
T00011326,F00715,3591.85,NGN,11,2,GB,web,retail,0
T00016865,F00059,1880.91,NGN,18,6,GB,web,travel,0
T00009404,F00800,429.26,NGN,22,9,US,web,food,0
T00015952,F00613,2952.87,NGN,21,1,NG,web,electronics,0
T00005740,F00190,3812.36,NGN,23,2,GB,web,food,0
T00011505,F00216,593.6,NGN,15,9,GB,web,fuel,0
T00000403,F00742,429.36,NGN,23,5,NG,ios,retail,0
T00016948,F00799,965.51,NGN,12,12,GB,android,retail,0
T00016242,F00986,1097.94,NGN,8,10,GB,ios,retail,0
T00006479,F00556,379.92,NGN,17,3,GB,android,electronics,0
T00015354,F01101,446.63,NGN,6,9,US,ios,food,0
T00009549,F01015,802.26,NGN,18,6,NG,ios,retail,0
T00008874,F00321,2492.38,NGN,7,10,GH,web,fuel,0
T00017840,F01168,788.12,NGN,19,8,NG,web,food,0
T00019897,F00701,883.23,NGN,22,8,NG,web,food,0
T00010905,F00370,3790.27,NGN,12,8,NG,ios,electronics,0
T00016447,F00552,386.61,NGN,2,2,NG,web,food,0
T00005607,F00766,451.28,NGN,14,1,NG,ios,retail,0
T00002659,F00882,462.63,NGN,3,4,NG,ios,retail,0
T00000300,F00471,1922.31,NGN,5,4,US,web,travel,0
T00014692,F00445,413.76,NGN,13,3,NG,android,fuel,0
T00007374,F01126,3599.62,NGN,22,7,GH,ios,retail,0
T00006130,F00567,173.39,NGN,16,10,US,web,travel,0
T00007274,F00793,1133.16,NGN,10,6,NG,ios,digital,0
T00013200,F00587,676.64,NGN,2,7,GB,web,fuel,1
T00010737,F00789,583.79,NGN,6,10,NG,android,travel,0
T00005127,F00354,3618.33,NGN,8,10,US,android,digital,0
T00003196,F01006,1611.78,NGN,23,12,US,ios,fuel,0
T00014218,F00714,2510.74,NGN,17,7,GB,android,electronics,0
T00012017,F00075,1189.53,NGN,17,8,NG,android,electronics,0
T00012623,F00544,644.22,NGN,3,9,NG,ios,electronics,1
T00016452,F00067,2788.57,NGN,17,12,NG,web,fuel,0
T00003724,F00276,1147.71,NGN,10,3,NG,web,retail,0
T00007186,F01066,5874.01,NGN,12,10,GH,web,digital,0
T00015735,F00971,933.35,NGN,11,11,NG,android,fuel,0
T00011948,F00049,1011.53,NGN,23,9,NG,web,travel,0
T00012348,F00431,564.0,NGN,21,2,US,ios,fuel,0
T00009725,F00295,1031.45,NGN,22,2,US,ios,electronics,0
T00003136,F01145,1840.97,NGN,12,11,US,ios,retail,0
T00019184,F00200,678.38,NGN,21,3,GH,web,electronics,0
T00009002,F00110,4781.49,NGN,1,2,GB,ios,fuel,0
T00006667,F00316,594.79,NGN,0,5,US,ios,food,0
T00003239,F01167,1237.9,NGN,9,12,NG,android,digital,0
T00009355,F00703,955.74,NGN,18,4,NG,web,retail,0
T00011032,F01047,1120.07,NGN,19,1,NG,ios,travel,0
T00009508,F00704,590.35,NGN,2,8,NG,ios,digital,0
T00017451,F01111,1693.15,NGN,9,7,NG,web,travel,0
T00018414,F00293,2113.29,NGN,18,1,NG,web,electronics,0
T00016895,F00277,160.81,NGN,17,4,GH,ios,retail,0
T00016524,F01153,2475.71,NGN,11,3,GB,android,electronics,0
T00018787,F00948,3514.18,NGN,4,9,NG,web,retail,1
T00015483,F00843,1805.1,NGN,8,7,NG,android,electronics,0
T00018243,F00188,5846.17,NGN,8,10,GH,web,electronics,0
T00003036,F00228,2451.76,NGN,17,12,NG,android,fuel,0
T00011943,F01009,1523.54,NGN,23,9,NG,android,retail,0
T00007378,F00543,188.17,NGN,18,1,NG,web,travel,0
T00001931,F00764,4855.25,NGN,8,6,GH,ios,food,0
T00007961,F00056,2006.2,NGN,8,3,US,android,food,0
T00017299,F00035,722.75,NGN,22,1,US,web,travel,0
T00018025,F00564,3200.37,NGN,0,1,NG,android,retail,0
T00015012,F00651,1265.52,NGN,0,10,GH,android,digital,0
T00009012,F00996,347.49,NGN,8,11,NG,web,fuel,0
T00016338,F00407,527.27,NGN,9,6,NG,android,food,0
T00014549,F00547,414.84,NGN,7,9,NG,android,retail,0
T00013044,F00844,894.06,NGN,2,10,GB,web,food,0
T00004618,F01167,714.51,NGN,10,7,NG,ios,food,0
T00018959,F00806,551.67,NGN,6,12,NG,android,food,0
T00017951,F00879,289.78,NGN,17,6,US,ios,food,0
T00004769,F00375,1141.54,NGN,22,11,US,android,electronics,0
T00017208,F00361,1623.02,NGN,23,10,NG,web,fuel,0
T00014163,F00704,1876.79,NGN,20,10,NG,web,electronics,0
T00014415,F00279,1494.05,NGN,16,10,NG,ios,digital,0
T00010221,F00125,891.9,NGN,12,11,US,web,food,0
T00011607,F00930,927.52,NGN,9,6,GB,ios,electronics,0
T00006814,F00923,2305.7,NGN,7,1,NG,android,digital,0
T00013410,F00795,5850.07,NGN,19,10,GH,ios,retail,0
T00009344,F00762,4777.39,NGN,5,2,GB,android,electronics,0
T00009140,F00704,484.34,NGN,8,9,NG,ios,food,0
T00015331,F00587,543.1,NGN,13,8,NG,ios,digital,0
T00010956,F00589,449.49,NGN,22,3,NG,android,travel,0
T00018386,F00387,4609.82,NGN,4,8,US,ios,food,1
T00013817,F01088,1537.56,NGN,15,7,US,web,digital,0
T00012815,F00100,2192.43,NGN,7,9,GB,web,digital,0
T00008220,F01018,76.06,NGN,20,4,NG,ios,electronics,0
T00011746,F00451,459.22,NGN,10,6,NG,android,travel,0
T00001043,F00458,1428.25,NGN,0,5,NG,ios,electronics,0
T00007533,F00872,320.68,NGN,12,1,NG,android,fuel,0
T00016384,F00788,856.41,NGN,8,6,NG,android,digital,0
T00007036,F00247,1447.19,NGN,9,10,NG,ios,digital,0
T00002550,F00058,4604.89,NGN,21,10,US,ios,digital,0
T00014072,F00943,2359.54,NGN,6,6,NG,web,digital,0
T00009387,F00178,2051.11,NGN,2,11,GH,android,travel,1
T00005212,F00616,7008.62,NGN,22,8,GH,web,travel,0
T00001615,F00088,5315.87,NGN,16,8,GB,android,electronics,0
T00017297,F00476,1488.4,NGN,4,9,GH,ios,retail,0
T00017955,F00095,3584.41,NGN,19,2,NG,ios,food,0
T00011731,F00131,443.46,NGN,4,12,GB,android,food,1
T00003155,F00105,2054.08,NGN,4,12,NG,ios,travel,0
T00019163,F00171,2883.56,NGN,4,7,GH,web,travel,0
T00001519,F01014,2218.12,NGN,23,9,NG,web,food,0
T00018343,F00178,5293.5,NGN,22,10,GB,android,digital,0
T00015578,F00105,345.99,NGN,6,9,NG,web,electronics,0
T00010445,F01161,2893.52,NGN,18,4,GH,android,retail,0
T00013515,F00899,379.8,NGN,6,5,GH,ios,food,0
T00013571,F00287,156.27,NGN,6,2,GH,web,food,0
T00012344,F00708,623.9,NGN,5,11,NG,web,food,0
T00003340,F00346,1632.77,NGN,2,2,GH,android,digital,0
T00001114,F00727,919.77,NGN,11,6,NG,web,retail,0
T00000513,F00203,640.24,NGN,22,11,US,android,electronics,0
T00009778,F00057,1431.81,NGN,14,10,GB,web,fuel,0
T00002772,F00642,643.15,NGN,10,9,NG,ios,electronics,0
T00010686,F01055,243.52,NGN,15,6,US,android,travel,0
T00014697,F01030,2141.8,NGN,1,8,NG,ios,digital,1
T00013693,F01021,4450.5,NGN,2,2,US,ios,digital,0
T00010082,F00426,1047.68,NGN,0,7,GB,ios,fuel,0
T00013101,F00452,1675.86,NGN,23,10,GB,web,digital,0
T00004598,F00873,210.53,NGN,5,9,US,web,travel,0
T00002345,F00697,552.0,NGN,6,3,US,web,retail,0
T00000788,F00149,221.59,NGN,6,5,GB,ios,retail,0
T00017126,F01184,3472.96,NGN,22,5,GH,android,digital,0
T00004580,F00789,633.16,NGN,15,3,NG,ios,retail,0
T00005673,F00169,471.95,NGN,3,1,GB,web,electronics,0
T00006363,F01165,1734.93,NGN,19,2,NG,ios,food,0
T00015600,F00698,1410.59,NGN,0,1,NG,android,digital,0
T00008370,F00944,500.19,NGN,3,2,NG,ios,electronics,0
T00008647,F00283,361.02,NGN,18,5,GB,android,electronics,0
T00010374,F00172,652.02,NGN,10,9,NG,ios,retail,0
T00000034,F00220,2596.57,NGN,6,1,NG,web,digital,0
T00003987,F00344,690.68,NGN,16,9,NG,android,food,0
T00016351,F00101,1107.12,NGN,6,8,NG,android,retail,0
T00005654,F00608,3364.77,NGN,10,3,US,web,digital,0
T00009328,F01042,1871.8,NGN,13,3,GB,ios,food,0
T00013667,F00870,155.65,NGN,4,9,GB,web,food,1
T00008869,F00079,872.3,NGN,2,4,NG,web,fuel,0
T00006264,F00563,400.77,NGN,2,12,NG,ios,fuel,1
T00019444,F00667,573.73,NGN,2,4,GB,android,electronics,0
T00003170,F00870,3558.11,NGN,11,4,GB,web,food,0
T00012256,F00890,1458.83,NGN,9,3,US,android,travel,0
T00003679,F00286,2078.22,NGN,14,5,NG,web,digital,0
T00006974,F00848,2700.12,NGN,21,11,NG,web,retail,0
T00003959,F00619,1160.87,NGN,7,7,GB,ios,electronics,0
T00019439,F00075,243.56,NGN,10,12,NG,ios,fuel,1
T00012187,F00876,270.84,NGN,13,6,GH,web,digital,0
T00010363,F00371,2037.59,NGN,5,6,NG,android,travel,0
T00006603,F00683,566.38,NGN,17,5,NG,web,electronics,0
T00012878,F00179,363.7,NGN,19,2,US,android,digital,0
T00003154,F00949,352.43,NGN,5,3,NG,web,retail,0
T00008636,F00649,2029.11,NGN,21,6,GB,ios,fuel,0
T00012900,F00547,943.91,NGN,22,11,GH,web,retail,0
T00014824,F00899,424.4,NGN,3,5,NG,web,digital,0
T00013768,F00866,773.52,NGN,21,8,NG,web,fuel,0
T00007139,F00862,614.7,NGN,3,7,GB,ios,digital,0
T00018345,F00605,557.0,NGN,8,4,NG,android,electronics,0
T00014664,F00464,1623.81,NGN,9,3,US,web,travel,0
T00016495,F00270,3079.33,NGN,5,10,NG,web,food,0
T00019640,F00079,2111.37,NGN,4,8,GH,ios,electronics,1
T00010272,F00219,2234.27,NGN,20,9,GH,android,retail,0
T00002013,F00973,772.5,NGN,5,7,GH,android,retail,0
T00006842,F01113,172.91,NGN,20,9,NG,ios,food,0
T00009232,F00325,5367.03,NGN,0,6,US,ios,digital,0
T00001257,F00536,258.51,NGN,5,6,US,android,digital,0
T00019141,F00563,1519.75,NGN,20,7,GB,android,electronics,0
T00017166,F00582,889.38,NGN,19,1,NG,web,travel,0
T00010210,F00180,954.14,NGN,10,9,NG,web,food,0
T00005850,F00203,2014.89,NGN,19,6,NG,android,fuel,0
T00004689,F00786,921.17,NGN,21,10,GB,android,fuel,0
T00002116,F01176,1772.11,NGN,1,11,NG,ios,fuel,0
T00010835,F00190,1185.29,NGN,18,4,NG,ios,travel,0
T00000495,F01069,461.11,NGN,23,6,GB,ios,fuel,0
T00002130,F00875,509.46,NGN,8,5,GB,ios,fuel,0
T00006352,F00067,1755.17,NGN,10,11,GB,android,travel,0
T00017263,F00937,849.19,NGN,1,12,NG,ios,electronics,1
T00012365,F00070,4251.3,NGN,18,8,NG,ios,retail,0
T00015937,F00005,847.97,NGN,17,2,US,web,digital,0
T00006087,F01101,3262.35,NGN,15,12,GH,ios,electronics,0
T00017283,F00774,1346.96,NGN,12,6,US,web,electronics,0
T00019743,F00303,288.72,NGN,18,1,NG,ios,retail,0
T00007804,F00963,400.98,NGN,13,5,GB,web,electronics,0
T00003446,F01126,481.98,NGN,11,12,NG,ios,travel,0
T00015462,F00410,560.27,NGN,4,7,NG,ios,food,1
T00010159,F01035,433.45,NGN,7,6,NG,ios,travel,0
T00007089,F00627,637.52,NGN,8,8,NG,android,retail,0
T00008249,F00646,2426.22,NGN,19,11,GB,android,digital,0
T00018104,F01160,977.8,NGN,3,9,GB,web,travel,1
T00008530,F00010,7097.68,NGN,4,5,NG,android,electronics,0
T00009314,F00828,371.09,NGN,2,7,US,android,fuel,1
T00018453,F01156,1782.74,NGN,0,10,NG,web,digital,0
T00005141,F01037,2374.01,NGN,0,2,US,ios,retail,0
T00008498,F00817,7554.72,NGN,0,10,NG,web,travel,0
T00014735,F00837,263.27,NGN,13,8,NG,android,retail,0
T00011628,F00987,1635.84,NGN,13,12,NG,android,digital,0
T00018989,F00035,2249.65,NGN,18,12,US,android,fuel,0
T00006882,F00005,1071.42,NGN,1,9,NG,ios,retail,0
T00018543,F00605,258.82,NGN,16,5,GB,web,fuel,0
T00000293,F00808,1140.16,NGN,12,2,NG,ios,retail,0
T00013819,F01126,390.92,NGN,11,8,GH,ios,electronics,0
T00002970,F00769,287.08,NGN,16,10,NG,android,fuel,0
T00010703,F01140,866.41,NGN,15,7,GB,ios,fuel,0
T00002291,F00887,3161.91,NGN,20,5,GH,web,electronics,0
T00002508,F00896,414.97,NGN,10,6,GB,android,digital,0
T00017303,F01013,697.15,NGN,13,4,NG,ios,fuel,0
T00009183,F00330,1092.7,NGN,16,9,NG,ios,retail,0
T00000901,F00275,313.66,NGN,16,12,NG,android,travel,0
T00004543,F00337,4048.47,NGN,13,11,NG,android,fuel,0
T00016267,F00659,2867.89,NGN,23,10,GH,ios,digital,0
T00013450,F01033,4454.66,NGN,21,6,NG,ios,retail,0
T00012079,F01125,1296.6,NGN,0,9,GB,android,fuel,0
T00007190,F00195,858.79,NGN,20,3,US,ios,electronics,0
T00008672,F00870,1153.76,NGN,3,5,NG,android,fuel,0
T00017897,F00926,357.85,NGN,16,5,NG,web,food,0
T00008762,F01051,508.05,NGN,20,11,US,android,food,0
T00008155,F00427,420.69,NGN,1,3,NG,ios,fuel,0
T00019202,F00550,2216.79,NGN,17,8,NG,android,fuel,0
T00005512,F00189,1581.24,NGN,2,1,US,android,retail,0
T00013856,F01100,2869.41,NGN,8,3,GB,android,food,0
T00015183,F00626,226.9,NGN,1,9,NG,ios,electronics,0
T00018613,F01036,1317.37,NGN,7,9,GB,web,retail,0
T00005375,F00623,974.85,NGN,5,4,US,android,retail,0
T00016769,F00632,314.96,NGN,22,6,US,ios,digital,0
T00000673,F00254,574.81,NGN,13,5,US,ios,retail,0
T00015509,F00637,872.26,NGN,18,11,NG,ios,fuel,0
T00005961,F00215,295.95,NGN,5,3,NG,android,electronics,0
T00006057,F00218,1437.33,NGN,11,9,US,web,fuel,0
T00006866,F00149,926.01,NGN,14,3,GH,ios,digital,0
T00008563,F00673,583.79,NGN,11,12,NG,android,food,0
T00008456,F00868,763.37,NGN,7,10,US,android,fuel,0
T00003371,F00022,1423.8,NGN,13,11,NG,ios,digital,0
T00017653,F01173,914.7,NGN,17,2,GH,ios,retail,0
T00016420,F00066,2907.96,NGN,6,10,US,android,fuel,0
T00010127,F00410,2524.29,NGN,10,5,NG,android,retail,0
T00013365,F00222,2373.92,NGN,20,12,NG,android,electronics,0
T00008549,F01017,2803.43,NGN,6,4,GB,web,retail,0
T00009086,F00361,1120.04,NGN,21,4,NG,ios,fuel,0
T00001634,F01090,831.34,NGN,23,5,NG,android,fuel,0
T00005531,F00055,1108.06,NGN,9,4,NG,ios,travel,0
T00012500,F01006,1285.8,NGN,4,4,NG,android,electronics,0
T00015158,F00996,1258.17,NGN,16,7,US,android,digital,0
T00004740,F00461,2759.91,NGN,12,6,NG,android,digital,0
T00006942,F00693,279.93,NGN,15,4,NG,android,electronics,0
T00010641,F00363,763.66,NGN,0,7,GH,web,electronics,0
T00004420,F00163,8081.48,NGN,21,1,GB,web,travel,0
T00000597,F00427,889.38,NGN,4,8,GH,web,travel,1
T00010661,F01054,1460.61,NGN,10,7,NG,web,food,0
T00011016,F00037,1637.67,NGN,0,3,GH,ios,fuel,1
T00004177,F01046,227.17,NGN,21,11,US,android,travel,0
T00005055,F00855,1092.24,NGN,16,4,US,ios,digital,0
T00009298,F00416,217.57,NGN,17,11,US,android,food,0
T00005300,F00427,1069.15,NGN,4,3,GH,android,electronics,0
T00014919,F00719,609.06,NGN,10,3,GB,android,digital,0
T00013315,F01108,247.21,NGN,8,6,GH,ios,travel,0
T00000546,F00144,1946.27,NGN,22,8,NG,web,digital,0
T00001055,F00801,1796.19,NGN,21,1,NG,android,electronics,0
T00004489,F01028,3351.62,NGN,20,9,GB,web,travel,0
T00006475,F00061,3112.07,NGN,7,2,NG,android,food,0
T00013610,F00845,561.38,NGN,17,3,GH,android,travel,0
T00016172,F00521,831.89,NGN,16,5,NG,ios,electronics,0
T00012181,F00867,4455.3,NGN,8,1,NG,ios,food,0
T00017427,F00374,161.69,NGN,10,12,GB,android,retail,0
T00006483,F00947,332.3,NGN,18,11,NG,web,digital,0
T00019361,F00143,1394.16,NGN,3,11,NG,android,food,1
T00007770,F00074,1329.05,NGN,16,4,US,web,travel,0
T00007873,F00948,797.96,NGN,21,1,US,ios,travel,0
T00003042,F00359,2778.74,NGN,0,10,NG,ios,electronics,0
T00018285,F00364,630.92,NGN,15,1,NG,android,fuel,0
T00004160,F00719,417.81,NGN,9,1,NG,ios,retail,0
T00015575,F00246,1163.3,NGN,19,1,GB,android,retail,0
T00003203,F00535,358.14,NGN,13,11,NG,ios,travel,0
T00012329,F01123,295.81,NGN,16,3,NG,ios,fuel,0
T00008252,F00225,1059.92,NGN,20,8,US,ios,fuel,0
T00017685,F00980,483.82,NGN,6,4,NG,android,fuel,0
T00017453,F00522,5795.8,NGN,4,8,US,ios,digital,0
T00017731,F00194,1738.25,NGN,10,1,NG,android,electronics,0
T00005837,F00956,832.95,NGN,22,5,NG,ios,digital,0
T00006729,F00193,112.15,NGN,8,6,NG,web,retail,0
T00007983,F00520,326.37,NGN,18,2,US,ios,retail,0
T00007894,F01076,1458.58,NGN,19,10,US,android,retail,0
T00008913,F01140,3992.63,NGN,20,1,NG,web,electronics,0
T00019269,F00257,735.98,NGN,21,8,NG,android,food,0
T00003756,F00062,885.19,NGN,17,11,GH,android,retail,0
T00002474,F01200,1069.79,NGN,18,5,NG,web,fuel,0
T00004569,F00182,344.94,NGN,0,7,US,android,retail,0
T00018948,F01112,1230.85,NGN,20,8,NG,android,electronics,0
T00014951,F01001,373.79,NGN,11,6,US,ios,food,0
T00009702,F00375,1625.67,NGN,12,12,GH,android,food,0
T00005970,F00626,387.12,NGN,10,10,NG,web,electronics,0
T00007622,F01091,920.34,NGN,19,8,NG,web,food,0
T00009855,F00751,736.33,NGN,3,5,US,android,digital,0
T00014090,F01134,9713.64,NGN,3,1,GH,web,food,0
T00002229,F00994,1574.22,NGN,9,8,US,web,retail,0
T00014792,F00155,346.74,NGN,5,4,US,web,retail,0
T00002848,F00235,1101.02,NGN,6,1,GB,ios,food,0
T00015432,F00907,1847.09,NGN,4,5,NG,ios,digital,0
T00001408,F00922,874.58,NGN,19,11,NG,web,electronics,0
T00016256,F00966,393.38,NGN,4,7,GB,ios,digital,0
T00014684,F00414,634.76,NGN,0,11,US,ios,travel,0
T00018858,F00205,532.98,NGN,23,1,US,ios,food,0
T00014949,F00332,804.0,NGN,23,11,GB,web,digital,0
T00007818,F00336,467.94,NGN,10,10,NG,web,travel,0
T00000489,F00301,1041.13,NGN,19,4,NG,android,food,0
T00007636,F01077,1799.97,NGN,22,7,US,ios,travel,0
T00001643,F00047,2710.49,NGN,18,7,NG,web,travel,0
T00001945,F01022,6543.43,NGN,10,8,GB,web,travel,0
T00010548,F00758,4113.3,NGN,5,9,US,ios,fuel,0
T00009375,F00245,1450.86,NGN,23,9,NG,android,fuel,0
T00013027,F00032,383.46,NGN,11,12,GB,android,digital,0
T00009335,F00329,479.07,NGN,7,2,US,ios,travel,0
T00009126,F00597,339.54,NGN,17,2,NG,ios,digital,0
T00015561,F00909,2894.78,NGN,7,1,NG,ios,digital,0
T00017860,F00498,3307.13,NGN,21,9,GB,android,electronics,0
T00014445,F00067,418.76,NGN,12,5,NG,web,fuel,0
T00001123,F00619,574.82,NGN,16,3,GB,android,travel,0
T00012376,F01014,137.12,NGN,0,12,NG,ios,electronics,0
T00010755,F00111,1380.01,NGN,6,9,GB,android,electronics,0
T00005404,F00346,5909.5,NGN,15,5,US,ios,travel,0
T00001453,F00301,1608.56,NGN,23,10,NG,web,retail,0
T00018990,F00302,22861.93,NGN,11,5,NG,android,food,0
T00018325,F00357,348.69,NGN,17,10,NG,ios,food,0
T00017723,F00163,2138.78,NGN,0,11,GB,ios,food,0
T00007341,F00460,1815.02,NGN,7,8,GB,web,retail,0
T00017359,F00525,1136.36,NGN,17,6,NG,ios,fuel,0
T00011636,F01180,314.25,NGN,5,5,NG,ios,digital,0
T00001248,F00922,253.06,NGN,22,9,NG,android,fuel,0
T00019035,F00037,706.5,NGN,5,6,NG,ios,food,0
T00013613,F00055,283.29,NGN,22,7,NG,android,digital,0
T00005464,F00339,1859.87,NGN,14,4,NG,ios,electronics,0
T00008096,F00799,751.51,NGN,11,2,GH,android,digital,0
T00017300,F00018,2857.83,NGN,12,4,NG,web,digital,0
T00013342,F01065,517.1,NGN,8,1,NG,android,travel,0
T00014279,F00358,1414.65,NGN,11,1,NG,ios,travel,0
T00005815,F00504,1196.12,NGN,23,7,NG,android,fuel,0
T00003387,F00478,681.34,NGN,22,12,GH,android,digital,0
T00017071,F00691,2109.65,NGN,16,10,NG,web,travel,0
T00004043,F00805,2782.22,NGN,11,6,GH,web,electronics,0
T00015104,F01163,1745.92,NGN,14,10,NG,web,digital,0
T00017151,F00139,235.74,NGN,11,4,NG,ios,travel,0
T00019969,F00818,1558.05,NGN,9,6,US,ios,electronics,0
T00006773,F00625,808.53,NGN,6,3,NG,web,electronics,0
T00004365,F00380,2161.94,NGN,18,8,GH,web,digital,0
T00003308,F00585,177.5,NGN,9,9,NG,web,food,0
T00001573,F00870,5667.27,NGN,1,9,NG,ios,food,1
T00017382,F00297,1356.17,NGN,10,6,US,web,retail,0
T00005321,F00458,1076.52,NGN,23,4,US,web,electronics,0
T00013226,F00568,2161.7,NGN,16,10,GB,web,retail,0
T00002528,F00017,1003.15,NGN,3,11,NG,ios,digital,1
T00016577,F01085,1292.53,NGN,14,3,NG,ios,food,0
T00014056,F00967,261.13,NGN,10,4,GH,ios,travel,0
T00019745,F00958,1956.7,NGN,8,5,NG,ios,electronics,0
T00015567,F00846,577.44,NGN,18,1,NG,android,travel,0
T00009971,F00439,273.97,NGN,6,7,NG,android,fuel,0
T00004633,F01195,3243.95,NGN,13,2,NG,ios,fuel,0
T00008690,F00386,1587.87,NGN,4,6,NG,web,retail,1
T00000302,F00792,3294.26,NGN,4,6,NG,android,food,1
T00014654,F00143,686.4,NGN,18,5,NG,ios,retail,0
T00007876,F00967,395.73,NGN,0,2,GB,web,digital,0
T00001326,F01136,131.29,NGN,17,12,NG,android,travel,0
T00010630,F00969,4529.62,NGN,10,2,US,ios,digital,0
T00007572,F01190,439.59,NGN,16,11,NG,android,electronics,0
T00012667,F00889,984.61,NGN,23,2,GB,android,digital,0
T00019147,F00680,2064.75,NGN,12,7,NG,ios,electronics,0
T00019577,F00972,1621.83,NGN,3,7,NG,android,food,1
T00011970,F00407,1003.68,NGN,21,2,NG,android,travel,0
T00003802,F00559,1156.16,NGN,11,10,NG,android,electronics,0
T00010753,F00992,2227.08,NGN,7,8,GH,web,electronics,0
T00014954,F00669,648.52,NGN,0,3,NG,android,digital,0
T00005245,F00647,4397.18,NGN,9,3,NG,android,food,0
T00005604,F01014,2230.95,NGN,8,2,NG,android,food,0
T00011401,F00904,420.58,NGN,16,1,GH,android,digital,0
T00009177,F00976,1712.82,NGN,23,9,NG,ios,electronics,0
T00000586,F00477,3052.44,NGN,12,12,NG,android,travel,0
T00002371,F00211,2923.96,NGN,14,8,NG,ios,travel,0
T00007515,F00739,887.99,NGN,23,5,NG,android,food,0
T00010742,F00093,504.71,NGN,8,8,NG,ios,food,0
T00008933,F00526,3287.11,NGN,11,11,NG,ios,digital,0
T00012865,F00215,1972.84,NGN,14,9,GH,android,retail,0
T00009456,F00473,473.47,NGN,22,1,NG,web,fuel,0
T00007076,F00362,1044.89,NGN,22,3,NG,web,fuel,0
T00013407,F00583,795.98,NGN,4,7,NG,web,electronics,1
T00008063,F01157,1393.5,NGN,7,6,US,web,food,0
T00014590,F00006,587.85,NGN,1,11,GB,android,digital,1
T00008261,F00703,2072.22,NGN,22,11,GB,ios,travel,0
T00017991,F00598,1260.08,NGN,4,1,NG,web,food,0
T00006512,F00037,15454.64,NGN,6,6,NG,ios,food,0
T00017013,F00037,943.13,NGN,17,3,US,android,food,0
T00006296,F00532,1050.46,NGN,21,12,NG,web,travel,0
T00010757,F00778,983.97,NGN,3,3,NG,android,food,0
T00006790,F01167,3006.73,NGN,4,9,GB,web,fuel,0
T00014125,F00735,719.53,NGN,7,2,GB,ios,travel,0
T00018170,F00914,1816.67,NGN,12,8,GH,android,travel,0
T00007749,F00231,715.83,NGN,23,7,NG,ios,food,0
T00017422,F00519,201.47,NGN,13,12,GB,web,travel,1
T00016219,F00723,1769.44,NGN,4,12,NG,ios,retail,0
T00013448,F00239,1145.92,NGN,3,1,GB,web,digital,0
T00015300,F00090,1343.2,NGN,3,2,GB,android,travel,0
T00004079,F00191,424.06,NGN,23,4,GB,web,electronics,0
T00004330,F00812,462.01,NGN,17,6,GB,android,digital,0
T00004483,F00320,945.22,NGN,18,5,US,android,retail,0
T00016129,F00175,5156.63,NGN,20,7,US,ios,fuel,0
T00011890,F00870,2317.12,NGN,18,12,NG,ios,travel,0
T00006547,F00558,1953.3,NGN,3,1,US,web,electronics,0
T00000116,F00039,328.65,NGN,22,2,NG,android,retail,0
T00001108,F00588,2751.48,NGN,18,5,GH,web,electronics,0
T00013978,F00747,902.6,NGN,2,5,GB,android,digital,0
T00013256,F00018,116.62,NGN,3,1,NG,web,food,0
T00017287,F00595,1982.92,NGN,14,10,NG,web,food,0
T00018641,F00202,1174.11,NGN,1,5,GH,web,fuel,0
T00002815,F00611,3196.28,NGN,2,12,NG,android,digital,1
T00016066,F00698,359.11,NGN,1,9,GB,web,food,0
T00013892,F00569,1372.93,NGN,22,9,GH,web,electronics,0
T00014326,F00966,1786.52,NGN,9,11,NG,ios,electronics,0
T00009200,F01054,3049.1,NGN,18,3,NG,android,retail,0
T00014961,F00072,2264.93,NGN,15,4,GH,android,travel,0
T00004205,F00745,911.38,NGN,3,11,US,android,fuel,1
T00004089,F00921,1427.32,NGN,0,12,GH,web,digital,0
T00001413,F00002,591.49,NGN,22,12,GH,web,digital,0
T00015402,F00330,1267.84,NGN,13,7,GB,web,electronics,0
T00016740,F01132,896.23,NGN,4,1,GB,android,fuel,0
T00010731,F00774,811.9,NGN,8,12,NG,android,travel,0
T00008707,F00844,263.9,NGN,20,3,GH,web,food,0
T00017730,F00076,4184.52,NGN,10,3,NG,web,food,0
T00012854,F00456,470.57,NGN,15,3,NG,android,fuel,0
T00001656,F00843,2300.96,NGN,13,1,NG,ios,fuel,0
T00014582,F00671,235.94,NGN,11,1,GB,web,electronics,0
T00011024,F00173,2172.62,NGN,22,9,NG,android,retail,0
T00019919,F00869,113.3,NGN,5,12,NG,web,food,0
T00001650,F00717,568.66,NGN,19,8,NG,android,retail,0
T00004920,F01039,2220.98,NGN,7,2,GH,web,digital,0
T00007440,F00284,298.22,NGN,1,3,NG,ios,fuel,0
T00013867,F00303,1756.7,NGN,16,12,NG,web,retail,0
T00013308,F00478,2480.6,NGN,5,3,GB,web,digital,0
T00008685,F00967,517.69,NGN,17,11,NG,web,electronics,0
T00007438,F00738,4674.14,NGN,22,4,US,android,digital,0
T00019587,F00066,357.96,NGN,3,5,US,android,electronics,0
T00007906,F00295,1040.66,NGN,23,3,NG,web,fuel,0
T00015928,F00878,4892.7,NGN,21,5,NG,ios,retail,0
T00011422,F00420,2508.97,NGN,5,4,NG,android,food,0
T00006370,F00340,2111.12,NGN,10,10,NG,ios,food,0
T00004150,F01036,2567.53,NGN,3,4,GB,web,travel,0
T00014731,F00278,2185.4,NGN,12,4,GH,web,food,0
T00015593,F00662,371.31,NGN,5,12,GB,android,travel,0
T00000776,F00168,262.48,NGN,10,2,GB,web,fuel,0
T00012493,F00276,775.18,NGN,2,1,NG,ios,food,0
T00018579,F00257,403.64,NGN,5,7,GB,web,retail,0
T00000712,F01191,1518.88,NGN,22,8,US,web,electronics,0
T00009211,F00062,1728.58,NGN,16,9,NG,web,retail,0
T00017348,F00076,1298.67,NGN,23,9,GH,ios,digital,0
T00018490,F00947,1876.64,NGN,12,9,NG,ios,retail,0
T00017601,F00479,2876.26,NGN,15,7,NG,ios,food,0
T00005457,F00753,1489.0,NGN,12,4,NG,ios,food,0
T00006713,F01017,1136.26,NGN,20,3,NG,android,retail,0
T00015209,F00486,952.13,NGN,3,3,US,ios,food,0
T00018446,F00531,2180.31,NGN,19,2,NG,ios,food,0
T00010834,F00306,955.85,NGN,12,10,NG,android,electronics,0
T00017738,F00071,2499.55,NGN,3,2,NG,web,retail,0
T00007540,F00943,1095.38,NGN,3,6,NG,ios,electronics,1
T00001987,F00351,602.72,NGN,5,8,NG,web,electronics,0
T00005724,F00378,431.99,NGN,13,12,US,android,retail,0
T00011670,F00815,399.37,NGN,10,6,NG,android,retail,0
T00008151,F00596,399.0,NGN,0,1,GB,ios,digital,0
T00009863,F00961,1378.19,NGN,7,1,NG,ios,electronics,0
T00002460,F00336,3593.29,NGN,4,9,GH,web,travel,1
T00010286,F00481,854.44,NGN,20,6,NG,web,travel,0
T00001764,F00915,1856.35,NGN,17,6,NG,web,digital,0
T00017845,F00075,7311.04,NGN,6,11,GB,android,travel,0
T00004791,F00252,563.68,NGN,23,4,NG,web,digital,0
T00007832,F00566,6478.12,NGN,0,5,NG,android,food,0
T00006872,F01014,1455.8,NGN,22,1,NG,ios,fuel,0
T00016777,F00267,227.54,NGN,15,12,US,ios,travel,0
T00004794,F00938,7006.55,NGN,5,5,NG,ios,food,0
T00003347,F00040,905.94,NGN,11,9,NG,web,digital,0
T00017828,F00860,1117.09,NGN,9,12,NG,ios,retail,0
T00018463,F00622,772.59,NGN,20,5,NG,web,digital,0
T00005817,F00837,237.44,NGN,17,11,NG,android,fuel,0
T00003127,F00558,3049.83,NGN,20,9,GH,android,fuel,0
T00003014,F00929,865.57,NGN,1,5,US,web,travel,0
T00003122,F01197,205.66,NGN,6,11,US,ios,travel,0
T00011887,F00027,978.67,NGN,8,5,NG,android,digital,0
T00006365,F00049,3063.57,NGN,23,3,US,ios,travel,0
T00019704,F00800,5795.29,NGN,12,3,NG,ios,electronics,0
T00008416,F00082,1032.18,NGN,12,12,NG,ios,electronics,0
T00014016,F00795,1110.91,NGN,17,1,GH,android,digital,0
T00010106,F00867,2213.46,NGN,9,2,GB,ios,fuel,0
T00002368,F00030,5225.19,NGN,8,2,NG,android,food,0
T00005679,F00544,1166.0,NGN,1,5,NG,ios,fuel,0
T00007401,F00482,1400.98,NGN,2,1,GB,web,food,0
T00018222,F01168,794.12,NGN,8,2,US,ios,fuel,0
T00016795,F00540,463.36,NGN,0,9,US,web,food,0
T00000335,F00952,751.92,NGN,14,7,NG,web,digital,0
T00004545,F00113,2005.45,NGN,0,4,US,android,digital,0
T00017643,F00004,462.76,NGN,6,6,GB,ios,electronics,0
T00000829,F00367,230.14,NGN,16,11,GH,web,digital,0
T00019970,F00794,4303.07,NGN,3,7,GH,web,fuel,0
T00017834,F00278,1826.37,NGN,23,6,NG,web,digital,0
T00007843,F00089,1415.67,NGN,7,11,US,web,food,0
T00004816,F00203,743.93,NGN,0,3,NG,web,retail,0
T00007756,F00404,5287.48,NGN,7,12,GB,android,retail,0
T00011186,F00637,679.84,NGN,11,4,GH,web,electronics,0
T00011437,F01134,585.31,NGN,21,5,NG,ios,retail,0
T00006392,F00693,1240.23,NGN,9,6,GH,web,travel,0
T00008386,F00965,797.54,NGN,1,7,NG,android,retail,0
T00016853,F01105,633.33,NGN,14,12,NG,android,electronics,0
T00011621,F00123,1565.33,NGN,0,10,NG,android,electronics,0
T00012838,F00232,4072.4,NGN,6,4,GH,ios,electronics,0
T00010682,F00916,477.09,NGN,19,10,GH,web,food,0
T00001596,F00136,1018.55,NGN,10,7,NG,web,travel,0
T00010407,F00252,3622.83,NGN,22,3,US,ios,travel,0
T00003618,F01161,627.32,NGN,0,9,US,android,electronics,0
T00002242,F00104,1246.62,NGN,21,11,NG,ios,retail,0
T00018008,F00976,2260.62,NGN,15,9,NG,ios,travel,0
T00001870,F00973,988.69,NGN,4,7,GB,android,electronics,1
T00004267,F00387,740.94,NGN,5,5,NG,ios,electronics,0
T00005987,F00180,276.78,NGN,17,3,NG,web,food,0
T00008515,F00909,2815.91,NGN,19,1,US,web,retail,0
T00016953,F00576,848.77,NGN,8,3,NG,android,travel,0
T00001819,F00228,282.78,NGN,20,5,GB,android,digital,0
T00005002,F00192,1478.05,NGN,13,10,NG,web,fuel,0
T00019082,F00401,591.36,NGN,20,3,GB,web,fuel,0
T00012861,F01145,559.56,NGN,2,8,NG,web,digital,1
T00011679,F00801,1025.57,NGN,2,6,US,ios,retail,1
T00015045,F00204,314.99,NGN,21,6,US,ios,electronics,0
T00004578,F00773,1326.85,NGN,19,8,NG,ios,retail,0
T00017285,F00271,6944.07,NGN,6,6,NG,android,digital,0
T00015524,F00799,1485.58,NGN,0,6,GB,android,retail,0
T00008969,F00865,653.84,NGN,6,5,NG,android,food,0
T00000013,F00706,1552.49,NGN,23,3,GH,ios,retail,0
T00017133,F00394,459.16,NGN,22,6,GB,android,digital,0
T00006786,F00887,954.06,NGN,16,12,NG,android,electronics,0
T00019197,F00467,520.04,NGN,11,12,NG,web,electronics,0
T00014868,F00960,1439.83,NGN,9,8,NG,android,digital,0
T00018974,F01103,682.85,NGN,8,10,NG,web,fuel,0
T00002367,F00879,653.87,NGN,6,4,NG,web,travel,0
T00009528,F00921,2339.8,NGN,10,2,NG,web,retail,0
T00006970,F00308,288.63,NGN,11,10,GH,ios,food,0
T00012094,F00288,1680.57,NGN,7,2,GH,web,food,0
T00014651,F00397,635.64,NGN,14,12,GB,web,electronics,0
T00007373,F01036,603.98,NGN,19,2,NG,android,retail,0
T00011535,F00364,923.2,NGN,7,11,NG,web,travel,0
T00003656,F00898,2229.86,NGN,19,10,GB,android,travel,0
T00012283,F00052,237.87,NGN,18,10,NG,web,fuel,0
T00010987,F00885,2220.14,NGN,22,2,GB,web,electronics,0
T00013857,F00447,730.24,NGN,9,10,NG,ios,food,0
T00001068,F00736,318.24,NGN,7,3,GB,ios,digital,0
T00003047,F00644,3434.85,NGN,11,8,NG,ios,fuel,0
T00003034,F00112,477.48,NGN,12,2,NG,android,food,0
T00002875,F00644,975.0,NGN,4,7,NG,ios,food,0
T00012762,F00714,3472.6,NGN,18,5,NG,ios,food,0
T00018758,F01081,1216.15,NGN,16,9,NG,ios,digital,0
T00012196,F00348,507.56,NGN,9,8,NG,android,food,0
T00019284,F00064,759.28,NGN,19,2,NG,web,electronics,0
T00014181,F00636,1303.71,NGN,10,10,NG,android,fuel,0
T00006051,F00368,471.53,NGN,13,9,GH,android,travel,0
T00003503,F00220,376.36,NGN,15,3,GH,android,digital,0
T00018067,F00052,1088.13,NGN,5,10,US,android,travel,0
T00014400,F00014,2287.48,NGN,2,2,GH,web,travel,0
T00018048,F00311,4845.32,NGN,17,1,GH,web,fuel,0
T00004256,F00746,1101.95,NGN,23,5,NG,web,food,0
T00010087,F00709,1301.1,NGN,16,3,NG,web,food,0
T00015901,F00145,800.46,NGN,6,10,NG,android,food,0
T00008137,F00539,945.32,NGN,14,6,GH,android,food,0
T00005836,F00158,553.46,NGN,10,10,NG,ios,travel,0
T00012404,F00100,2431.12,NGN,21,2,GH,ios,fuel,0
T00003575,F00820,862.48,NGN,20,2,NG,web,electronics,0
T00001959,F00559,542.13,NGN,12,10,NG,ios,travel,0
T00004109,F01001,6893.09,NGN,0,2,US,ios,retail,0
T00017863,F00291,7009.7,NGN,1,11,NG,web,electronics,1
T00014753,F00921,907.86,NGN,0,6,NG,web,electronics,0
T00010256,F00632,2030.01,NGN,8,9,NG,ios,digital,0
T00001992,F01073,105.1,NGN,6,3,GH,ios,electronics,0
T00004450,F00235,913.72,NGN,16,5,NG,android,travel,0
T00017539,F00338,671.38,NGN,2,1,NG,ios,retail,0
T00001330,F00889,1286.49,NGN,1,11,NG,android,digital,0
T00010673,F00635,1493.37,NGN,21,9,GB,web,electronics,0
T00012816,F00555,3067.62,NGN,21,7,NG,web,electronics,0
T00005972,F00798,1570.53,NGN,11,12,NG,ios,travel,0
T00010424,F00156,160.81,NGN,15,3,NG,ios,food,0
T00006648,F00067,2372.43,NGN,17,4,US,web,fuel,0
T00006533,F00030,6616.78,NGN,13,3,NG,ios,fuel,0
T00013347,F00378,1951.04,NGN,21,4,GH,web,retail,0
T00002233,F00829,2311.29,NGN,0,3,GH,android,food,0
T00003687,F00893,1761.01,NGN,13,2,NG,ios,retail,0
T00018993,F00350,1063.15,NGN,7,6,NG,android,retail,0
T00013378,F01169,2112.74,NGN,8,12,GB,web,travel,0
T00013357,F00899,87.42,NGN,0,12,NG,web,fuel,0
T00016874,F00433,1100.65,NGN,18,1,GB,web,travel,0
T00000414,F00412,1009.56,NGN,4,4,NG,android,food,0
T00019309,F00966,570.77,NGN,9,8,NG,android,retail,0
T00007676,F00622,2153.35,NGN,8,12,NG,android,fuel,0
T00014606,F00511,465.71,NGN,7,1,GB,ios,digital,0
T00007617,F00724,362.1,NGN,1,7,GH,android,food,1
T00000121,F00680,825.68,NGN,16,2,NG,web,retail,0
T00006373,F00722,1273.37,NGN,9,9,GH,web,digital,0
T00014284,F01099,562.82,NGN,6,1,NG,ios,travel,0
T00019391,F00522,857.18,NGN,16,9,NG,ios,retail,0
T00016246,F00776,2625.37,NGN,0,7,NG,android,digital,0
T00004811,F01128,1860.11,NGN,12,6,NG,web,electronics,0
T00004536,F00983,1303.02,NGN,15,1,NG,ios,travel,0
T00003241,F01016,3775.41,NGN,17,6,US,android,fuel,0
T00019344,F00679,921.24,NGN,11,1,NG,android,electronics,0
T00014563,F01118,224.35,NGN,18,11,NG,web,travel,0
T00006367,F00110,574.46,NGN,21,9,US,android,retail,0
T00012616,F01039,1559.47,NGN,3,1,GH,ios,travel,0
T00007732,F01117,6213.06,NGN,11,12,NG,web,retail,0
T00014126,F00508,758.2,NGN,10,6,NG,ios,fuel,0
T00008790,F00147,528.22,NGN,8,1,GB,web,retail,0
T00018165,F00493,1682.09,NGN,3,6,NG,ios,electronics,1
T00018580,F01021,589.87,NGN,20,6,NG,web,food,0
T00009283,F00282,2895.94,NGN,16,11,NG,android,food,0
T00012919,F00822,2972.12,NGN,6,2,NG,ios,food,0
T00005405,F00009,1055.63,NGN,15,11,NG,web,fuel,0
T00003240,F01072,450.2,NGN,1,2,GB,web,travel,0
T00001558,F00940,556.22,NGN,16,12,GB,ios,electronics,0
T00001305,F00369,5347.47,NGN,0,11,NG,web,retail,0
T00014091,F00259,518.64,NGN,9,5,GB,web,retail,0
T00001999,F00887,1328.98,NGN,3,5,GB,web,electronics,0
T00011262,F00811,1144.86,NGN,16,11,GB,ios,food,0
T00007848,F00367,1067.27,NGN,7,6,GB,android,fuel,0
T00009854,F01043,4939.63,NGN,22,3,NG,ios,retail,0
T00004864,F01170,181.47,NGN,6,4,NG,android,electronics,0
T00010866,F00626,372.15,NGN,19,9,NG,web,retail,0
T00000742,F00479,1768.22,NGN,4,4,GB,ios,food,0
T00007242,F00228,1230.81,NGN,11,9,NG,android,travel,0
T00015202,F01133,180.0,NGN,3,10,GB,android,food,1
T00001509,F00474,604.15,NGN,13,9,US,web,food,0
T00006139,F00948,568.05,NGN,0,9,NG,ios,digital,0
T00015519,F00484,911.53,NGN,3,11,US,ios,digital,1
T00002653,F01023,445.34,NGN,6,8,NG,web,food,0
T00004097,F00746,725.51,NGN,7,1,NG,web,electronics,0
T00005840,F01122,1153.37,NGN,3,10,NG,ios,retail,1
T00003234,F00263,995.0,NGN,10,4,NG,web,digital,0
T00007254,F01137,5819.89,NGN,1,4,GH,ios,retail,0
T00008331,F00540,1099.51,NGN,13,1,NG,ios,fuel,0
T00000172,F01093,10641.28,NGN,20,5,NG,web,retail,0
T00009060,F01115,2726.21,NGN,2,11,GH,web,food,1
T00000074,F00678,2378.62,NGN,8,1,NG,web,electronics,0
T00009161,F00420,669.35,NGN,8,2,GH,web,travel,0
T00012931,F00008,349.84,NGN,7,3,GB,web,fuel,0
T00007009,F00781,2190.94,NGN,21,4,GB,ios,food,0
T00010220,F00885,343.55,NGN,18,4,NG,ios,food,0
T00012759,F00179,233.24,NGN,2,3,NG,ios,digital,1
T00008781,F00059,1081.58,NGN,1,7,GH,android,fuel,1
T00010243,F01185,1915.89,NGN,11,12,NG,web,food,0
T00003922,F00672,1683.57,NGN,12,6,GH,ios,electronics,0
T00015530,F00505,2649.24,NGN,20,8,US,ios,digital,0
T00003185,F00937,721.3,NGN,9,4,US,android,food,0
T00003010,F00836,1344.33,NGN,15,11,NG,web,electronics,0
T00016716,F00605,612.25,NGN,8,5,GH,web,travel,0
T00004138,F00107,4388.28,NGN,22,12,GH,web,fuel,0
T00006148,F00617,5053.94,NGN,23,10,NG,web,fuel,0
T00007142,F00064,2344.23,NGN,6,2,GH,android,food,0
T00012383,F01056,568.07,NGN,18,1,GB,ios,electronics,0
T00007246,F00207,438.09,NGN,3,3,US,ios,travel,0
T00019476,F01173,1589.57,NGN,0,9,NG,web,digital,0
T00011660,F00625,599.15,NGN,15,12,GH,ios,digital,0
T00018271,F00928,3203.07,NGN,21,7,GB,android,food,0
T00010094,F00348,568.37,NGN,17,10,US,android,travel,0
T00018460,F00613,2160.58,NGN,5,3,NG,ios,retail,0
T00016683,F00329,474.36,NGN,6,4,NG,android,travel,0
T00008085,F01042,1002.59,NGN,23,1,US,android,food,0
T00006920,F00699,600.26,NGN,10,6,NG,ios,retail,0
T00011017,F00629,999.86,NGN,1,6,NG,ios,travel,1
T00002756,F00135,151.2,NGN,23,1,US,android,digital,0
T00001919,F00657,1204.27,NGN,2,12,NG,web,food,0
T00018193,F00352,2305.01,NGN,22,12,US,ios,digital,0
T00015063,F00241,749.82,NGN,6,9,NG,ios,digital,0
T00011997,F00164,4047.54,NGN,3,11,NG,android,fuel,0
T00006335,F00374,1476.72,NGN,23,7,NG,ios,fuel,0
T00000447,F00757,1004.33,NGN,0,1,NG,ios,travel,0
T00012941,F00099,1086.8,NGN,12,4,GH,android,digital,0
T00006671,F00640,2573.93,NGN,23,8,GB,web,travel,0
T00011530,F00355,3189.48,NGN,8,11,NG,web,fuel,0
T00016908,F00154,1193.62,NGN,10,11,GB,android,digital,0
T00007608,F00194,605.57,NGN,6,1,NG,android,retail,0
T00018542,F01091,1458.03,NGN,8,8,NG,web,food,0
T00016330,F00566,338.6,NGN,6,11,NG,ios,food,0
T00002602,F00489,405.43,NGN,22,9,NG,ios,fuel,0
T00019223,F01045,1790.82,NGN,13,4,NG,web,fuel,0
T00018835,F00403,553.04,NGN,2,9,US,web,retail,1
T00004768,F00055,248.55,NGN,17,12,US,android,electronics,0
T00000369,F00305,1719.1,NGN,21,3,NG,ios,food,0
T00018825,F00196,367.72,NGN,21,3,GB,web,travel,0
T00002536,F01172,646.46,NGN,11,6,GH,ios,digital,0
T00018741,F00983,1836.26,NGN,8,2,GB,web,digital,0
T00006815,F00573,877.44,NGN,20,4,GB,android,fuel,0
T00005175,F00098,798.55,NGN,7,11,US,android,electronics,0
T00007375,F00689,1558.41,NGN,1,7,GH,web,fuel,0
T00001508,F00837,1811.1,NGN,1,9,NG,ios,travel,0
T00012132,F00587,1610.16,NGN,11,3,NG,ios,retail,0
T00010694,F00642,1666.03,NGN,3,8,GH,ios,travel,1
T00005683,F00857,838.29,NGN,20,9,US,android,electronics,0
T00018642,F00846,683.85,NGN,21,6,NG,web,travel,0
T00012864,F00568,1565.39,NGN,16,10,NG,web,digital,0
T00003348,F00920,3618.76,NGN,13,4,GB,web,fuel,0
T00002449,F00258,245.36,NGN,20,10,NG,web,travel,0
T00008731,F00878,164.15,NGN,4,8,NG,android,food,1
T00006600,F00920,422.47,NGN,17,5,GH,android,food,0
T00014598,F00261,606.79,NGN,15,8,NG,ios,digital,0
T00019262,F00009,2240.42,NGN,5,8,GB,android,electronics,0
T00013142,F00384,2652.75,NGN,5,9,US,ios,food,0
T00008757,F00292,1953.97,NGN,1,2,NG,web,electronics,0
T00009895,F00899,644.36,NGN,11,7,NG,web,digital,0
T00001301,F00782,1030.17,NGN,9,10,GB,ios,food,0
T00004784,F00568,438.92,NGN,16,10,NG,web,travel,0
T00015175,F01023,6884.23,NGN,3,4,NG,android,fuel,0
T00010200,F00641,441.93,NGN,9,5,NG,android,electronics,0
T00013356,F00217,493.44,NGN,15,4,US,web,fuel,0
T00017553,F00315,977.11,NGN,21,6,NG,ios,travel,0
T00016373,F00731,1378.37,NGN,9,9,NG,android,travel,0
T00012527,F00886,316.58,NGN,23,1,NG,ios,retail,0
T00013682,F00630,960.4,NGN,22,9,NG,web,retail,0
T00004992,F01013,3552.23,NGN,17,9,US,ios,fuel,0
T00012635,F00615,331.34,NGN,16,5,GB,android,travel,0
T00008077,F00791,727.21,NGN,9,11,GH,android,digital,0
T00011071,F00297,4227.12,NGN,13,3,NG,web,travel,0
T00006560,F00022,2849.55,NGN,21,2,GB,web,food,0
T00011880,F00446,3416.51,NGN,20,6,NG,android,travel,0
T00014908,F01015,847.19,NGN,15,5,GB,ios,electronics,0
T00005272,F00366,1528.18,NGN,2,4,US,android,food,0
T00009797,F00081,1062.36,NGN,17,1,NG,web,digital,0
T00005057,F00634,677.21,NGN,13,6,NG,web,electronics,0
T00010218,F00390,2011.23,NGN,22,11,NG,android,fuel,0
T00018216,F00519,1013.89,NGN,18,2,NG,ios,digital,0
T00018348,F01133,985.64,NGN,13,7,GB,ios,travel,0
T00006314,F00146,675.3,NGN,16,4,GB,ios,food,0
T00013318,F00431,2397.42,NGN,15,3,NG,web,electronics,0
T00017546,F00879,403.76,NGN,12,6,US,android,fuel,0
T00013517,F01097,5688.38,NGN,18,8,GB,web,food,0
T00004802,F00736,436.57,NGN,17,2,US,web,travel,0
T00000011,F00975,735.94,NGN,20,1,GB,web,food,0
T00014013,F00227,1224.57,NGN,2,5,NG,ios,electronics,0
T00005696,F00704,620.02,NGN,19,2,GH,web,fuel,0
T00003812,F00750,552.11,NGN,16,2,NG,web,travel,0
T00017142,F01182,274.86,NGN,12,1,GH,android,fuel,0
T00016113,F00477,652.96,NGN,14,7,GH,android,travel,0
T00003114,F01200,590.38,NGN,21,7,GH,ios,travel,0
T00004624,F00120,463.36,NGN,11,11,GB,android,food,0
T00006579,F00722,7802.19,NGN,9,5,NG,android,digital,0
T00004358,F00152,4141.71,NGN,23,11,GH,android,travel,0
T00008198,F00621,634.42,NGN,13,9,NG,android,electronics,0
T00000076,F00062,2506.78,NGN,6,7,GH,web,travel,0
T00017626,F00203,862.76,NGN,7,12,NG,web,fuel,0
T00016067,F00115,884.5,NGN,2,8,NG,android,electronics,1
T00019731,F00462,1066.24,NGN,22,2,US,ios,food,0
T00009130,F00311,805.06,NGN,11,5,NG,ios,fuel,0
T00003009,F00054,2529.93,NGN,16,6,GB,ios,electronics,0
T00009969,F00788,1098.92,NGN,5,3,GH,android,travel,0
T00016898,F00572,397.1,NGN,7,6,GH,android,electronics,0
T00007098,F00154,1107.76,NGN,18,8,NG,android,digital,0
T00000234,F00135,746.73,NGN,10,5,US,ios,retail,0
T00007140,F00231,4764.37,NGN,8,2,NG,ios,fuel,0
T00000884,F00208,261.06,NGN,12,3,NG,android,fuel,0
T00001411,F00794,2271.0,NGN,0,3,US,web,digital,0
T00012761,F00203,627.63,NGN,16,1,NG,web,food,0
T00015588,F01051,888.18,NGN,3,4,GH,ios,fuel,0
T00017213,F01082,973.09,NGN,12,9,US,ios,food,0
T00003795,F00500,569.66,NGN,15,4,US,android,retail,0
T00019314,F00536,1015.99,NGN,4,10,GH,web,travel,1
T00004711,F00179,1287.88,NGN,18,1,NG,ios,travel,0
T00018694,F00587,255.31,NGN,23,2,GH,ios,retail,0
T00007133,F00535,6032.65,NGN,16,12,NG,web,digital,0
T00018597,F01061,509.84,NGN,20,5,NG,ios,digital,0
T00009185,F00957,1202.19,NGN,17,8,GB,android,digital,0
T00004298,F00861,1426.53,NGN,6,2,GB,android,retail,0
T00004958,F00991,519.21,NGN,21,8,NG,android,digital,0
T00019691,F00655,438.35,NGN,3,11,US,web,fuel,1
T00008676,F00123,516.81,NGN,13,1,NG,android,retail,0
T00013117,F00995,763.89,NGN,2,10,NG,ios,digital,1
T00000382,F00380,965.95,NGN,21,10,GH,ios,fuel,0
T00001374,F00583,11990.23,NGN,5,7,NG,web,fuel,0
T00012648,F00252,462.8,NGN,1,1,NG,ios,travel,0
T00009503,F01098,1198.73,NGN,10,6,NG,android,retail,0
T00018121,F00123,2140.26,NGN,15,4,NG,android,retail,0
T00000675,F00329,223.84,NGN,20,4,GB,ios,electronics,0
T00014280,F00534,1886.97,NGN,16,12,GB,android,retail,0
T00003782,F00213,702.83,NGN,20,2,NG,ios,travel,0
T00007507,F01173,5543.01,NGN,18,11,NG,android,travel,0
T00009645,F00968,716.76,NGN,16,4,NG,web,travel,0
T00004522,F00670,1383.03,NGN,16,11,NG,web,electronics,0
T00002823,F01117,1568.43,NGN,9,10,US,web,fuel,0
T00016660,F00235,2560.34,NGN,14,9,NG,android,electronics,0
T00017429,F00837,1169.52,NGN,16,1,US,android,food,0
T00012797,F00858,710.34,NGN,20,2,NG,ios,digital,0
T00008463,F00136,5303.94,NGN,4,7,GB,ios,fuel,1
T00005930,F00584,1404.24,NGN,22,10,GH,web,digital,0
T00015367,F00910,351.41,NGN,12,10,GB,android,electronics,0
T00006090,F00757,1121.77,NGN,2,10,NG,web,food,1
T00009377,F01105,606.91,NGN,15,9,GH,ios,travel,0
T00012170,F00356,613.58,NGN,14,10,NG,ios,electronics,0
T00014981,F00711,4953.67,NGN,9,5,GH,ios,fuel,0
T00011291,F00913,5856.92,NGN,9,11,NG,web,electronics,0
T00015201,F00795,1001.15,NGN,21,11,GH,ios,fuel,0
T00007100,F00884,323.02,NGN,21,3,US,web,retail,0
T00000671,F00173,1568.56,NGN,12,4,GB,web,electronics,0
T00006727,F00344,2960.76,NGN,2,2,NG,ios,food,0
T00016697,F00986,2738.85,NGN,13,5,US,ios,fuel,0
T00004918,F00806,939.85,NGN,3,7,NG,android,food,1
T00015877,F00273,4903.39,NGN,10,10,GH,ios,digital,0
T00012265,F00639,611.67,NGN,22,9,GH,web,food,0
T00019251,F00515,1699.75,NGN,10,10,NG,android,retail,0
T00004774,F00151,204.42,NGN,22,6,US,web,digital,0
T00012507,F00227,656.32,NGN,6,1,GB,ios,electronics,0
T00006914,F00439,629.27,NGN,18,2,US,web,retail,0
T00017938,F01075,578.02,NGN,4,5,GB,android,food,0
T00018790,F00809,1379.97,NGN,4,7,NG,web,travel,1
T00015629,F00158,1126.75,NGN,20,11,NG,ios,digital,0
T00017562,F00912,579.25,NGN,1,6,GH,android,fuel,1
T00006811,F00368,351.64,NGN,11,5,NG,android,food,0
T00016742,F00728,3837.32,NGN,2,9,NG,web,fuel,0
T00007547,F00302,219.19,NGN,13,11,NG,android,fuel,0
T00001674,F00631,1079.58,NGN,14,12,NG,web,fuel,0
T00005798,F00108,3464.52,NGN,2,12,NG,ios,food,1
T00003554,F00859,3301.27,NGN,1,9,US,ios,food,1
T00001164,F00495,1293.36,NGN,6,11,GB,ios,fuel,0
T00005862,F00644,913.84,NGN,4,12,US,android,travel,1
T00009207,F00778,809.53,NGN,22,9,NG,android,digital,0
T00015144,F01045,337.99,NGN,6,12,NG,android,digital,0
T00009004,F00894,604.08,NGN,16,12,US,android,food,0
T00007204,F01146,1857.13,NGN,12,6,NG,web,food,0
T00019116,F00838,1272.07,NGN,21,12,NG,ios,digital,0
T00003043,F00160,2322.31,NGN,11,8,US,web,digital,0
T00016929,F00054,311.23,NGN,8,10,NG,web,digital,0
T00005052,F00747,1124.5,NGN,10,5,US,ios,travel,0
T00006168,F01071,945.92,NGN,12,6,GB,web,fuel,0
T00017875,F00279,1821.84,NGN,4,11,NG,ios,digital,0
T00015723,F00258,2659.43,NGN,0,12,US,ios,fuel,0
T00008803,F01180,917.55,NGN,11,7,GB,ios,food,0
T00018342,F01193,5184.05,NGN,9,10,NG,android,fuel,0
T00013860,F00027,1000.83,NGN,10,5,GB,android,travel,0
T00000698,F00267,140.42,NGN,14,9,NG,android,travel,0
T00004561,F00946,1773.02,NGN,0,12,GB,ios,fuel,0
T00016152,F01067,359.16,NGN,0,5,GH,android,food,0
T00001679,F00195,3658.88,NGN,8,6,GH,ios,travel,0
T00010752,F01148,2302.92,NGN,7,8,NG,android,electronics,0
T00009575,F01050,1103.74,NGN,13,3,GH,web,travel,0
T00011348,F00620,832.28,NGN,5,8,NG,ios,food,0
T00001933,F00729,745.25,NGN,2,9,NG,android,digital,1
T00013130,F00009,7162.8,NGN,0,10,NG,android,retail,0
T00001537,F01169,1344.28,NGN,19,3,US,android,digital,0
T00003652,F00159,1122.35,NGN,6,12,GH,web,retail,0
T00019024,F00544,1081.77,NGN,3,5,GH,ios,digital,0
T00015663,F00024,1159.29,NGN,14,12,GH,ios,retail,0
T00002469,F00693,997.94,NGN,21,11,NG,web,electronics,0
T00000620,F01128,1219.41,NGN,16,11,GB,web,digital,0
T00017918,F00921,687.75,NGN,16,1,US,web,fuel,0
T00010716,F00265,5952.36,NGN,6,9,NG,ios,fuel,0
T00000350,F00375,255.36,NGN,18,9,NG,ios,digital,0
T00016102,F00295,340.48,NGN,9,12,GH,web,retail,0
T00005285,F00595,1015.94,NGN,8,2,NG,android,digital,0
T00014926,F00188,2214.6,NGN,13,6,NG,ios,digital,0
T00014422,F00446,1257.36,NGN,9,10,NG,ios,travel,0
T00005090,F00275,549.46,NGN,7,4,NG,web,digital,0
T00007627,F00308,375.95,NGN,7,8,US,web,retail,0
T00018180,F00184,963.84,NGN,13,3,NG,ios,food,0
T00005032,F00247,2481.6,NGN,21,3,NG,ios,food,0
T00004770,F00722,126.63,NGN,0,10,NG,android,retail,0
T00007692,F01098,1443.79,NGN,19,6,NG,web,food,0
T00010414,F00513,1170.42,NGN,8,8,NG,android,retail,0
T00008057,F00193,542.37,NGN,16,6,NG,web,retail,0
T00004179,F00361,429.24,NGN,13,8,NG,web,food,0
T00019399,F00438,3275.73,NGN,13,8,US,web,digital,0
T00008399,F00011,6791.56,NGN,10,9,GH,android,digital,0
T00008627,F00860,1844.38,NGN,15,10,US,android,food,0
T00006261,F00129,188.62,NGN,2,11,GH,ios,travel,0
T00009110,F00107,7056.54,NGN,17,7,US,android,travel,0
T00005254,F00584,1345.31,NGN,10,7,GB,android,retail,0
T00018623,F00885,1118.53,NGN,2,1,NG,android,electronics,0
T00003499,F00487,1167.37,NGN,17,7,NG,web,retail,0
T00005202,F00494,463.13,NGN,14,7,NG,ios,travel,0
T00004388,F01074,512.01,NGN,10,11,US,ios,retail,0
T00014071,F01006,4115.22,NGN,8,12,NG,web,travel,0
T00002364,F00227,773.32,NGN,10,4,NG,web,digital,0
T00014873,F00262,6043.31,NGN,22,4,GH,android,retail,0
T00011911,F00759,527.81,NGN,7,11,US,web,electronics,0
T00019570,F00011,173.47,NGN,16,5,NG,web,food,0
T00011302,F00279,5181.9,NGN,20,8,US,web,fuel,0
T00002957,F01061,1194.07,NGN,8,6,NG,web,digital,0
T00016893,F00225,1501.6,NGN,14,1,NG,android,fuel,0
T00019894,F00723,1480.33,NGN,7,5,NG,web,fuel,0
T00014721,F01010,538.95,NGN,7,10,NG,android,digital,0
T00000696,F00540,2411.57,NGN,6,4,NG,android,travel,0
T00005323,F00606,1028.25,NGN,17,12,GB,android,food,0
T00008784,F00877,1317.45,NGN,12,4,NG,ios,electronics,0
T00013433,F00538,417.57,NGN,14,7,NG,ios,food,0
T00015543,F00772,610.56,NGN,0,11,NG,ios,travel,0
T00002535,F00363,5441.28,NGN,7,7,GH,android,digital,0
T00011370,F00151,522.32,NGN,10,10,GB,android,electronics,0
T00003581,F01072,790.15,NGN,18,12,GB,web,retail,0
T00012715,F00041,1185.2,NGN,22,11,NG,web,food,0
T00016358,F00480,1661.13,NGN,23,7,US,ios,fuel,0
T00009445,F01198,905.14,NGN,22,8,NG,web,travel,0
T00011252,F00706,1694.77,NGN,18,7,NG,android,digital,0
T00004279,F01014,1336.72,NGN,15,8,GB,android,fuel,0
T00019408,F00626,1419.5,NGN,15,2,GH,android,retail,0
T00009026,F00455,1451.61,NGN,21,5,NG,ios,digital,0
T00013602,F00079,985.39,NGN,10,8,NG,ios,travel,0
T00014725,F00957,1094.48,NGN,21,12,NG,ios,electronics,0
T00004134,F01132,2186.22,NGN,7,8,US,ios,electronics,0
T00012310,F00169,1228.03,NGN,19,12,US,web,travel,0
T00013399,F00152,378.1,NGN,0,3,GB,android,food,0
T00010580,F01027,488.33,NGN,17,5,GH,ios,retail,0
T00017492,F01032,721.07,NGN,11,2,NG,web,fuel,0
T00006421,F00967,653.52,NGN,6,7,GH,ios,fuel,0
T00006754,F00211,505.24,NGN,1,6,US,ios,digital,1
T00012148,F00562,1115.82,NGN,10,5,GB,android,digital,0
T00019371,F00399,1075.98,NGN,14,10,GH,web,digital,1
T00004750,F01200,1811.7,NGN,20,12,US,ios,travel,0
T00001516,F00856,1145.95,NGN,16,7,NG,android,travel,0
T00013057,F00478,3517.34,NGN,0,10,GB,ios,electronics,0
T00008485,F00319,796.05,NGN,13,5,NG,android,travel,0
T00007199,F00754,670.89,NGN,20,4,GB,web,retail,0
T00017592,F00540,5469.88,NGN,13,6,GH,ios,electronics,0
T00015069,F01082,852.6,NGN,15,12,GB,ios,digital,0
T00019507,F00055,1251.18,NGN,1,11,GH,android,food,1
T00014370,F00283,506.69,NGN,9,6,US,android,electronics,0
T00002353,F00293,5545.7,NGN,10,8,GB,android,fuel,0
T00010318,F00266,4773.39,NGN,15,8,GB,ios,fuel,0
T00014723,F01020,494.51,NGN,2,1,NG,android,fuel,0
T00015760,F00873,2693.41,NGN,10,10,NG,web,retail,0
T00002779,F00371,708.64,NGN,2,8,GH,ios,fuel,1
T00013377,F00202,7719.55,NGN,1,12,NG,ios,food,1
T00006728,F00169,1022.66,NGN,13,4,NG,ios,food,0
T00017122,F00011,3018.5,NGN,22,8,US,android,digital,0
T00016623,F00172,384.37,NGN,10,12,NG,android,electronics,0
T00019383,F00684,784.53,NGN,7,4,NG,android,food,0
T00011335,F00299,4941.68,NGN,8,7,GH,ios,food,0
T00009587,F01004,581.08,NGN,5,3,NG,android,retail,0
T00011054,F00936,3381.01,NGN,7,4,GH,android,electronics,0
T00000269,F00053,681.8,NGN,19,10,NG,android,retail,0
T00019339,F00633,464.17,NGN,14,6,GB,web,retail,0
T00001024,F00588,55.26,NGN,12,9,NG,android,retail,0
T00013368,F00889,521.35,NGN,1,7,NG,android,travel,1
T00019045,F00287,2054.69,NGN,2,10,GH,android,food,1
T00017101,F01013,3168.49,NGN,21,1,GB,ios,digital,0
T00004372,F01161,2406.32,NGN,7,3,US,ios,food,0
T00002594,F01005,787.4,NGN,20,12,GH,android,fuel,0
T00015906,F01014,784.78,NGN,18,3,NG,web,fuel,0
T00006012,F00921,1795.29,NGN,4,1,GH,ios,retail,0
T00003343,F00126,3691.74,NGN,20,7,NG,ios,electronics,0
T00007184,F00409,2304.77,NGN,5,12,NG,android,retail,0
T00017932,F00223,1419.45,NGN,15,9,GB,android,electronics,0
T00007688,F00935,255.6,NGN,11,8,NG,web,electronics,0
T00003318,F00347,680.29,NGN,1,2,NG,ios,travel,0
T00005560,F00419,1370.84,NGN,9,9,NG,ios,electronics,0
T00003890,F00674,2084.53,NGN,23,6,NG,ios,electronics,0
T00017076,F00844,270.32,NGN,11,4,GH,android,food,0
T00018647,F00310,145.24,NGN,14,5,NG,android,electronics,0
T00015394,F00500,1112.79,NGN,12,7,GB,android,fuel,0
T00013168,F00573,976.26,NGN,17,1,NG,web,digital,0
T00002193,F01173,1814.29,NGN,17,9,NG,ios,digital,0
T00000552,F00054,555.78,NGN,20,8,NG,ios,travel,0
T00008369,F00042,3253.58,NGN,7,9,US,web,travel,0
T00016519,F01050,1074.35,NGN,6,11,NG,ios,digital,0
T00018880,F00716,784.61,NGN,18,5,GB,ios,electronics,0
T00000762,F00109,2456.71,NGN,3,1,NG,android,retail,0
T00013034,F01173,694.27,NGN,0,12,GB,ios,digital,0
T00013291,F00043,1084.49,NGN,20,2,GH,android,food,0
T00012590,F00883,5002.22,NGN,8,12,NG,android,digital,0
T00018063,F00060,530.28,NGN,18,7,US,android,fuel,0
T00017736,F00789,1013.37,NGN,15,6,GB,web,travel,0
T00007664,F00025,861.44,NGN,23,5,GB,ios,digital,0
T00016450,F01083,851.56,NGN,16,2,NG,web,digital,0
T00005687,F00205,735.17,NGN,0,6,NG,web,retail,0
T00016993,F00059,878.49,NGN,19,7,NG,web,digital,0
T00019415,F00725,2536.89,NGN,10,4,GB,android,fuel,0
T00013706,F00983,933.27,NGN,13,11,GH,web,fuel,0
T00007474,F00090,363.11,NGN,3,10,NG,ios,electronics,1
T00017986,F00006,165.95,NGN,21,9,NG,web,fuel,0
T00017449,F01047,1234.72,NGN,22,8,NG,web,retail,0
T00000309,F00591,1315.95,NGN,19,9,GB,android,electronics,0
T00012210,F00206,1420.48,NGN,12,5,NG,web,electronics,0
T00009051,F00978,283.84,NGN,16,12,NG,web,travel,0
T00002833,F00378,722.18,NGN,23,1,GH,ios,fuel,0
T00008567,F00835,1353.51,NGN,13,8,NG,web,food,0
T00011460,F00837,989.31,NGN,20,8,NG,web,electronics,0
T00007895,F00977,618.21,NGN,7,3,NG,android,fuel,0
T00010825,F00835,503.61,NGN,10,10,NG,android,travel,0
T00010174,F01114,4008.85,NGN,12,8,NG,web,digital,0
T00000529,F00044,644.32,NGN,11,6,NG,ios,travel,0
T00005170,F01017,1393.65,NGN,5,4,NG,ios,fuel,0
T00010393,F01144,2433.05,NGN,20,9,NG,android,electronics,0
T00001806,F00801,646.46,NGN,17,9,NG,android,fuel,0
T00017502,F00074,490.92,NGN,21,10,GH,web,electronics,0
T00009354,F00282,1002.66,NGN,21,3,NG,android,digital,0
T00013320,F01066,180.5,NGN,12,10,NG,web,digital,0
T00004516,F00889,2702.1,NGN,15,11,US,ios,digital,0
T00008505,F00951,1088.89,NGN,4,5,US,web,digital,0
T00017376,F00131,3112.47,NGN,6,12,NG,web,fuel,0
T00004642,F01000,1209.23,NGN,16,3,NG,ios,food,0
T00009462,F00676,1249.49,NGN,17,12,NG,android,food,0
T00013548,F00889,760.52,NGN,9,3,GH,android,food,0
T00003316,F00268,150.93,NGN,15,9,US,android,digital,0
T00003870,F00553,3617.2,NGN,17,4,NG,android,digital,0
T00008473,F00832,1080.08,NGN,0,7,NG,android,food,0
T00003381,F00089,351.41,NGN,15,3,GB,ios,digital,0
T00007003,F00468,6803.51,NGN,4,9,GB,web,food,0
T00016483,F00457,1191.42,NGN,22,3,NG,android,digital,0
T00001397,F00030,1976.26,NGN,18,3,US,android,digital,0
T00003533,F00565,2338.82,NGN,21,11,NG,android,food,0
T00011768,F00751,2232.85,NGN,18,7,GB,web,digital,0
T00008465,F00971,426.01,NGN,19,1,GB,web,food,0
T00000384,F00588,734.18,NGN,16,7,NG,android,travel,0
T00004373,F00879,2321.64,NGN,10,1,NG,web,food,0
T00005689,F00006,922.67,NGN,22,11,US,web,travel,0
T00014290,F00165,1326.0,NGN,21,6,GB,ios,travel,0
T00005043,F01097,210.26,NGN,2,1,NG,android,food,0
T00008348,F00161,230.38,NGN,16,9,US,ios,retail,0
T00018370,F00013,1483.51,NGN,3,6,NG,ios,food,1
T00009495,F00134,433.67,NGN,12,5,NG,android,electronics,0
T00006684,F01156,342.36,NGN,23,9,NG,ios,food,0
T00008047,F00071,513.96,NGN,22,2,NG,ios,fuel,0
T00000427,F00110,657.07,NGN,10,11,GH,android,electronics,0
T00014828,F00715,695.99,NGN,7,1,NG,ios,fuel,0
T00008140,F01162,326.52,NGN,16,7,NG,ios,electronics,0
T00009442,F00039,1471.97,NGN,8,3,GH,ios,electronics,0
T00002498,F00855,513.98,NGN,8,9,NG,ios,food,0
T00010760,F00296,1873.58,NGN,14,5,NG,web,retail,0
T00001329,F00335,2367.32,NGN,19,4,NG,android,retail,0
T00014586,F00930,860.44,NGN,19,5,NG,ios,digital,1
T00008251,F00599,7241.62,NGN,19,7,GH,android,food,0
T00007767,F01088,364.27,NGN,15,2,GB,ios,digital,0
T00003628,F00050,1179.22,NGN,10,3,US,android,electronics,0
T00002198,F00241,628.15,NGN,14,12,GB,ios,electronics,0
T00010301,F01124,816.89,NGN,6,9,NG,web,retail,0
T00018242,F00366,1427.85,NGN,20,11,NG,ios,travel,0
T00002991,F00728,352.71,NGN,22,10,NG,ios,digital,0
T00001217,F01183,669.72,NGN,5,3,US,web,digital,0
T00004301,F00324,1242.78,NGN,3,4,NG,android,electronics,0
T00011541,F00305,663.27,NGN,9,11,NG,android,travel,0
T00003835,F01170,923.15,NGN,8,3,NG,android,fuel,0
T00005992,F00077,1942.83,NGN,2,2,US,android,fuel,0
T00004641,F01068,742.4,NGN,9,1,NG,android,retail,0
T00001540,F00137,1382.41,NGN,19,1,GB,web,fuel,0
T00009205,F00604,744.44,NGN,14,2,NG,android,retail,0
T00016169,F00941,468.81,NGN,19,6,NG,ios,fuel,0
T00007984,F00761,2945.22,NGN,17,7,NG,android,fuel,0
T00004404,F00359,2246.98,NGN,18,4,GB,web,fuel,0
T00006497,F00523,1773.93,NGN,1,3,GH,android,retail,0
T00004950,F00503,434.63,NGN,21,4,NG,ios,retail,0
T00019015,F00447,183.45,NGN,21,9,US,android,electronics,0
T00012751,F01118,1555.45,NGN,18,6,NG,ios,electronics,0
T00001372,F00881,792.79,NGN,1,1,NG,android,digital,0
T00001103,F00918,1871.79,NGN,9,8,NG,android,electronics,0
T00018147,F00973,1758.89,NGN,23,10,GH,android,fuel,0
T00008908,F00522,721.72,NGN,0,3,US,android,electronics,0
T00003606,F00295,1359.15,NGN,3,5,GB,ios,electronics,0
T00014754,F00233,2236.33,NGN,3,3,GB,web,food,0
T00011079,F00933,830.69,NGN,9,6,US,ios,electronics,0
T00002762,F00774,1116.95,NGN,16,2,NG,android,retail,0
T00019629,F00426,12796.34,NGN,9,5,NG,android,fuel,0
T00006549,F00061,1819.53,NGN,17,11,GB,android,digital,0
T00009637,F00681,1084.11,NGN,17,9,US,ios,food,0
T00019882,F00705,505.04,NGN,0,10,GH,ios,food,0
T00004821,F00591,795.07,NGN,1,12,NG,ios,food,1
T00003172,F00119,333.72,NGN,21,11,NG,android,digital,0
T00007177,F00919,514.48,NGN,14,9,NG,android,digital,0
T00019870,F00920,5629.3,NGN,0,12,GB,ios,digital,0
T00016091,F01121,1682.33,NGN,10,8,US,web,retail,0
T00001213,F00536,1103.06,NGN,11,12,GH,android,retail,0
T00018497,F01061,1247.14,NGN,6,2,NG,ios,fuel,0
T00017615,F00091,3655.45,NGN,19,9,GH,ios,electronics,0
T00018616,F00117,1262.96,NGN,7,11,US,web,electronics,0
T00000002,F00558,1185.48,NGN,3,7,NG,android,travel,1
T00005364,F01101,1306.86,NGN,8,5,GB,web,travel,0
T00003876,F00331,1043.82,NGN,19,2,US,ios,digital,1
T00015874,F00979,1338.91,NGN,5,6,GH,ios,retail,0
T00011531,F00360,698.01,NGN,21,12,NG,ios,travel,0
T00009911,F00131,937.68,NGN,16,6,NG,web,travel,0
T00015622,F00821,1043.14,NGN,5,6,NG,android,travel,0
T00007096,F01016,172.88,NGN,2,6,GB,android,fuel,1
T00012521,F01077,1435.78,NGN,23,11,NG,web,digital,0
T00018967,F00104,1308.15,NGN,16,7,NG,ios,travel,0
T00013632,F00813,399.49,NGN,16,2,GH,android,electronics,0
T00011003,F00480,1684.62,NGN,1,1,NG,ios,digital,0
T00015348,F00096,624.26,NGN,18,8,NG,web,travel,0
T00011261,F00117,4010.31,NGN,9,10,GH,ios,electronics,0
T00015256,F00247,472.79,NGN,2,4,GB,ios,food,0
T00019773,F00795,5860.5,NGN,0,2,GB,android,retail,0
T00007393,F00966,2182.3,NGN,20,7,GH,android,fuel,0
T00002766,F00954,1077.13,NGN,16,11,NG,ios,travel,0
T00016884,F00456,970.85,NGN,19,4,NG,web,electronics,0
T00016911,F00849,457.4,NGN,1,9,GH,android,food,1
T00007587,F00375,529.41,NGN,3,10,NG,web,travel,1
T00000932,F00144,1783.72,NGN,7,11,GB,ios,fuel,0
T00003988,F00580,3047.61,NGN,6,5,GB,ios,travel,0
T00008228,F00273,963.64,NGN,6,12,NG,android,fuel,0
T00010594,F00721,487.69,NGN,4,6,GH,android,electronics,1
T00000363,F00531,558.14,NGN,23,10,GB,android,travel,0
T00008938,F00691,3592.66,NGN,19,12,GH,ios,fuel,0
T00006459,F00710,444.26,NGN,23,3,NG,web,electronics,0
T00003301,F01197,796.12,NGN,0,4,NG,ios,electronics,0
T00018494,F01119,782.25,NGN,10,2,GB,web,electronics,0
T00007647,F00846,2194.62,NGN,5,3,US,ios,food,1
T00018398,F00841,608.18,NGN,11,2,US,android,travel,0
T00002794,F00532,278.47,NGN,8,12,US,web,digital,0
T00008990,F00568,1114.14,NGN,23,6,US,android,fuel,0
T00001385,F01174,853.0,NGN,11,1,NG,web,digital,0
T00016900,F01073,7474.14,NGN,22,6,GH,android,digital,0
T00011488,F01064,1501.84,NGN,9,7,US,web,retail,0
T00001020,F00975,1294.74,NGN,11,9,GB,android,travel,0
T00014393,F00815,654.5,NGN,22,11,US,web,fuel,0
T00007545,F01048,2778.21,NGN,14,4,NG,web,fuel,0
T00012781,F00888,3934.41,NGN,14,4,NG,android,retail,0
T00010761,F00648,126.0,NGN,19,12,GB,web,food,0
T00013013,F00382,696.94,NGN,23,8,NG,android,travel,0
T00015627,F00981,1230.47,NGN,11,4,NG,ios,digital,0
T00000229,F00916,1482.73,NGN,15,1,NG,ios,digital,0
T00004118,F00677,130.5,NGN,14,1,NG,web,digital,0
T00003032,F00210,5791.85,NGN,22,12,NG,web,digital,0
T00016222,F00311,851.6,NGN,11,2,NG,ios,electronics,0
T00008599,F01012,488.94,NGN,11,9,US,ios,retail,0
T00011177,F00861,2289.57,NGN,5,7,NG,android,electronics,0
T00003338,F01074,636.93,NGN,20,8,GB,android,retail,0
T00018335,F00348,2757.13,NGN,14,7,NG,android,retail,0
T00012874,F00751,1475.17,NGN,20,11,GH,web,fuel,0
T00013636,F00694,767.0,NGN,1,6,NG,ios,travel,1
T00018479,F00200,531.78,NGN,19,6,GB,web,food,0
T00014252,F00358,1054.65,NGN,7,9,NG,ios,retail,0
T00016689,F00053,1688.23,NGN,17,10,US,web,digital,0
T00000693,F00217,2311.05,NGN,21,4,NG,ios,travel,0
T00000510,F00096,341.89,NGN,15,2,GH,ios,food,0
T00001089,F00143,489.16,NGN,10,8,GH,android,travel,0
T00010480,F00121,672.2,NGN,13,5,NG,ios,travel,0
T00009258,F01070,999.65,NGN,10,4,GB,ios,fuel,0
T00016554,F00803,584.36,NGN,0,3,US,web,retail,0
T00010143,F00972,741.41,NGN,2,3,NG,ios,food,0
T00017458,F00993,732.9,NGN,16,7,NG,android,food,0
T00016312,F01016,958.99,NGN,16,3,US,web,food,0
T00009957,F00957,693.27,NGN,7,8,GB,web,retail,0
T00014517,F00226,650.21,NGN,19,4,NG,ios,digital,0
T00008987,F01131,241.86,NGN,14,12,US,android,digital,0
T00008523,F00112,1786.16,NGN,7,12,NG,ios,travel,0
T00012948,F01044,2912.37,NGN,4,3,NG,ios,electronics,0
T00003438,F00552,1254.66,NGN,0,2,US,web,fuel,0
T00007910,F01149,1061.96,NGN,6,8,NG,android,digital,0
T00004884,F00232,1832.38,NGN,15,11,NG,web,retail,0
T00009411,F00338,1416.63,NGN,11,4,US,web,retail,0
T00016081,F00027,254.57,NGN,21,9,NG,ios,electronics,0
T00009742,F00915,4527.31,NGN,8,4,NG,ios,retail,0
T00003631,F00559,982.21,NGN,7,2,NG,web,fuel,0
T00018970,F01186,197.74,NGN,5,8,NG,web,retail,0
T00014394,F00057,942.78,NGN,22,5,NG,ios,food,0
T00019635,F00666,4867.4,NGN,14,12,GB,web,electronics,0
T00000863,F00144,328.47,NGN,13,3,NG,web,food,0
T00001187,F00985,2072.51,NGN,23,3,GH,web,fuel,0
T00004658,F00859,705.46,NGN,14,2,NG,ios,fuel,0
T00001189,F00148,445.16,NGN,11,7,NG,android,retail,0
T00011224,F00331,870.86,NGN,8,4,NG,android,travel,0
T00009739,F00054,960.15,NGN,1,11,NG,web,fuel,0
T00014170,F00717,2229.57,NGN,4,6,NG,ios,food,1
T00018975,F00164,424.12,NGN,13,8,NG,ios,travel,0
T00006037,F00249,2446.93,NGN,19,9,NG,web,electronics,0
T00008153,F00452,1256.77,NGN,19,8,US,android,fuel,0
T00013041,F00169,547.45,NGN,19,2,GB,android,retail,0
T00018224,F00826,794.76,NGN,9,10,GH,ios,digital,0
T00010605,F00685,1887.46,NGN,14,2,GB,android,digital,0
T00002356,F00829,1324.41,NGN,3,8,NG,ios,retail,0
T00002989,F01141,2418.09,NGN,20,12,NG,android,travel,0
T00011511,F00946,532.26,NGN,18,3,NG,android,fuel,0
T00017877,F00338,503.11,NGN,15,9,NG,ios,fuel,0
T00009563,F00482,641.23,NGN,22,9,NG,android,travel,0
T00019340,F00354,2108.89,NGN,23,1,NG,ios,digital,0
T00019150,F00882,1755.94,NGN,16,2,NG,web,digital,0
T00003665,F00724,3333.56,NGN,14,5,NG,web,digital,0
T00016007,F00531,1473.94,NGN,16,8,NG,ios,fuel,0
T00003406,F00520,319.82,NGN,17,12,GH,android,food,0
T00010068,F00461,1626.66,NGN,18,7,NG,android,retail,0
T00019434,F00481,585.31,NGN,14,5,NG,android,fuel,0
T00001569,F00914,299.22,NGN,3,11,NG,android,food,1
T00017120,F00405,552.17,NGN,15,6,US,web,travel,0
T00000609,F01021,258.31,NGN,5,7,NG,ios,food,0
T00003011,F00026,1080.9,NGN,23,11,GB,ios,fuel,0
T00018282,F00710,1018.33,NGN,15,9,NG,android,electronics,0
T00003386,F00008,1346.81,NGN,2,2,NG,ios,electronics,0
T00004379,F00785,5236.86,NGN,1,4,NG,android,electronics,0
T00019601,F00538,496.81,NGN,21,11,GH,android,retail,0
T00007253,F00934,390.31,NGN,20,5,GB,web,food,0
T00009814,F00497,975.94,NGN,12,2,GB,ios,fuel,0
T00003289,F00728,554.63,NGN,2,5,US,ios,digital,0
T00014453,F00659,5841.9,NGN,1,5,GB,ios,digital,0
T00013295,F00752,789.93,NGN,4,7,NG,web,food,1
T00012799,F01105,2623.98,NGN,16,4,NG,web,travel,0
T00006233,F00858,1590.35,NGN,10,10,NG,web,digital,0
T00015988,F00328,679.15,NGN,2,9,NG,web,fuel,0
T00009811,F00141,2280.32,NGN,16,3,GH,ios,electronics,0
T00003620,F00978,140.61,NGN,13,1,NG,ios,retail,0
T00017433,F00547,361.2,NGN,4,8,NG,android,fuel,1
T00016209,F00187,1112.63,NGN,16,10,NG,ios,retail,0
T00001645,F00445,2121.85,NGN,14,9,NG,web,fuel,0
T00011151,F00043,356.59,NGN,15,1,NG,web,fuel,0
T00012763,F00266,391.33,NGN,20,3,NG,ios,retail,0
T00010045,F00366,2697.59,NGN,6,6,NG,ios,fuel,0
T00017288,F00229,4039.08,NGN,12,5,US,android,food,0
T00017704,F00552,1155.46,NGN,1,4,NG,android,travel,0
T00009605,F00850,380.47,NGN,22,2,NG,web,retail,0
T00005220,F00513,2453.83,NGN,10,3,GB,web,retail,0
T00006150,F00077,1319.81,NGN,8,9,GH,ios,food,0
T00009181,F00621,225.31,NGN,8,7,US,ios,fuel,0
T00003695,F00087,320.93,NGN,17,4,GB,android,fuel,0
T00018921,F00802,1188.93,NGN,13,3,US,ios,travel,0
T00009116,F01177,6059.72,NGN,1,11,NG,ios,travel,1
T00008670,F00512,1022.99,NGN,2,9,US,ios,travel,1
T00001521,F01029,589.11,NGN,14,1,NG,web,fuel,0
T00009295,F01118,746.65,NGN,18,5,NG,ios,food,0
T00018152,F01054,2441.13,NGN,8,10,NG,web,food,0
T00006381,F00102,152.78,NGN,9,6,NG,android,fuel,0
T00001008,F00949,1450.76,NGN,22,2,NG,ios,fuel,0
T00011270,F00083,1086.33,NGN,13,7,NG,web,food,0
T00007053,F00708,2836.5,NGN,20,1,NG,android,electronics,0
T00007467,F00165,229.26,NGN,8,7,NG,android,retail,0
T00010419,F00784,682.45,NGN,15,5,GB,android,digital,0
T00019564,F01053,1221.67,NGN,3,3,NG,ios,electronics,0
T00018700,F01006,3422.32,NGN,5,3,GB,ios,digital,0
T00009709,F01066,1332.84,NGN,11,9,NG,web,travel,0
T00013201,F00339,403.9,NGN,3,5,US,web,retail,0
T00011663,F01063,897.57,NGN,10,8,NG,web,food,0
T00003596,F00430,461.42,NGN,1,10,NG,ios,travel,1
T00008161,F00309,894.29,NGN,0,1,NG,ios,travel,0
T00007117,F00339,547.3,NGN,16,4,NG,web,digital,0
T00012407,F00062,1548.8,NGN,4,7,NG,ios,retail,0
T00014396,F00741,2081.79,NGN,11,1,NG,web,fuel,0
T00005284,F00746,317.75,NGN,15,3,NG,web,electronics,0
T00007972,F00767,1172.19,NGN,16,10,NG,ios,fuel,0
T00018669,F00769,735.26,NGN,2,6,GB,android,food,1
T00014625,F00539,597.39,NGN,18,3,NG,ios,digital,0
T00002542,F00242,1110.43,NGN,6,7,GH,ios,retail,0
T00005188,F00136,1731.77,NGN,15,6,US,android,electronics,0
T00010917,F00111,2597.46,NGN,6,6,NG,ios,travel,0
T00004886,F00770,710.1,NGN,0,7,GH,ios,travel,0
T00001936,F00455,477.05,NGN,13,1,GB,web,food,0
T00008168,F01099,494.9,NGN,1,7,US,android,retail,0
T00014225,F01092,12053.67,NGN,5,11,US,ios,retail,0
T00008351,F00982,748.07,NGN,10,7,NG,android,fuel,0
T00009901,F00705,3666.35,NGN,13,7,NG,android,electronics,1
T00006388,F00554,963.49,NGN,17,12,GH,android,fuel,0
T00017717,F00302,2620.47,NGN,17,3,NG,android,fuel,0
T00010499,F01005,319.88,NGN,7,3,GB,web,food,0
T00009751,F00452,828.77,NGN,1,9,NG,android,digital,1
T00010993,F00795,489.52,NGN,20,11,US,web,digital,0
T00006354,F00304,2805.75,NGN,7,3,GH,web,travel,0
T00007422,F00665,1388.4,NGN,8,3,US,ios,retail,0
T00010172,F00250,1447.17,NGN,17,1,NG,android,digital,0
T00005742,F01099,1422.71,NGN,22,12,GB,web,travel,0
T00003165,F00279,943.6,NGN,14,10,NG,android,digital,0
T00013155,F00940,1334.93,NGN,11,2,NG,ios,fuel,0
T00014037,F00101,3970.94,NGN,23,1,US,ios,fuel,0
T00006141,F00367,948.73,NGN,20,4,NG,android,travel,0
T00005926,F00460,4305.69,NGN,5,7,NG,web,fuel,0
T00012057,F00439,711.85,NGN,1,9,NG,android,fuel,1
T00003512,F01017,4859.0,NGN,18,9,GB,ios,fuel,0
T00016249,F00750,896.75,NGN,23,11,NG,android,retail,0
T00013882,F00594,483.68,NGN,23,1,GB,ios,retail,0
T00001132,F00167,802.02,NGN,21,5,US,ios,retail,0
T00006119,F01200,1537.42,NGN,3,10,NG,web,food,1
T00016749,F00771,4908.84,NGN,21,9,GH,web,electronics,0
T00000488,F01067,941.02,NGN,20,7,GB,ios,digital,0
T00015775,F01172,1956.12,NGN,10,7,NG,android,electronics,0
T00007668,F00615,690.41,NGN,2,6,GH,web,fuel,1
T00007551,F00312,1954.85,NGN,0,3,NG,ios,travel,0
T00008325,F00628,947.98,NGN,8,1,NG,android,food,0
T00011482,F00489,886.0,NGN,16,6,GH,android,fuel,0
T00000125,F01044,957.94,NGN,18,12,GB,ios,travel,0
T00014429,F00478,1992.54,NGN,5,11,NG,ios,digital,0
T00017488,F00372,465.98,NGN,3,1,GH,ios,digital,0
T00006452,F00572,446.28,NGN,23,1,NG,android,travel,0
T00003999,F01199,259.78,NGN,21,11,NG,android,retail,0
T00011171,F00950,729.32,NGN,5,3,NG,ios,retail,0
T00015719,F00274,3472.22,NGN,18,8,GB,android,electronics,0
T00019590,F00662,1229.36,NGN,15,4,NG,ios,electronics,0
T00006659,F00980,486.57,NGN,6,7,NG,ios,food,0
T00010676,F01031,1275.59,NGN,5,5,NG,ios,digital,0
T00002211,F00937,1615.83,NGN,13,12,GB,web,food,0
T00012980,F01191,4437.63,NGN,15,4,US,android,electronics,0
T00002330,F01034,1122.64,NGN,22,5,NG,android,retail,0
T00013727,F01084,14480.32,NGN,4,6,NG,web,retail,1
T00010416,F01005,4004.25,NGN,13,4,GH,web,fuel,0
T00001884,F00432,1786.67,NGN,11,6,GH,ios,digital,0
T00013678,F01150,1664.79,NGN,19,1,GH,android,digital,0
T00008032,F00540,903.06,NGN,15,9,NG,web,fuel,0
T00003167,F00980,14723.93,NGN,5,6,NG,ios,food,0
T00009565,F00469,726.64,NGN,5,5,US,android,fuel,0
T00012801,F00355,566.21,NGN,0,6,GH,web,food,0
T00010028,F00633,2577.46,NGN,11,1,US,web,electronics,0
T00014107,F00063,1907.8,NGN,14,9,NG,web,fuel,0
T00010435,F00065,1852.69,NGN,11,6,GB,web,electronics,0
T00012823,F01017,3000.76,NGN,22,5,US,ios,travel,0
T00016807,F00976,1138.81,NGN,11,7,US,web,digital,0
T00014066,F00416,1430.59,NGN,15,2,US,android,retail,0
T00013451,F00122,489.23,NGN,1,6,NG,ios,electronics,1
T00013967,F00922,236.04,NGN,17,8,NG,web,digital,0
T00016492,F00622,133.44,NGN,15,2,US,ios,electronics,0
T00011210,F00712,2950.88,NGN,13,8,NG,web,retail,0
T00012943,F00578,2573.02,NGN,19,11,NG,web,digital,0
T00012263,F01018,991.46,NGN,19,10,NG,web,electronics,0
T00011795,F00223,491.61,NGN,15,2,US,web,digital,0
T00001437,F00858,1623.36,NGN,6,9,US,web,retail,0
T00009804,F01168,1468.9,NGN,4,12,GH,ios,fuel,1
T00011748,F00298,6694.66,NGN,11,9,NG,ios,electronics,0
T00016224,F00558,1289.1,NGN,4,1,GH,web,retail,0
T00017800,F00194,1615.13,NGN,5,3,GH,ios,electronics,0
T00011028,F00672,1892.55,NGN,16,12,NG,ios,fuel,0
T00012046,F00737,214.85,NGN,3,9,GH,android,retail,1
T00015827,F00885,1356.65,NGN,14,1,GH,android,digital,0
T00001989,F00501,1729.63,NGN,7,5,GB,ios,retail,0
T00014892,F00145,2268.26,NGN,21,4,NG,ios,fuel,0
T00010226,F00780,2023.55,NGN,15,7,US,android,digital,0
T00014790,F00095,1059.84,NGN,2,5,NG,android,food,0
T00006413,F00965,4764.48,NGN,21,5,NG,web,digital,0
T00010950,F01009,2210.76,NGN,18,12,US,web,fuel,0
T00013459,F00703,3008.64,NGN,18,10,NG,android,fuel,0
T00007119,F00379,2370.77,NGN,18,7,GH,web,electronics,0
T00004827,F00496,953.32,NGN,15,10,US,web,food,0
T00018601,F00274,3709.61,NGN,12,1,NG,android,retail,0
T00019624,F00998,1405.18,NGN,13,6,NG,ios,digital,0
T00017890,F01017,311.82,NGN,19,3,NG,web,electronics,0
T00000469,F00688,1887.76,NGN,12,12,NG,web,retail,0
T00019719,F00621,937.34,NGN,4,3,NG,ios,fuel,0
T00000393,F00828,1017.22,NGN,4,6,GB,ios,food,1
T00003808,F00030,1013.24,NGN,9,7,US,android,electronics,0
T00012239,F01076,284.32,NGN,22,9,NG,ios,retail,0
T00011737,F00685,909.96,NGN,19,10,NG,web,travel,0
T00016892,F01150,2039.82,NGN,7,8,NG,web,travel,0
T00005317,F01141,3639.56,NGN,11,6,GB,web,travel,0
T00015274,F00315,562.78,NGN,18,1,GH,ios,fuel,0
T00003678,F00461,978.59,NGN,3,6,NG,ios,electronics,1
T00000404,F00644,1686.41,NGN,18,10,NG,web,retail,0
T00006610,F01190,800.8,NGN,17,5,GB,web,fuel,0
T00005660,F00157,2198.67,NGN,12,4,NG,android,food,0
T00016632,F00074,829.17,NGN,7,11,GB,android,digital,0
T00006886,F00588,2309.14,NGN,4,10,US,ios,digital,1
T00003813,F00381,1228.09,NGN,11,3,NG,ios,retail,0
T00013791,F00680,455.39,NGN,18,11,NG,ios,retail,0
T00004370,F00339,927.66,NGN,2,1,US,android,food,0
T00009307,F01060,1965.77,NGN,6,4,NG,android,retail,0
T00006140,F00353,443.61,NGN,12,6,NG,ios,travel,0
T00011298,F00784,749.15,NGN,23,4,US,android,digital,0
T00001920,F00362,4456.18,NGN,8,11,GB,web,digital,0
T00017801,F00274,1983.34,NGN,3,12,NG,web,digital,0
T00019763,F01115,695.16,NGN,22,9,GB,android,electronics,0
T00004871,F00363,941.11,NGN,2,4,NG,web,food,0
T00004012,F01134,707.91,NGN,2,10,US,android,electronics,1
T00003787,F00669,4876.78,NGN,1,5,US,android,digital,0
T00018589,F01023,1736.47,NGN,6,11,NG,web,electronics,0
T00013220,F00879,337.83,NGN,3,3,NG,web,fuel,0
T00004360,F00997,2887.85,NGN,22,7,NG,ios,digital,0
T00011800,F01159,474.48,NGN,10,3,NG,web,electronics,0
T00012455,F00682,533.14,NGN,4,12,US,android,fuel,1
T00004069,F00496,1333.63,NGN,20,11,US,android,fuel,0
T00010234,F00037,2014.65,NGN,6,12,US,android,fuel,0
T00002478,F00611,1477.79,NGN,7,1,NG,web,electronics,0
T00006035,F00895,513.69,NGN,18,9,GH,android,electronics,0
T00005906,F00979,1678.53,NGN,19,9,GB,web,electronics,0
T00001682,F00641,776.36,NGN,17,8,US,web,retail,0
T00009485,F00724,8361.4,NGN,5,8,NG,web,travel,0
T00002126,F00301,2883.79,NGN,17,12,NG,web,electronics,0
T00007829,F00518,292.05,NGN,4,9,NG,web,electronics,1
T00019226,F00273,1939.4,NGN,21,4,GH,android,retail,0
T00009764,F00011,3094.5,NGN,11,4,NG,ios,retail,0
T00016568,F00272,2518.67,NGN,14,11,GB,android,digital,0
T00005890,F00163,1020.75,NGN,0,3,NG,web,fuel,0
T00010368,F00978,615.81,NGN,0,11,NG,ios,food,0
T00013242,F00059,926.68,NGN,15,4,NG,web,travel,0
T00015383,F00194,816.77,NGN,1,10,US,android,digital,1
T00017063,F00547,480.14,NGN,0,11,NG,android,retail,0
T00005638,F00633,1797.43,NGN,9,12,NG,android,retail,0
T00012567,F00167,2515.02,NGN,23,4,NG,android,travel,0
T00007803,F00832,2040.83,NGN,16,1,GB,web,retail,0
T00018118,F01140,1057.56,NGN,9,8,NG,android,electronics,0
T00019378,F00301,1110.26,NGN,18,2,NG,android,fuel,0
T00007709,F01156,5333.31,NGN,13,7,NG,ios,food,0
T00003322,F00654,852.51,NGN,16,4,NG,android,digital,0
T00004193,F00994,279.6,NGN,15,12,NG,ios,food,0
T00015163,F00919,1178.63,NGN,22,10,NG,ios,electronics,0
T00019873,F00846,1615.58,NGN,16,1,NG,android,retail,0
T00018151,F01066,2279.2,NGN,14,1,NG,web,digital,0
T00013145,F00547,1093.25,NGN,13,11,GB,android,retail,0
T00019809,F00418,654.58,NGN,7,6,NG,android,electronics,0
T00006101,F00438,3854.86,NGN,15,2,NG,android,electronics,0
T00010070,F00597,1747.26,NGN,19,5,US,android,travel,0
T00007359,F00318,2342.09,NGN,2,3,NG,web,electronics,0
T00008614,F00722,2706.0,NGN,7,11,GH,web,food,0
T00018521,F00346,399.05,NGN,9,5,NG,web,digital,0
T00008284,F00681,461.69,NGN,22,12,NG,android,travel,0
T00002259,F00202,313.29,NGN,11,5,US,ios,electronics,0
T00018199,F00587,2402.42,NGN,18,11,NG,ios,food,0
T00005129,F00504,1079.48,NGN,7,12,NG,web,fuel,0
T00016039,F00208,1984.33,NGN,19,4,GB,ios,travel,0
T00009517,F00217,3777.77,NGN,23,11,NG,web,travel,0
T00006211,F01172,1106.36,NGN,13,1,NG,web,travel,0
T00019966,F00785,1655.58,NGN,10,1,NG,web,digital,0
T00002765,F00288,1255.19,NGN,13,7,GB,web,food,0
T00019765,F01152,1905.04,NGN,12,3,GH,ios,digital,0
T00002816,F00325,527.62,NGN,4,11,NG,android,retail,1
T00002679,F00577,1825.81,NGN,10,10,NG,ios,travel,0
T00006453,F01180,396.49,NGN,0,1,NG,android,travel,0
T00016295,F00305,1415.29,NGN,4,4,US,android,electronics,0
T00010327,F01064,1776.47,NGN,15,11,US,web,digital,0
T00003267,F00952,1609.92,NGN,14,8,NG,android,digital,0
T00018053,F00026,4068.09,NGN,11,6,NG,ios,electronics,0
T00019929,F00131,680.64,NGN,2,1,GB,android,electronics,0
T00013829,F00861,153.48,NGN,2,9,US,ios,retail,0
T00016809,F00076,747.64,NGN,8,5,GB,ios,fuel,0
T00007004,F00287,2894.12,NGN,6,11,GB,ios,fuel,0
T00013506,F00273,1331.43,NGN,16,1,NG,ios,retail,0
T00006548,F00375,9622.89,NGN,21,7,NG,ios,retail,0
T00007611,F01172,1689.2,NGN,19,5,US,ios,electronics,0
T00010224,F00152,1145.53,NGN,17,9,US,web,digital,0
T00016167,F00005,2694.41,NGN,5,4,US,web,electronics,0
T00008483,F00202,456.1,NGN,9,11,NG,web,travel,0
T00007898,F00821,585.21,NGN,7,10,GH,android,digital,0
T00014245,F00023,2536.08,NGN,8,5,NG,android,retail,0
T00009834,F01087,937.6,NGN,2,8,GB,ios,fuel,1
T00001271,F00592,224.49,NGN,1,7,NG,android,food,1
T00011244,F00662,1023.21,NGN,4,11,NG,android,retail,1
T00015897,F00861,913.84,NGN,14,4,NG,ios,food,0
T00000595,F01113,812.24,NGN,17,8,NG,android,electronics,0
T00015836,F01136,13490.03,NGN,22,12,NG,ios,travel,0
T00010367,F00444,897.65,NGN,1,12,US,ios,retail,1
T00000389,F00063,221.85,NGN,1,7,NG,web,travel,1
T00004431,F00297,829.67,NGN,5,1,US,web,retail,0
T00018023,F00972,1631.63,NGN,4,5,US,web,retail,0
T00012638,F00395,3163.88,NGN,17,2,NG,web,fuel,0
T00008361,F00571,183.49,NGN,22,11,GB,ios,electronics,0
T00006945,F00363,864.15,NGN,23,6,GB,android,fuel,0
T00013826,F00795,760.78,NGN,12,1,NG,ios,food,0
T00015602,F00918,1119.34,NGN,20,3,GH,ios,retail,0
T00000561,F00627,1428.51,NGN,5,7,US,android,digital,0
T00015615,F00708,2814.7,NGN,6,10,US,web,travel,0
T00011971,F00596,1599.55,NGN,5,2,GH,web,electronics,0
T00011776,F00035,1128.99,NGN,22,1,GB,web,retail,0
T00012952,F00145,991.35,NGN,9,11,NG,android,food,0
T00012847,F00482,442.35,NGN,23,9,NG,web,electronics,0
T00010587,F00418,794.89,NGN,14,3,NG,web,food,0
T00018627,F00001,3044.72,NGN,12,7,GB,web,retail,0
T00008269,F00023,1398.32,NGN,19,3,NG,web,retail,0
T00000035,F00708,4749.49,NGN,23,1,GH,web,food,0
T00005845,F00199,1276.55,NGN,2,11,NG,android,food,1
T00000916,F01112,1509.88,NGN,5,12,GH,web,retail,0
T00018127,F00379,1447.74,NGN,13,11,GB,web,fuel,0
T00011622,F00854,1090.17,NGN,21,4,NG,web,retail,0
T00017000,F00038,475.4,NGN,13,12,NG,ios,electronics,1
T00006161,F00737,2693.67,NGN,13,8,GB,ios,digital,0
T00010406,F00995,595.4,NGN,0,3,NG,web,fuel,0
T00000429,F00565,1148.19,NGN,2,6,US,android,travel,1
T00012782,F00828,3752.71,NGN,21,10,US,ios,electronics,0
T00014551,F00317,7596.84,NGN,9,8,NG,android,digital,0
T00012095,F00704,1022.02,NGN,6,5,US,ios,digital,0
T00019582,F01045,706.46,NGN,6,8,GH,android,digital,0
T00001738,F00342,724.56,NGN,20,4,GH,ios,electronics,0
T00001064,F00099,314.58,NGN,2,2,NG,android,food,0
T00011626,F00038,1461.53,NGN,21,9,NG,ios,travel,0
T00010877,F00351,766.1,NGN,20,8,GH,ios,digital,0
T00011916,F00844,957.53,NGN,6,5,NG,ios,food,0
T00011835,F00952,10039.21,NGN,11,3,NG,web,digital,0
T00009589,F00299,385.1,NGN,16,2,NG,android,food,0
T00000425,F00823,3388.64,NGN,23,8,GB,ios,food,0
T00008586,F00855,438.09,NGN,18,8,US,web,travel,0
T00003964,F00894,177.15,NGN,19,2,NG,android,electronics,0
T00008931,F00248,1494.03,NGN,9,5,NG,ios,digital,0
T00017315,F00308,2421.38,NGN,17,6,NG,web,travel,0
T00013939,F00352,2326.26,NGN,19,8,NG,android,fuel,0
T00003909,F00303,264.81,NGN,3,7,GB,ios,fuel,1
T00005571,F00082,1842.67,NGN,1,10,NG,android,electronics,0
T00009072,F00692,4786.47,NGN,2,9,US,android,fuel,0
T00003412,F00110,1615.27,NGN,4,3,NG,android,food,0
T00014592,F00118,4827.36,NGN,13,3,GH,ios,electronics,0
T00005308,F00633,2898.68,NGN,13,11,NG,android,food,0
T00011638,F01181,971.35,NGN,20,3,GB,ios,fuel,0
T00003409,F00439,88.41,NGN,18,6,GB,android,retail,0
T00019258,F00918,3157.0,NGN,1,12,NG,android,fuel,1
T00003926,F00168,670.39,NGN,15,8,GB,ios,electronics,0
T00011431,F00174,362.2,NGN,15,9,GH,ios,electronics,0
T00005338,F00057,2479.23,NGN,22,9,US,web,retail,0
T00017910,F00651,336.9,NGN,10,9,NG,android,digital,0
T00000378,F00819,766.73,NGN,15,4,NG,web,travel,0
T00017543,F01174,205.22,NGN,18,3,NG,ios,fuel,0
T00002365,F01045,6348.23,NGN,14,6,GH,ios,retail,0
T00018937,F00899,896.84,NGN,20,1,NG,ios,retail,0
T00003574,F00501,653.79,NGN,0,5,GB,ios,electronics,0
T00008030,F00317,1091.97,NGN,22,9,US,ios,food,0
T00015410,F01143,664.14,NGN,2,7,GH,ios,travel,1
T00018015,F00422,2760.24,NGN,6,6,GB,web,food,0
T00013293,F00317,613.9,NGN,19,2,GB,android,fuel,0
T00018387,F00705,1188.69,NGN,19,1,NG,web,digital,0
T00007541,F00549,18660.22,NGN,21,10,US,android,electronics,0
T00000383,F00832,1466.44,NGN,21,11,GH,ios,digital,0
T00001435,F00438,274.65,NGN,15,11,NG,web,food,0
T00003753,F00353,5436.82,NGN,18,4,GB,android,retail,0
T00002886,F00160,1312.73,NGN,23,8,US,web,retail,0
T00011694,F00289,998.69,NGN,22,1,US,ios,food,0
T00010293,F00075,1970.26,NGN,16,8,NG,web,electronics,0
T00007266,F00980,758.51,NGN,19,2,GB,android,food,0
T00001705,F00199,1466.83,NGN,10,5,NG,web,digital,0
T00013938,F00458,1623.42,NGN,16,4,NG,android,digital,0
T00016430,F01062,311.94,NGN,18,10,GB,ios,food,0
T00017496,F01026,2112.5,NGN,21,11,GH,android,fuel,0
T00012467,F00376,297.47,NGN,17,4,GH,web,retail,0
T00002665,F00780,526.87,NGN,2,7,US,android,fuel,0
T00006015,F00163,1010.25,NGN,17,9,GH,web,travel,0
T00002205,F00139,957.03,NGN,1,7,NG,android,travel,1
T00002226,F00523,309.97,NGN,14,4,NG,android,fuel,0
T00018012,F00405,963.72,NGN,4,6,US,android,fuel,1
T00012369,F00649,1879.7,NGN,10,1,GH,web,electronics,0
T00013894,F00599,746.36,NGN,18,1,US,ios,fuel,0
T00011358,F00460,1686.2,NGN,18,5,US,ios,food,0
T00019569,F00019,2162.94,NGN,18,11,NG,web,retail,0
T00006311,F00600,1732.23,NGN,11,7,NG,ios,digital,0
T00017994,F00454,3612.62,NGN,15,11,NG,android,electronics,0
T00009484,F00456,334.86,NGN,8,5,GB,web,fuel,0
T00010775,F00924,1918.31,NGN,16,7,NG,web,retail,0
T00014773,F00735,385.17,NGN,14,5,NG,android,electronics,0
T00004039,F00405,999.65,NGN,7,2,NG,web,electronics,0
T00006931,F00776,375.83,NGN,18,11,GB,ios,retail,0
T00003108,F01086,1519.1,NGN,10,11,GB,web,travel,0
T00019875,F00183,506.46,NGN,14,5,NG,ios,travel,0
T00019380,F00226,386.04,NGN,16,11,GH,android,fuel,0
T00007364,F00883,1612.19,NGN,17,9,GH,web,food,0
T00011507,F00645,1022.22,NGN,13,8,NG,web,travel,0
T00005909,F00682,1928.67,NGN,5,2,NG,ios,food,0
T00002691,F00042,2259.47,NGN,22,2,US,ios,electronics,0
T00010131,F01147,521.02,NGN,16,10,GH,ios,digital,0
T00014256,F00275,3733.19,NGN,11,11,GH,web,digital,0
T00008044,F00262,1822.46,NGN,3,9,NG,android,digital,0
T00015711,F00130,1997.5,NGN,3,5,NG,web,electronics,0
T00015888,F01196,243.2,NGN,13,5,US,android,travel,0
T00001427,F00757,5599.4,NGN,4,12,GH,android,travel,0
T00002623,F00821,363.58,NGN,6,1,US,ios,electronics,0
T00016053,F01006,587.38,NGN,1,2,NG,android,digital,0
T00002963,F00659,493.13,NGN,17,7,GH,ios,travel,0
T00016530,F00446,681.12,NGN,21,8,US,android,fuel,0
T00009407,F00337,313.63,NGN,10,2,NG,ios,electronics,0
T00002745,F00449,735.32,NGN,11,11,NG,android,retail,0
T00003306,F00847,1900.45,NGN,8,4,NG,ios,digital,0
T00009923,F00572,1819.0,NGN,15,2,US,web,digital,0
T00011574,F00247,1653.84,NGN,12,3,US,android,fuel,0
T00000026,F00647,523.07,NGN,18,3,NG,android,retail,0
T00006748,F00029,1979.87,NGN,17,5,US,android,fuel,0
T00001220,F00282,3431.52,NGN,7,9,US,ios,food,0
T00009570,F00890,860.65,NGN,20,6,NG,ios,fuel,0
T00012574,F00805,1646.61,NGN,0,1,NG,android,retail,0
T00018356,F01076,2754.08,NGN,9,7,GB,android,fuel,0
T00004024,F00541,568.47,NGN,10,8,NG,android,digital,0
T00007263,F00254,669.95,NGN,18,6,NG,ios,retail,0
T00000069,F00100,1384.19,NGN,17,3,NG,web,travel,0
T00000975,F00372,8985.47,NGN,9,5,NG,ios,food,0
T00004922,F00766,2522.77,NGN,2,10,US,web,food,1
T00010937,F00539,396.11,NGN,6,11,GB,android,travel,0
T00013011,F01189,1617.55,NGN,2,3,GB,web,food,0
T00017193,F00047,1381.04,NGN,18,11,NG,ios,electronics,0
T00015035,F00014,3225.69,NGN,13,11,US,web,electronics,0
T00011207,F00588,4231.03,NGN,9,5,GB,android,retail,0
T00008024,F00769,777.48,NGN,13,7,US,android,travel,0
T00014459,F00319,883.98,NGN,21,12,GB,web,travel,0
T00000408,F00488,365.48,NGN,9,2,US,web,travel,0
T00004235,F01057,1271.99,NGN,21,1,GH,ios,digital,0
T00007942,F00095,1824.64,NGN,1,3,NG,web,food,0
T00014958,F00675,463.99,NGN,3,7,NG,web,travel,0
T00003790,F00459,2856.29,NGN,20,12,NG,web,electronics,0
T00013175,F00337,1773.46,NGN,2,10,US,web,travel,1
T00008786,F01172,926.12,NGN,16,12,GB,ios,fuel,0
T00016195,F00507,2228.38,NGN,23,7,GH,android,fuel,0
T00007564,F01083,4324.17,NGN,15,4,NG,ios,food,0
T00015044,F00065,2815.46,NGN,10,5,US,web,electronics,0
T00007682,F01166,870.03,NGN,18,2,GH,ios,food,0
T00001722,F00557,656.73,NGN,16,9,NG,ios,fuel,0
T00008313,F00264,582.76,NGN,18,4,NG,web,food,0
T00004112,F00247,1978.14,NGN,13,8,NG,android,travel,0
T00001071,F00464,974.48,NGN,21,6,NG,android,fuel,0
T00006372,F00568,1136.92,NGN,2,5,GB,ios,digital,0
T00013229,F00872,1345.76,NGN,19,10,NG,ios,retail,0
T00003902,F00916,2020.73,NGN,16,1,GH,web,fuel,0
T00012454,F00566,2270.89,NGN,1,9,NG,web,fuel,0
T00004699,F00368,172.34,NGN,1,9,NG,android,electronics,0
T00019461,F00745,773.14,NGN,1,5,NG,web,electronics,0
T00004319,F00342,1454.52,NGN,11,3,US,android,fuel,0
T00014740,F00173,1121.92,NGN,22,4,GH,android,digital,0
T00016544,F00251,359.78,NGN,8,3,NG,android,travel,0
T00018516,F00020,242.18,NGN,10,11,NG,android,digital,0
T00011841,F00577,498.36,NGN,4,2,GB,ios,fuel,0
T00011898,F01016,369.89,NGN,16,11,NG,web,food,0
T00015946,F00778,2268.7,NGN,1,10,GH,android,electronics,1
T00003436,F00690,1087.95,NGN,10,12,NG,android,fuel,0
T00019826,F00391,740.81,NGN,13,5,NG,android,travel,0
T00006628,F01017,412.38,NGN,2,3,US,web,fuel,0
T00015241,F00834,5244.42,NGN,0,10,US,web,electronics,0
T00007888,F00144,2206.56,NGN,7,4,NG,ios,food,0
T00001872,F00426,601.5,NGN,11,4,GB,ios,electronics,0
T00004278,F00517,255.97,NGN,7,11,NG,ios,travel,0
T00015882,F00522,166.28,NGN,5,4,NG,ios,retail,0
T00001166,F00051,5329.96,NGN,21,6,NG,android,travel,0
T00012294,F00239,669.3,NGN,5,7,NG,ios,digital,0
T00013158,F00997,627.94,NGN,6,3,GB,web,digital,0
T00012597,F00237,140.57,NGN,14,4,US,web,food,0
T00005681,F01153,1632.24,NGN,7,10,NG,web,fuel,0
T00008831,F00763,3416.12,NGN,14,12,GH,ios,travel,0
T00007775,F00089,1678.89,NGN,13,12,GB,web,fuel,0
T00000315,F01113,731.97,NGN,17,9,GB,web,food,0
T00017652,F00969,502.63,NGN,9,10,NG,web,travel,0
T00017116,F00597,806.26,NGN,7,9,NG,web,fuel,0
T00016679,F00771,756.45,NGN,23,8,NG,ios,fuel,0
T00017158,F01045,402.58,NGN,12,1,GH,ios,travel,0
T00000021,F00270,517.95,NGN,18,2,GB,android,electronics,0
T00005552,F00011,2104.27,NGN,15,11,NG,ios,electronics,0
T00006984,F00217,647.79,NGN,20,8,NG,android,retail,0
T00002715,F01100,710.24,NGN,7,1,GH,android,food,0
T00016057,F00553,1563.31,NGN,5,2,NG,web,food,0
T00004704,F00442,454.3,NGN,11,3,NG,ios,digital,0
T00004552,F00489,136.27,NGN,21,5,NG,android,travel,0
T00015967,F00105,105.44,NGN,14,10,GB,ios,digital,0
T00000045,F00776,287.43,NGN,12,12,GB,web,travel,0
T00005603,F01192,931.49,NGN,23,2,US,web,fuel,0
T00018810,F00238,203.52,NGN,14,8,GB,android,food,0
T00003817,F00758,1569.65,NGN,0,5,US,ios,travel,0
T00019406,F00625,1365.41,NGN,11,11,NG,android,fuel,0
T00019318,F00156,1750.89,NGN,1,7,GH,android,electronics,1
T00013825,F00207,1619.24,NGN,12,2,NG,ios,retail,0
T00012389,F00271,1670.68,NGN,14,7,GH,ios,digital,0
T00006277,F00058,312.92,NGN,5,8,GH,android,travel,0
T00004756,F00845,334.91,NGN,14,5,GB,web,retail,0
T00003158,F00262,1204.16,NGN,19,11,NG,ios,electronics,0
T00004293,F00095,741.83,NGN,6,9,NG,ios,travel,0
T00002157,F00075,591.74,NGN,22,11,GB,ios,fuel,0
T00012523,F00227,537.86,NGN,3,4,GB,android,retail,0
T00008449,F00821,2118.44,NGN,5,4,NG,android,retail,0
T00003728,F00405,1352.57,NGN,19,4,NG,ios,retail,0
T00012178,F01018,1002.94,NGN,20,6,US,android,retail,0
T00004834,F00089,1232.79,NGN,22,5,GH,web,fuel,0
T00016009,F00010,1052.14,NGN,20,5,NG,android,fuel,0
T00012308,F00408,246.91,NGN,12,7,GB,android,fuel,0
T00002107,F00334,1785.97,NGN,20,7,NG,web,travel,0
T00003359,F00805,899.15,NGN,13,9,GH,web,digital,0
T00018408,F00397,2201.12,NGN,18,11,GH,web,travel,0
T00012137,F00751,1913.98,NGN,2,1,NG,web,retail,0
T00013974,F00824,261.77,NGN,6,2,GH,web,digital,0
T00006577,F00219,2403.65,NGN,10,6,GH,web,fuel,0
T00018081,F01085,850.19,NGN,7,4,NG,web,food,0
T00007326,F00523,1134.26,NGN,4,3,NG,ios,retail,0
T00011652,F00804,4058.46,NGN,20,3,NG,android,travel,0
T00005922,F01156,1304.66,NGN,14,2,GB,web,retail,0
T00011837,F00753,72.61,NGN,15,9,US,ios,food,0
T00002271,F00466,394.92,NGN,23,5,US,web,digital,0
T00008164,F01195,1454.06,NGN,10,12,US,web,travel,0
T00016862,F00882,3536.18,NGN,11,10,NG,web,travel,0
T00005814,F00037,1324.59,NGN,10,3,GH,web,travel,0
T00013669,F00226,1126.98,NGN,21,10,NG,ios,retail,0
T00012251,F00770,395.62,NGN,12,2,GB,android,food,0
T00005613,F00945,6001.61,NGN,15,3,GB,web,digital,0
T00015042,F00283,3423.04,NGN,13,12,GB,ios,digital,0
T00016860,F01100,1070.37,NGN,13,1,NG,android,retail,0
T00015067,F00774,870.12,NGN,10,9,NG,android,fuel,0
T00008028,F00004,605.86,NGN,10,9,NG,android,electronics,0
T00004836,F00539,1681.37,NGN,14,11,NG,ios,electronics,0
T00008286,F00386,672.15,NGN,6,5,NG,android,electronics,0
T00009929,F00964,186.5,NGN,8,9,NG,ios,travel,0
T00001599,F00776,3718.37,NGN,12,10,NG,android,electronics,0
T00016555,F00380,131.19,NGN,9,1,GB,web,food,0
T00000346,F00940,4741.04,NGN,13,12,NG,web,electronics,0
T00003640,F00974,2068.47,NGN,19,5,GB,web,food,0
T00008666,F00600,338.28,NGN,15,6,GB,android,fuel,0
T00000853,F00607,2055.26,NGN,17,2,GB,android,retail,0
T00019726,F00369,523.64,NGN,14,8,GH,web,digital,0
T00007793,F00964,853.46,NGN,11,8,NG,web,travel,0
T00009487,F00842,412.57,NGN,3,6,GB,ios,travel,0
T00002873,F00150,3346.38,NGN,12,10,NG,android,food,0
T00015448,F00776,2731.89,NGN,21,3,GB,ios,food,0
T00002522,F01012,233.99,NGN,22,9,NG,ios,fuel,0
T00007854,F00404,663.72,NGN,8,12,GB,web,digital,0
T00001196,F00404,1586.04,NGN,5,12,GB,web,travel,0
T00016772,F00692,1151.1,NGN,14,2,NG,android,electronics,0
T00016431,F00831,1250.19,NGN,18,12,NG,ios,retail,0
T00016631,F00889,633.0,NGN,7,7,GB,android,retail,0
T00000600,F00898,398.41,NGN,21,12,GH,android,digital,0
T00009980,F00348,626.87,NGN,18,4,US,ios,fuel,0
T00010058,F00181,61.6,NGN,15,12,GH,ios,food,0
T00012188,F00030,2652.53,NGN,2,3,US,android,digital,0
T00008427,F00260,182.68,NGN,2,7,GH,ios,fuel,0
T00002396,F00172,1115.4,NGN,22,1,NG,ios,fuel,0
T00004583,F00663,596.2,NGN,11,7,NG,web,electronics,0
T00000782,F00613,1459.7,NGN,20,12,GH,ios,digital,0
T00019717,F00127,256.24,NGN,12,7,GH,android,travel,0
T00017072,F01020,740.17,NGN,12,11,GB,ios,food,0
T00011023,F01040,1008.0,NGN,7,8,NG,ios,food,0
T00013579,F00291,1573.68,NGN,16,12,NG,android,electronics,0
T00006390,F00199,2551.03,NGN,18,6,US,android,digital,0
T00011744,F00135,2317.35,NGN,17,12,GB,ios,food,0
T00009870,F01000,967.43,NGN,17,8,GH,web,food,0
T00010284,F00940,784.92,NGN,17,3,US,web,retail,0
T00013164,F00326,333.59,NGN,17,7,NG,web,fuel,0
T00001288,F00660,424.3,NGN,8,8,NG,android,fuel,0
T00007690,F00121,1198.86,NGN,9,3,GH,web,food,0
T00013094,F01186,1407.6,NGN,8,8,NG,web,retail,0
T00017766,F00566,1992.15,NGN,9,12,NG,android,food,0
T00001678,F00659,819.56,NGN,11,2,NG,ios,food,0
T00019036,F00557,985.83,NGN,23,7,GB,ios,travel,0
T00009681,F00638,3131.89,NGN,21,4,US,android,digital,0
T00009859,F00905,1079.74,NGN,0,5,NG,android,digital,0
T00013918,F00557,1271.77,NGN,2,7,US,android,electronics,1
T00010789,F00609,2292.06,NGN,14,6,GB,android,retail,0
T00003780,F00600,1449.73,NGN,13,7,NG,web,fuel,0
T00011088,F00052,1345.01,NGN,22,3,US,web,travel,0
T00003854,F00086,497.09,NGN,13,2,NG,android,fuel,0
T00008745,F00766,4561.77,NGN,20,7,GH,android,travel,0
T00013504,F00684,1452.71,NGN,3,12,GB,web,electronics,1
T00018045,F00160,221.18,NGN,1,11,US,web,digital,1
T00011234,F01060,1546.35,NGN,13,3,NG,ios,electronics,0
T00011789,F00420,6069.86,NGN,9,11,GB,android,travel,0
T00011243,F00990,631.19,NGN,15,10,GH,android,digital,0
T00007936,F00187,549.58,NGN,2,7,GB,ios,retail,1
T00007753,F00888,1635.78,NGN,6,10,US,ios,electronics,0
T00016727,F00362,619.29,NGN,8,12,NG,web,electronics,0
T00013230,F00756,737.51,NGN,10,11,NG,android,electronics,0
T00007605,F00789,637.8,NGN,18,5,GH,android,food,0
T00019244,F00557,2300.99,NGN,7,12,US,android,retail,0
T00017844,F00418,1482.37,NGN,5,10,NG,android,fuel,0
T00000440,F00975,839.92,NGN,6,10,NG,android,electronics,0
T00018168,F00467,1633.3,NGN,22,11,US,ios,electronics,0
T00000144,F01044,1345.08,NGN,13,7,NG,android,food,0
T00010444,F01181,2043.14,NGN,19,7,NG,ios,travel,0
T00016887,F00881,6879.34,NGN,19,6,NG,ios,fuel,0
T00002704,F00277,1203.11,NGN,2,10,NG,web,retail,1
T00005579,F00004,2672.87,NGN,17,10,NG,ios,travel,0
T00005912,F00357,7799.91,NGN,6,3,NG,ios,fuel,0
T00007583,F00495,4524.65,NGN,7,6,NG,android,digital,0
T00008209,F01139,7270.26,NGN,2,6,GH,web,digital,1
T00010485,F00629,683.59,NGN,4,3,US,ios,fuel,0
T00010772,F00152,1278.15,NGN,23,9,GB,ios,electronics,0
T00016625,F00330,933.59,NGN,1,1,NG,web,electronics,0
T00017088,F00083,419.23,NGN,9,12,NG,ios,retail,0
T00001541,F00236,3497.75,NGN,20,6,GB,ios,food,0
T00018757,F00561,219.29,NGN,23,4,GH,ios,food,0
T00002724,F00806,179.26,NGN,17,2,US,ios,food,0
T00019254,F00599,7567.02,NGN,7,10,US,android,travel,0
T00006294,F00137,1881.73,NGN,7,11,US,ios,travel,0
T00004208,F00238,2892.55,NGN,1,7,US,ios,travel,1
T00017993,F00707,2169.85,NGN,19,3,NG,ios,food,0
T00015062,F00511,2855.88,NGN,3,10,NG,ios,travel,0
T00002098,F00442,295.61,NGN,4,10,NG,ios,travel,1
T00008815,F01083,6495.35,NGN,21,4,NG,web,food,0
T00017432,F00832,591.51,NGN,2,11,NG,android,digital,1
T00005456,F01168,1806.94,NGN,23,8,US,web,food,0
T00017004,F00492,760.9,NGN,5,4,NG,android,fuel,0
T00009865,F00279,3101.02,NGN,19,1,US,web,retail,0
T00012526,F00020,795.7,NGN,20,1,US,ios,food,0
T00005282,F01085,3076.45,NGN,3,12,NG,ios,digital,1
T00004260,F01162,1034.81,NGN,14,11,NG,web,retail,0
T00005573,F00135,955.75,NGN,20,4,GH,web,travel,0
T00014945,F01144,354.18,NGN,19,10,US,ios,fuel,0
T00001007,F01018,3804.14,NGN,7,3,US,ios,travel,0
T00005012,F00251,947.29,NGN,11,2,US,web,food,0
T00000728,F01127,3020.56,NGN,8,6,NG,android,digital,0
T00011963,F00708,2460.63,NGN,17,10,NG,web,digital,0
T00006405,F01040,4720.37,NGN,19,7,US,web,digital,0
T00003584,F00056,1383.05,NGN,1,12,GH,web,food,1
T00012596,F00361,2562.05,NGN,20,10,NG,web,fuel,0
T00007742,F00776,1780.91,NGN,12,4,US,ios,food,0
T00002001,F01067,577.41,NGN,18,6,GB,web,travel,0
T00004819,F00919,199.44,NGN,16,12,NG,web,travel,0
T00003759,F00077,1594.94,NGN,6,10,GB,web,food,0
T00015398,F00179,1324.82,NGN,0,2,NG,web,travel,0
T00018646,F00575,679.93,NGN,16,2,NG,web,digital,0
T00012503,F00428,318.62,NGN,16,4,GH,ios,retail,0
T00016634,F00345,2129.95,NGN,5,8,NG,web,digital,0
T00004584,F00513,1866.53,NGN,19,11,US,android,retail,0
T00006551,F00942,963.41,NGN,11,8,GH,ios,electronics,0
T00011563,F00055,447.97,NGN,20,2,GH,android,digital,0
T00011757,F00203,1161.94,NGN,16,11,GH,web,electronics,0
T00000678,F01124,7996.42,NGN,22,5,NG,web,retail,0
T00013676,F00696,431.07,NGN,1,7,NG,web,fuel,1
T00014191,F00853,655.62,NGN,23,12,NG,ios,travel,0
T00010990,F00246,3861.0,NGN,4,12,NG,ios,digital,0
T00001894,F00553,1494.32,NGN,10,11,GH,web,digital,0
T00015515,F01182,122.37,NGN,15,4,GH,web,digital,0
T00009590,F00850,510.97,NGN,23,2,US,android,fuel,0
T00003252,F00314,2290.2,NGN,2,4,NG,ios,digital,0
T00000575,F00143,769.39,NGN,17,1,NG,android,digital,0
T00002805,F00774,2072.42,NGN,7,12,NG,ios,fuel,0
T00017924,F00050,265.15,NGN,6,5,GB,web,food,0
T00001907,F00707,2385.12,NGN,1,4,NG,web,travel,0
T00001467,F00809,1276.41,NGN,1,3,NG,web,fuel,0
T00013886,F01035,329.93,NGN,18,6,GB,android,food,0
T00001209,F00946,2311.61,NGN,6,12,US,ios,fuel,0
T00011606,F01195,863.96,NGN,12,10,NG,ios,travel,1
T00008001,F00310,1763.26,NGN,12,9,GB,web,electronics,0
T00004132,F00142,3115.06,NGN,7,8,NG,web,fuel,0
T00005891,F01079,367.54,NGN,9,5,GB,web,fuel,0
T00009830,F00688,1899.06,NGN,6,11,NG,android,travel,0
T00018754,F01080,443.09,NGN,2,12,NG,android,electronics,1
T00005487,F00176,1180.22,NGN,11,7,GB,web,food,0
T00010042,F01101,825.41,NGN,12,5,NG,ios,digital,0
T00019114,F00545,1209.59,NGN,11,4,NG,ios,digital,0
T00000173,F00144,975.81,NGN,5,11,NG,android,fuel,0
T00016995,F00379,525.42,NGN,14,4,NG,android,fuel,0
T00006457,F00119,315.53,NGN,4,3,NG,ios,digital,0
T00003917,F00617,490.31,NGN,8,7,NG,ios,food,0
T00003735,F00134,733.06,NGN,2,10,GH,ios,food,0
T00006368,F00413,2241.45,NGN,13,11,GH,ios,food,0
T00000535,F00105,1906.84,NGN,1,9,GB,ios,electronics,1
T00009861,F00443,1778.65,NGN,12,5,GH,android,digital,0
T00008743,F00652,4669.25,NGN,16,10,GH,android,electronics,0
T00005699,F00199,1000.74,NGN,18,9,NG,web,electronics,0
T00010644,F00954,448.04,NGN,3,10,GH,android,retail,1
T00012347,F00870,1017.0,NGN,1,2,GB,android,travel,0
T00008737,F00775,524.12,NGN,1,4,NG,web,travel,0
T00013646,F00661,406.42,NGN,6,11,US,android,retail,0
T00010611,F01011,449.89,NGN,2,5,GH,android,travel,0
T00000396,F00137,1105.07,NGN,11,2,NG,android,digital,0
T00019967,F00620,1289.16,NGN,14,12,US,web,electronics,0
T00017341,F01079,351.83,NGN,5,3,NG,web,retail,0
T00002408,F00123,3491.24,NGN,10,5,GB,android,travel,0
T00003517,F00698,747.74,NGN,9,9,NG,android,electronics,0
T00007020,F00528,909.45,NGN,5,4,GH,web,food,1
T00019065,F00092,1138.52,NGN,19,5,GH,web,travel,0
T00016413,F00730,4165.83,NGN,19,7,NG,ios,retail,0
T00010795,F00336,1628.42,NGN,11,3,US,web,retail,0
T00016350,F00574,4083.23,NGN,13,6,NG,ios,retail,0
T00015624,F00324,2587.43,NGN,19,1,NG,web,digital,0
T00009629,F00249,536.58,NGN,7,1,NG,android,food,0
T00002808,F00571,601.31,NGN,17,7,GB,web,travel,0
T00000861,F00834,1220.05,NGN,2,3,GH,android,food,0
T00007175,F00312,196.05,NGN,13,3,NG,android,travel,0
T00011474,F00580,670.17,NGN,12,4,GB,ios,retail,0
T00016981,F00218,3411.05,NGN,0,4,GB,web,retail,0
T00000053,F00319,308.43,NGN,7,6,GB,android,travel,0
T00010507,F00560,354.73,NGN,12,10,NG,web,digital,0
T00009323,F00721,1742.22,NGN,22,9,NG,ios,digital,0
T00015595,F01068,1141.27,NGN,8,4,NG,android,retail,0
T00003684,F00242,722.59,NGN,8,9,US,web,digital,0
T00011099,F00032,1301.86,NGN,19,10,GB,android,travel,0
T00019904,F00188,430.8,NGN,14,8,GB,web,fuel,0
T00008856,F00460,2774.29,NGN,0,11,US,ios,fuel,0
T00011974,F00649,1133.81,NGN,10,4,NG,android,retail,0
T00009085,F00508,1461.21,NGN,5,5,GB,web,electronics,0
T00001147,F00279,1128.97,NGN,5,1,NG,android,travel,0
T00003337,F00805,1273.63,NGN,1,1,NG,ios,food,0
T00005599,F01125,386.05,NGN,15,11,GB,ios,digital,0
T00014364,F00609,942.06,NGN,20,7,NG,android,digital,0
T00003307,F00687,568.1,NGN,11,7,NG,ios,retail,0
T00015962,F00007,1582.16,NGN,0,10,GH,web,fuel,0
T00015315,F01119,2834.67,NGN,13,5,NG,ios,digital,0
T00004262,F00935,2593.36,NGN,0,5,GB,android,food,0
T00015742,F00979,1431.8,NGN,5,11,NG,web,retail,0
T00013597,F00947,769.93,NGN,22,6,US,web,digital,0
T00018200,F00853,295.8,NGN,11,2,NG,android,retail,0
T00011152,F01043,665.63,NGN,14,4,NG,web,travel,0
T00012828,F00365,1020.7,NGN,14,12,NG,android,fuel,0
T00014129,F01098,988.76,NGN,9,3,GB,web,fuel,0
T00018257,F01076,792.45,NGN,13,10,NG,web,fuel,0
T00000774,F00325,1931.67,NGN,14,10,GB,android,digital,0
T00001344,F00884,1814.73,NGN,21,11,NG,web,fuel,0
T00018245,F00886,1317.67,NGN,23,10,GB,web,electronics,0
T00007913,F00389,265.92,NGN,22,3,US,web,travel,0
T00017638,F00317,715.91,NGN,1,10,US,web,retail,1
T00007673,F00997,1460.36,NGN,16,12,NG,android,digital,0
T00015972,F00080,412.52,NGN,13,10,GB,android,digital,0
T00013518,F00459,4391.23,NGN,19,12,GH,web,digital,0
T00018889,F01156,726.31,NGN,11,7,NG,ios,food,0
T00009172,F00408,1758.56,NGN,9,9,GB,web,digital,1
T00017948,F00285,752.46,NGN,8,1,GB,web,electronics,0
T00007038,F00758,1601.02,NGN,21,11,US,ios,food,0
T00015199,F01175,1540.38,NGN,20,9,NG,web,digital,1
T00002864,F00370,1157.44,NGN,12,2,GB,android,digital,0
T00009121,F00502,1231.16,NGN,7,5,GH,android,digital,0
T00006668,F00944,280.12,NGN,22,3,US,ios,food,0
T00013438,F01163,8823.89,NGN,2,2,NG,android,retail,0
T00015811,F00582,486.49,NGN,4,11,NG,web,electronics,0
T00016504,F01084,1467.2,NGN,6,10,US,ios,retail,0
T00005074,F00816,104.52,NGN,22,12,NG,android,travel,0
T00005340,F00164,1567.39,NGN,23,1,GH,ios,fuel,0
T00015145,F00714,2245.79,NGN,5,5,NG,ios,retail,0
T00017347,F00302,3576.44,NGN,22,1,GH,android,travel,0
T00012581,F00326,2430.49,NGN,9,8,NG,android,travel,0
T00005562,F00936,1674.1,NGN,19,5,NG,web,food,0
T00016514,F01077,963.63,NGN,4,8,NG,ios,retail,1
T00009501,F00018,4406.5,NGN,11,6,US,android,electronics,0
T00008231,F00332,553.48,NGN,0,10,NG,android,travel,0
T00013374,F01179,825.43,NGN,0,7,US,web,food,0
T00000325,F01034,457.25,NGN,20,1,NG,android,retail,0
T00012732,F01014,547.89,NGN,10,11,NG,android,digital,0
T00009305,F00442,3453.75,NGN,3,5,GH,android,travel,0
T00010667,F00135,1221.93,NGN,8,8,GH,web,electronics,0
T00011907,F00725,1240.55,NGN,21,1,US,android,retail,0
T00009789,F00125,1395.22,NGN,22,9,NG,web,digital,0
T00017922,F00417,315.57,NGN,15,8,GB,android,travel,0
T00017674,F00673,364.48,NGN,18,7,GH,web,food,0
T00007912,F00021,1160.04,NGN,4,3,US,android,travel,0
T00008343,F00537,3692.63,NGN,1,1,NG,web,retail,0
T00000143,F01127,1087.68,NGN,22,7,NG,web,retail,0
T00014577,F00896,2454.26,NGN,19,2,US,web,retail,0
T00008497,F00778,2245.18,NGN,16,1,NG,android,electronics,0
T00016092,F00550,197.42,NGN,3,3,GB,android,food,0
T00009319,F00726,845.0,NGN,19,4,NG,web,electronics,0
T00006079,F00229,2698.27,NGN,5,4,US,ios,digital,0
T00000110,F00635,542.45,NGN,20,12,US,android,travel,0
T00019868,F01134,753.32,NGN,7,3,NG,android,electronics,0
T00005908,F00438,3066.54,NGN,7,2,GB,ios,electronics,0
T00014580,F00333,3538.78,NGN,8,1,GH,ios,food,0
T00005065,F00334,2451.26,NGN,18,8,NG,android,travel,0
T00011827,F00310,472.48,NGN,9,4,GH,android,electronics,0
T00016480,F00630,492.26,NGN,11,1,NG,android,fuel,0
T00012528,F00550,748.04,NGN,4,1,US,ios,travel,0
T00015456,F00094,1077.63,NGN,0,8,NG,ios,digital,0
T00014823,F00048,1120.04,NGN,19,2,GH,android,fuel,0
T00011976,F00750,804.94,NGN,14,5,GH,ios,digital,0
T00017565,F00337,3493.19,NGN,4,5,NG,ios,digital,0
T00004797,F01117,172.52,NGN,13,7,US,web,food,0
T00002633,F00872,171.42,NGN,21,1,NG,android,food,0
T00001128,F00692,2731.82,NGN,22,1,US,ios,digital,0
T00006085,F00287,5798.98,NGN,1,3,NG,android,retail,0
T00018762,F00276,2924.53,NGN,8,3,NG,web,electronics,0
T00008323,F00994,808.37,NGN,17,5,GB,ios,fuel,0
T00008012,F00893,6426.24,NGN,13,7,GB,ios,food,0
T00004086,F01061,14149.25,NGN,14,5,NG,web,digital,0
T00001368,F01040,1997.64,NGN,8,9,US,android,digital,0
T00018030,F00233,718.58,NGN,19,10,NG,android,digital,0
T00017839,F00176,836.0,NGN,7,7,NG,web,fuel,0
T00006167,F00748,3257.54,NGN,19,1,NG,ios,retail,0
T00012077,F00962,642.65,NGN,15,8,NG,web,digital,0
T00005349,F00880,949.4,NGN,12,12,NG,android,digital,0
T00002006,F00421,648.16,NGN,12,2,GB,android,digital,0
T00001165,F00814,1185.4,NGN,13,10,NG,android,fuel,0
T00008832,F00283,1241.91,NGN,9,6,GB,android,electronics,0
T00008851,F00906,1805.82,NGN,0,9,NG,ios,digital,0
T00004276,F00206,516.61,NGN,15,4,NG,web,retail,0
T00000081,F00290,768.22,NGN,22,6,NG,ios,electronics,0
T00006494,F00333,2529.64,NGN,11,1,NG,web,travel,0
T00012452,F00118,484.36,NGN,15,4,US,android,digital,0
T00014319,F00060,1531.88,NGN,13,10,NG,android,travel,0
T00009271,F00212,951.94,NGN,7,6,US,web,retail,0
T00003458,F00072,2420.47,NGN,23,9,GH,ios,fuel,0
T00004239,F00465,284.69,NGN,12,7,GB,ios,digital,0
T00000145,F00593,425.62,NGN,5,3,NG,ios,food,0
T00008712,F00410,1175.88,NGN,2,6,NG,android,electronics,0
T00016190,F01093,721.01,NGN,6,5,NG,ios,digital,0
T00001942,F00635,1867.81,NGN,3,11,US,android,fuel,1
T00004948,F00704,13587.5,NGN,5,5,NG,web,electronics,0
T00009670,F00339,1475.9,NGN,3,4,US,web,digital,0
T00002015,F00415,1093.04,NGN,20,7,NG,android,travel,0
T00000752,F00368,206.28,NGN,23,6,NG,web,digital,0
T00012611,F00487,1952.8,NGN,9,8,GB,android,retail,0
T00000902,F00195,301.78,NGN,1,3,GB,ios,electronics,0
T00003246,F00778,1307.02,NGN,3,9,NG,ios,travel,0
T00008921,F00441,284.79,NGN,3,11,NG,android,travel,1
T00019720,F00428,1227.19,NGN,14,12,NG,ios,fuel,0
T00019682,F00521,874.37,NGN,9,2,NG,android,electronics,1
T00013468,F00417,408.52,NGN,7,2,NG,ios,travel,0
T00016832,F00757,1508.49,NGN,5,5,NG,web,fuel,0
T00013322,F00795,1140.55,NGN,4,4,GH,web,fuel,0
T00003688,F00498,1098.4,NGN,5,5,NG,android,digital,0
T00006524,F00566,1326.18,NGN,6,2,US,web,digital,0
T00004180,F00666,1234.45,NGN,18,2,GB,ios,digital,0
T00012582,F00155,810.46,NGN,4,7,NG,android,retail,0
T00005139,F00893,686.32,NGN,18,3,GB,web,digital,0
T00001102,F01147,1227.58,NGN,19,12,US,web,fuel,0
T00010303,F00501,204.32,NGN,4,7,NG,ios,electronics,1
T00003869,F00065,224.39,NGN,13,2,US,web,digital,0
T00002763,F01113,244.18,NGN,0,12,NG,ios,food,0
T00015084,F00079,1516.84,NGN,0,11,NG,ios,electronics,0
T00011908,F00333,786.58,NGN,21,11,NG,android,retail,0
T00011493,F00856,2187.48,NGN,5,2,US,android,food,0
T00016666,F00105,680.93,NGN,19,10,GB,ios,food,0
T00014329,F00999,228.43,NGN,23,6,NG,ios,travel,0
T00016266,F00308,697.35,NGN,15,7,GB,android,electronics,0
T00012812,F01066,1753.71,NGN,13,9,GH,android,electronics,0
T00003524,F00208,725.86,NGN,3,12,US,android,electronics,1
T00003975,F00087,1021.2,NGN,3,1,GB,ios,retail,0
T00009798,F00151,338.9,NGN,15,9,NG,web,travel,0
T00010049,F00192,138.3,NGN,9,9,GH,android,travel,0
T00006407,F00143,2069.64,NGN,1,8,NG,web,fuel,0
T00010283,F00760,323.29,NGN,21,6,US,android,travel,0
T00008884,F00619,6987.56,NGN,19,4,NG,ios,travel,0
T00018019,F00475,363.54,NGN,17,9,GB,ios,fuel,0
T00011590,F00331,879.78,NGN,17,1,NG,android,travel,0
T00003254,F00720,2146.41,NGN,20,2,GB,ios,food,0
T00012395,F00403,1005.33,NGN,14,12,NG,ios,electronics,0
T00016318,F01146,810.09,NGN,13,3,NG,web,electronics,0
T00012089,F01116,2041.29,NGN,4,2,NG,web,electronics,0
T00010517,F00295,506.72,NGN,4,5,NG,web,fuel,0
T00008873,F00742,3059.21,NGN,13,9,NG,android,travel,0
T00012625,F00692,408.25,NGN,1,5,NG,web,travel,0
T00011821,F01161,2299.18,NGN,14,5,NG,web,travel,0
T00005857,F00580,1962.68,NGN,3,5,NG,ios,fuel,0
T00011525,F01133,6554.08,NGN,4,11,NG,android,electronics,1
T00000652,F00922,462.32,NGN,20,5,NG,web,travel,0
T00010567,F00061,1340.14,NGN,16,2,GH,android,travel,0
T00005888,F00829,257.33,NGN,2,8,NG,android,retail,1
T00004291,F00068,1347.04,NGN,4,11,NG,web,travel,1
T00015392,F00393,521.57,NGN,1,4,GH,android,travel,0
T00008340,F00633,4652.41,NGN,4,8,GH,web,travel,0
T00013540,F00494,3356.92,NGN,13,6,NG,web,fuel,0
T00007795,F00445,1744.7,NGN,3,9,GB,android,digital,1
T00002315,F00474,682.28,NGN,1,12,NG,ios,digital,1
T00011685,F00396,652.13,NGN,19,10,GH,web,retail,0
T00015318,F00046,1855.7,NGN,23,10,GB,web,fuel,0
T00008052,F00088,872.69,NGN,4,4,NG,android,electronics,0
T00010380,F01051,478.7,NGN,0,5,US,android,travel,0
T00019744,F00932,445.4,NGN,0,7,NG,web,fuel,0
T00014778,F00224,799.01,NGN,22,10,NG,web,electronics,0
T00018308,F00248,521.57,NGN,11,11,NG,web,food,0
T00011910,F00961,4654.56,NGN,23,7,NG,web,retail,0
T00003053,F00108,1287.5,NGN,1,12,NG,ios,electronics,0
T00005249,F00817,1215.49,NGN,6,2,GH,web,food,0
T00018729,F00840,1221.53,NGN,0,5,US,web,digital,0
T00002776,F00836,568.36,NGN,11,7,NG,web,digital,0
T00012740,F00835,540.64,NGN,0,11,NG,web,food,0
T00011199,F00137,556.26,NGN,12,2,NG,android,retail,0
T00019219,F00172,405.5,NGN,16,6,GB,android,travel,0
T00019117,F00094,896.33,NGN,22,6,NG,ios,electronics,0
T00005431,F00182,565.67,NGN,6,1,NG,ios,electronics,0
T00015848,F00478,373.24,NGN,7,8,NG,android,retail,0
T00017167,F00976,2582.55,NGN,2,1,US,ios,retail,0
T00000590,F00126,745.93,NGN,15,11,US,web,digital,0
T00012890,F00331,674.04,NGN,10,2,GB,web,food,0
T00014374,F00972,1128.51,NGN,21,1,US,android,retail,0
T00018773,F00491,590.82,NGN,11,9,GH,android,retail,0
T00004587,F00895,1311.99,NGN,3,1,GB,android,digital,0
T00004153,F00414,5229.03,NGN,10,11,GH,android,digital,0
T00013883,F00384,472.5,NGN,11,9,NG,web,electronics,0
T00001334,F01015,605.88,NGN,23,8,GB,ios,food,0
T00014387,F00476,979.27,NGN,10,3,GH,ios,fuel,0
T00018125,F00825,971.09,NGN,12,2,GH,android,fuel,0
T00004456,F00564,634.75,NGN,13,1,GB,web,fuel,0
T00014495,F00849,332.95,NGN,11,7,NG,ios,digital,0
T00007207,F00484,1778.92,NGN,13,7,US,web,fuel,0
T00018022,F00880,2031.79,NGN,21,6,GH,web,retail,0
T00000534,F00900,566.92,NGN,18,12,GB,web,retail,0
T00002457,F00650,358.44,NGN,10,3,US,web,food,0
T00016342,F00473,1056.85,NGN,4,1,NG,android,fuel,0
T00009466,F00939,1290.84,NGN,11,10,NG,android,electronics,0
T00007225,F00170,1272.66,NGN,18,5,US,web,fuel,0
T00006244,F00907,511.1,NGN,9,7,NG,web,digital,0
T00008407,F00345,1071.42,NGN,2,9,NG,web,digital,1
T00009048,F01022,1849.16,NGN,12,6,NG,android,digital,0
T00002473,F00772,1530.97,NGN,4,10,GB,web,digital,1
T00017470,F00349,4373.51,NGN,17,1,NG,web,food,0
T00011877,F00866,3794.02,NGN,4,9,NG,web,travel,1
T00009184,F00645,1357.74,NGN,19,8,NG,android,travel,0
T00001048,F00536,500.45,NGN,8,3,NG,ios,retail,0
T00008265,F01009,1264.04,NGN,22,9,NG,ios,retail,0
T00017257,F00869,4128.69,NGN,1,6,NG,android,digital,0
T00011790,F00408,2848.09,NGN,4,6,GH,web,travel,0
T00011558,F00666,172.13,NGN,15,10,US,web,fuel,0
T00013422,F00714,2854.96,NGN,21,2,GH,android,digital,0
T00003605,F00738,422.32,NGN,8,10,NG,ios,retail,0
T00005268,F00200,1025.15,NGN,3,7,NG,ios,food,0
T00009208,F00339,4501.35,NGN,19,2,GH,android,retail,0
T00017776,F01171,4101.91,NGN,14,11,NG,ios,digital,0
T00004324,F00162,687.58,NGN,20,4,GH,ios,retail,0
T00014321,F00269,7924.75,NGN,4,6,US,ios,travel,1
T00001961,F00729,659.39,NGN,0,3,NG,ios,fuel,0
T00012280,F00152,560.75,NGN,17,10,NG,android,digital,0
T00017560,F00720,3399.13,NGN,16,7,NG,web,digital,0
T00008436,F00028,246.29,NGN,14,9,NG,android,electronics,0
T00000067,F00502,1680.1,NGN,20,9,NG,ios,retail,0
T00001721,F00834,1126.55,NGN,9,10,NG,web,electronics,0
T00014047,F00027,216.61,NGN,22,1,NG,web,electronics,0
T00016461,F00714,689.77,NGN,6,6,NG,web,food,0
T00016696,F01155,756.02,NGN,6,5,GB,web,electronics,0
T00004488,F00267,2297.29,NGN,19,4,GB,web,food,0
T00006996,F00355,501.92,NGN,14,12,US,ios,retail,0
T00000387,F00548,1190.63,NGN,6,11,NG,ios,retail,0
T00012014,F00255,1604.23,NGN,9,2,NG,web,digital,0
T00013330,F00150,1426.85,NGN,2,7,GH,android,digital,1
T00011385,F00563,1826.45,NGN,3,11,GB,web,retail,1
T00016235,F00946,765.34,NGN,2,4,US,ios,retail,0
T00015920,F00395,848.44,NGN,1,10,NG,android,digital,0
T00014186,F01097,1133.26,NGN,3,10,NG,android,food,0
T00017540,F00823,9063.2,NGN,6,7,NG,android,electronics,0
T00001065,F01091,278.34,NGN,5,9,NG,web,fuel,0
T00006128,F00991,664.84,NGN,15,7,NG,web,electronics,0
T00014443,F01058,1163.34,NGN,11,2,NG,web,travel,0
T00018733,F00392,629.52,NGN,6,2,GB,android,travel,0
T00017996,F00772,2957.65,NGN,16,11,GB,ios,food,0
T00016961,F00551,156.17,NGN,21,1,GB,android,food,0
T00015020,F00876,1738.96,NGN,20,1,GB,android,food,0
T00010579,F00469,5752.21,NGN,23,12,NG,android,travel,0
T00003764,F00285,1163.01,NGN,16,4,GH,android,fuel,0
T00016354,F00475,396.59,NGN,18,4,GB,ios,travel,0
T00015178,F01067,1297.86,NGN,17,7,NG,web,retail,1
T00009656,F00815,2691.7,NGN,16,2,US,ios,food,0
T00002567,F00600,1057.47,NGN,5,8,US,android,retail,0
T00012469,F01019,274.5,NGN,18,5,NG,ios,fuel,0
T00016307,F00447,327.78,NGN,2,6,NG,ios,digital,0
T00016626,F00728,2344.5,NGN,5,7,NG,android,food,0
T00014976,F01017,855.29,NGN,15,5,US,ios,retail,0
T00012346,F00536,386.85,NGN,17,4,GB,ios,retail,0
T00001891,F00905,1467.0,NGN,22,9,US,web,retail,0
T00013219,F00817,1251.99,NGN,1,3,GH,web,electronics,0
T00003661,F00561,2863.4,NGN,19,3,US,ios,digital,0
T00018648,F00215,1175.29,NGN,5,1,US,ios,digital,0
T00002465,F00097,663.47,NGN,18,5,GB,android,travel,0
T00000524,F00334,1916.19,NGN,21,12,NG,web,digital,0
T00018634,F00394,2852.84,NGN,22,10,NG,android,digital,0
T00014478,F00872,2074.68,NGN,2,4,NG,web,digital,0
T00006969,F00144,727.53,NGN,20,6,NG,android,food,0
T00006234,F00973,642.06,NGN,15,9,GH,ios,food,0
T00009040,F00793,3217.09,NGN,0,6,NG,ios,electronics,0
T00012925,F00205,343.08,NGN,2,10,GH,android,digital,1
T00001327,F00807,1820.37,NGN,5,12,GB,android,food,0
T00014485,F01051,1643.16,NGN,15,3,NG,android,travel,0
T00001367,F01063,601.56,NGN,2,1,US,android,travel,0
T00014466,F00978,1569.91,NGN,13,10,NG,web,digital,0
T00008920,F00705,2928.32,NGN,1,12,NG,android,retail,1
T00016759,F00591,781.57,NGN,11,4,US,ios,food,0
T00015029,F01033,11593.4,NGN,15,11,NG,ios,travel,0
T00010381,F00674,872.28,NGN,9,9,GH,android,fuel,0
T00016218,F00784,2207.05,NGN,20,9,NG,ios,fuel,0
T00015653,F01162,1492.61,NGN,0,10,GH,web,travel,0
T00016026,F00864,1451.33,NGN,19,5,NG,android,food,1
T00008163,F00931,1392.5,NGN,9,1,US,ios,electronics,0
T00017782,F00081,261.84,NGN,20,2,US,web,travel,0
T00009461,F00517,2817.67,NGN,0,1,US,ios,digital,0
T00003319,F00088,671.92,NGN,0,4,NG,android,food,0
T00019067,F00605,181.51,NGN,3,11,NG,android,fuel,1
T00019341,F01178,609.65,NGN,2,1,GH,web,digital,0
T00019112,F00528,1041.51,NGN,6,2,GB,web,retail,0
T00015686,F01052,4077.7,NGN,14,5,NG,ios,retail,0
T00019837,F00809,332.98,NGN,19,7,GH,android,travel,0
T00001788,F00854,2696.04,NGN,9,10,GH,ios,fuel,0
T00015642,F00867,228.07,NGN,8,3,US,web,food,0
T00003183,F00461,251.34,NGN,5,9,NG,web,travel,0
T00005136,F00516,3109.48,NGN,14,7,GH,ios,fuel,0
T00012575,F00418,712.67,NGN,19,10,GB,web,digital,0
T00011001,F00473,5589.01,NGN,6,6,GH,android,travel,0
T00013642,F00934,969.0,NGN,7,11,NG,android,travel,0
T00019856,F00329,766.31,NGN,21,1,NG,android,retail,0
T00004696,F00442,598.86,NGN,1,12,NG,web,electronics,1
T00000745,F00374,196.8,NGN,10,8,NG,web,travel,0
T00009201,F00043,630.69,NGN,23,10,US,android,fuel,0
T00008539,F00640,4938.52,NGN,15,4,NG,ios,retail,0
T00010463,F00895,7029.97,NGN,17,10,US,android,fuel,0
T00019626,F00409,659.18,NGN,1,1,NG,android,electronics,0
T00002003,F00296,7046.84,NGN,17,7,NG,android,fuel,0
T00014515,F00780,658.85,NGN,16,6,NG,ios,electronics,0
T00009481,F00904,1676.41,NGN,9,10,GB,web,digital,0
T00010191,F00098,442.82,NGN,13,4,NG,web,travel,0
T00008046,F00675,326.56,NGN,20,2,NG,android,digital,0
T00016545,F00223,855.09,NGN,23,5,GB,android,travel,0
T00017106,F00503,2222.94,NGN,17,12,NG,android,travel,0
T00005261,F01114,711.29,NGN,15,1,NG,android,electronics,0
T00019542,F01054,928.48,NGN,23,4,NG,ios,travel,1
T00017542,F00917,335.87,NGN,15,3,NG,ios,food,0
T00015808,F00232,1078.22,NGN,16,1,NG,web,electronics,0
T00002965,F00741,850.74,NGN,23,11,NG,ios,food,0
T00008380,F00442,1954.99,NGN,16,2,GH,web,fuel,0
T00002566,F01058,765.8,NGN,22,1,NG,ios,digital,0
T00001875,F01157,1799.15,NGN,8,5,GH,web,fuel,0
T00017073,F00219,1393.26,NGN,20,1,NG,android,digital,0
T00016762,F00091,6300.7,NGN,23,9,NG,web,fuel,0
T00003078,F00280,323.67,NGN,7,8,NG,android,electronics,0
T00016031,F00828,921.06,NGN,23,4,GB,ios,digital,0
T00015365,F00245,1408.4,NGN,17,2,NG,ios,food,0
T00009875,F00530,2941.35,NGN,21,3,NG,ios,travel,0
T00013743,F00874,1144.49,NGN,10,4,NG,web,electronics,0
T00017483,F00757,1332.24,NGN,2,6,NG,ios,digital,1
T00003834,F01069,3581.24,NGN,20,4,NG,web,food,0
T00003737,F00269,5458.06,NGN,12,6,NG,web,retail,0
T00014993,F00796,579.92,NGN,19,5,NG,ios,digital,0
T00004185,F00211,315.54,NGN,10,9,US,android,food,0
T00007081,F00635,769.89,NGN,15,6,GB,web,fuel,0
T00000214,F00982,1055.2,NGN,23,10,GH,web,retail,0
T00019836,F00820,3253.56,NGN,3,12,NG,ios,food,0
T00019132,F00731,1591.75,NGN,19,5,US,web,food,0
T00004567,F01090,1217.02,NGN,11,10,NG,web,travel,0
T00005471,F00893,652.26,NGN,2,11,NG,android,digital,1
T00002735,F00601,3436.5,NGN,10,7,NG,ios,retail,0
T00008237,F01184,360.35,NGN,9,3,US,web,fuel,0
T00015574,F00685,1998.4,NGN,16,5,NG,android,food,0
T00000083,F00915,858.05,NGN,14,4,NG,web,fuel,0
T00009226,F00015,703.03,NGN,8,8,NG,android,retail,0
T00003261,F00534,1333.31,NGN,7,2,GH,android,fuel,0
T00017102,F00734,4125.06,NGN,22,11,GB,android,food,0
T00012236,F01152,1243.75,NGN,6,10,GB,web,digital,0
T00015129,F00023,570.55,NGN,14,4,NG,ios,food,0
T00019417,F00908,465.95,NGN,21,6,GH,ios,fuel,0
T00000821,F00220,2072.53,NGN,15,12,US,ios,electronics,0
T00009538,F00966,1663.87,NGN,9,11,GH,ios,food,0
T00002753,F00824,728.36,NGN,3,7,US,android,retail,1
T00013816,F00884,3102.94,NGN,20,10,GH,android,electronics,0
T00012776,F00410,767.06,NGN,0,5,NG,android,digital,0
T00001381,F01011,3683.43,NGN,6,12,US,web,retail,0
T00016768,F00464,1918.72,NGN,19,4,GH,ios,electronics,0
T00005164,F00247,431.99,NGN,17,2,GB,android,travel,0
T00004533,F01075,3708.98,NGN,2,9,US,web,electronics,1
T00019903,F00890,559.78,NGN,23,11,NG,web,retail,0
T00008017,F01100,1328.41,NGN,19,10,GB,android,electronics,0
T00001754,F00957,5668.03,NGN,15,6,NG,web,retail,0
T00015676,F00650,3169.92,NGN,5,3,NG,web,food,0
T00006948,F01019,720.2,NGN,11,5,NG,ios,retail,0
T00014266,F00783,819.32,NGN,17,12,NG,android,travel,0
T00000317,F01070,728.85,NGN,18,12,GB,web,retail,0
T00000923,F00214,2612.14,NGN,22,8,US,android,food,0
T00015662,F00654,906.96,NGN,21,7,GB,android,food,0
T00002663,F00784,2202.2,NGN,19,2,NG,ios,digital,0
T00014809,F00333,1177.23,NGN,6,9,NG,web,food,0
T00013111,F00091,493.75,NGN,19,3,NG,web,retail,0
T00014383,F00489,2008.56,NGN,19,2,US,web,food,0
T00014041,F00301,2158.72,NGN,13,12,NG,web,travel,0
T00007977,F00523,352.13,NGN,13,1,NG,android,electronics,0
T00007556,F00833,445.88,NGN,5,1,NG,android,digital,0
T00000614,F00550,1272.82,NGN,6,5,NG,web,fuel,0
T00002554,F00284,5799.99,NGN,10,4,GB,android,electronics,0
T00001946,F00977,412.09,NGN,16,5,NG,web,electronics,0
T00012141,F00514,583.02,NGN,21,11,NG,android,food,0
T00013708,F01070,814.06,NGN,1,10,US,ios,food,1
T00019152,F00988,331.21,NGN,0,6,GH,ios,fuel,0
T00001594,F00003,978.35,NGN,7,7,NG,android,electronics,0
T00007340,F01200,1195.56,NGN,19,12,NG,web,digital,0
T00018599,F00975,1836.0,NGN,19,4,US,web,food,0
T00019887,F00616,420.64,NGN,21,10,US,web,fuel,0
T00012113,F01013,1767.23,NGN,8,12,NG,web,retail,0
T00017075,F00531,3058.51,NGN,10,6,NG,ios,retail,0
T00008092,F00695,744.15,NGN,3,2,NG,android,fuel,0
T00000635,F00989,1912.68,NGN,22,8,US,android,fuel,0
T00004890,F00707,319.09,NGN,16,6,US,ios,fuel,0
T00005838,F01046,1048.16,NGN,11,9,NG,web,food,0
T00012921,F01096,395.74,NGN,3,8,NG,web,food,1
T00014520,F00464,587.37,NGN,10,12,NG,android,digital,0
T00003037,F00957,10849.21,NGN,20,6,NG,android,digital,0
T00013523,F00538,755.23,NGN,16,6,NG,web,retail,0
T00001621,F00733,863.67,NGN,21,7,NG,ios,travel,0
T00006171,F00883,5679.51,NGN,15,6,GH,android,food,0
T00007102,F00382,192.03,NGN,5,3,NG,ios,food,0
T00005344,F00091,2116.3,NGN,23,4,GB,ios,electronics,0
T00002496,F00526,333.19,NGN,22,12,NG,ios,digital,0
T00007444,F01128,498.0,NGN,19,4,US,ios,digital,0
T00018384,F00357,984.9,NGN,11,1,NG,ios,food,0
T00002708,F00203,937.52,NGN,13,3,GB,web,fuel,0
T00018112,F00182,1447.37,NGN,8,7,GH,web,electronics,0
T00012875,F01096,330.89,NGN,17,3,NG,web,travel,0
T00005417,F00828,1068.72,NGN,17,10,NG,ios,electronics,0
T00000775,F00587,2612.06,NGN,10,3,US,android,food,0
T00011159,F00577,1670.42,NGN,1,12,NG,android,travel,1
T00000054,F00486,1282.48,NGN,0,11,US,android,digital,0
T00009672,F00856,799.52,NGN,4,9,US,ios,food,0
T00018777,F00264,4499.99,NGN,10,2,GH,ios,retail,0
T00002760,F00054,576.22,NGN,21,6,NG,web,electronics,0
T00015596,F00758,1221.42,NGN,4,9,GH,android,food,1
T00014174,F00323,423.5,NGN,2,5,NG,ios,digital,0
T00012894,F01137,730.46,NGN,12,3,NG,web,food,1
T00019625,F00680,607.46,NGN,13,1,NG,web,retail,0
T00005399,F00879,1451.17,NGN,22,9,GB,android,travel,0
T00012669,F00751,903.55,NGN,14,10,NG,ios,retail,0
T00019282,F00071,3458.37,NGN,2,1,GH,web,fuel,0
T00003558,F00414,282.33,NGN,9,11,US,ios,digital,0
T00002303,F01013,1907.07,NGN,6,3,GH,ios,retail,0
T00010287,F00932,6320.03,NGN,17,9,US,ios,travel,0
T00000533,F00083,5561.08,NGN,16,1,GB,android,electronics,0
T00018711,F00613,435.85,NGN,8,9,GB,web,digital,0
T00002561,F00817,359.6,NGN,9,9,US,web,digital,0
T00010456,F00106,1129.31,NGN,9,9,US,web,food,0
T00012198,F00406,1504.2,NGN,21,11,NG,ios,electronics,0
T00013645,F00324,304.27,NGN,10,10,GH,ios,retail,0
T00005423,F00384,754.45,NGN,13,3,NG,ios,digital,0
T00012244,F00664,243.16,NGN,2,10,NG,web,fuel,1
T00016465,F00996,987.88,NGN,19,8,US,android,travel,0
T00010251,F01095,625.94,NGN,9,10,NG,web,electronics,0
T00012169,F01080,1565.6,NGN,12,3,US,ios,digital,0
T00005147,F00094,485.56,NGN,13,1,US,android,electronics,0
T00011027,F00992,555.73,NGN,18,11,NG,ios,travel,0
T00012770,F01047,1402.92,NGN,12,8,GH,web,travel,0
T00003698,F00341,519.97,NGN,14,3,GB,ios,digital,0
T00001212,F01036,377.36,NGN,17,7,NG,android,travel,0
T00003732,F00504,251.13,NGN,1,5,NG,ios,electronics,0
T00016912,F00872,1429.74,NGN,20,8,GB,web,retail,0
T00017943,F00820,1561.5,NGN,14,7,NG,android,electronics,0
T00009559,F00888,837.37,NGN,21,6,GB,web,fuel,0
T00011633,F01123,256.37,NGN,6,1,GB,ios,travel,0
T00016592,F00952,1572.71,NGN,4,1,US,web,electronics,0
T00014399,F00872,2262.46,NGN,17,10,NG,android,food,0
T00007840,F00266,2029.57,NGN,9,7,GB,ios,food,0
T00014007,F00776,656.93,NGN,21,9,NG,web,electronics,0
T00011097,F00364,2146.03,NGN,12,10,GH,web,food,0
T00017301,F00156,872.79,NGN,12,9,US,android,fuel,0
T00019210,F01147,720.67,NGN,22,12,GH,ios,food,0
T00004467,F00903,1446.04,NGN,23,9,US,android,retail,0
T00016879,F00923,629.24,NGN,20,8,GB,ios,fuel,0
T00013472,F00938,1217.06,NGN,2,7,NG,android,digital,0
T00009519,F00301,1973.63,NGN,6,10,NG,web,food,0
T00013143,F00803,1706.19,NGN,9,1,NG,android,retail,0
T00012255,F00359,1481.17,NGN,3,4,NG,android,retail,0
T00018192,F00800,1464.37,NGN,9,7,NG,web,travel,0
T00017525,F00218,1026.89,NGN,5,1,GB,web,fuel,0
T00016078,F00300,1227.67,NGN,21,8,US,android,travel,0
T00009890,F00562,1790.05,NGN,18,9,NG,android,electronics,0
T00010383,F00775,2309.32,NGN,12,12,NG,ios,travel,0
T00006723,F00864,646.64,NGN,10,9,NG,web,retail,0
T00019433,F00201,3201.45,NGN,1,4,NG,ios,retail,0
T00004916,F00743,2156.87,NGN,2,5,GB,ios,travel,0
T00015231,F01103,2606.09,NGN,0,3,NG,web,food,0
T00002693,F00592,699.44,NGN,20,11,NG,web,digital,0
T00017780,F00894,5322.35,NGN,10,1,GH,ios,travel,0
T00009052,F00668,454.4,NGN,9,7,US,ios,electronics,0
T00000681,F00967,414.84,NGN,15,5,GB,web,retail,0
T00004535,F00224,1040.32,NGN,2,5,NG,android,travel,0
T00013923,F00474,213.61,NGN,20,8,NG,android,digital,0
T00000583,F00678,1434.17,NGN,19,12,NG,android,retail,1
T00018472,F01056,1023.12,NGN,7,3,GH,android,travel,0
T00000734,F00544,1949.42,NGN,20,10,NG,android,digital,0
T00001877,F00531,542.54,NGN,7,4,US,web,fuel,0
T00009885,F00246,160.75,NGN,11,7,NG,android,fuel,0
T00019040,F00088,1325.16,NGN,13,1,NG,ios,retail,0
T00009706,F00182,2562.83,NGN,14,2,US,ios,food,0
T00002617,F00029,473.84,NGN,8,2,GH,web,travel,0
T00009118,F00453,1241.88,NGN,18,4,GB,android,digital,0
T00001452,F00789,1849.79,NGN,8,3,GH,web,travel,0
T00004305,F00380,1733.34,NGN,8,8,US,web,electronics,1
T00012717,F01146,923.31,NGN,13,10,US,web,electronics,0
T00001163,F01123,636.27,NGN,11,2,NG,android,retail,0
T00004875,F01171,2064.83,NGN,4,7,NG,web,retail,1
T00011201,F00988,1601.61,NGN,11,2,NG,web,food,0
T00003472,F01060,1536.0,NGN,7,9,NG,ios,electronics,0
T00009401,F00957,2145.75,NGN,13,12,GH,android,digital,0
T00006254,F00013,710.13,NGN,17,7,US,android,food,0
T00003861,F00511,5103.53,NGN,12,4,NG,android,food,0
T00016526,F00425,1352.71,NGN,23,6,GH,web,travel,0
T00009937,F00775,3642.57,NGN,18,10,GB,android,travel,0
T00006206,F00837,3352.63,NGN,15,2,GH,android,food,0
T00003862,F00534,1212.9,NGN,18,4,NG,web,digital,0
T00011359,F00681,1731.09,NGN,12,1,GB,android,fuel,0
T00017293,F00819,336.41,NGN,9,9,NG,web,travel,0
T00004336,F00158,1952.37,NGN,11,12,NG,ios,electronics,0
T00002728,F00017,422.51,NGN,1,4,NG,web,retail,0
T00016712,F00510,906.2,NGN,9,1,GB,ios,travel,0
T00003400,F00104,881.3,NGN,18,1,GH,web,retail,0
T00019333,F00515,694.74,NGN,15,11,NG,android,travel,0
T00001054,F00999,741.03,NGN,8,6,NG,web,electronics,0
T00002826,F00355,494.79,NGN,20,4,NG,ios,electronics,0
T00000329,F00316,2325.43,NGN,7,10,NG,android,food,0
T00006976,F00970,4384.37,NGN,14,11,NG,web,retail,0
T00002596,F00943,1701.89,NGN,1,4,NG,web,food,0
T00008527,F00257,342.85,NGN,17,6,NG,web,electronics,0
T00017105,F00093,382.03,NGN,18,12,GB,web,retail,0
T00016440,F01147,1020.96,NGN,0,2,US,ios,digital,0
T00016247,F00808,1926.14,NGN,18,5,NG,android,travel,0
T00004281,F00057,3123.71,NGN,9,4,US,ios,digital,0
T00010391,F01117,1438.07,NGN,9,11,NG,android,travel,0
T00009602,F00110,374.15,NGN,6,2,GH,web,retail,0
T00006635,F00738,3258.76,NGN,11,9,US,android,digital,0
T00013824,F00659,1834.75,NGN,21,11,NG,web,digital,0
T00002734,F01175,1203.43,NGN,23,10,GH,android,food,0
T00006232,F00723,2368.4,NGN,18,6,GB,web,food,0
T00006274,F01109,3928.47,NGN,15,3,NG,web,digital,0
T00014139,F00464,857.98,NGN,3,6,US,web,fuel,1
T00016686,F00814,399.09,NGN,6,2,GH,android,digital,0
T00007571,F00157,161.28,NGN,0,4,NG,web,fuel,0
T00018749,F00623,262.04,NGN,18,9,NG,web,electronics,0
T00003321,F00637,339.45,NGN,10,10,NG,android,fuel,0
T00012673,F00701,4199.11,NGN,12,5,GB,android,electronics,0
T00009268,F01097,1655.18,NGN,7,9,NG,android,retail,0
T00005433,F00440,615.95,NGN,18,5,US,web,retail,0
T00019133,F00236,611.38,NGN,6,7,GB,android,digital,0
T00012465,F00124,799.36,NGN,15,10,NG,android,food,0
T00005572,F00047,3704.18,NGN,2,1,US,android,fuel,0
T00013535,F00094,1672.65,NGN,23,5,NG,ios,digital,0
T00000044,F00730,525.15,NGN,20,10,NG,ios,travel,0
T00012592,F00874,349.39,NGN,8,1,NG,ios,electronics,0
T00000785,F00680,2895.83,NGN,22,11,NG,web,travel,0
T00006004,F00904,1169.19,NGN,14,7,NG,android,food,0
T00011774,F00810,2281.54,NGN,17,2,NG,android,fuel,0
T00005305,F00735,653.81,NGN,17,4,US,web,food,0
T00007386,F00960,830.24,NGN,8,9,US,ios,retail,0
T00000715,F00137,422.02,NGN,9,6,NG,android,digital,0
T00002119,F00673,511.8,NGN,13,11,NG,ios,digital,0
T00007162,F00737,516.18,NGN,21,3,GH,ios,retail,0
T00004139,F00423,297.29,NGN,21,11,NG,ios,electronics,0
T00010449,F01004,660.85,NGN,15,7,US,android,fuel,1
T00016008,F00113,924.99,NGN,15,5,US,web,digital,0
T00008051,F00904,3396.97,NGN,21,5,GH,web,fuel,0
T00017218,F00419,4947.42,NGN,3,5,GH,web,retail,0
T00003378,F00451,1486.35,NGN,4,11,GB,web,food,0
T00017663,F00702,609.16,NGN,1,1,GH,web,food,0
T00010010,F01081,1085.43,NGN,12,11,GB,ios,food,0
T00018727,F00735,1004.89,NGN,16,11,US,android,digital,0
T00001464,F00817,4157.97,NGN,10,7,NG,web,retail,0
T00013137,F00533,434.75,NGN,2,9,GH,web,electronics,1
T00012333,F00931,173.4,NGN,4,12,NG,web,electronics,1
T00009005,F00195,1012.14,NGN,23,5,GB,web,retail,0
T00018272,F00089,481.73,NGN,6,4,NG,android,digital,0
T00016206,F00353,1506.62,NGN,14,3,NG,web,electronics,0
T00004222,F00145,1873.62,NGN,14,5,GB,android,electronics,0
T00019777,F00115,3828.88,NGN,18,12,NG,android,travel,0
T00016010,F00715,409.37,NGN,22,6,GB,android,travel,0
T00013404,F00166,347.14,NGN,0,4,GB,web,fuel,0
T00010092,F00056,3076.52,NGN,5,4,GH,ios,travel,0
T00008883,F00977,265.92,NGN,10,8,NG,web,electronics,0
T00001531,F00385,1809.96,NGN,6,8,NG,ios,fuel,0
T00017657,F00392,313.47,NGN,20,8,NG,ios,digital,1
T00005951,F00534,380.24,NGN,12,10,US,web,electronics,0
T00008664,F00408,1734.39,NGN,12,4,GH,android,food,0
T00014757,F00963,780.54,NGN,7,8,NG,web,food,0
T00018722,F01100,2436.97,NGN,14,12,NG,android,travel,0
T00016296,F00097,2074.46,NGN,4,1,US,android,retail,0
T00017304,F00043,1523.28,NGN,17,11,GB,web,electronics,0
T00012367,F00904,254.03,NGN,2,1,US,android,electronics,0
T00004912,F01040,1244.24,NGN,16,3,US,ios,digital,0
T00013823,F00915,2743.97,NGN,13,6,NG,ios,food,0
T00005490,F00281,2859.02,NGN,6,4,US,android,travel,0
T00018807,F00816,2908.51,NGN,3,11,GH,web,electronics,0
T00009279,F00648,8253.82,NGN,18,7,GB,ios,travel,0
T00012580,F00838,5079.63,NGN,13,5,NG,ios,retail,0
T00017841,F00642,400.27,NGN,10,1,GB,android,food,0
T00015904,F00537,1140.95,NGN,20,6,GB,android,travel,0
T00003356,F00156,483.45,NGN,17,3,NG,web,electronics,0
T00002202,F00950,2878.29,NGN,2,9,NG,ios,retail,0
T00018871,F00039,3047.47,NGN,11,4,NG,ios,food,0
T00007666,F00725,268.71,NGN,3,5,NG,web,travel,0
T00001115,F01079,368.38,NGN,0,11,GB,ios,travel,0
T00009477,F01161,894.98,NGN,2,12,GB,android,food,1
T00006276,F00927,2260.07,NGN,21,11,NG,android,electronics,0
T00006522,F00794,1822.13,NGN,18,4,GH,android,fuel,0
T00014446,F01020,1063.59,NGN,18,11,GH,ios,electronics,0
T00018079,F01029,1278.32,NGN,18,12,NG,web,digital,0
T00016529,F00106,820.55,NGN,23,1,GH,android,retail,0
T00003816,F00663,1916.19,NGN,21,9,NG,ios,travel,0
T00008934,F01156,586.48,NGN,17,1,US,ios,travel,0
T00014221,F00183,2547.74,NGN,22,7,NG,web,travel,0
T00019121,F00208,711.12,NGN,2,12,NG,ios,electronics,0
T00012185,F00792,2450.24,NGN,3,2,US,web,fuel,0
T00009342,F00192,2039.01,NGN,18,11,US,ios,electronics,0
T00005886,F00666,4274.98,NGN,6,2,GB,web,digital,0
T00006885,F00592,453.34,NGN,10,9,NG,web,food,0
T00011944,F00032,416.3,NGN,3,12,GB,ios,food,0
T00011251,F00881,1888.65,NGN,23,4,GH,ios,food,0
T00000771,F00881,1789.74,NGN,19,9,GH,ios,retail,0
T00004562,F00769,1525.98,NGN,8,1,NG,android,fuel,0
T00011135,F00702,1317.03,NGN,8,1,NG,ios,digital,0
T00014572,F01067,261.74,NGN,4,3,GH,web,travel,0
T00010719,F00376,1122.15,NGN,20,9,NG,android,retail,0
T00018645,F00672,755.21,NGN,22,2,NG,android,electronics,0
T00004045,F00199,943.85,NGN,13,3,NG,android,retail,0
T00019924,F00101,770.49,NGN,23,10,NG,web,electronics,0
T00012627,F01172,991.94,NGN,10,1,NG,web,digital,0
T00012029,F00983,1140.85,NGN,22,1,GB,android,electronics,0
T00003064,F00714,2157.51,NGN,16,3,GH,web,food,0
T00001016,F00231,782.39,NGN,13,12,US,web,travel,0
T00008306,F00626,285.73,NGN,21,12,NG,android,food,0
T00002417,F00215,973.53,NGN,1,11,GH,android,food,1
T00018985,F00582,1227.56,NGN,2,6,GH,android,electronics,1
T00012099,F01150,1969.03,NGN,10,3,NG,ios,retail,0
T00013202,F00581,1784.27,NGN,15,3,US,web,fuel,0
T00013627,F00915,886.72,NGN,6,6,NG,android,fuel,0
T00007916,F00164,852.95,NGN,8,2,US,android,retail,0
T00014292,F00307,1877.94,NGN,21,12,US,android,fuel,0
T00011067,F01097,350.15,NGN,9,1,US,android,fuel,0
T00005903,F00952,418.74,NGN,17,8,US,web,digital,0
T00015224,F00242,1715.02,NGN,10,12,GB,web,electronics,0
T00010558,F00399,2938.99,NGN,9,2,US,web,travel,0
T00008065,F00893,987.53,NGN,20,4,GB,web,electronics,0
T00007328,F00387,922.29,NGN,6,9,NG,ios,retail,0
T00003057,F01013,569.19,NGN,18,8,NG,web,travel,0
T00002385,F01120,2866.38,NGN,4,4,GB,android,electronics,0
T00011775,F00367,2667.33,NGN,15,5,NG,ios,fuel,0
T00019738,F00657,1231.95,NGN,6,2,NG,android,food,0
T00007224,F00801,1735.89,NGN,12,4,GB,ios,food,0
T00014842,F00715,2950.66,NGN,12,3,NG,android,food,0
T00002053,F00756,1555.87,NGN,15,3,GH,ios,food,0
T00003866,F00408,2705.98,NGN,12,2,GB,android,travel,0
T00002183,F00912,1251.12,NGN,4,9,US,web,food,0
T00009382,F00973,1842.42,NGN,18,7,NG,android,travel,0
T00012195,F01066,1021.94,NGN,19,9,NG,web,travel,0
T00012548,F01075,1729.16,NGN,2,8,NG,web,food,1
T00008289,F01137,1744.98,NGN,12,11,NG,web,food,0
T00007411,F00435,1280.89,NGN,12,6,NG,ios,travel,0
T00014010,F00665,730.72,NGN,2,12,US,android,retail,1
T00019257,F00815,4175.36,NGN,11,9,GB,ios,retail,0
T00001173,F00927,401.37,NGN,8,3,NG,android,digital,0
T00003779,F00949,1002.74,NGN,9,3,US,web,electronics,0
T00008778,F00084,690.3,NGN,18,1,NG,ios,electronics,0
T00003346,F00712,3318.19,NGN,11,4,GB,ios,retail,0
T00018918,F00701,732.55,NGN,8,4,NG,ios,electronics,0
T00000817,F00462,334.14,NGN,21,5,NG,android,digital,0
T00011952,F00872,1331.01,NGN,6,9,NG,android,food,0
T00014385,F00043,1974.74,NGN,5,8,GH,ios,retail,0
T00005797,F01044,329.49,NGN,9,4,NG,web,fuel,0
T00001052,F00748,349.01,NGN,11,3,NG,web,fuel,0
T00008115,F00144,2716.66,NGN,17,6,GB,web,digital,0
T00015932,F00982,627.48,NGN,2,1,NG,ios,electronics,0
T00015239,F00626,505.52,NGN,4,8,GB,web,travel,1
T00019280,F00675,628.87,NGN,23,9,GB,android,digital,0
T00019663,F01003,3153.58,NGN,9,2,GH,ios,food,0
T00014065,F00742,878.94,NGN,8,4,NG,web,digital,0
T00011288,F00541,1140.18,NGN,4,9,NG,android,digital,1
T00002807,F00655,2175.22,NGN,5,6,GH,web,food,0
T00012081,F00071,1953.4,NGN,6,4,NG,ios,digital,0
T00011826,F01121,1468.27,NGN,23,9,NG,ios,food,0
T00001158,F00339,347.35,NGN,13,9,US,web,retail,0
T00014870,F00853,726.68,NGN,1,5,NG,android,retail,0
T00012642,F01183,826.75,NGN,15,4,US,web,retail,0
T00011534,F00520,974.36,NGN,9,4,NG,android,digital,0
T00018371,F00439,215.2,NGN,14,8,NG,android,digital,0
T00006265,F00931,1691.49,NGN,4,4,GH,android,retail,0
T00012876,F00662,1239.27,NGN,12,3,NG,web,electronics,0
T00004457,F01199,4892.74,NGN,12,2,NG,android,travel,0
T00017556,F00088,1659.34,NGN,10,12,GB,web,digital,0
T00001671,F00629,988.36,NGN,4,2,US,ios,retail,0
T00019632,F00188,4230.22,NGN,0,2,US,ios,digital,0
T00008718,F00744,1221.41,NGN,4,1,GB,ios,travel,0
T00001527,F00333,2539.79,NGN,2,8,NG,android,food,0
T00000165,F00559,1257.31,NGN,14,4,NG,android,electronics,0
T00016850,F00105,995.28,NGN,22,9,NG,web,retail,0
T00009310,F00217,332.39,NGN,4,2,US,web,digital,0
T00006632,F00626,1004.72,NGN,23,7,US,web,travel,0
T00007999,F00137,606.91,NGN,10,12,NG,android,electronics,0
T00008697,F00272,2382.44,NGN,23,4,GB,web,food,0
T00011945,F00843,2089.44,NGN,3,12,NG,android,travel,0
T00001082,F01173,407.52,NGN,21,3,NG,ios,digital,0
T00008221,F00104,3379.96,NGN,6,10,NG,web,travel,0
T00014774,F00917,368.3,NGN,3,1,US,android,retail,0
T00010983,F00387,3734.58,NGN,10,8,NG,android,retail,0
T00009606,F00831,598.26,NGN,22,5,NG,web,digital,0
T00005478,F01165,505.18,NGN,5,11,GH,android,food,0
T00010953,F00258,214.46,NGN,3,1,NG,web,fuel,0
T00009078,F00004,570.44,NGN,5,6,NG,android,food,0
T00011818,F00427,657.53,NGN,9,6,GH,ios,travel,0
T00011202,F00905,795.93,NGN,3,12,NG,android,electronics,0
T00000353,F00430,943.47,NGN,16,3,US,ios,retail,0
T00006426,F00081,1751.02,NGN,11,12,NG,web,digital,0
T00009511,F00488,956.74,NGN,6,2,NG,android,fuel,0
T00009962,F01109,569.96,NGN,13,5,GH,ios,fuel,0
T00015032,F00918,2632.93,NGN,11,12,NG,web,electronics,0
T00004084,F00325,2490.83,NGN,22,9,US,web,food,0
T00008411,F00173,7933.3,NGN,21,6,NG,android,electronics,0
T00009633,F01041,1014.28,NGN,11,10,NG,android,digital,0
T00010583,F00753,1875.36,NGN,13,4,US,web,digital,0
T00005757,F00982,1368.5,NGN,22,3,GH,ios,digital,0
T00008911,F01061,1215.87,NGN,7,7,US,web,retail,0
T00015147,F00365,4190.27,NGN,20,6,US,web,retail,1
T00002821,F00505,276.97,NGN,6,2,US,android,digital,0
T00000337,F00050,1540.27,NGN,6,5,GH,ios,fuel,0
T00002252,F00376,1104.93,NGN,15,11,NG,android,retail,0
T00011953,F00179,6745.06,NGN,1,1,NG,ios,food,0
T00011120,F00636,208.49,NGN,8,1,NG,ios,food,0
T00009509,F00441,1142.95,NGN,21,2,NG,ios,electronics,0
T00000040,F00478,1143.99,NGN,20,4,NG,web,retail,0
T00013182,F00252,1362.94,NGN,22,12,GH,ios,food,0
T00001697,F00783,1269.23,NGN,1,3,US,web,electronics,0
T00002718,F01015,786.7,NGN,1,11,GB,android,digital,0
T00005221,F01058,471.92,NGN,18,2,US,android,electronics,0
T00015927,F00888,529.08,NGN,13,3,NG,ios,fuel,0
T00018820,F00308,4106.36,NGN,13,8,GH,android,digital,0
T00008322,F00302,3182.15,NGN,12,7,US,ios,digital,0
T00019349,F01032,1127.38,NGN,17,7,NG,android,retail,0
T00011602,F01181,2028.0,NGN,16,10,NG,android,digital,0
T00009022,F00070,580.14,NGN,18,12,NG,android,retail,0
T00018638,F00037,2202.26,NGN,7,6,US,ios,digital,0
T00007777,F00142,2670.57,NGN,8,8,GB,ios,fuel,0
T00008526,F00409,3033.75,NGN,3,6,NG,ios,electronics,1
T00003758,F00740,2542.96,NGN,13,10,GH,android,fuel,0
T00005606,F00737,833.98,NGN,13,8,GH,ios,digital,0
T00002156,F01053,560.6,NGN,23,6,NG,web,digital,0
T00009894,F01196,1551.93,NGN,12,8,NG,web,travel,0
T00014082,F00672,597.6,NGN,5,1,NG,android,digital,0
T00014168,F00818,106.37,NGN,12,11,GB,android,electronics,0
T00011189,F00436,558.26,NGN,9,7,GB,ios,electronics,0
T00005287,F00621,374.75,NGN,19,3,US,android,electronics,0
T00004564,F00538,3835.61,NGN,16,3,GH,ios,food,0
T00011651,F00617,1016.64,NGN,15,4,GB,android,digital,0
T00010054,F00614,611.64,NGN,22,11,GH,ios,fuel,0
T00001618,F00185,1257.41,NGN,11,1,GH,web,travel,0
T00013554,F01019,1121.66,NGN,21,5,NG,ios,travel,0
T00017933,F00692,680.42,NGN,4,2,US,ios,digital,0
T00015792,F00369,1367.17,NGN,22,5,NG,web,fuel,0
T00013561,F00828,658.52,NGN,6,1,NG,ios,retail,0
T00012843,F00642,654.74,NGN,9,3,NG,android,digital,0
T00017965,F00749,2788.6,NGN,4,5,NG,web,retail,0
T00001724,F00213,886.52,NGN,4,6,US,android,travel,1
T00004526,F01056,468.84,NGN,15,7,GH,ios,travel,0
T00016489,F00113,2670.07,NGN,22,3,US,ios,digital,0
T00002427,F00757,1894.88,NGN,6,2,NG,android,travel,0
T00003898,F00583,784.38,NGN,4,6,GH,web,fuel,1
T00009203,F00692,1174.02,NGN,7,11,US,android,electronics,0
T00002629,F00941,1230.47,NGN,15,2,NG,web,electronics,0
T00017826,F00981,1009.43,NGN,4,6,NG,ios,digital,1
T00008703,F00701,4382.74,NGN,1,11,NG,android,electronics,0
T00000518,F00215,2399.76,NGN,9,2,NG,web,fuel,0
T00010995,F00521,4229.85,NGN,15,4,NG,web,travel,0
T00016336,F01078,1197.71,NGN,4,6,NG,web,travel,1
T00008753,F00400,1860.36,NGN,19,12,NG,ios,travel,0
T00016118,F01171,1079.67,NGN,23,8,NG,android,digital,0
T00015648,F00100,434.51,NGN,21,5,GB,android,retail,0
T00016313,F00398,325.97,NGN,11,11,NG,android,travel,0
T00013959,F00585,334.0,NGN,6,4,GH,web,electronics,0
T00013004,F00212,453.14,NGN,17,11,US,web,electronics,0
T00003893,F00761,3087.51,NGN,7,11,US,web,electronics,0
T00010540,F00038,2220.75,NGN,7,8,GB,ios,retail,0
T00000352,F01171,371.82,NGN,16,9,GH,ios,travel,0
T00000449,F00920,908.44,NGN,9,5,GB,android,fuel,0
T00019003,F00980,896.24,NGN,22,8,NG,web,retail,0
T00003769,F00891,1543.13,NGN,19,12,NG,android,travel,0
T00016851,F01016,496.18,NGN,12,9,NG,web,digital,0
T00010818,F00766,1246.74,NGN,13,4,US,web,retail,0
T00001518,F00933,238.45,NGN,3,12,GB,ios,travel,1
T00014395,F00179,1149.15,NGN,8,6,GB,web,travel,0
T00010651,F01115,1496.27,NGN,14,6,NG,web,food,0
T00018207,F00822,1006.49,NGN,15,3,US,web,retail,0
T00000993,F00053,248.27,NGN,13,1,NG,android,fuel,0
T00018328,F00008,810.58,NGN,12,9,NG,web,food,0
T00009362,F00299,1315.97,NGN,4,11,NG,android,retail,1
T00006843,F01116,4482.05,NGN,23,4,GB,ios,electronics,0
T00001616,F00448,1729.12,NGN,15,8,NG,web,electronics,0
T00019608,F01155,934.33,NGN,19,11,NG,web,digital,0
T00018653,F00995,2055.49,NGN,1,10,NG,android,digital,0
T00003625,F00957,1253.49,NGN,7,8,US,android,travel,0
T00014463,F00350,238.88,NGN,2,7,NG,android,retail,1
T00017062,F00952,788.72,NGN,10,4,NG,ios,digital,0
T00003205,F00400,438.97,NGN,19,11,NG,web,digital,0
T00007063,F00983,2022.39,NGN,10,8,NG,ios,digital,0
T00005203,F00190,1077.43,NGN,10,3,NG,ios,digital,0
T00000879,F00310,5757.94,NGN,14,12,NG,ios,retail,1
T00016907,F01176,1001.15,NGN,3,4,GB,web,digital,0
T00006556,F00027,3730.12,NGN,23,9,NG,ios,fuel,0
T00011958,F00636,2825.11,NGN,3,1,US,android,fuel,0
T00013805,F00239,505.54,NGN,1,11,NG,ios,digital,1
T00009746,F00506,3203.62,NGN,15,6,GB,ios,food,0
T00009966,F00753,4044.31,NGN,7,6,GH,ios,digital,0
T00007005,F00880,3812.41,NGN,21,3,GB,android,electronics,0
T00008108,F00469,1182.59,NGN,18,8,GB,web,electronics,0
T00018894,F00500,1389.18,NGN,14,5,GH,android,digital,0
T00015218,F01006,6202.03,NGN,4,6,GH,ios,travel,1
T00001056,F00431,4349.85,NGN,9,10,GB,ios,fuel,0
T00012273,F00494,255.83,NGN,12,2,NG,android,food,0
T00004170,F00180,303.82,NGN,0,7,US,ios,food,0
T00006891,F00647,1083.66,NGN,11,2,GB,ios,food,0
T00010385,F00171,11069.97,NGN,12,9,NG,ios,food,0
T00013697,F00507,1738.76,NGN,17,1,NG,web,retail,0
T00012350,F00205,494.22,NGN,13,6,US,ios,food,0
T00017879,F00078,1095.1,NGN,5,6,NG,android,electronics,0
T00018352,F00181,3330.42,NGN,22,5,NG,web,travel,0
T00004604,F00974,426.99,NGN,2,3,NG,android,digital,0
T00000018,F01156,673.02,NGN,4,2,NG,web,retail,0
T00008308,F00269,1007.94,NGN,19,12,NG,ios,digital,0
T00001083,F00878,2464.0,NGN,22,4,NG,android,food,0
T00015074,F00562,3499.27,NGN,13,11,NG,ios,digital,0
T00005956,F01061,654.68,NGN,22,11,NG,ios,fuel,0
T00019237,F00763,3998.39,NGN,7,1,GH,android,electronics,0
T00004788,F00782,556.05,NGN,1,7,NG,ios,food,1
T00006341,F00682,1176.73,NGN,11,11,NG,ios,electronics,0
T00012314,F00900,457.96,NGN,8,4,US,android,food,0
T00017117,F00926,390.53,NGN,12,9,NG,web,electronics,0
T00017043,F00277,844.29,NGN,7,8,NG,android,retail,0
T00000123,F00962,480.64,NGN,6,11,GB,web,food,0
T00013721,F00068,1898.99,NGN,8,10,GB,ios,digital,0
T00007844,F00093,2058.62,NGN,19,7,NG,android,digital,0
T00002946,F00484,1177.37,NGN,3,11,NG,ios,food,1
T00009780,F00415,1050.98,NGN,22,4,NG,ios,electronics,0
T00017655,F00382,659.77,NGN,1,8,GB,web,food,1
T00005676,F00629,794.33,NGN,19,1,GB,android,travel,0
T00010071,F01166,261.5,NGN,19,1,NG,android,fuel,0
T00013105,F00901,512.27,NGN,0,1,NG,ios,retail,0
T00009621,F01188,647.57,NGN,8,5,NG,android,digital,0
T00007276,F00325,2316.15,NGN,18,6,NG,web,retail,0
T00017620,F00814,956.5,NGN,2,1,NG,ios,digital,0
T00009412,F00823,1522.76,NGN,10,9,NG,ios,retail,0
T00001740,F00484,1837.94,NGN,20,3,NG,web,travel,0
T00009114,F01068,191.5,NGN,6,11,NG,android,digital,0
T00017236,F00210,231.87,NGN,0,10,GB,android,electronics,0
T00012488,F00608,631.01,NGN,16,7,US,web,travel,0
T00009617,F00240,422.32,NGN,17,12,GH,android,travel,0
T00009805,F01170,1644.86,NGN,1,9,NG,ios,retail,1
T00010963,F00404,3813.14,NGN,20,6,GH,ios,travel,0
T00013348,F00390,275.05,NGN,7,2,NG,ios,digital,0
T00017242,F00067,226.04,NGN,8,8,GB,ios,retail,0
T00013031,F00817,1536.95,NGN,16,8,NG,web,fuel,0
T00003561,F00989,998.19,NGN,10,10,US,web,electronics,0
T00011117,F00938,2642.08,NGN,1,3,US,ios,travel,0
T00016040,F00381,892.59,NGN,6,3,US,web,retail,0
T00009720,F00537,1227.44,NGN,13,3,NG,android,retail,0
T00015953,F00059,3555.8,NGN,12,10,NG,web,fuel,0
T00011754,F00285,301.46,NGN,18,3,NG,web,electronics,0
T00017061,F00415,681.19,NGN,12,7,NG,android,retail,1
T00017850,F00747,2143.57,NGN,13,4,US,ios,digital,0
T00015206,F00050,637.37,NGN,23,8,US,android,fuel,0
T00017809,F00293,455.18,NGN,0,4,GH,android,retail,0
T00011736,F00518,1057.52,NGN,22,5,US,web,digital,0
T00008773,F00765,1811.9,NGN,0,10,NG,web,fuel,0
T00001362,F00421,4202.26,NGN,10,6,GH,ios,electronics,0
T00010441,F00072,878.8,NGN,14,2,NG,web,fuel,0
T00019384,F00865,1473.32,NGN,22,4,NG,android,fuel,0
T00004464,F01046,594.49,NGN,1,6,US,web,travel,0
T00002428,F01184,1505.57,NGN,6,9,NG,web,travel,0
T00001832,F00241,555.38,NGN,0,2,GH,web,electronics,0
T00019295,F00845,4494.84,NGN,6,2,GH,web,food,0
T00002393,F00497,276.88,NGN,10,3,NG,android,fuel,0
T00008266,F01199,502.11,NGN,8,5,GB,web,fuel,0
T00011114,F00396,2002.73,NGN,22,7,GH,ios,digital,0
T00013091,F00318,1200.0,NGN,13,11,GH,ios,fuel,0
T00012727,F00220,2062.43,NGN,7,12,GH,web,food,0
T00000813,F00984,542.01,NGN,3,1,NG,ios,digital,0
T00017344,F00514,1036.47,NGN,21,12,US,android,fuel,0
T00010032,F00914,2601.39,NGN,19,4,GH,ios,electronics,0
T00005954,F00953,429.99,NGN,6,12,NG,web,travel,0
T00014931,F01095,188.14,NGN,15,8,NG,ios,travel,0
T00014147,F01158,2452.75,NGN,19,8,NG,android,travel,0
T00017963,F00829,6988.99,NGN,21,12,NG,android,retail,0
T00018097,F00059,2023.23,NGN,2,9,NG,web,electronics,1
T00000496,F00438,2070.48,NGN,0,11,US,web,travel,0
T00017739,F00189,2401.93,NGN,11,3,NG,web,retail,0
T00004885,F00297,2128.12,NGN,12,11,US,ios,fuel,0
T00008591,F00021,1981.2,NGN,19,11,NG,web,retail,0
T00007345,F00351,2603.72,NGN,23,6,GH,ios,electronics,0
T00001840,F01162,1379.93,NGN,5,2,NG,web,retail,0
T00008752,F01092,338.12,NGN,8,8,NG,android,digital,0
T00017170,F00501,1574.71,NGN,7,10,GH,ios,travel,0
T00015873,F01039,443.75,NGN,9,10,GB,ios,travel,0
T00016345,F00671,2722.52,NGN,5,7,US,ios,electronics,0
T00012545,F00669,816.81,NGN,13,5,US,android,travel,0
T00013753,F00023,707.33,NGN,15,3,GH,web,travel,0
T00010033,F00818,2454.48,NGN,3,1,NG,web,fuel,0
T00012887,F00534,528.08,NGN,5,8,NG,web,travel,0
T00003651,F00168,1020.64,NGN,16,12,GB,web,digital,0
T00011044,F00696,1660.28,NGN,4,9,NG,ios,retail,1
T00019655,F00568,534.64,NGN,16,12,GH,web,fuel,0
T00003181,F00141,553.39,NGN,7,6,NG,ios,electronics,0
T00009801,F00053,151.7,NGN,19,1,NG,web,travel,0
T00019600,F00372,547.12,NGN,19,7,NG,web,food,0
T00011307,F00401,1985.93,NGN,13,3,GH,ios,retail,0
T00015847,F01040,4548.47,NGN,9,1,GH,android,retail,0
T00010212,F00780,4062.52,NGN,10,3,NG,android,electronics,0
T00015154,F00154,333.27,NGN,12,10,NG,ios,travel,0
T00011300,F01121,2940.89,NGN,23,7,NG,android,digital,0
T00001759,F00875,1024.36,NGN,18,2,NG,web,electronics,0
T00000048,F00211,601.06,NGN,10,10,GB,ios,fuel,0
T00011750,F00783,767.98,NGN,0,11,NG,ios,digital,0
T00010418,F00336,1964.68,NGN,7,2,NG,android,food,0
T00001767,F00823,2298.07,NGN,14,1,NG,android,electronics,0
T00005710,F00739,314.76,NGN,19,2,NG,ios,food,0
T00006561,F00633,867.25,NGN,19,1,NG,ios,retail,0
T00006654,F00667,1173.15,NGN,20,7,NG,web,electronics,0
T00018055,F01173,2705.24,NGN,16,8,NG,web,retail,0
T00007963,F00994,2587.15,NGN,12,12,US,web,retail,0
T00004254,F00676,1420.1,NGN,20,4,GH,web,food,0
T00016280,F00994,340.14,NGN,21,7,NG,web,fuel,0
T00009465,F00279,2340.35,NGN,3,10,NG,android,digital,1
T00012619,F00994,1081.11,NGN,23,6,GB,android,digital,0
T00019052,F01105,1177.71,NGN,14,7,NG,ios,retail,0
T00006983,F01059,1838.02,NGN,7,7,NG,android,digital,0
T00016969,F00317,489.09,NGN,11,12,NG,android,food,0
T00013421,F00946,3378.84,NGN,2,5,NG,ios,electronics,0
T00001780,F00554,9527.11,NGN,3,10,NG,android,digital,1
T00011108,F00606,4922.59,NGN,11,8,NG,ios,electronics,0
T00003266,F00594,1516.16,NGN,6,6,GH,android,fuel,0
T00008039,F00333,4415.39,NGN,4,5,NG,ios,electronics,0
T00018143,F00673,244.44,NGN,15,1,GH,ios,food,0
T00017276,F00949,357.67,NGN,16,5,NG,android,retail,0
T00003430,F00621,189.55,NGN,11,6,NG,web,digital,0
T00010079,F00433,467.92,NGN,15,5,NG,android,fuel,0
T00019423,F00343,2928.54,NGN,1,9,NG,ios,fuel,1
T00016737,F00643,620.93,NGN,3,2,NG,android,digital,0
T00012891,F00765,450.86,NGN,19,8,NG,ios,electronics,0
T00008594,F00433,1895.97,NGN,2,2,NG,ios,retail,0
T00000871,F00278,2933.6,NGN,20,7,US,ios,fuel,0
T00007665,F00370,5502.19,NGN,21,6,NG,ios,digital,0
T00003213,F00796,1418.73,NGN,20,9,NG,ios,retail,0
T00002809,F00733,8513.91,NGN,3,1,NG,android,fuel,0
T00019525,F01172,480.61,NGN,4,6,NG,android,digital,1
T00005880,F00004,993.89,NGN,22,2,US,web,fuel,0
T00015692,F00116,1565.45,NGN,14,6,NG,android,electronics,0
T00009658,F00117,3014.36,NGN,13,3,NG,android,travel,0
T00014838,F00484,814.09,NGN,16,6,GH,web,fuel,0
T00003048,F00333,274.43,NGN,13,5,NG,web,travel,0
T00003244,F00098,2102.53,NGN,3,6,US,web,retail,0
T00013547,F00404,1049.08,NGN,0,2,US,web,electronics,0
T00006761,F00621,1062.45,NGN,10,4,NG,android,electronics,0
T00004412,F00083,254.71,NGN,5,10,GH,web,digital,0
T00015750,F00487,870.83,NGN,1,4,GH,web,electronics,0
T00005959,F01035,1960.29,NGN,19,1,NG,android,food,0
T00006545,F00630,273.98,NGN,9,9,NG,android,electronics,0
T00001011,F00948,1844.54,NGN,5,2,NG,web,electronics,0
T00005559,F00739,531.81,NGN,13,6,NG,ios,fuel,0
T00012896,F00252,5041.21,NGN,3,2,GB,ios,retail,0
T00000979,F00189,946.91,NGN,9,1,US,web,fuel,0
T00004342,F00447,759.45,NGN,22,10,GB,web,electronics,0
T00008166,F01182,3711.73,NGN,17,8,GB,web,retail,0
T00002091,F01098,714.12,NGN,5,9,NG,web,electronics,0
T00000239,F00529,2970.31,NGN,0,11,NG,android,travel,0
T00013241,F00161,1178.22,NGN,15,12,GB,web,digital,0
T00008945,F00673,1834.0,NGN,3,7,NG,android,travel,0
T00009446,F00236,939.9,NGN,17,2,NG,ios,digital,0
T00012399,F01107,1084.57,NGN,13,10,US,web,retail,0
T00007928,F00331,354.2,NGN,11,7,NG,ios,food,0
T00018954,F00124,4535.39,NGN,19,10,US,ios,fuel,0
T00003311,F00330,1813.69,NGN,23,2,NG,web,travel,0
T00006563,F01152,704.78,NGN,11,9,GH,ios,food,0
T00002046,F00388,777.25,NGN,23,10,GB,android,retail,0
T00016873,F00735,900.05,NGN,1,4,US,android,electronics,0
T00009542,F00626,3456.14,NGN,3,7,NG,android,retail,0
T00010162,F00559,2751.33,NGN,16,5,US,ios,digital,0
T00015787,F01037,540.12,NGN,10,7,GH,web,electronics,0
T00004737,F00360,2647.01,NGN,6,10,NG,web,retail,0
T00006701,F00478,637.96,NGN,5,12,NG,ios,food,0
T00003992,F00227,5174.28,NGN,13,11,US,web,retail,0
T00015371,F00168,462.36,NGN,6,4,NG,web,travel,0
T00006722,F01169,1320.31,NGN,1,2,GB,ios,digital,0
T00018344,F00504,3443.22,NGN,14,7,NG,ios,travel,0
T00008764,F00357,2342.23,NGN,6,3,GB,android,fuel,0
T00005492,F00662,537.47,NGN,16,2,NG,web,retail,0
T00008899,F00183,444.98,NGN,21,9,GH,web,travel,0
T00008642,F00438,216.4,NGN,13,2,GH,ios,fuel,0
T00018046,F00934,408.89,NGN,6,7,NG,web,retail,0
T00002327,F00882,790.22,NGN,8,5,GB,android,fuel,0
T00000924,F01177,334.07,NGN,22,6,GB,android,electronics,0
T00018227,F00596,1338.11,NGN,12,12,NG,web,electronics,0
T00010660,F00203,901.9,NGN,20,11,NG,android,fuel,0
T00010764,F00466,528.78,NGN,14,6,NG,ios,retail,0
T00003364,F00305,4714.16,NGN,6,5,NG,android,digital,0
T00010326,F00919,388.93,NGN,7,6,NG,ios,retail,0
T00018161,F00011,295.42,NGN,19,9,NG,android,food,0
T00014932,F00950,1095.65,NGN,20,7,NG,ios,fuel,0
T00011476,F00903,1933.31,NGN,13,5,NG,ios,retail,0
T00019917,F01098,836.38,NGN,21,3,GH,ios,retail,0
T00009974,F00381,4121.99,NGN,20,2,NG,web,travel,0
T00006126,F00526,2075.32,NGN,6,6,US,web,food,0
T00013174,F00207,871.09,NGN,9,2,GH,web,travel,0
T00009513,F00229,2644.35,NGN,21,12,NG,web,digital,0
T00011170,F01016,1939.68,NGN,18,8,GH,ios,electronics,0
T00017330,F00250,358.6,NGN,21,8,NG,ios,travel,0
T00006877,F00507,644.89,NGN,19,5,NG,ios,electronics,0
T00003117,F00925,1573.09,NGN,2,10,NG,android,food,1
T00018274,F00999,395.39,NGN,11,11,NG,ios,digital,0
T00006762,F00602,1267.48,NGN,7,5,NG,ios,digital,0
T00019494,F00161,9763.92,NGN,9,12,US,ios,food,0
T00011816,F00412,1421.03,NGN,15,2,NG,ios,fuel,0
T00012364,F00908,1105.86,NGN,23,10,US,ios,travel,0
T00006248,F00950,1306.73,NGN,17,6,US,web,food,0
T00002869,F01115,1267.03,NGN,5,8,NG,web,digital,0
T00010589,F00595,3032.8,NGN,3,12,NG,android,food,1
T00010451,F00095,902.41,NGN,22,8,GB,ios,fuel,0
T00013113,F00330,1778.02,NGN,6,6,NG,web,digital,0
T00003685,F00024,1947.34,NGN,15,10,GB,ios,travel,0
T00006135,F00832,552.42,NGN,18,9,GH,android,travel,0
T00008328,F00098,1029.23,NGN,11,12,GH,ios,electronics,0
T00007300,F00847,981.04,NGN,9,5,US,ios,fuel,0
T00019707,F00490,538.05,NGN,2,8,US,web,food,1
T00015586,F00289,612.35,NGN,17,7,US,android,digital,0
T00002609,F00986,903.21,NGN,8,6,NG,ios,digital,0
T00013007,F01076,306.1,NGN,19,6,NG,android,retail,0
T00013445,F00377,386.29,NGN,10,3,GH,android,fuel,0
T00019835,F00899,651.56,NGN,20,2,NG,ios,digital,0
T00002176,F00774,334.36,NGN,5,4,GB,web,electronics,0
T00001383,F01041,5358.0,NGN,11,11,NG,android,electronics,0
T00019797,F00743,1050.31,NGN,6,1,NG,android,electronics,0
T00016733,F00158,465.96,NGN,9,1,NG,web,retail,0
T00013333,F00118,5011.36,NGN,0,8,GH,web,electronics,0
T00018794,F01112,646.87,NGN,23,1,NG,ios,food,0
T00013799,F00818,2917.49,NGN,8,7,NG,android,fuel,0
T00015583,F00858,697.5,NGN,10,11,GB,ios,digital,0
T00011423,F01047,208.79,NGN,13,12,GH,android,fuel,0
T00011557,F00568,417.88,NGN,10,1,NG,web,digital,0
T00008663,F01114,2045.88,NGN,22,1,GB,ios,digital,0
T00017044,F00025,468.1,NGN,23,12,NG,web,food,0
T00000113,F00506,1870.09,NGN,11,5,NG,android,retail,0
T00014826,F00731,900.42,NGN,8,12,GH,android,travel,0
T00016184,F00705,528.73,NGN,10,1,NG,web,retail,0
T00000930,F00275,9309.6,NGN,6,2,GH,web,food,0
T00008260,F00220,535.5,NGN,10,10,NG,android,food,0
T00017720,F00534,3056.13,NGN,13,12,GH,ios,food,0
T00017390,F00886,1416.32,NGN,23,6,GH,android,travel,0
T00018958,F00057,1473.07,NGN,8,1,NG,android,food,0
T00006113,F00858,1759.12,NGN,0,8,NG,android,electronics,0
T00004675,F00594,540.43,NGN,23,3,NG,android,fuel,0
T00008691,F00758,6459.21,NGN,9,8,NG,web,food,0
T00005835,F00353,3028.73,NGN,19,9,NG,web,electronics,0
T00003093,F01055,4109.44,NGN,12,2,NG,ios,fuel,0
T00009148,F00792,772.59,NGN,10,6,NG,web,digital,0
T00003852,F00388,351.39,NGN,2,7,US,web,travel,0
T00011596,F00808,570.83,NGN,16,11,US,android,fuel,0
T00000657,F01099,6846.92,NGN,1,5,NG,web,electronics,0
T00006950,F00718,2059.06,NGN,6,6,NG,ios,electronics,0
T00001331,F00843,1278.58,NGN,13,8,NG,ios,fuel,0
T00015724,F00916,257.92,NGN,13,12,NG,android,fuel,0
T00002199,F00376,305.49,NGN,9,8,NG,android,food,0
T00011740,F00608,1707.06,NGN,1,8,GH,android,fuel,0
T00019352,F00708,3188.79,NGN,2,4,NG,android,retail,0
T00009872,F00002,660.95,NGN,22,3,NG,android,travel,0
T00008843,F01196,1686.03,NGN,9,6,NG,android,retail,0
T00008217,F01165,1311.86,NGN,23,6,NG,web,retail,0
T00001323,F01048,1361.28,NGN,8,7,NG,ios,travel,0
T00007552,F01146,1525.89,NGN,11,8,NG,android,travel,0
T00016675,F00344,1799.98,NGN,7,2,GH,ios,digital,0
T00016637,F00438,304.91,NGN,22,1,US,ios,fuel,1
T00008400,F00243,1744.6,NGN,22,11,NG,web,travel,0
T00006463,F00827,1752.76,NGN,0,11,GB,ios,travel,0
T00016229,F00264,685.77,NGN,17,10,NG,ios,electronics,0
T00012668,F00322,1221.74,NGN,19,7,US,ios,fuel,0
T00001951,F00147,2150.26,NGN,14,6,NG,ios,electronics,0
T00008204,F00152,8043.28,NGN,19,7,GB,web,travel,0
T00019075,F00149,849.24,NGN,20,4,GH,android,travel,0
T00010942,F00382,585.12,NGN,10,1,GH,ios,digital,0
T00005759,F00707,406.31,NGN,18,12,NG,android,digital,0
T00017721,F00957,322.63,NGN,22,8,US,web,travel,0
T00003275,F01034,357.11,NGN,11,8,NG,web,electronics,0
T00016034,F00635,3027.46,NGN,3,2,NG,android,food,0
T00019148,F00065,1300.16,NGN,12,3,NG,web,fuel,0
T00001520,F01009,1142.63,NGN,2,12,NG,web,travel,0
T00014337,F00148,696.36,NGN,7,8,GB,android,travel,0
T00003157,F00963,1586.27,NGN,6,1,NG,web,electronics,0
T00012944,F00171,1569.54,NGN,7,7,NG,android,electronics,0
T00006764,F00211,509.48,NGN,7,8,GH,ios,retail,0
T00018636,F00863,3380.25,NGN,21,3,NG,ios,digital,0
T00001979,F01125,1780.02,NGN,20,4,GB,ios,food,0
T00005746,F00292,758.71,NGN,20,11,NG,ios,electronics,0
T00008661,F00718,113.46,NGN,22,7,NG,web,retail,0
T00002850,F00338,1330.7,NGN,5,5,NG,android,retail,0
T00019959,F00952,2546.23,NGN,5,2,NG,web,retail,0
T00001522,F00434,264.16,NGN,19,4,GH,web,food,0
T00015503,F01041,320.13,NGN,6,10,NG,ios,food,0
T00013054,F01022,1334.07,NGN,3,9,GH,ios,electronics,1
T00019161,F00892,1598.11,NGN,16,7,NG,android,electronics,0
T00002485,F01110,1415.06,NGN,7,12,NG,web,digital,0
T00010268,F00906,1411.31,NGN,16,7,NG,ios,fuel,0
T00015496,F00538,570.21,NGN,23,4,NG,ios,digital,0
T00006266,F00172,549.41,NGN,3,4,GB,android,digital,0
T00003197,F01122,923.57,NGN,1,2,NG,android,food,0
T00009945,F00354,758.14,NGN,18,6,GB,web,electronics,0
T00002210,F01087,187.76,NGN,23,10,GB,web,digital,0
T00008855,F00297,2991.35,NGN,23,8,GB,web,electronics,0
T00017675,F00469,1103.8,NGN,21,5,NG,ios,retail,0
T00012721,F00195,1513.83,NGN,4,7,NG,android,travel,0
T00006144,F00741,2130.75,NGN,8,12,GH,web,travel,0
T00018024,F00929,4665.78,NGN,3,2,GH,web,electronics,0
T00011008,F01034,733.59,NGN,14,1,NG,web,fuel,0
T00004459,F01178,2118.44,NGN,12,7,GH,ios,travel,0
T00010508,F00644,3411.5,NGN,1,6,US,web,travel,1
T00019120,F00490,2561.0,NGN,6,9,NG,android,electronics,0
T00009578,F00780,4474.86,NGN,17,4,NG,web,retail,0
T00009703,F00022,1061.32,NGN,16,1,NG,ios,fuel,0
T00019560,F00611,1292.56,NGN,5,4,GH,android,digital,0
T00001152,F00811,1562.83,NGN,11,11,NG,ios,travel,0
T00018607,F00435,365.16,NGN,21,7,GB,web,digital,0
T00015754,F00623,502.89,NGN,15,2,US,android,food,0
T00002666,F00700,557.99,NGN,17,12,GH,ios,food,0
T00003102,F00182,712.39,NGN,9,5,NG,ios,retail,0
T00011337,F00069,1462.82,NGN,12,1,GH,ios,retail,0
T00008376,F00277,3309.37,NGN,16,1,NG,ios,fuel,0
T00009515,F00185,1283.93,NGN,8,12,NG,web,fuel,0
T00004030,F00958,1278.18,NGN,6,1,GB,android,food,0
T00003072,F01114,476.66,NGN,9,3,NG,web,travel,0
T00006544,F00009,4002.97,NGN,6,3,GH,ios,digital,0
T00017846,F00529,310.68,NGN,9,2,NG,ios,digital,0
T00003603,F00098,526.18,NGN,12,12,NG,android,electronics,0
T00000283,F00045,1719.76,NGN,15,2,US,web,food,0
T00005706,F00474,227.26,NGN,5,7,NG,web,digital,0
T00008596,F00457,675.17,NGN,0,12,NG,ios,fuel,0
T00008942,F00472,1846.3,NGN,0,12,NG,ios,retail,0
T00003619,F00850,1063.62,NGN,21,4,NG,ios,electronics,0
T00017093,F00936,4899.97,NGN,19,10,GH,ios,travel,0
T00018832,F00776,1231.16,NGN,23,7,GH,ios,food,0
T00000432,F00908,1177.47,NGN,23,5,NG,ios,digital,0
T00016012,F00878,1517.02,NGN,14,2,NG,android,travel,0
T00013849,F01163,1168.55,NGN,4,6,GH,web,electronics,1
T00003174,F00942,920.65,NGN,5,11,GH,android,travel,0
T00005600,F01171,546.03,NGN,1,9,NG,web,travel,1
T00002455,F00951,1325.33,NGN,15,8,GB,web,travel,0
T00002086,F01105,3950.27,NGN,23,10,GH,ios,electronics,0
T00018824,F00786,358.51,NGN,20,4,NG,ios,electronics,0
T00011796,F00042,3235.03,NGN,7,10,US,android,fuel,0
T00010568,F00187,2007.32,NGN,8,5,US,ios,fuel,0
T00016680,F00791,1062.4,NGN,6,6,US,web,electronics,0
T00017767,F00175,2727.1,NGN,1,2,US,web,electronics,0
T00004993,F00277,3467.23,NGN,22,2,GH,web,fuel,0
T00000573,F00335,160.82,NGN,8,1,NG,android,food,0
T00007559,F00836,1309.44,NGN,8,10,NG,android,fuel,0
T00014783,F00880,345.7,NGN,5,11,NG,web,digital,0
T00000662,F01040,1085.72,NGN,4,10,NG,web,fuel,1
T00011357,F01078,1020.25,NGN,18,2,NG,ios,travel,0
T00019772,F00944,1468.58,NGN,9,8,NG,android,travel,0
T00007845,F00803,4505.87,NGN,11,6,US,ios,retail,0
T00000328,F01059,968.76,NGN,15,6,GB,web,food,0
T00019328,F00066,2274.32,NGN,8,12,US,ios,travel,0
T00006460,F00161,293.18,NGN,12,8,GH,android,food,0
T00005473,F00605,642.3,NGN,4,2,NG,web,food,0
T00007616,F00327,881.94,NGN,13,4,US,web,food,0
T00013701,F01098,1510.34,NGN,17,2,NG,ios,fuel,0
T00015431,F00952,2713.57,NGN,8,8,NG,web,travel,0
T00009524,F00704,1969.74,NGN,16,1,GH,android,food,0
T00008468,F00835,1144.41,NGN,17,9,US,web,food,0
T00009733,F00025,1798.66,NGN,3,2,GH,web,food,0
T00003680,F00653,9113.48,NGN,4,3,NG,web,travel,0
T00018732,F00018,879.69,NGN,6,12,NG,web,electronics,0
T00007323,F00542,674.88,NGN,0,8,NG,ios,food,0
T00014885,F00024,376.52,NGN,21,9,GH,android,retail,0
T00008939,F01135,4186.83,NGN,0,11,NG,ios,retail,0
T00007065,F00878,2560.89,NGN,6,8,NG,web,fuel,0
T00009019,F00677,485.94,NGN,23,3,NG,android,travel,0
T00011057,F01168,558.7,NGN,17,12,GH,web,food,0
T00018951,F00320,1135.23,NGN,1,8,GH,web,travel,0
T00017703,F00209,904.13,NGN,11,6,US,android,food,0
T00002103,F00634,638.87,NGN,15,10,US,web,digital,0
T00000658,F00917,1246.14,NGN,5,10,NG,web,food,0
T00010006,F00151,576.73,NGN,6,3,NG,web,fuel,0
T00013594,F01075,251.29,NGN,0,9,NG,web,fuel,0
T00002993,F00937,558.94,NGN,23,7,NG,web,digital,0
T00015389,F01023,1020.2,NGN,12,8,NG,web,digital,0
T00017947,F00384,582.53,NGN,11,4,GB,ios,electronics,1
T00006115,F00249,1235.71,NGN,22,10,NG,android,travel,0
T00011814,F00867,2301.98,NGN,20,2,NG,android,electronics,0
T00002021,F00706,3077.53,NGN,22,12,NG,android,fuel,0
T00017793,F00672,1801.11,NGN,6,11,NG,android,electronics,0
T00013806,F00022,1110.83,NGN,9,9,GH,web,retail,0
T00015779,F00728,1391.96,NGN,15,12,NG,ios,food,0
T00004680,F00137,602.43,NGN,17,12,US,android,digital,0
T00010022,F01042,736.11,NGN,22,11,US,ios,electronics,0
T00016400,F01077,1511.38,NGN,17,6,US,ios,digital,0
T00017035,F00844,716.95,NGN,9,10,NG,android,digital,0
T00004263,F00073,1048.01,NGN,20,9,US,ios,retail,0
T00014077,F00624,1762.3,NGN,22,10,NG,android,travel,0
T00009405,F00086,869.31,NGN,14,2,US,ios,electronics,0
T00003317,F01139,787.03,NGN,12,4,NG,android,retail,0
T00018034,F00613,711.55,NGN,7,1,US,android,fuel,0
T00019641,F00620,2718.75,NGN,16,3,NG,ios,fuel,0
T00013809,F00514,165.61,NGN,18,6,GB,android,fuel,0
T00001477,F00237,2129.19,NGN,6,3,NG,android,electronics,0
T00013066,F01113,556.39,NGN,7,4,NG,ios,electronics,0
T00015598,F00611,792.35,NGN,23,11,NG,web,electronics,0
T00005830,F00299,4355.61,NGN,14,10,GB,ios,travel,0
T00000397,F00437,763.95,NGN,21,7,GH,ios,electronics,0
T00010467,F01097,2292.27,NGN,21,6,GH,web,digital,0
T00010249,F00078,699.73,NGN,1,2,GH,web,electronics,0
T00015444,F00363,2493.86,NGN,23,5,GB,web,food,0
T00003098,F00503,1564.1,NGN,12,1,GB,web,digital,0
T00010597,F00222,1728.57,NGN,13,12,GB,android,electronics,0
T00006653,F00214,241.42,NGN,2,7,GB,web,fuel,0
T00002061,F00101,2076.46,NGN,11,2,NG,android,electronics,0
T00000952,F00027,2481.1,NGN,6,3,US,web,travel,0
T00010013,F00122,2115.05,NGN,2,11,NG,android,digital,1
T00019956,F00139,1927.17,NGN,5,2,NG,ios,food,0
T00014050,F00452,920.01,NGN,18,4,GB,android,digital,0
T00010321,F00765,1474.23,NGN,18,12,GB,ios,electronics,0
T00000651,F00685,614.44,NGN,4,4,NG,android,retail,0
T00013846,F01017,830.87,NGN,8,1,NG,ios,travel,0
T00013952,F00510,1457.36,NGN,2,4,GB,web,retail,0
T00005592,F00230,5751.56,NGN,15,6,US,android,digital,0
T00010687,F00261,1952.42,NGN,6,10,GB,ios,food,0
T00017097,F00139,1232.73,NGN,4,8,NG,android,retail,0
T00015021,F00683,907.3,NGN,21,7,US,web,digital,0
T00003537,F00781,1416.9,NGN,6,1,US,web,retail,0
T00013179,F01018,865.82,NGN,15,5,NG,ios,food,0
T00017574,F00983,1050.43,NGN,3,3,NG,web,retail,0
T00001755,F00591,2703.42,NGN,10,3,GH,android,fuel,0
T00005361,F01078,923.33,NGN,1,4,GH,ios,electronics,0
T00017280,F00325,2183.46,NGN,3,6,NG,android,electronics,1
T00010439,F00380,1410.83,NGN,21,12,GB,web,digital,0
T00004977,F00664,1591.98,NGN,17,9,GH,web,electronics,0
T00010219,F00749,231.62,NGN,22,5,GB,ios,food,0
T00018300,F00513,2317.26,NGN,19,11,US,web,food,0
T00005506,F00275,3801.24,NGN,3,9,GH,web,digital,0
T00016274,F00973,1885.58,NGN,5,1,NG,web,travel,0
T00005668,F00166,1458.14,NGN,16,5,GH,ios,retail,0
T00012043,F00065,469.37,NGN,5,6,US,ios,travel,0
T00002341,F00473,4674.34,NGN,10,3,NG,android,retail,0
T00010609,F00129,457.02,NGN,1,4,NG,android,travel,0
T00001440,F00355,728.11,NGN,2,3,NG,web,food,0
T00002340,F00779,3745.88,NGN,10,5,GH,web,electronics,0
T00016441,F01152,1459.14,NGN,20,8,GH,ios,retail,0
T00012358,F00809,1397.82,NGN,17,11,NG,web,food,0
T00010666,F00822,510.32,NGN,11,10,GH,android,digital,0
T00019473,F00015,1604.49,NGN,1,2,NG,ios,travel,0
T00008185,F00465,224.11,NGN,23,1,GH,android,fuel,0
T00004714,F01029,186.69,NGN,15,9,GB,ios,fuel,0
T00007641,F00869,1968.08,NGN,4,4,NG,android,food,0
T00017580,F00079,810.42,NGN,13,6,GH,web,electronics,0
T00014103,F00669,8390.07,NGN,9,4,NG,ios,digital,0
T00018346,F00200,1885.71,NGN,15,6,GH,android,food,0
T00005346,F00446,1216.5,NGN,11,11,GH,ios,fuel,0
T00005362,F00280,115.15,NGN,22,8,NG,ios,food,0
T00004251,F01004,1149.67,NGN,10,12,NG,android,retail,0
T00019299,F00185,2000.3,NGN,1,3,NG,ios,retail,0
T00007095,F00720,3146.97,NGN,1,1,NG,android,food,0
T00017847,F00665,796.1,NGN,23,5,GB,android,fuel,0
T00001347,F00575,719.93,NGN,20,7,GB,web,retail,0
T00006031,F00156,280.59,NGN,0,7,GH,android,retail,0
T00006990,F01097,646.29,NGN,17,8,US,android,electronics,0
T00000899,F00589,2176.7,NGN,18,1,NG,web,food,0
T00000497,F00902,422.78,NGN,14,12,GB,ios,fuel,0
T00015463,F00452,834.09,NGN,15,10,GH,web,food,0
T00008993,F00158,574.72,NGN,19,8,US,ios,retail,0
T00013154,F00324,2466.9,NGN,23,11,NG,android,fuel,0
T00003613,F01142,3170.38,NGN,22,12,GH,android,retail,0
T00005095,F01126,1117.27,NGN,21,6,US,ios,food,0
T00007762,F00518,2368.63,NGN,0,9,GH,android,food,0
T00004510,F00846,1800.6,NGN,20,7,NG,web,food,0
T00005247,F00642,229.62,NGN,13,10,NG,android,retail,0
T00004085,F00724,380.75,NGN,2,4,GB,android,digital,0
T00000126,F00674,620.06,NGN,11,10,NG,web,fuel,0
T00015043,F00180,353.52,NGN,22,4,NG,ios,retail,0
T00019058,F00840,448.61,NGN,21,10,GB,android,travel,0
T00010377,F01108,827.11,NGN,0,9,GH,web,food,0
T00013933,F00285,865.45,NGN,0,3,US,web,digital,0
T00002425,F00914,1068.91,NGN,18,4,NG,ios,digital,0
T00000037,F01043,872.16,NGN,18,8,NG,ios,digital,0
T00019445,F00422,1418.23,NGN,19,6,NG,android,food,0
T00000185,F00850,796.78,NGN,9,3,GB,web,retail,0
T00009745,F01090,218.43,NGN,21,7,NG,web,digital,0
T00015157,F00704,2395.96,NGN,19,7,GH,web,food,0
T00001827,F00559,670.73,NGN,4,8,NG,android,digital,1
T00012363,F01068,226.26,NGN,16,10,NG,android,travel,0
T00008424,F00531,466.86,NGN,5,9,NG,android,digital,0
T00007661,F00004,533.61,NGN,7,6,US,android,food,0
T00002297,F00308,4470.07,NGN,18,9,GH,web,food,0
T00003858,F01116,219.5,NGN,20,9,GH,ios,fuel,0
T00016396,F00517,1717.41,NGN,7,1,NG,ios,food,0
T00010378,F00199,275.18,NGN,19,1,NG,web,fuel,0
T00008374,F01161,402.92,NGN,7,2,NG,ios,electronics,0
T00014359,F01149,3687.29,NGN,2,1,NG,android,electronics,0
T00015866,F00892,4296.23,NGN,20,1,GB,android,retail,0
T00017747,F01087,6322.9,NGN,12,10,US,android,travel,0
T00011798,F01172,383.56,NGN,5,7,US,web,electronics,0
T00009560,F01101,1433.66,NGN,1,1,GB,ios,food,0
T00004829,F00381,898.18,NGN,3,6,GH,ios,digital,1
T00019387,F00974,3937.04,NGN,14,5,US,web,retail,0
T00003104,F00582,112.05,NGN,23,9,NG,android,electronics,0
T00008466,F00791,1304.36,NGN,14,3,NG,web,food,0
T00004010,F00164,1712.83,NGN,6,2,NG,ios,fuel,0
T00000540,F00733,387.06,NGN,0,10,NG,android,food,0
T00013876,F00965,1391.33,NGN,11,2,NG,ios,food,0
T00015001,F00969,1653.93,NGN,15,5,US,ios,retail,0
T00002062,F00955,511.31,NGN,6,5,GH,web,travel,0
T00002077,F00302,1152.9,NGN,4,2,NG,web,digital,0
T00008698,F00450,729.82,NGN,1,7,NG,web,retail,0
T00014447,F00005,504.33,NGN,8,9,NG,android,food,0
T00007993,F00858,401.49,NGN,19,2,NG,web,fuel,0
T00010403,F00034,2152.67,NGN,20,7,GB,ios,travel,0
T00001058,F01139,924.0,NGN,21,4,NG,ios,travel,0
T00007155,F00938,286.63,NGN,14,5,US,web,digital,0
T00019926,F00183,2405.37,NGN,2,3,US,ios,travel,0
T00007060,F00816,1660.97,NGN,17,5,US,ios,fuel,1
T00007548,F00321,542.48,NGN,18,4,GH,web,retail,0
T00014953,F00234,1849.05,NGN,22,1,US,ios,fuel,0
T00007944,F00552,2643.46,NGN,6,11,GH,android,retail,0
T00012122,F00768,2395.75,NGN,16,4,GH,web,fuel,0
T00007988,F00560,585.05,NGN,10,3,NG,web,food,0
T00006345,F00523,1082.65,NGN,0,9,NG,web,retail,0
T00012622,F00450,1677.55,NGN,2,11,NG,web,travel,0
T00008887,F00699,112.61,NGN,18,11,NG,web,retail,0
T00008520,F00056,2195.87,NGN,17,3,US,web,fuel,0
T00013907,F00108,1137.49,NGN,0,9,NG,android,food,0
T00018228,F01086,248.55,NGN,4,1,US,android,digital,0
T00013409,F00556,879.15,NGN,23,9,GH,android,travel,0
T00009607,F00451,584.7,NGN,21,12,GB,web,fuel,0
T00013414,F00045,557.05,NGN,20,5,GH,ios,food,0
T00006165,F00774,1578.24,NGN,7,3,NG,ios,retail,0
T00005722,F00722,550.3,NGN,3,9,GH,ios,digital,1
T00010824,F00091,1113.85,NGN,1,10,GB,android,travel,1
T00000154,F00892,1404.34,NGN,1,9,US,android,travel,1
T00018288,F00291,767.2,NGN,2,6,NG,web,fuel,1
T00009779,F00295,401.53,NGN,21,7,US,web,electronics,0
T00000816,F00308,501.81,NGN,19,3,US,android,fuel,0
T00017641,F00129,1317.17,NGN,12,1,US,ios,electronics,0
T00001647,F00904,1021.58,NGN,23,1,NG,web,food,0
T00018415,F01003,1825.15,NGN,19,12,NG,ios,digital,0
T00007501,F00532,93.29,NGN,12,5,US,web,electronics,0
T00003707,F01123,1144.88,NGN,2,4,NG,ios,digital,0
T00011862,F01070,2455.09,NGN,16,11,NG,ios,fuel,0
T00017296,F00972,1084.74,NGN,17,4,NG,android,electronics,0
T00006929,F00738,192.55,NGN,17,11,NG,ios,retail,0
T00014534,F00556,304.91,NGN,10,3,US,web,retail,0
T00003187,F00995,1926.6,NGN,15,4,NG,web,food,1
T00004581,F00642,255.56,NGN,13,9,GB,web,food,0
T00006590,F00051,378.55,NGN,14,10,GB,ios,travel,0
T00018748,F01106,447.32,NGN,13,3,NG,android,fuel,0
T00001977,F00232,1821.12,NGN,22,1,GB,android,electronics,0
T00010577,F00124,503.28,NGN,5,12,GB,android,retail,0
T00003357,F00033,1549.71,NGN,12,4,NG,android,retail,0
T00006046,F00412,2613.93,NGN,16,9,US,ios,electronics,0
T00002317,F00059,568.36,NGN,21,10,GH,android,retail,0
T00007111,F00731,1512.23,NGN,14,2,GB,ios,food,0
T00017597,F01196,3056.4,NGN,8,2,NG,ios,digital,0
T00017811,F00256,516.42,NGN,14,12,NG,android,digital,0
T00011742,F00299,1662.35,NGN,7,1,US,android,fuel,0
T00015131,F00929,5455.89,NGN,11,8,NG,ios,food,0
T00002305,F00756,3117.04,NGN,23,10,GB,web,digital,0
T00002477,F00955,968.51,NGN,4,5,US,ios,electronics,0
T00009787,F01147,549.99,NGN,19,9,US,ios,retail,0
T00017343,F00076,897.5,NGN,5,12,NG,web,fuel,0
T00018574,F00716,204.76,NGN,6,3,GH,web,digital,0
T00011697,F00179,583.65,NGN,4,5,US,web,electronics,0
T00010544,F00097,1966.87,NGN,12,12,US,android,electronics,0
T00011690,F00454,864.45,NGN,14,9,NG,android,fuel,0
T00000341,F00209,1985.3,NGN,4,1,GB,ios,electronics,0
T00014727,F01039,857.97,NGN,11,2,US,web,travel,0
T00012160,F00066,526.15,NGN,12,8,NG,ios,electronics,0
T00010865,F01096,1380.95,NGN,17,6,NG,web,digital,0
T00012059,F00622,500.6,NGN,1,2,NG,android,digital,0
T00002397,F00441,338.21,NGN,19,11,GB,ios,retail,0
T00013884,F00201,907.25,NGN,20,3,US,web,travel,0
T00019679,F01013,685.62,NGN,5,11,NG,android,food,0
T00008429,F00120,611.74,NGN,9,1,NG,android,food,0
T00008581,F00350,942.4,NGN,14,11,NG,ios,travel,0
T00001890,F00869,379.14,NGN,1,7,GB,ios,fuel,1
T00012361,F00873,1842.39,NGN,16,7,US,android,digital,0
T00018196,F00964,867.57,NGN,19,7,GB,android,electronics,0
T00007678,F00808,422.27,NGN,6,8,NG,android,electronics,0
T00016314,F01060,1020.97,NGN,12,6,NG,android,travel,0
T00003481,F00851,3190.64,NGN,9,3,GB,ios,electronics,0
T00004264,F00746,4279.08,NGN,5,4,NG,android,food,0
T00013774,F01035,338.13,NGN,3,4,NG,web,food,0
T00000711,F00905,788.24,NGN,18,11,NG,web,fuel,0
T00013576,F01188,1089.18,NGN,10,9,GH,ios,fuel,0
T00003522,F00086,1320.05,NGN,11,3,NG,ios,fuel,0
T00012787,F00064,399.1,NGN,19,4,NG,ios,retail,0
T00017682,F00544,490.13,NGN,21,5,US,ios,travel,0
T00018868,F01182,3430.62,NGN,20,3,GH,ios,travel,0
T00007759,F00639,3365.62,NGN,8,11,NG,web,digital,0
T00004911,F01032,4795.67,NGN,4,11,GB,ios,travel,1
T00002190,F00164,238.8,NGN,21,12,US,android,electronics,0
T00006489,F00337,437.05,NGN,14,8,GH,ios,digital,0
T00010259,F00186,1255.84,NGN,10,3,GH,ios,electronics,0
T00014988,F00071,396.37,NGN,10,3,NG,android,digital,0
T00018175,F01109,2139.91,NGN,9,10,NG,android,electronics,0
T00008083,F00309,1025.15,NGN,22,1,NG,android,retail,0
T00007578,F00199,416.72,NGN,19,11,GB,web,digital,0
T00006803,F00630,2035.53,NGN,7,3,NG,web,food,0
T00009164,F00243,627.45,NGN,9,11,US,android,electronics,0
T00010144,F00450,544.68,NGN,9,11,GB,android,retail,0
T00013210,F00039,203.94,NGN,18,12,NG,web,electronics,0
T00017613,F00970,431.26,NGN,8,4,NG,ios,retail,0
T00014559,F01048,1141.45,NGN,15,3,GB,web,fuel,0
T00009856,F00854,243.65,NGN,18,5,NG,ios,digital,0
T00014720,F00942,1249.2,NGN,18,3,NG,android,food,0
T00009993,F00044,158.17,NGN,6,7,NG,ios,digital,0
T00017065,F00669,3174.03,NGN,23,11,NG,ios,retail,0
T00009206,F00107,416.84,NGN,6,7,GH,android,retail,0
T00015375,F01096,3439.16,NGN,10,10,NG,ios,digital,0
T00018326,F00191,2499.41,NGN,23,4,GB,android,digital,0
T00014965,F00465,4326.36,NGN,13,6,NG,web,digital,0
T00011518,F00985,195.35,NGN,17,4,NG,android,travel,0
T00011634,F00663,1479.02,NGN,8,3,NG,ios,travel,0
T00001918,F00381,4879.23,NGN,17,3,NG,ios,digital,0
T00011807,F00427,1834.2,NGN,6,4,NG,ios,retail,0
T00008336,F01020,2908.49,NGN,9,10,GB,android,food,0
T00006429,F00975,814.67,NGN,22,3,GH,web,food,0
T00003204,F00272,1219.41,NGN,10,7,NG,ios,electronics,0
T00013127,F00519,854.26,NGN,8,4,GH,web,food,0
T00015917,F00571,2299.44,NGN,6,1,GH,android,electronics,0
T00001799,F00580,3348.46,NGN,22,5,GH,web,fuel,0
T00008639,F00473,2710.15,NGN,16,6,GH,ios,travel,0
T00001474,F00166,1216.58,NGN,18,5,NG,android,digital,0
T00013278,F00663,601.74,NGN,13,3,NG,web,retail,0
T00002461,F00119,3195.32,NGN,5,10,GH,ios,electronics,0
T00015364,F01042,2067.59,NGN,0,7,NG,web,electronics,0
T00018549,F01170,121.74,NGN,22,3,GH,android,travel,0
T00009090,F00703,689.88,NGN,17,6,NG,ios,food,1
T00013827,F00631,576.87,NGN,6,11,NG,web,retail,0
T00007007,F00118,297.64,NGN,10,8,NG,android,fuel,0
T00008555,F00106,1041.88,NGN,4,10,GB,android,retail,1
T00003255,F00267,396.7,NGN,18,8,US,ios,food,0
T00019088,F00800,1129.36,NGN,16,12,NG,android,fuel,0
T00006302,F00267,1999.93,NGN,3,9,GB,android,electronics,0
T00009841,F00577,6130.21,NGN,14,3,NG,ios,food,0
T00001249,F00303,1125.12,NGN,21,12,NG,ios,retail,0
T00010901,F00531,1806.45,NGN,2,4,NG,web,travel,0
T00009634,F00270,900.8,NGN,23,3,GB,android,electronics,0
T00011845,F00269,473.85,NGN,5,4,NG,ios,digital,0
T00001620,F00935,234.9,NGN,0,3,NG,web,digital,0
T00010647,F00065,1269.44,NGN,21,10,GH,android,retail,0
T00014504,F00431,3474.84,NGN,5,6,GH,web,digital,0
T00015746,F00446,1142.14,NGN,18,3,GH,ios,food,0
T00002920,F00427,3918.53,NGN,3,10,US,android,retail,1
T00008682,F00139,905.78,NGN,7,1,NG,ios,travel,0
T00019099,F00971,1487.88,NGN,11,11,GH,android,travel,0
T00012729,F00696,2848.59,NGN,8,8,NG,android,travel,0
T00007278,F00437,1952.35,NGN,17,10,GB,android,retail,0
T00010109,F00453,449.46,NGN,8,4,GH,web,fuel,0
T00000857,F00903,1528.54,NGN,1,5,GB,android,retail,0
T00009252,F00931,1953.18,NGN,9,3,GH,ios,food,0
T00013922,F00353,2043.41,NGN,5,11,NG,android,retail,0
T00000171,F00456,660.8,NGN,14,4,GB,ios,food,0
T00006300,F00058,2332.68,NGN,23,11,NG,ios,travel,0
T00014848,F00086,4659.97,NGN,23,4,US,web,food,0
T00008867,F00341,2404.3,NGN,7,1,NG,web,fuel,0
T00010365,F00708,2110.04,NGN,7,7,NG,ios,retail,0
T00011118,F00344,565.94,NGN,19,1,US,ios,food,0
T00002213,F01085,1148.39,NGN,2,3,NG,web,travel,0
T00018011,F00651,1371.15,NGN,6,10,NG,android,electronics,0
T00006640,F00766,1543.6,NGN,5,8,US,ios,retail,0
T00011625,F00539,1927.78,NGN,1,7,US,ios,retail,0
T00004490,F00669,1570.08,NGN,22,1,NG,web,retail,0
T00010192,F01043,1129.36,NGN,0,10,NG,ios,travel,0
T00008728,F00117,2793.39,NGN,19,1,NG,ios,travel,0
T00018547,F00296,1243.95,NGN,17,10,NG,web,electronics,0
T00009965,F00229,549.48,NGN,8,3,NG,web,travel,0
T00011078,F00775,823.96,NGN,3,11,NG,ios,food,1
T00011056,F00593,686.57,NGN,10,2,US,ios,electronics,0
T00005589,F00179,828.66,NGN,21,4,GH,ios,fuel,0
T00014714,F00207,1023.68,NGN,14,7,NG,web,food,0
T00015518,F00288,469.31,NGN,1,4,GB,web,digital,0
T00000938,F00796,1881.58,NGN,22,4,US,ios,digital,0
T00011819,F00797,5158.69,NGN,14,2,GB,web,travel,0
T00015030,F00715,493.67,NGN,0,9,GH,android,travel,0
T00008433,F01065,4084.82,NGN,17,3,NG,android,digital,0
T00013656,F00652,3532.99,NGN,16,9,NG,web,digital,0
T00003927,F00844,625.31,NGN,21,1,NG,web,travel,0
T00008448,F00738,391.89,NGN,8,7,US,android,digital,0
T00011066,F00775,2959.52,NGN,16,5,NG,android,travel,0
T00018202,F00453,567.51,NGN,2,11,NG,android,food,0
T00016389,F00861,1165.47,NGN,21,4,NG,android,electronics,0
T00014817,F00059,551.76,NGN,11,6,GH,ios,retail,0
T00002996,F00275,3198.67,NGN,6,1,GB,ios,electronics,0
T00011591,F00104,634.43,NGN,13,10,GH,web,food,0
T00010121,F01070,928.53,NGN,8,4,GB,web,electronics,0
T00012342,F00474,973.22,NGN,16,7,US,ios,retail,0
T00010844,F01017,1039.91,NGN,4,2,NG,ios,food,0
T00011487,F00852,227.25,NGN,18,8,GH,ios,travel,0
T00015066,F01194,4094.24,NGN,1,3,NG,web,travel,0
T00009618,F00788,8679.6,NGN,22,9,US,android,travel,0
T00012766,F00688,356.43,NGN,3,2,GB,ios,electronics,0
T00016482,F01014,3613.79,NGN,4,9,NG,web,electronics,1
T00007413,F00356,726.04,NGN,11,10,GB,web,travel,0
T00014970,F00792,604.38,NGN,12,1,NG,web,food,0
T00006402,F00823,590.32,NGN,19,11,NG,web,electronics,0
T00007979,F00208,539.5,NGN,11,5,GH,ios,digital,0
T00008238,F00869,620.79,NGN,8,6,NG,web,food,0
T00003920,F00756,802.17,NGN,19,3,GB,android,electronics,0
T00000672,F01156,1311.42,NGN,12,2,NG,android,retail,0
T00004322,F00353,380.82,NGN,9,12,GB,ios,fuel,0
T00002143,F01179,1506.23,NGN,11,11,NG,android,digital,0
T00007296,F00302,146.43,NGN,23,5,NG,web,digital,0
T00016101,F01030,1076.64,NGN,12,11,NG,android,retail,0
T00004465,F00424,551.94,NGN,0,10,NG,web,electronics,0
T00004818,F00830,176.06,NGN,3,10,US,ios,fuel,0
T00001042,F01007,1042.33,NGN,12,1,NG,android,digital,0
T00012883,F00196,786.34,NGN,17,11,GB,ios,digital,0
T00005752,F00886,811.98,NGN,23,8,NG,ios,fuel,0
T00000511,F00543,1236.47,NGN,0,7,NG,ios,food,0
T00005805,F00967,1896.25,NGN,12,3,NG,android,electronics,0
T00008616,F00524,232.52,NGN,19,8,GB,web,food,0
T00019271,F00304,538.84,NGN,21,4,GB,web,digital,0
T00013358,F00328,525.24,NGN,22,10,NG,ios,electronics,0
T00019055,F00360,572.58,NGN,6,2,GB,ios,digital,0
T00013270,F01185,865.89,NGN,0,7,GH,ios,digital,0
T00015328,F00913,2575.22,NGN,12,5,US,android,food,0
T00003460,F01009,726.2,NGN,3,6,NG,android,retail,1
T00018902,F00281,2706.92,NGN,13,4,US,ios,electronics,0
T00007591,F00797,1602.41,NGN,15,6,NG,android,travel,0
T00012753,F00230,3131.76,NGN,7,1,GH,ios,fuel,0
T00004847,F00354,2021.33,NGN,19,11,GH,ios,electronics,0
T00013534,F00356,1559.22,NGN,10,1,GH,web,fuel,0
T00008774,F00819,768.88,NGN,6,9,NG,android,electronics,0
T00009029,F00572,890.04,NGN,13,1,US,web,retail,0
T00002232,F00729,3400.28,NGN,22,12,GB,android,electronics,0
T00009723,F00358,1530.09,NGN,14,1,GB,ios,fuel,0
T00003281,F00217,1356.75,NGN,11,1,NG,ios,food,0
T00006638,F00075,624.39,NGN,1,5,GH,ios,retail,0
T00016288,F00292,1207.61,NGN,12,6,GH,web,digital,0
T00013070,F00178,364.83,NGN,0,1,GB,web,digital,0
T00011549,F00831,772.79,NGN,4,1,US,ios,fuel,0
T00006896,F00830,1027.14,NGN,20,1,GB,web,digital,0
T00014525,F00360,708.43,NGN,7,11,GB,ios,travel,0
T00005550,F01117,596.52,NGN,15,1,NG,android,retail,0
T00003474,F00133,1283.33,NGN,11,4,GB,ios,electronics,0
T00013541,F00055,343.03,NGN,22,1,GB,android,travel,0
T00005365,F01068,1876.2,NGN,4,11,GB,web,retail,1
T00003818,F01108,273.88,NGN,19,7,NG,ios,digital,0
T00011046,F00663,2771.8,NGN,12,4,NG,ios,electronics,0
T00006999,F00079,3985.12,NGN,5,7,GB,web,travel,0
T00016346,F01040,4975.49,NGN,19,7,US,android,digital,0
T00006118,F00049,1658.32,NGN,6,3,NG,ios,food,0
T00014121,F00074,1863.15,NGN,5,3,NG,web,food,0
T00015824,F00001,476.94,NGN,11,11,US,android,fuel,0
T00001899,F00279,3196.74,NGN,10,3,US,ios,digital,0
T00013120,F01116,3432.0,NGN,3,7,NG,android,food,0
T00007421,F01158,1535.4,NGN,17,2,NG,ios,retail,0
T00017946,F00195,420.78,NGN,23,5,GB,ios,food,0
T00012947,F00569,531.01,NGN,21,11,NG,ios,food,0
T00014911,F00238,882.04,NGN,11,12,NG,web,electronics,0
T00011205,F01108,2778.01,NGN,17,12,US,android,food,0
T00019347,F00055,3541.83,NGN,13,7,GB,web,electronics,0
T00016509,F00760,445.04,NGN,23,7,NG,android,digital,1
T00012024,F00619,1333.32,NGN,1,10,NG,ios,electronics,1
T00010539,F00563,832.55,NGN,14,6,NG,web,fuel,0
T00010295,F00026,246.87,NGN,14,8,NG,web,fuel,0
T00019509,F00411,2190.79,NGN,1,11,NG,web,electronics,1
T00011520,F00983,1104.78,NGN,23,7,US,web,digital,0
T00001289,F00340,669.78,NGN,11,4,NG,android,fuel,0
T00011265,F00403,569.89,NGN,3,7,GB,android,electronics,1
T00011925,F00539,924.54,NGN,21,12,NG,android,travel,0
T00013187,F00476,3978.89,NGN,15,10,NG,web,food,0
T00001803,F01036,3697.16,NGN,3,4,NG,web,retail,0
T00002834,F00718,1360.16,NGN,21,11,NG,web,retail,0
T00004685,F00538,947.62,NGN,8,1,NG,android,food,0
T00010840,F00249,1175.09,NGN,17,5,US,android,electronics,0
T00013740,F00826,428.35,NGN,22,12,GH,web,digital,0
T00016056,F01131,544.7,NGN,17,9,GH,ios,food,0
T00017260,F01173,585.02,NGN,13,1,GB,android,travel,0
T00002413,F00715,1729.07,NGN,16,6,GB,android,retail,0
T00004121,F00345,578.51,NGN,4,9,GH,android,fuel,1
T00007724,F01139,1297.25,NGN,23,1,US,web,digital,0
T00013398,F00640,968.91,NGN,19,6,NG,ios,fuel,0
T00004715,F00526,226.85,NGN,9,9,NG,android,food,0
T00008206,F00491,222.01,NGN,3,8,NG,ios,digital,1
T00014605,F00314,566.3,NGN,1,8,GB,ios,travel,0
T00005735,F00499,322.46,NGN,16,11,US,ios,electronics,0
T00010878,F00113,703.61,NGN,11,6,NG,android,retail,0
T00002897,F00127,5954.74,NGN,21,11,NG,web,digital,0
T00014807,F01087,443.85,NGN,8,10,NG,android,travel,0
T00004005,F00050,983.38,NGN,2,3,NG,ios,food,0
T00007757,F00978,396.0,NGN,8,7,GH,web,electronics,0
T00003681,F00145,952.82,NGN,8,1,NG,android,fuel,0
T00010011,F00684,732.13,NGN,8,9,GB,ios,fuel,0
T00014706,F00122,590.71,NGN,16,2,US,ios,travel,0
T00013604,F00599,6618.14,NGN,8,5,GH,ios,fuel,0
T00013865,F01127,364.04,NGN,6,6,US,web,food,0
T00018218,F00164,838.96,NGN,5,6,US,ios,digital,0
T00004399,F01043,814.05,NGN,1,3,NG,android,digital,0
T00011458,F00744,1911.25,NGN,4,5,NG,web,travel,0
T00016934,F00401,3578.5,NGN,10,6,NG,ios,retail,0
T00016328,F00727,1400.19,NGN,18,1,NG,web,travel,0
T00008132,F00868,1131.13,NGN,23,1,NG,ios,travel,0
T00008419,F00396,510.65,NGN,3,4,NG,ios,fuel,0
T00009810,F00732,659.73,NGN,2,8,GH,web,travel,1
T00015150,F00612,3264.7,NGN,3,1,NG,android,retail,0
T00012748,F00169,1390.37,NGN,11,8,NG,android,retail,0
T00006514,F00421,1840.13,NGN,1,8,NG,web,digital,1
T00014650,F00858,2165.98,NGN,4,7,NG,android,retail,1
T00007954,F00921,75.51,NGN,0,2,US,ios,retail,0
T00001466,F00234,3211.18,NGN,10,1,GB,android,digital,0
T00013199,F00179,1157.53,NGN,12,9,GB,web,digital,0
T00013784,F00525,1379.43,NGN,14,2,GB,web,travel,0
T00012674,F00741,1969.52,NGN,21,3,GB,ios,retail,0
T00001796,F00760,793.61,NGN,17,12,GH,web,food,0
T00002830,F00872,215.01,NGN,15,9,NG,android,travel,0
T00008569,F00963,521.55,NGN,19,11,US,web,fuel,0
T00015552,F00523,1323.57,NGN,16,3,NG,ios,digital,0
T00008817,F00788,1480.93,NGN,4,11,GB,ios,retail,1
T00010376,F00542,642.78,NGN,19,3,NG,web,food,0
T00001627,F00654,776.05,NGN,8,5,NG,android,retail,0
T00003402,F00492,1124.74,NGN,12,5,US,web,travel,0
T00003329,F00351,1270.16,NGN,15,7,NG,web,digital,0
T00012130,F00476,3033.53,NGN,0,1,NG,ios,digital,0
T00006185,F00448,1225.89,NGN,15,6,GB,ios,electronics,0
T00010968,F00331,271.15,NGN,3,7,US,web,digital,1
T00014657,F00944,1967.18,NGN,4,4,US,web,travel,0
T00011647,F00378,420.21,NGN,16,5,NG,ios,retail,0
T00011830,F01059,282.34,NGN,20,2,NG,web,electronics,0
T00014349,F00445,1618.66,NGN,16,5,GB,ios,retail,0
T00005465,F00316,910.58,NGN,15,5,GB,web,fuel,0
T00006675,F01070,581.15,NGN,10,5,NG,ios,digital,0
T00002622,F00092,1497.22,NGN,11,1,NG,web,fuel,0
T00003850,F00641,632.95,NGN,19,2,US,ios,travel,0
T00017216,F00471,232.17,NGN,7,8,NG,android,digital,0
T00016593,F00141,1606.21,NGN,12,6,NG,android,fuel,0
T00018837,F01116,902.17,NGN,12,6,US,ios,travel,0
T00019520,F00230,154.38,NGN,10,1,US,ios,travel,0
T00016060,F01184,1061.14,NGN,20,5,US,ios,retail,0
T00019537,F00411,1993.42,NGN,18,6,GH,android,fuel,0
T00003476,F00167,535.13,NGN,21,12,NG,web,travel,0
T00003952,F00487,1704.45,NGN,10,5,US,ios,electronics,0
T00007702,F00792,1894.18,NGN,16,4,NG,web,retail,0
T00007481,F00941,1562.98,NGN,4,8,NG,ios,food,1
T00005855,F00533,295.9,NGN,9,7,GB,web,travel,0
T00005058,F00530,916.65,NGN,3,9,NG,ios,digital,0
T00019857,F00457,766.05,NGN,20,4,US,ios,food,0
T00010961,F00604,7568.56,NGN,14,2,NG,ios,digital,0
T00012870,F00360,1610.62,NGN,6,6,NG,web,electronics,0
T00018361,F00120,1104.02,NGN,16,8,GH,android,food,0
T00014101,F00936,936.98,NGN,17,3,GH,web,travel,0
T00015166,F00794,1485.43,NGN,1,6,GB,web,travel,1
T00006181,F00556,818.99,NGN,16,9,GB,ios,retail,0
T00018850,F00722,2764.39,NGN,1,2,GH,web,travel,0
T00007505,F00849,1025.26,NGN,21,10,NG,web,electronics,0
T00013157,F00092,2068.56,NGN,7,11,US,android,travel,0
T00006719,F00852,351.62,NGN,6,11,GH,android,fuel,0
T00015554,F00941,829.23,NGN,19,12,NG,android,food,0
T00010746,F01186,224.36,NGN,5,8,NG,android,electronics,1
T00004665,F01123,5196.23,NGN,0,12,NG,ios,food,0
T00012486,F00358,926.5,NGN,18,4,GB,android,fuel,0
T00002911,F01064,1067.65,NGN,20,6,GH,ios,electronics,0
T00013996,F00217,645.65,NGN,3,5,GH,android,travel,0
T00019281,F00749,1755.61,NGN,11,12,GB,web,travel,0
T00007969,F00393,927.04,NGN,23,2,NG,web,retail,0
T00000066,F00630,1197.87,NGN,7,4,GB,android,travel,0
T00004044,F00619,604.96,NGN,1,2,NG,ios,food,0
T00006967,F00826,751.94,NGN,2,8,NG,android,electronics,0
T00011471,F00589,948.39,NGN,10,4,NG,web,electronics,0
T00014749,F00887,7786.18,NGN,14,11,GB,ios,digital,0
T00009727,F01009,955.22,NGN,5,8,US,web,electronics,0
T00009494,F00019,1484.51,NGN,0,12,GH,android,digital,0
T00000714,F00362,1196.36,NGN,19,4,NG,web,travel,0
T00015294,F00588,611.09,NGN,3,6,NG,android,retail,1
T00014571,F00511,2376.02,NGN,1,6,NG,android,electronics,1
T00002285,F00963,1358.16,NGN,9,12,NG,ios,retail,0
T00011377,F00866,1253.2,NGN,22,3,GH,android,fuel,0
T00000131,F00795,958.12,NGN,18,9,GB,web,electronics,0
T00000340,F00014,1191.61,NGN,15,3,GB,ios,retail,0
T00000413,F00477,3018.75,NGN,19,10,US,android,fuel,0
T00004101,F00262,1001.16,NGN,21,10,NG,ios,electronics,0
T00019671,F00201,1853.62,NGN,21,10,NG,ios,digital,0
T00019927,F00546,736.18,NGN,22,11,GB,ios,retail,0
T00003912,F00857,1476.5,NGN,21,5,NG,ios,digital,0
T00003237,F00002,484.75,NGN,19,7,NG,web,digital,0
T00003038,F00016,940.37,NGN,15,2,US,android,retail,0
T00001911,F01163,210.6,NGN,5,1,NG,web,food,0
T00007509,F00337,931.91,NGN,19,8,NG,ios,travel,0
T00010518,F00363,922.13,NGN,23,1,GH,android,digital,0
T00001241,F00506,1276.48,NGN,3,10,NG,ios,retail,1
T00016105,F00189,3115.03,NGN,14,3,NG,web,fuel,0
T00008545,F00372,2412.01,NGN,8,12,US,android,fuel,0
T00013006,F01006,399.11,NGN,8,11,US,ios,retail,0
T00017198,F00285,715.85,NGN,6,7,US,ios,food,0
T00008687,F00209,6725.37,NGN,17,2,US,web,travel,0
T00002083,F00504,842.49,NGN,13,12,US,android,food,0
T00015623,F01191,1427.55,NGN,21,4,GH,ios,retail,0
T00019965,F00638,1403.82,NGN,10,1,NG,ios,electronics,0
T00007842,F00595,291.64,NGN,21,9,GH,android,fuel,0
T00015473,F00850,2426.62,NGN,2,10,US,ios,electronics,0
T00009696,F00063,215.02,NGN,13,11,GB,web,food,0
T00003882,F00192,608.33,NGN,21,1,US,ios,retail,0
T00007000,F00102,876.16,NGN,1,2,GH,web,travel,0
T00014622,F00344,2249.62,NGN,23,9,US,ios,digital,0
T00001279,F00401,874.25,NGN,1,1,GH,web,electronics,0
T00010573,F01058,937.48,NGN,2,3,GH,android,retail,0
T00012432,F00317,1141.58,NGN,8,7,NG,web,retail,0
T00004413,F00143,3847.72,NGN,17,8,NG,web,electronics,0
T00014700,F00820,1198.32,NGN,2,1,NG,android,electronics,0
T00006796,F01196,6365.85,NGN,17,9,NG,web,fuel,0
T00000706,F01167,17677.28,NGN,13,10,NG,android,electronics,0
T00002545,F00663,1428.53,NGN,11,6,NG,web,digital,0
T00013047,F00106,2099.33,NGN,1,1,US,android,retail,0
T00005920,F00874,642.71,NGN,14,11,NG,ios,travel,0
T00005601,F00679,669.01,NGN,14,8,NG,ios,travel,0
T00015162,F00757,2361.58,NGN,16,6,NG,web,digital,0
T00005402,F00818,2332.95,NGN,11,10,NG,web,food,0
T00019728,F00183,4162.66,NGN,17,4,GH,android,electronics,0
T00013461,F00940,249.76,NGN,19,2,GH,web,travel,0
T00001878,F00559,2244.1,NGN,18,5,NG,ios,electronics,0
T00006156,F00799,170.15,NGN,1,1,US,web,retail,0
T00018530,F00452,1629.18,NGN,20,3,US,android,fuel,0
T00000285,F00621,232.44,NGN,16,11,GB,web,digital,0
T00000810,F00477,426.67,NGN,22,2,GH,android,travel,0
T00016587,F01122,254.08,NGN,8,12,GH,ios,retail,0
T00009216,F00452,241.45,NGN,13,4,NG,android,travel,0
T00002802,F00221,2874.99,NGN,7,10,US,web,retail,0
T00002709,F01061,763.19,NGN,21,7,NG,android,digital,0
T00006933,F00855,1119.01,NGN,19,10,GB,ios,fuel,0
T00008976,F00398,196.32,NGN,1,10,NG,web,retail,1
T00003630,F00920,713.03,NGN,8,3,NG,web,food,0
T00008695,F00615,1947.56,NGN,17,4,NG,android,travel,0
T00001400,F00295,3162.65,NGN,15,2,NG,web,electronics,0
T00018529,F01118,147.38,NGN,14,10,US,android,electronics,0
T00018273,F00211,105.67,NGN,15,5,GH,web,food,0
T00016156,F00734,917.18,NGN,0,7,NG,web,food,0
T00009799,F00403,565.68,NGN,12,2,GH,android,retail,0
T00017310,F00224,2558.33,NGN,12,10,NG,android,travel,0
T00013003,F00583,264.89,NGN,13,6,NG,web,digital,0
T00001480,F00090,543.52,NGN,18,7,NG,ios,food,0
T00008854,F01051,479.65,NGN,9,4,GH,web,travel,0
T00012848,F00168,463.19,NGN,4,9,GH,ios,fuel,1
T00013038,F00959,1420.84,NGN,17,1,NG,ios,travel,0
T00000149,F00723,842.35,NGN,3,9,US,ios,fuel,1
T00018369,F00319,362.82,NGN,3,2,GB,ios,fuel,0
T00011187,F00983,2072.18,NGN,20,5,US,android,travel,0
T00010776,F01133,1672.07,NGN,17,9,NG,ios,fuel,0
T00019541,F00510,420.68,NGN,14,4,GB,android,food,0
T00000980,F00197,1054.82,NGN,9,8,NG,web,travel,0
T00007600,F01008,342.43,NGN,17,6,NG,android,retail,0
T00010021,F00108,457.7,NGN,21,1,GB,ios,digital,0
T00003077,F00927,637.29,NGN,7,7,GH,android,travel,0
T00018339,F00548,562.0,NGN,15,6,NG,web,retail,0
T00015338,F00560,4484.71,NGN,9,2,GH,web,digital,0
T00011473,F00598,6506.66,NGN,7,4,GH,web,digital,0
T00003176,F00708,2327.73,NGN,4,6,GH,web,fuel,0
T00009724,F00096,182.93,NGN,12,3,NG,android,food,0
T00004825,F00726,735.19,NGN,9,4,NG,android,retail,0
T00002841,F00848,1737.41,NGN,20,3,NG,android,electronics,0
T00008962,F00377,1236.26,NGN,8,2,GB,web,electronics,0
T00009336,F00019,343.72,NGN,9,10,NG,web,digital,0
T00014635,F00955,879.55,NGN,1,5,GH,android,retail,0
T00014943,F00389,716.86,NGN,15,10,GH,android,digital,0
T00007164,F00228,546.69,NGN,20,8,NG,android,retail,0
T00001836,F00324,1292.36,NGN,0,10,GH,ios,retail,0
T00008677,F00180,1612.18,NGN,21,7,US,android,retail,0
T00004861,F00391,16794.08,NGN,22,3,NG,ios,fuel,0
T00014806,F00836,5239.49,NGN,23,5,NG,web,retail,0
T00006458,F01061,643.9,NGN,0,2,NG,web,retail,0
T00008418,F01175,261.34,NGN,5,11,GB,ios,travel,0
T00012261,F00962,767.28,NGN,18,9,US,android,fuel,0
T00017279,F01138,2426.63,NGN,9,5,GH,android,electronics,0
T00000056,F01085,1899.51,NGN,12,12,NG,android,retail,0
T00003908,F00485,426.38,NGN,13,4,NG,web,food,0
T00019737,F00787,2413.8,NGN,10,9,NG,android,food,0
T00015378,F00203,339.3,NGN,11,6,US,web,travel,1
T00003382,F00525,1617.67,NGN,3,2,GH,android,fuel,0
T00008878,F00041,497.8,NGN,18,4,GB,ios,food,0
T00012928,F00169,3627.37,NGN,15,2,NG,web,fuel,0
T00004321,F00595,737.34,NGN,0,1,US,android,retail,0
T00014869,F00740,880.57,NGN,5,7,US,web,fuel,0
T00001097,F00131,1035.11,NGN,2,8,US,android,food,1
T00012468,F00289,1969.62,NGN,22,4,NG,android,retail,0
T00002974,F00117,3454.27,NGN,11,8,NG,web,digital,0
T00018304,F00032,947.18,NGN,9,10,GB,web,fuel,0
T00004463,F00686,970.49,NGN,3,4,NG,ios,travel,0
T00010931,F00522,794.85,NGN,9,6,NG,web,electronics,0
T00009138,F00262,874.11,NGN,9,3,NG,web,digital,0
T00007946,F00674,2160.78,NGN,11,9,GB,web,electronics,0
T00010804,F00039,455.17,NGN,1,5,GB,android,food,0
T00007171,F00880,758.5,NGN,1,1,GH,web,travel,0
T00019647,F00256,591.22,NGN,19,9,GH,android,fuel,0
T00006662,F00598,2700.53,NGN,20,10,NG,ios,travel,0
T00012745,F00717,479.77,NGN,22,5,NG,android,travel,0
T00008334,F00953,968.7,NGN,5,10,GB,android,retail,0
T00001084,F00046,2776.64,NGN,19,3,NG,web,fuel,0
T00017700,F00187,700.2,NGN,22,8,GH,web,fuel,0
T00013416,F00653,526.86,NGN,20,2,NG,android,electronics,0
T00015254,F00911,2505.41,NGN,18,7,GB,web,electronics,0
T00002309,F00399,509.97,NGN,11,8,NG,android,fuel,0
T00003067,F01168,2417.87,NGN,13,1,NG,web,electronics,0
T00013767,F00910,397.74,NGN,19,10,NG,web,food,0
T00005516,F00704,444.15,NGN,16,6,GB,web,retail,0
T00014305,F00493,873.98,NGN,14,11,US,ios,retail,0
T00018527,F00333,840.23,NGN,13,8,NG,android,food,0
T00010355,F00886,1427.81,NGN,14,7,US,web,fuel,0
T00002973,F00703,298.49,NGN,2,12,NG,web,retail,1
T00016550,F00242,286.7,NGN,1,9,GH,web,retail,1
T00017154,F00331,2209.73,NGN,2,8,US,web,electronics,1
T00002758,F00822,200.87,NGN,12,11,GB,ios,fuel,0
T00002075,F00804,716.64,NGN,8,4,GB,android,food,0
T00011620,F00668,4732.35,NGN,3,6,GB,android,travel,1
T00011368,F00105,2584.34,NGN,0,12,GB,web,retail,0
T00013699,F00810,942.4,NGN,10,4,GB,web,digital,0
T00013036,F00416,562.03,NGN,20,10,GB,web,travel,1
T00007255,F00790,5088.43,NGN,16,12,GB,web,food,0
T00001403,F00480,837.84,NGN,2,1,NG,android,electronics,0
T00016569,F01026,197.74,NGN,18,7,NG,android,travel,0
T00002028,F00921,2366.17,NGN,6,6,GH,ios,retail,0
T00004899,F00618,288.82,NGN,3,5,NG,ios,fuel,0
T00015446,F00409,732.97,NGN,18,7,NG,web,travel,0
T00012286,F00102,1731.52,NGN,22,1,US,android,digital,0
T00006050,F01036,292.9,NGN,23,3,US,ios,fuel,0
T00015197,F00974,629.34,NGN,20,6,NG,web,travel,0
T00006612,F00004,1247.49,NGN,9,12,NG,ios,electronics,0
T00015853,F00634,877.63,NGN,14,5,NG,ios,retail,0
T00009102,F00249,470.66,NGN,21,4,NG,android,food,0
T00019769,F00307,366.25,NGN,3,6,NG,android,electronics,1
T00013690,F00743,5764.52,NGN,5,4,NG,android,fuel,0
T00001562,F00103,9589.91,NGN,1,3,GB,web,electronics,0
T00013888,F00423,362.28,NGN,23,2,GH,web,retail,0
T00001549,F00930,473.29,NGN,8,6,NG,ios,digital,0
T00008090,F00291,382.65,NGN,7,10,NG,android,travel,0
T00003559,F00168,1048.46,NGN,22,12,GH,ios,fuel,0
T00000490,F00993,5727.93,NGN,13,6,NG,web,retail,0
T00009109,F00841,4349.86,NGN,19,7,NG,ios,digital,0
T00015929,F00887,2105.88,NGN,10,4,NG,android,digital,0
T00000800,F00584,430.77,NGN,16,3,NG,android,food,0
T00018182,F00003,156.08,NGN,2,12,NG,web,retail,0
T00008684,F00229,298.58,NGN,15,7,US,web,electronics,0
T00014421,F00278,692.01,NGN,17,8,GH,web,food,0
T00007202,F00619,3248.48,NGN,18,3,NG,web,retail,0
T00013769,F01075,1604.43,NGN,14,6,NG,ios,digital,0
T00015269,F00222,934.56,NGN,4,10,NG,ios,electronics,1
T00001161,F01143,1004.13,NGN,0,4,NG,android,retail,0
T00002443,F00487,932.83,NGN,10,11,US,ios,retail,0
T00000372,F00571,1050.37,NGN,9,7,NG,ios,retail,0
T00013968,F00660,639.5,NGN,4,2,US,android,electronics,0
T00006214,F00568,485.33,NGN,0,9,NG,android,food,0
T00007080,F00928,5140.95,NGN,18,7,NG,ios,electronics,0
T00013189,F00978,2841.57,NGN,18,2,GH,ios,travel,0
T00018874,F00025,1699.38,NGN,22,8,NG,android,fuel,0
T00014568,F00511,1967.76,NGN,5,9,GH,ios,digital,0
T00012088,F00673,2494.44,NGN,0,6,GH,ios,food,0
T00001745,F00745,1822.1,NGN,5,3,GH,web,retail,0
T00015405,F00247,2046.55,NGN,2,4,US,web,fuel,0
T00009988,F00360,859.98,NGN,0,11,NG,ios,retail,0
T00013928,F01134,4145.38,NGN,14,1,GB,web,food,0
T00016310,F00481,288.58,NGN,18,6,US,ios,digital,0
T00004384,F00096,432.9,NGN,16,9,GH,android,electronics,0
T00006946,F00957,652.68,NGN,7,9,US,android,digital,0
T00017269,F00180,766.93,NGN,2,9,US,android,retail,1
T00005762,F00291,561.98,NGN,21,9,NG,ios,electronics,0
T00009951,F00146,626.2,NGN,1,2,NG,ios,fuel,0
T00008290,F00760,2741.32,NGN,22,1,NG,web,retail,0
T00006537,F00533,8205.16,NGN,1,4,NG,web,digital,0
T00017673,F00134,726.35,NGN,11,3,US,web,electronics,0
T00005867,F00987,627.97,NGN,16,7,NG,web,travel,0
T00013002,F00813,660.82,NGN,20,10,GH,web,electronics,0
T00006151,F00829,661.28,NGN,0,3,GB,ios,retail,0
T00012609,F00416,2552.59,NGN,5,7,GH,ios,electronics,0
T00011703,F00336,1326.91,NGN,10,6,GH,ios,retail,0
T00004880,F01122,11336.16,NGN,20,9,NG,ios,retail,0
T00009776,F00878,736.51,NGN,21,11,NG,android,electronics,0
T00011222,F00454,154.52,NGN,16,4,NG,web,electronics,0
T00019389,F01038,2216.58,NGN,11,6,GH,android,food,0
T00019235,F00687,1064.38,NGN,8,4,US,web,fuel,0
T00000104,F00710,409.33,NGN,13,10,US,ios,travel,0
T00013616,F00374,2277.48,NGN,16,5,US,android,food,0
T00010894,F00583,583.62,NGN,1,3,NG,ios,digital,0
T00002574,F00388,7293.85,NGN,2,6,NG,ios,travel,1
T00009459,F01068,1416.88,NGN,4,7,NG,web,retail,1
T00016490,F00606,7943.8,NGN,18,11,NG,ios,food,0
T00006619,F00282,1138.34,NGN,14,1,US,web,fuel,0
T00013502,F00067,1491.57,NGN,7,4,NG,web,retail,0
T00005424,F01050,2183.68,NGN,17,6,GB,android,digital,0
T00019471,F00208,839.39,NGN,10,9,NG,ios,digital,0
T00010037,F00344,5295.72,NGN,1,3,GH,android,retail,0
T00006348,F00028,3115.89,NGN,10,2,NG,web,food,0
T00005977,F00006,402.39,NGN,11,9,NG,android,travel,0
T00014314,F00030,1843.95,NGN,3,6,NG,web,digital,0
T00011397,F00388,721.9,NGN,2,11,NG,ios,digital,1
T00016687,F00151,504.21,NGN,0,9,NG,web,digital,0
T00006576,F00927,3657.78,NGN,22,2,NG,android,fuel,0
T00004396,F00087,4111.26,NGN,2,4,US,ios,electronics,0
T00014105,F00352,1309.05,NGN,16,9,GH,web,travel,0
T00002985,F00135,876.08,NGN,2,1,NG,web,electronics,0
T00007178,F00388,255.44,NGN,19,10,GB,web,fuel,0
T00015938,F00985,646.76,NGN,8,2,NG,web,fuel,0
T00009679,F00375,2117.21,NGN,19,5,US,web,retail,0
T00003429,F00968,786.71,NGN,1,3,GH,ios,food,0
T00005708,F00187,566.29,NGN,9,3,NG,android,travel,0
T00007415,F00518,2904.95,NGN,10,4,US,android,food,1
T00005493,F00687,417.16,NGN,18,11,GH,web,travel,0
T00015835,F00010,582.4,NGN,17,8,US,android,digital,0
T00009287,F00149,3230.15,NGN,18,2,NG,web,digital,0
T00004325,F01180,941.73,NGN,17,11,NG,web,digital,0
T00010185,F00493,1489.77,NGN,20,12,US,ios,fuel,0
T00008074,F00938,2473.82,NGN,14,6,US,android,retail,0
T00003144,F00487,376.73,NGN,10,2,NG,android,digital,0
T00015421,F01166,1364.59,NGN,11,9,GB,android,digital,0
T00007982,F00906,2273.03,NGN,17,1,NG,web,retail,0
T00013274,F00659,276.15,NGN,11,5,GH,ios,digital,0
T00008033,F00490,877.93,NGN,19,6,GB,web,digital,0
T00001002,F00339,1006.75,NGN,20,4,GH,web,travel,0
T00008836,F00233,2625.53,NGN,6,5,GH,android,retail,0
T00006823,F00479,622.38,NGN,16,9,NG,ios,food,0
T00004969,F00477,355.61,NGN,1,4,GB,android,travel,0
T00003143,F01016,1250.93,NGN,1,8,NG,android,food,0
T00019200,F00915,1530.84,NGN,13,11,GB,web,fuel,0
T00006121,F00058,969.3,NGN,18,7,GB,android,fuel,0
T00012237,F00506,987.8,NGN,23,1,NG,web,fuel,0
T00006338,F00219,411.68,NGN,7,12,NG,android,food,0
T00002146,F00015,1183.87,NGN,21,10,NG,ios,fuel,0
T00004807,F00784,209.19,NGN,7,6,US,ios,retail,0
T00003501,F00524,5891.45,NGN,13,2,NG,android,electronics,0
T00015826,F00496,1752.05,NGN,23,5,GB,android,electronics,0
T00018670,F00008,3735.69,NGN,12,12,NG,web,food,0
T00012156,F00827,447.46,NGN,16,2,NG,web,retail,0
T00012842,F00541,281.59,NGN,22,10,NG,android,fuel,0
T00006212,F00631,10703.46,NGN,7,9,GB,android,electronics,0
T00010026,F00230,838.35,NGN,2,7,GH,web,digital,1
T00005060,F00927,650.96,NGN,20,5,NG,ios,travel,0
T00012634,F00238,630.61,NGN,11,10,GB,ios,fuel,0
T00007046,F00833,3117.63,NGN,12,9,NG,web,travel,0
T00004246,F01057,1880.56,NGN,5,1,NG,web,electronics,0
T00007129,F00100,302.55,NGN,9,7,GB,ios,food,0
T00014766,F01095,691.54,NGN,23,4,NG,ios,food,0
T00003025,F00568,2026.05,NGN,12,12,GH,ios,travel,0
T00002230,F00139,266.89,NGN,8,1,US,android,fuel,0
T00011913,F00966,716.54,NGN,18,12,US,web,food,0
T00009156,F00190,1702.84,NGN,16,10,NG,android,fuel,0
T00011338,F01174,2888.79,NGN,0,8,GB,ios,electronics,0
T00014373,F00442,364.77,NGN,19,1,GH,ios,digital,0
T00011616,F00189,1718.13,NGN,6,11,GH,android,digital,0
T00001797,F00307,764.32,NGN,18,8,GB,web,retail,0
T00018738,F00052,4934.27,NGN,5,12,NG,web,electronics,0
T00005615,F00078,1331.54,NGN,8,11,US,ios,electronics,0
T00010655,F00740,57.21,NGN,5,3,NG,android,digital,0
T00000607,F00603,1165.9,NGN,12,3,GB,web,retail,0
T00005159,F00062,1508.12,NGN,9,5,GB,ios,food,0
T00005406,F01021,877.57,NGN,11,9,NG,android,electronics,0
T00002381,F01100,2575.41,NGN,2,9,GB,android,food,1
T00004752,F00742,259.22,NGN,22,2,NG,android,electronics,0
T00009644,F00801,3880.59,NGN,21,2,GH,web,food,0
T00007952,F01021,1282.28,NGN,19,5,NG,android,digital,0
T00018556,F00383,1403.32,NGN,9,2,NG,android,retail,0
T00011106,F00483,2244.34,NGN,21,10,NG,android,retail,0
T00001539,F00717,1851.79,NGN,18,4,US,ios,food,0
T00013964,F00781,616.82,NGN,4,4,NG,ios,electronics,1
T00015611,F00731,1076.31,NGN,17,4,US,web,electronics,0
T00004867,F01134,1064.94,NGN,22,7,GH,web,electronics,0
T00012153,F00704,6421.78,NGN,17,8,NG,android,retail,0
T00001355,F00477,3563.5,NGN,12,2,GB,android,fuel,0
T00006286,F00902,1536.85,NGN,23,4,NG,android,retail,0
T00016709,F00847,428.4,NGN,18,12,NG,android,retail,0
T00019820,F00323,1600.7,NGN,20,12,NG,web,food,0
T00009756,F00734,662.72,NGN,9,9,NG,android,retail,0
T00003131,F01090,152.62,NGN,3,3,GH,ios,digital,0
T00016518,F00243,738.85,NGN,1,7,NG,android,food,1
T00015071,F00353,405.77,NGN,12,6,NG,web,electronics,0
T00014760,F00477,1170.88,NGN,15,3,NG,web,digital,0
T00012117,F00768,403.7,NGN,13,10,NG,android,digital,0
T00015784,F00474,624.68,NGN,0,10,GB,android,electronics,0
T00007773,F00405,1180.78,NGN,9,7,GB,ios,fuel,0
T00001735,F00637,1562.66,NGN,12,4,NG,ios,digital,0
T00013359,F00351,611.15,NGN,13,12,US,web,digital,0
T00004265,F01051,857.98,NGN,17,4,NG,ios,retail,0
T00003937,F00188,490.07,NGN,13,4,GH,ios,digital,0
T00001469,F01105,433.16,NGN,7,4,GB,web,travel,0
T00010063,F00177,1243.09,NGN,0,4,GH,ios,electronics,0
T00014376,F00301,4557.15,NGN,5,7,NG,android,fuel,0
T00017423,F00743,1532.38,NGN,9,4,NG,web,retail,0
T00008863,F00553,1969.08,NGN,12,6,NG,ios,retail,0
T00003776,F00614,435.99,NGN,18,1,US,ios,travel,0
T00001172,F01013,1171.41,NGN,14,12,NG,ios,electronics,0
T00011275,F00998,256.16,NGN,4,10,NG,web,travel,1
T00018421,F00125,1445.22,NGN,17,2,GH,web,travel,0
T00008142,F00386,2436.61,NGN,14,12,GH,ios,fuel,0
T00002433,F00235,424.76,NGN,11,1,US,ios,electronics,0
T00004207,F00994,1128.0,NGN,23,12,NG,ios,retail,0
T00016333,F00331,794.83,NGN,20,8,GH,web,digital,0
T00002451,F00517,624.71,NGN,17,1,GB,ios,retail,0
T00017372,F00193,7086.69,NGN,2,7,NG,web,fuel,1
T00011277,F00033,924.02,NGN,21,8,GB,android,electronics,0
T00017710,F01129,319.61,NGN,0,6,NG,ios,travel,0
T00015796,F00504,966.62,NGN,20,10,NG,android,travel,0
T00001076,F00378,659.09,NGN,0,9,NG,ios,fuel,1
T00002906,F00236,4263.28,NGN,4,11,GH,android,retail,0
T00008383,F01176,1140.75,NGN,16,4,GH,web,food,0
T00009399,F01065,2034.95,NGN,15,2,US,web,retail,0
T00011555,F00449,925.13,NGN,20,1,US,android,digital,0
T00000870,F00520,573.78,NGN,19,8,NG,ios,food,0
T00005949,F00742,1391.77,NGN,15,6,US,android,travel,0
T00018778,F00478,589.59,NGN,12,7,US,android,travel,0
T00001167,F00126,800.57,NGN,4,3,NG,web,electronics,0
T00017325,F00744,2644.75,NGN,0,11,GB,web,electronics,0
T00001358,F00938,417.92,NGN,13,12,NG,web,food,0
T00000439,F00716,1392.76,NGN,15,9,US,web,retail,0
T00002000,F00442,3095.84,NGN,1,7,GH,web,retail,1
T00015695,F00084,3094.9,NGN,21,4,NG,web,fuel,0
T00011336,F00832,363.03,NGN,17,2,NG,ios,digital,0
T00001316,F00847,1571.64,NGN,20,3,GH,ios,digital,0
T00000888,F00381,1184.5,NGN,14,2,NG,ios,travel,0
T00014351,F00278,610.56,NGN,12,7,NG,android,food,0
T00013079,F00275,1419.69,NGN,23,5,GH,ios,food,0
T00014029,F00251,1228.21,NGN,4,10,NG,ios,electronics,1
T00016752,F00952,1352.15,NGN,13,2,GB,android,food,0
T00011783,F00564,383.77,NGN,20,4,NG,android,fuel,0
T00009134,F00921,854.27,NGN,4,12,NG,android,electronics,1
T00008565,F00506,1147.95,NGN,20,6,NG,web,retail,0
T00006834,F00991,798.7,NGN,16,5,US,android,travel,0
T00016664,F01082,624.36,NGN,23,4,NG,ios,food,0
T00018470,F00698,963.39,NGN,8,5,GH,ios,travel,0
T00005094,F01061,1791.84,NGN,22,12,NG,web,food,0
T00012871,F01120,1456.4,NGN,16,1,NG,android,fuel,0
T00012120,F00447,1938.25,NGN,23,12,US,ios,digital,0
T00001338,F01026,538.81,NGN,3,6,NG,android,fuel,1
T00010490,F00138,1294.12,NGN,23,4,US,ios,digital,0
T00005583,F00721,1280.45,NGN,1,7,GH,android,fuel,1
T00001250,F00691,1135.35,NGN,19,8,GH,ios,digital,0
T00018123,F00854,2626.01,NGN,19,6,NG,ios,food,0
T00017474,F00719,426.88,NGN,22,1,NG,web,travel,0
T00014789,F00414,6047.7,NGN,5,5,GB,ios,fuel,0
T00013311,F00537,309.38,NGN,15,8,GB,ios,electronics,0
T00005783,F00826,2052.71,NGN,7,10,GB,ios,fuel,0
T00006740,F00055,596.43,NGN,19,5,NG,android,fuel,0
T00017136,F00656,1923.56,NGN,14,2,NG,android,food,0
T00006954,F00757,2506.29,NGN,23,6,NG,web,digital,0
T00009950,F00409,2526.96,NGN,23,7,NG,web,electronics,0
T00014510,F00211,1619.35,NGN,16,4,GH,android,fuel,0
T00007147,F00713,791.14,NGN,10,3,NG,android,fuel,0
T00016946,F00050,510.98,NGN,21,7,NG,web,travel,0
T00005754,F00800,1268.41,NGN,13,12,US,web,fuel,0
T00013970,F00893,11285.33,NGN,6,6,NG,android,retail,0
T00005023,F00834,444.33,NGN,1,3,NG,web,food,0
T00018194,F01151,788.21,NGN,18,12,NG,ios,retail,0
T00001140,F00250,1302.04,NGN,12,4,GH,web,food,0
T00016124,F01186,566.19,NGN,2,9,NG,android,food,0
T00009463,F00356,5313.17,NGN,14,2,NG,android,fuel,0
T00009165,F00689,807.72,NGN,13,12,GB,android,travel,1
T00014309,F00330,1497.99,NGN,0,12,NG,android,food,0
T00000463,F00792,4469.0,NGN,3,5,NG,web,electronics,0
T00000538,F00375,401.39,NGN,5,12,US,ios,retail,0
T00017513,F01126,3478.42,NGN,10,3,NG,android,travel,0
T00010584,F00816,949.59,NGN,10,5,US,ios,travel,0
T00019596,F00994,565.68,NGN,14,4,US,ios,electronics,0
T00014288,F00711,3348.92,NGN,10,2,NG,android,digital,0
T00016838,F00170,2675.48,NGN,3,2,NG,web,retail,0
T00009358,F00288,167.58,NGN,1,3,GH,web,digital,0
T00010338,F00445,871.51,NGN,9,9,NG,ios,travel,0
T00010352,F00101,2444.76,NGN,5,12,GH,android,food,0
T00012652,F00221,1687.36,NGN,5,6,US,web,digital,0
T00015399,F00655,597.23,NGN,7,1,US,web,electronics,0
T00016353,F00717,1285.52,NGN,16,8,NG,android,fuel,0
T00019778,F00617,800.26,NGN,22,2,NG,web,digital,0
T00016341,F01002,3659.42,NGN,4,11,GH,android,food,1
T00011949,F00390,781.77,NGN,21,3,NG,ios,food,0
T00013761,F00746,1218.93,NGN,3,2,NG,ios,fuel,0
T00013316,F00612,405.44,NGN,8,6,US,android,digital,0
T00019804,F00037,627.11,NGN,6,10,NG,ios,electronics,0
T00013106,F00794,749.18,NGN,15,7,NG,ios,travel,0
T00013289,F00208,556.04,NGN,14,11,US,android,fuel,0
T00015337,F00220,3040.5,NGN,18,2,GB,web,travel,0
T00009953,F00883,4672.8,NGN,16,8,US,web,electronics,0
T00003383,F00077,1550.76,NGN,22,3,GB,ios,fuel,0
T00001119,F00352,2067.62,NGN,20,11,GB,android,retail,0
T00003358,F00746,418.76,NGN,2,12,US,ios,electronics,1
T00011915,F00418,1537.15,NGN,6,9,NG,ios,electronics,0
T00002486,F00157,1278.21,NGN,2,7,NG,ios,travel,1
T00001760,F00897,308.06,NGN,17,1,GB,ios,travel,0
T00013560,F01058,1336.91,NGN,11,7,GB,android,retail,0
T00008104,F00599,1889.67,NGN,19,1,US,android,food,0
T00011073,F00287,1148.05,NGN,21,5,NG,android,travel,0
T00010766,F00703,2494.77,NGN,15,4,GH,android,fuel,0
T00013870,F00917,823.55,NGN,16,8,GH,android,fuel,0
T00018179,F00514,2476.71,NGN,20,4,US,android,food,0
T00005358,F00390,16780.12,NGN,5,6,GB,web,food,0
T00015266,F00588,730.57,NGN,3,10,GH,ios,electronics,0
T00018489,F00289,1317.26,NGN,16,2,US,android,digital,0
T00010231,F01123,589.68,NGN,3,8,NG,android,digital,1
T00008704,F00830,768.28,NGN,2,6,NG,android,retail,1
T00015173,F00707,1076.11,NGN,17,1,US,web,fuel,0
T00002647,F00541,1588.42,NGN,17,4,NG,ios,travel,0
T00004212,F00796,902.43,NGN,16,5,NG,android,retail,0
T00014392,F00381,1126.89,NGN,13,7,GB,web,digital,0
T00017554,F00793,760.75,NGN,19,2,NG,ios,travel,0
T00019910,F00954,1700.18,NGN,16,11,GB,web,retail,0
T00015258,F00006,708.6,NGN,16,8,GH,android,fuel,0
T00016589,F01001,2828.23,NGN,19,4,NG,ios,food,0
T00005558,F00787,283.47,NGN,18,4,NG,web,retail,0
T00016151,F00940,1098.88,NGN,19,4,GB,android,fuel,0
T00007899,F00412,837.08,NGN,11,3,GB,android,digital,0
T00001280,F00366,345.39,NGN,10,11,NG,android,food,0
T00007810,F00855,792.76,NGN,3,8,NG,web,electronics,1
T00018113,F00729,1599.33,NGN,7,4,NG,web,travel,0
T00000451,F00718,704.8,NGN,19,8,NG,android,electronics,0
T00000358,F00385,1118.28,NGN,1,2,US,ios,electronics,0
T00009972,F00022,665.84,NGN,0,6,NG,android,travel,0
T00005625,F01043,530.86,NGN,21,1,NG,ios,fuel,0
T00015637,F00377,3584.61,NGN,14,1,NG,android,food,0
T00008822,F00691,713.08,NGN,2,3,US,android,electronics,0
T00001846,F00278,2734.03,NGN,0,6,NG,ios,retail,0
T00013901,F00110,789.25,NGN,1,6,GB,ios,electronics,1
T00007669,F00902,1653.18,NGN,2,2,NG,web,food,0
T00009153,F00594,351.31,NGN,15,12,NG,android,retail,0
T00003408,F00387,4620.82,NGN,17,1,GB,ios,food,0
T00006063,F01119,2250.57,NGN,8,4,NG,android,retail,0
T00007360,F00027,1068.61,NGN,16,11,US,ios,digital,0
T00018120,F00851,969.22,NGN,3,5,GB,android,electronics,0
T00007528,F01189,371.25,NGN,7,11,NG,android,electronics,0
T00010514,F00929,709.53,NGN,14,6,US,web,digital,0
T00002975,F00938,2408.3,NGN,20,12,GB,android,digital,0
T00019497,F00034,920.02,NGN,15,7,US,android,digital,0
T00018058,F00865,2645.74,NGN,5,11,GH,ios,travel,0
T00008160,F00221,503.09,NGN,17,12,GB,web,food,0
T00019622,F00100,2056.23,NGN,8,7,GB,android,travel,0
T00004270,F00690,233.55,NGN,11,2,NG,android,travel,0
T00004229,F00416,1614.03,NGN,9,2,GH,ios,electronics,0
T00013191,F00372,1368.29,NGN,23,7,GB,android,digital,0
T00011041,F00074,2058.03,NGN,11,6,NG,ios,electronics,0
T00017925,F00368,601.8,NGN,14,5,NG,ios,retail,0
T00012232,F00633,5007.3,NGN,22,2,GH,web,electronics,0
T00014406,F00239,834.52,NGN,18,1,GH,android,food,0
T00004475,F00929,2189.7,NGN,14,7,GH,ios,digital,0
T00004560,F00543,1456.3,NGN,16,2,GB,web,digital,0
T00013463,F01079,1909.8,NGN,15,9,NG,web,digital,0
T00016429,F01061,1655.34,NGN,0,8,GB,ios,retail,0
T00014122,F00410,924.8,NGN,11,10,NG,ios,digital,0
T00015168,F00943,1412.14,NGN,9,3,GH,web,food,0
T00018052,F00502,375.57,NGN,10,4,GH,web,fuel,0
T00015010,F00845,97.82,NGN,13,4,US,android,retail,0
T00006023,F00036,7897.49,NGN,18,6,US,ios,travel,0
T00006249,F00127,1092.27,NGN,5,10,GB,android,retail,0
T00008089,F00465,444.77,NGN,3,9,GH,ios,retail,0
T00019907,F00722,471.45,NGN,20,12,NG,web,travel,0
T00002540,F00073,684.03,NGN,19,3,NG,ios,travel,0
T00001622,F00687,171.74,NGN,17,6,NG,web,fuel,0
T00015077,F01129,478.06,NGN,23,3,NG,ios,retail,0
T00002440,F00195,439.9,NGN,22,1,NG,ios,travel,0
T00000135,F00942,3631.93,NGN,7,2,NG,android,food,0
T00015213,F00554,111.43,NGN,15,11,NG,web,retail,0
T00007584,F01156,452.83,NGN,9,7,GB,web,retail,0
T00003151,F00311,80.82,NGN,18,9,NG,android,digital,0
T00019504,F00324,426.75,NGN,11,3,NG,web,fuel,0
T00008694,F00605,986.51,NGN,14,9,NG,web,travel,0
T00007476,F00066,2234.62,NGN,17,5,US,web,food,0
T00008354,F00788,3088.3,NGN,18,11,GB,android,travel,0
T00011946,F00525,2929.48,NGN,18,12,NG,ios,retail,0
T00018210,F00168,514.63,NGN,13,7,NG,android,electronics,0
T00008138,F00190,4292.98,NGN,6,7,NG,android,food,0
T00009586,F01093,1861.4,NGN,0,10,US,web,retail,0
T00009299,F01061,756.25,NGN,19,4,NG,android,travel,0
T00001762,F00402,685.63,NGN,16,11,GH,android,travel,0
T00005238,F01073,3014.29,NGN,19,3,NG,ios,retail,0
T00000452,F01148,1411.36,NGN,0,4,US,android,electronics,0
T00017595,F00617,378.5,NGN,23,2,NG,ios,retail,0
T00006994,F00387,929.79,NGN,16,3,GB,ios,digital,0
T00009275,F00618,508.89,NGN,4,2,NG,ios,travel,0
T00017831,F00536,145.31,NGN,5,10,GH,web,digital,0
T00001486,F00397,3516.4,NGN,22,7,GB,android,food,0
T00005764,F00655,2235.78,NGN,1,5,US,ios,digital,0
T00009467,F00321,2649.7,NGN,11,6,GB,android,food,0
T00001552,F01060,1251.44,NGN,0,3,GB,ios,food,0
T00017226,F00558,273.78,NGN,23,8,GH,android,travel,0
T00011146,F00875,5009.54,NGN,18,9,NG,android,digital,0
T00010945,F00946,5880.1,NGN,9,12,US,ios,fuel,0
T00002630,F00252,923.77,NGN,17,6,NG,android,travel,0
T00018252,F01098,809.4,NGN,17,9,US,web,digital,0
T00008813,F00789,1400.01,NGN,3,4,NG,ios,travel,0
T00005123,F00958,3087.75,NGN,0,2,NG,android,digital,1
T00012111,F00860,1200.13,NGN,1,12,US,web,fuel,0
T00005745,F00137,2911.27,NGN,11,4,GB,android,travel,0
T00018016,F01095,364.73,NGN,21,5,NG,android,digital,0
T00017928,F00654,962.72,NGN,11,9,NG,android,travel,0
T00007499,F00576,5227.7,NGN,18,7,GH,android,travel,0
T00015708,F00818,1983.67,NGN,13,4,NG,web,digital,0
T00009054,F00592,665.69,NGN,12,10,US,ios,travel,0
T00014573,F00609,428.35,NGN,14,3,NG,android,retail,0
T00001124,F00962,3097.61,NGN,14,5,US,ios,electronics,0
T00007313,F00621,923.35,NGN,13,3,US,android,electronics,0
T00004928,F01136,1037.94,NGN,5,1,NG,android,retail,0
T00011965,F00665,2518.99,NGN,20,8,US,web,fuel,0
T00006879,F01110,933.74,NGN,2,9,NG,web,fuel,1
T00005299,F00491,404.7,NGN,7,7,GB,web,fuel,0
T00015333,F00545,2508.97,NGN,8,4,GB,web,food,0
T00002904,F00299,430.63,NGN,6,7,GH,ios,food,0
T00002859,F00657,941.32,NGN,10,3,NG,web,travel,0
T00009312,F00876,1100.33,NGN,8,1,NG,ios,retail,0
T00008795,F01162,259.15,NGN,10,5,NG,ios,digital,0
T00013051,F00706,232.77,NGN,23,9,NG,ios,digital,0
T00010309,F00643,511.02,NGN,9,5,US,web,travel,0
T00019987,F00543,7630.64,NGN,4,4,NG,web,fuel,0
T00011435,F00481,773.41,NGN,17,11,NG,android,electronics,0
T00014291,F00496,417.69,NGN,13,8,US,android,retail,0
T00003488,F00773,1349.73,NGN,18,2,NG,android,digital,0
T00002551,F00237,2825.59,NGN,8,8,GH,android,food,0
T00016161,F00547,299.66,NGN,18,7,NG,ios,food,0
T00018021,F00185,1285.62,NGN,2,3,US,android,digital,0
T00002249,F00180,11004.03,NGN,11,7,NG,ios,travel,0
T00009189,F00202,2877.0,NGN,5,11,NG,android,fuel,0
T00013783,F00838,2014.79,NGN,16,7,US,ios,travel,0
T00004544,F00656,1956.59,NGN,17,5,US,android,digital,0
T00006476,F01121,406.35,NGN,20,6,GH,ios,digital,0
T00015303,F00727,2080.54,NGN,2,11,GH,web,digital,0
T00008278,F00343,5179.96,NGN,8,3,NG,web,retail,0
T00002093,F01004,1317.26,NGN,19,3,NG,android,retail,0
T00009726,F00590,256.09,NGN,17,1,NG,ios,fuel,0
T00003326,F00656,621.24,NGN,2,1,US,ios,fuel,0
T00011353,F00889,2631.93,NGN,11,12,GH,android,electronics,0
T00008031,F00432,430.76,NGN,19,1,GH,ios,travel,0
T00019238,F00621,864.49,NGN,15,12,NG,ios,food,0
T00017968,F00280,1331.79,NGN,1,10,NG,ios,electronics,0
T00000142,F00861,597.85,NGN,19,10,GB,ios,digital,0
T00005887,F01023,654.3,NGN,12,6,NG,web,fuel,0
T00000169,F00289,530.24,NGN,21,1,NG,android,digital,0
T00014985,F00204,2421.9,NGN,22,10,NG,web,digital,0
T00013957,F00417,1917.2,NGN,22,11,US,android,electronics,0
T00010060,F01152,2229.0,NGN,15,5,GB,ios,food,0
T00017229,F00912,684.97,NGN,19,8,GB,ios,electronics,0
T00016875,F00511,1293.62,NGN,3,8,GH,ios,digital,1
T00003051,F00216,2232.88,NGN,19,8,NG,web,retail,0
T00004692,F00803,1329.56,NGN,7,11,US,ios,digital,0
T00010588,F00577,599.65,NGN,13,4,GH,ios,travel,0
T00002382,F00252,4706.41,NGN,0,10,GH,web,electronics,0
T00013309,F00293,1086.33,NGN,10,5,NG,web,digital,0
T00002501,F00783,1413.76,NGN,5,8,US,ios,food,0
T00005082,F00974,174.44,NGN,14,2,US,android,fuel,0
T00000196,F00200,513.88,NGN,3,4,NG,ios,digital,0
T00017068,F00969,1358.18,NGN,4,5,NG,ios,retail,0
T00003120,F01170,547.95,NGN,20,4,NG,web,retail,0
T00016799,F00992,718.0,NGN,19,12,GH,web,travel,0
T00018709,F00594,1985.99,NGN,0,4,NG,android,retail,1
T00007607,F01032,317.45,NGN,12,1,NG,web,fuel,0
T00019480,F00750,307.52,NGN,19,7,NG,web,fuel,0
T00005319,F00707,402.31,NGN,4,3,US,android,digital,0
T00005744,F00744,525.17,NGN,10,3,NG,web,fuel,0
T00003153,F00066,1566.99,NGN,7,4,NG,web,retail,0
T00006745,F00944,2020.84,NGN,21,9,US,android,travel,0
T00017396,F00477,2452.98,NGN,13,11,GH,ios,food,0
T00000795,F00712,1174.7,NGN,3,4,NG,web,electronics,0
T00013181,F00601,727.15,NGN,19,5,GH,ios,fuel,0
T00007115,F00007,1764.89,NGN,9,1,NG,ios,food,0
T00003012,F00275,2166.13,NGN,2,4,GH,ios,fuel,0
T00004366,F00159,575.29,NGN,17,7,NG,android,electronics,0
T00012536,F00118,4449.81,NGN,16,5,GH,web,travel,0
T00017712,F00253,458.44,NGN,2,3,GB,android,travel,0
T00010229,F00550,2779.8,NGN,19,4,NG,ios,food,0
T00015621,F00568,390.94,NGN,14,12,NG,ios,retail,0
T00001786,F00601,2695.74,NGN,15,1,NG,ios,digital,0
T00011127,F01000,670.99,NGN,12,10,NG,web,retail,0
T00014377,F01166,2577.06,NGN,1,4,NG,ios,travel,0
T00007245,F00235,767.06,NGN,16,5,NG,web,digital,0
T00005765,F00855,831.55,NGN,18,2,NG,web,food,0
T00012784,F00294,995.64,NGN,13,4,US,web,digital,0
T00002032,F00716,1214.73,NGN,7,3,NG,ios,electronics,0
T00008415,F00449,1546.87,NGN,14,5,NG,ios,travel,0
T00006238,F00312,789.81,NGN,5,1,NG,web,retail,0
T00005894,F01180,411.25,NGN,12,5,NG,ios,retail,0
T00011873,F01146,1503.99,NGN,0,11,US,ios,electronics,0
T00006216,F00319,372.09,NGN,11,2,NG,web,fuel,0
T00006683,F00310,890.64,NGN,16,8,GH,android,digital,0
T00004515,F00331,974.99,NGN,13,11,NG,android,food,0
T00017241,F00759,408.36,NGN,20,1,NG,android,retail,0
T00008277,F01072,1012.43,NGN,12,9,GH,web,food,0
T00003486,F00318,886.66,NGN,13,5,US,web,retail,0
T00016674,F00454,208.47,NGN,0,6,NG,web,fuel,0
T00003820,F00622,712.68,NGN,19,11,NG,ios,fuel,0
T00007298,F00633,1605.07,NGN,12,3,GH,web,electronics,0
T00019510,F01115,1540.38,NGN,14,11,US,android,food,0
T00015721,F00402,1707.04,NGN,14,10,NG,web,digital,0
T00007016,F00248,1024.68,NGN,4,2,GB,web,travel,0
T00006936,F00165,4316.91,NGN,7,3,GB,ios,food,0
T00007738,F00574,833.63,NGN,1,10,GH,android,retail,0
T00010292,F00880,755.15,NGN,17,8,US,ios,electronics,0
T00011030,F00379,2321.67,NGN,13,11,NG,android,fuel,0
T00009765,F00339,1366.27,NGN,2,1,NG,android,fuel,0
T00017927,F00032,505.48,NGN,5,12,GH,android,food,0
T00000939,F00785,535.68,NGN,23,9,US,android,food,0
T00014863,F00668,2730.0,NGN,12,12,GB,ios,food,0
T00008171,F01028,2271.8,NGN,5,10,GH,android,retail,0
T00007939,F00370,367.95,NGN,21,1,GH,ios,food,0
T00018233,F00821,2689.38,NGN,19,2,GB,android,retail,0
T00007062,F00486,896.75,NGN,5,10,NG,android,travel,0
T00008929,F00152,696.72,NGN,0,4,NG,web,fuel,0
T00018261,F00475,4740.55,NGN,11,7,NG,ios,digital,0
T00012474,F00268,495.62,NGN,20,11,NG,ios,electronics,0
T00000909,F00172,1591.64,NGN,9,11,GB,ios,electronics,0
T00001420,F00729,215.25,NGN,6,10,US,ios,fuel,0
T00014104,F00838,1064.72,NGN,12,11,NG,android,fuel,0
T00016382,F00826,595.33,NGN,0,10,GB,web,travel,0
T00014508,F00080,726.16,NGN,2,2,US,web,digital,0
T00008840,F01082,1348.31,NGN,19,12,NG,web,food,0
T00019909,F00051,1216.34,NGN,0,11,NG,android,food,0
T00014506,F00385,1072.28,NGN,21,4,NG,ios,digital,0
T00015453,F01021,1427.88,NGN,11,9,NG,ios,retail,0
T00002137,F00346,2148.18,NGN,3,8,US,ios,travel,1
T00012973,F00181,634.28,NGN,20,3,NG,android,digital,0
T00003573,F01010,530.75,NGN,2,1,NG,android,food,0
T00005795,F01179,1152.89,NGN,22,2,NG,android,electronics,0
T00005288,F00048,443.73,NGN,17,7,NG,ios,retail,0
T00017393,F00870,1709.15,NGN,20,6,GB,ios,fuel,0
T00014544,F00951,263.27,NGN,11,3,NG,android,digital,0
T00001649,F00476,901.59,NGN,2,12,NG,web,digital,1
T00013877,F00332,740.02,NGN,6,7,GB,web,travel,0
T00006670,F00108,915.41,NGN,8,6,NG,web,travel,0
T00017388,F00599,2715.18,NGN,9,1,GH,android,digital,0
T00016370,F00558,468.2,NGN,12,10,GH,ios,travel,0
T00017042,F00134,2457.4,NGN,7,5,GH,ios,food,0
T00017499,F01064,967.76,NGN,4,8,NG,web,electronics,1
T00000787,F00217,2578.26,NGN,18,3,NG,android,fuel,0
T00010975,F00224,5817.42,NGN,9,11,NG,ios,food,0
T00011797,F00366,599.36,NGN,8,3,NG,android,retail,0
T00002912,F00549,1926.01,NGN,6,11,NG,ios,retail,0
T00010117,F00466,314.3,NGN,13,5,GH,web,electronics,0
T00005548,F00834,2112.23,NGN,17,5,GH,android,electronics,0
T00011425,F00425,2035.03,NGN,7,2,NG,web,digital,0
T00012733,F00695,1770.16,NGN,2,8,GH,android,fuel,0
T00017582,F00378,1608.51,NGN,9,5,GB,web,food,0
T00019253,F00480,8679.38,NGN,11,11,NG,ios,retail,0
T00008826,F00459,3653.46,NGN,12,10,NG,web,retail,0
T00001285,F01117,378.93,NGN,7,8,GB,ios,travel,0
T00005003,F00670,2107.38,NGN,0,9,US,ios,fuel,0
T00001418,F00342,970.99,NGN,20,1,GB,android,food,0
T00017228,F00537,293.46,NGN,8,7,GH,web,fuel,0
T00013875,F00765,585.57,NGN,14,9,GB,web,fuel,0
T00015151,F00123,1953.15,NGN,12,1,NG,android,electronics,0
T00011515,F00595,250.74,NGN,1,3,GB,web,retail,0
T00006781,F00683,1888.43,NGN,9,1,NG,ios,retail,0
T00013929,F00715,531.7,NGN,1,3,GB,ios,food,0
T00003612,F00186,2644.67,NGN,6,5,GB,web,food,0
T00013955,F00256,2862.89,NGN,7,11,GH,web,fuel,0
T00014081,F00568,3047.76,NGN,16,8,NG,android,food,0
T00000656,F00192,3119.08,NGN,5,1,GH,android,digital,0
T00009635,F00472,1282.61,NGN,8,1,NG,web,food,0
T00011194,F00885,757.5,NGN,2,8,NG,ios,fuel,1
T00001032,F00292,1818.28,NGN,1,3,GB,ios,food,1
T00009192,F00221,437.3,NGN,3,8,GB,ios,fuel,0
T00013097,F00953,874.07,NGN,14,2,NG,ios,digital,0
T00012184,F00618,655.82,NGN,15,8,GB,ios,electronics,0
T00003617,F00557,902.23,NGN,8,6,GB,ios,digital,0
T00003513,F00591,1618.81,NGN,18,7,NG,ios,retail,0
T00006188,F01160,6920.36,NGN,2,12,US,web,retail,1
T00000148,F00567,918.93,NGN,20,10,GB,web,retail,0
T00011109,F00863,869.56,NGN,5,4,GB,web,retail,0
T00015004,F00525,657.95,NGN,15,11,GH,web,food,0
T00014864,F01113,7641.76,NGN,17,5,US,web,digital,0
T00014160,F00621,2300.19,NGN,20,11,GB,android,food,0
T00017792,F00325,1526.2,NGN,6,1,NG,android,retail,0
T00006036,F00056,776.0,NGN,13,3,GB,android,electronics,0
T00016551,F00928,2267.23,NGN,20,5,NG,web,retail,0
T00010223,F00939,2929.64,NGN,10,8,NG,android,digital,0
T00017686,F00194,350.44,NGN,3,9,GH,ios,fuel,1
T00016959,F00018,1488.5,NGN,11,12,GH,web,retail,0
T00008914,F00671,2903.71,NGN,16,10,NG,android,retail,0
T00003889,F00940,293.27,NGN,18,7,US,android,retail,0
T00003420,F00915,2197.96,NGN,12,7,US,android,digital,0
T00006146,F01088,1641.25,NGN,16,10,GB,web,digital,0
T00005611,F00745,1959.13,NGN,6,11,NG,web,retail,1
T00017698,F01042,1211.97,NGN,19,2,NG,android,fuel,0
T00007816,F00713,765.78,NGN,5,3,GB,web,fuel,0
T00009095,F00932,2063.61,NGN,8,8,GH,ios,electronics,0
T00001205,F01135,3674.41,NGN,5,6,GH,android,digital,0
T00006747,F00125,255.53,NGN,15,3,NG,android,travel,0
T00005313,F00420,2124.86,NGN,21,2,GB,web,retail,0
T00015880,F00435,1311.11,NGN,16,2,NG,android,electronics,0
T00003050,F00591,869.25,NGN,18,1,GH,ios,digital,0
T00017605,F00135,427.15,NGN,21,7,NG,web,electronics,0
T00012981,F01000,1729.57,NGN,2,12,GH,web,retail,0
T00018665,F00929,1329.47,NGN,7,11,NG,web,digital,0
T00015096,F00673,2983.57,NGN,4,2,NG,web,retail,0
T00005883,F01096,2006.77,NGN,5,6,US,web,electronics,0
T00013462,F00029,792.64,NGN,7,2,US,ios,electronics,0
T00018742,F00481,598.13,NGN,14,12,NG,web,food,0
T00014795,F00610,1370.17,NGN,8,2,NG,android,electronics,0
T00007861,F00228,373.22,NGN,22,11,GH,android,fuel,0
T00007468,F01053,285.7,NGN,21,3,NG,android,electronics,0
T00002468,F00553,2192.68,NGN,6,11,GB,android,food,0
T00004877,F01152,2509.5,NGN,10,10,NG,web,food,0
T00002994,F00616,582.12,NGN,0,5,GH,web,travel,0
T00007446,F00798,1165.96,NGN,11,2,NG,web,food,0
T00019703,F00475,3322.54,NGN,20,2,GB,web,electronics,0
T00002089,F00511,5556.19,NGN,4,8,NG,android,electronics,0
T00013484,F00487,317.91,NGN,22,9,GH,web,fuel,0
T00007657,F01170,578.83,NGN,2,5,US,android,fuel,0
T00018906,F00940,490.43,NGN,2,7,NG,ios,digital,1
T00015655,F00960,1320.9,NGN,15,11,GH,android,digital,0
T00015342,F00266,3684.85,NGN,11,1,NG,android,fuel,0
T00007121,F00965,4963.6,NGN,1,3,NG,web,travel,0
T00003125,F00043,637.36,NGN,23,2,NG,android,travel,0
T00011986,F00545,3950.4,NGN,6,7,NG,web,fuel,0
T00010738,F00820,363.76,NGN,10,6,US,android,digital,0
T00007173,F00123,688.87,NGN,14,7,NG,ios,fuel,0
T00018017,F00081,7847.86,NGN,17,12,NG,android,food,0
T00016392,F00896,5335.26,NGN,18,3,US,web,retail,0
T00001135,F00551,1102.77,NGN,2,11,NG,android,retail,1
T00010626,F00660,177.68,NGN,1,4,US,android,digital,0
T00003302,F00555,2247.61,NGN,5,6,NG,android,fuel,0
T00006349,F01148,695.12,NGN,4,2,NG,android,food,0
T00015018,F00628,1847.79,NGN,16,2,GH,ios,fuel,0
T00002221,F00921,404.1,NGN,7,12,GH,web,fuel,0
T00010532,F00887,796.43,NGN,14,9,NG,android,retail,0
T00018875,F00279,390.92,NGN,22,2,NG,android,retail,0
T00005741,F00752,1019.17,NGN,22,1,NG,android,food,0
T00011972,F00030,2084.25,NGN,21,7,GH,android,digital,0
T00018467,F00068,5106.73,NGN,2,11,NG,android,fuel,1
T00012631,F00909,3061.17,NGN,8,7,GH,web,digital,0
T00000041,F00189,1358.33,NGN,1,8,GB,web,electronics,1
T00019861,F00911,711.1,NGN,3,12,NG,ios,digital,1
T00011000,F01120,1077.48,NGN,4,10,NG,ios,retail,1
T00006358,F00780,857.75,NGN,15,6,NG,ios,digital,0
T00013847,F00867,1990.9,NGN,14,3,NG,ios,electronics,0
T00007675,F00352,195.31,NGN,1,6,GH,web,travel,1
T00003760,F01176,1593.4,NGN,5,8,GB,web,travel,1
T00019628,F00326,2332.5,NGN,21,2,US,ios,electronics,0
T00005348,F00611,1940.19,NGN,9,5,US,ios,fuel,0
T00018376,F01003,1873.62,NGN,16,4,GH,web,travel,0
T00011184,F00584,723.93,NGN,10,2,NG,android,electronics,0
T00015336,F00148,2907.17,NGN,3,5,GH,web,retail,0
T00005143,F00182,364.35,NGN,18,5,GB,android,food,0
T00000761,F00663,1147.11,NGN,21,11,US,web,retail,0
T00010920,F00414,1244.05,NGN,6,1,US,android,fuel,0
T00012427,F00056,5201.31,NGN,16,8,NG,web,electronics,0
T00010239,F01199,1362.88,NGN,17,11,NG,android,food,0
T00001061,F00669,1559.18,NGN,15,8,GH,android,food,0
T00013869,F00360,462.94,NGN,9,10,NG,ios,electronics,0
T00015886,F00476,1737.78,NGN,17,3,US,web,digital,0
T00006623,F00935,831.62,NGN,13,10,NG,web,retail,0
T00004538,F01179,1051.67,NGN,11,1,US,web,travel,0
T00001713,F01099,1267.02,NGN,23,5,NG,ios,fuel,0
T00012317,F00294,3292.93,NGN,13,10,NG,android,electronics,0
T00017092,F01070,806.73,NGN,5,9,GB,ios,retail,0
T00012863,F00248,737.8,NGN,16,10,GH,ios,food,0
T00015155,F00558,1329.47,NGN,10,11,NG,web,electronics,0
T00000362,F00514,4433.76,NGN,10,5,US,web,travel,0
T00011854,F01101,1049.52,NGN,8,7,NG,ios,digital,0
T00004462,F00496,1580.72,NGN,18,4,US,web,retail,0
T00017251,F00793,600.34,NGN,22,11,US,ios,food,0
T00016813,F00238,1326.85,NGN,23,1,GB,web,electronics,0
T00018633,F00463,1151.69,NGN,21,6,GH,ios,digital,0
T00001707,F00241,870.01,NGN,7,8,NG,ios,food,0
T00004233,F00719,138.63,NGN,17,10,GB,web,travel,0
T00002746,F00177,550.71,NGN,5,10,US,android,travel,0
T00010050,F00416,678.19,NGN,16,8,NG,web,electronics,0
T00013297,F00398,595.95,NGN,12,10,GB,ios,fuel,0
T00014927,F00666,671.55,NGN,20,12,NG,web,digital,0
T00010600,F00085,246.13,NGN,0,11,US,ios,food,0
T00019839,F00015,3480.52,NGN,6,9,NG,android,travel,0
T00004210,F01056,3541.85,NGN,18,4,NG,ios,travel,0
T00016253,F00317,1502.84,NGN,21,12,GB,ios,digital,0
T00017817,F00563,606.58,NGN,6,5,NG,ios,fuel,0
T00010434,F00086,3337.67,NGN,8,9,NG,ios,digital,0
T00013985,F00701,792.32,NGN,0,7,US,android,fuel,0
T00007279,F00803,3043.11,NGN,6,1,GB,web,travel,0
T00017885,F00180,557.46,NGN,13,3,GB,web,food,0
T00011886,F00460,606.63,NGN,15,6,GH,android,travel,0
T00017077,F00839,8011.42,NGN,4,8,GH,web,travel,0
T00000263,F00095,625.02,NGN,1,2,GB,ios,travel,0
T00018223,F00147,6291.3,NGN,22,7,GH,web,fuel,0
T00005518,F01021,473.99,NGN,14,10,GH,ios,food,0
T00011102,F00715,1482.29,NGN,6,9,NG,ios,electronics,0
T00000320,F00289,1816.76,NGN,17,9,NG,web,retail,0
T00001460,F00059,2319.43,NGN,14,4,GB,ios,digital,0
T00013192,F00749,422.7,NGN,15,3,NG,ios,fuel,0
T00003454,F01061,349.15,NGN,8,10,US,android,digital,0
T00006082,F00805,2914.35,NGN,5,10,NG,web,food,0
T00019385,F00460,3630.39,NGN,0,12,US,android,electronics,0
T00007384,F00889,3908.58,NGN,14,4,NG,android,travel,0
T00000717,F00157,750.07,NGN,10,1,GH,ios,fuel,0
T00005145,F00593,5004.91,NGN,15,10,NG,web,travel,0
T00011942,F00542,695.44,NGN,8,3,NG,web,fuel,0
T00015093,F00843,2563.39,NGN,10,8,NG,web,travel,0
T00012082,F00298,1722.86,NGN,2,3,GH,ios,electronics,0
T00016503,F00508,457.67,NGN,20,10,GH,ios,digital,0
T00018915,F00688,759.35,NGN,22,1,NG,ios,electronics,0
T00002256,F00188,3466.48,NGN,18,3,NG,android,retail,0
T00005077,F00072,2503.03,NGN,5,2,GB,android,fuel,0
T00006832,F00633,1234.21,NGN,22,11,NG,web,electronics,0
T00012240,F00031,2210.94,NGN,1,9,US,android,fuel,1
T00004929,F00042,1014.46,NGN,4,3,NG,web,electronics,0
T00011139,F01148,1350.56,NGN,15,5,GB,ios,retail,0
T00000915,F00363,471.22,NGN,17,1,GB,web,retail,0
T00012899,F01072,421.55,NGN,5,3,NG,web,travel,0
T00014011,F00062,4482.84,NGN,11,7,NG,web,travel,0
T00004702,F00138,1157.7,NGN,15,3,NG,ios,digital,0
T00002179,F00571,696.23,NGN,11,10,GH,web,electronics,0
T00019876,F01189,2331.35,NGN,13,5,NG,android,fuel,0
T00015171,F00694,261.11,NGN,15,10,GH,android,electronics,0
T00001770,F00626,982.77,NGN,8,3,NG,android,fuel,0
T00010997,F00495,714.89,NGN,22,4,NG,web,electronics,0
T00000505,F00108,1330.19,NGN,9,10,NG,web,retail,0
T00002352,F00022,4929.41,NGN,12,6,NG,android,electronics,0
T00019307,F00922,226.57,NGN,13,6,GB,ios,electronics,0
T00019879,F00952,1215.58,NGN,0,5,GH,android,digital,0
T00018963,F00787,2269.26,NGN,5,5,GB,web,electronics,0
T00010334,F00444,607.74,NGN,20,7,GB,ios,fuel,0
T00005861,F00990,1057.98,NGN,17,2,NG,android,digital,0
T00009083,F00911,335.48,NGN,17,2,GB,ios,digital,0
T00000547,F00798,1234.19,NGN,4,6,GB,android,retail,1
T00018185,F00940,666.59,NGN,9,8,GH,web,digital,0
T00007750,F00621,763.32,NGN,4,2,US,web,travel,0
T00005054,F01108,1488.82,NGN,18,1,NG,android,digital,0
T00012245,F00929,870.3,NGN,19,1,US,android,electronics,0
T00001214,F00320,1243.53,NGN,15,10,GB,ios,retail,0
T00000941,F01081,956.59,NGN,13,11,NG,web,electronics,0
T00001506,F00682,239.74,NGN,11,4,GH,android,retail,0
T00005628,F00939,952.39,NGN,7,7,GH,web,travel,0
