user_id,item_id,event_type,event_value,timestamp
U00001,M00760,watch,2,1765915046
U00001,M00464,watch,2,1764607224
U00001,M00434,watch,2,1761624041
U00001,M00355,view,1,1763807035
U00001,M00437,like,3,1749557355
U00001,M00483,like,3,1735771349
U00001,M00407,view,1,1744261432
U00001,M00734,view,1,1755996751
U00001,M00285,like,3,1766669380
U00001,M00309,view,1,1741057465
U00001,M00520,like,3,1753918706
U00001,M00193,like,3,1739582801
U00001,M00309,watch,2,1747718439
U00001,M00308,like,3,1760052774
U00001,M00165,like,3,1746559015
U00002,M00183,like,3,1742547849
U00002,M00103,like,3,1760172898
U00002,M00731,view,1,1735977022
U00002,M00074,purchase,5,1738012957
U00002,M00137,like,3,1758614640
U00002,M00780,like,3,1738996533
U00002,M00362,view,1,1758789410
U00002,M00196,view,1,1748483626
U00002,M00454,watch,2,1765249898
U00002,M00744,view,1,1745297387
U00002,M00770,view,1,1766404354
U00002,M00157,view,1,1750002573
U00002,M00146,view,1,1741809924
U00003,M00222,watch,2,1752556802
U00003,M00272,view,1,1749933616
U00003,M00787,watch,2,1766476013
U00003,M00651,purchase,5,1760055204
U00003,M00338,purchase,5,1741184899
U00003,M00660,like,3,1757158674
U00003,M00238,like,3,1760263437
U00003,M00350,view,1,1736294451
U00003,M00129,view,1,1761643633
U00003,M00144,watch,2,1737732336
U00003,M00509,view,1,1758061122
U00003,M00547,like,3,1745836886
U00003,M00576,view,1,1764389250
U00003,M00400,like,3,1740315105
U00003,M00243,watch,2,1766378546
U00003,M00657,watch,2,1744542286
U00003,M00262,view,1,1751296012
U00003,M00529,like,3,1759820812
U00003,M00743,view,1,1750922959
U00003,M00172,view,1,1753590879
U00003,M00171,like,3,1751926499
U00004,M00720,like,3,1742894253
U00004,M00306,view,1,1742063113
U00004,M00053,view,1,1764824483
U00004,M00397,view,1,1766341130
U00004,M00079,view,1,1753954594
U00004,M00516,view,1,1763647773
U00004,M00749,like,3,1745193462
U00004,M00106,view,1,1756955926
U00004,M00112,view,1,1744115962
U00004,M00484,like,3,1765439850
U00004,M00367,view,1,1761564559
U00004,M00627,like,3,1764048320
U00004,M00495,view,1,1743918223
U00005,M00616,purchase,5,1755577835
U00005,M00548,watch,2,1750824412
U00005,M00659,view,1,1753250744
U00005,M00761,view,1,1749847701
U00005,M00505,watch,2,1746588644
U00005,M00144,view,1,1749786107
U00005,M00039,purchase,5,1754972126
U00005,M00054,view,1,1750792433
U00005,M00066,purchase,5,1756641997
U00005,M00624,watch,2,1760123019
U00005,M00262,view,1,1738274885
U00005,M00593,view,1,1738929462
U00005,M00052,watch,2,1748295042
U00005,M00462,view,1,1748546877
U00005,M00058,watch,2,1754383379
U00005,M00434,view,1,1756611885
U00005,M00579,view,1,1758433155
U00005,M00105,like,3,1744877307
U00005,M00330,like,3,1760358425
U00006,M00277,view,1,1746822132
U00006,M00138,purchase,5,1743042021
U00006,M00212,view,1,1761722514
U00006,M00038,view,1,1752950524
U00006,M00105,watch,2,1740789113
U00006,M00477,watch,2,1750348633
U00006,M00706,view,1,1748392858
U00006,M00391,view,1,1753808718
U00006,M00583,view,1,1737118582
U00006,M00514,like,3,1760029244
U00006,M00558,view,1,1736651532
U00006,M00212,like,3,1741319252
U00006,M00683,like,3,1763594056
U00006,M00327,purchase,5,1757383527
U00006,M00171,purchase,5,1760232995
U00006,M00757,like,3,1746613657
U00006,M00319,view,1,1743876342
U00006,M00101,like,3,1760377802
U00006,M00194,watch,2,1738187331
U00007,M00731,view,1,1752484053
U00007,M00755,watch,2,1735849911
U00007,M00145,view,1,1742616795
U00007,M00442,like,3,1755380461
U00007,M00610,watch,2,1763851905
U00007,M00377,view,1,1764369132
U00007,M00738,view,1,1737681339
U00007,M00537,view,1,1759647453
U00007,M00767,view,1,1765770932
U00007,M00372,view,1,1752730149
U00007,M00715,view,1,1742288295
U00007,M00224,purchase,5,1757996523
U00007,M00203,view,1,1751366150
U00007,M00025,like,3,1756130402
U00007,M00596,watch,2,1740801398
U00007,M00367,like,3,1753407402
U00008,M00616,view,1,1761711185
U00008,M00211,view,1,1743014030
U00008,M00334,like,3,1764101590
U00008,M00677,view,1,1745788534
U00008,M00565,view,1,1758839028
U00008,M00786,view,1,1757890295
U00008,M00273,view,1,1763791573
U00008,M00010,watch,2,1737138208
U00008,M00262,watch,2,1764436202
U00008,M00356,view,1,1762863793
U00008,M00574,view,1,1763935218
U00008,M00633,view,1,1761828528
U00008,M00354,like,3,1764090208
U00009,M00659,view,1,1742477085
U00009,M00415,purchase,5,1752780616
U00009,M00414,watch,2,1757141056
U00009,M00399,like,3,1754252314
U00009,M00110,watch,2,1763127685
U00009,M00058,view,1,1763372261
U00009,M00112,view,1,1740853826
U00009,M00211,view,1,1746085866
U00009,M00326,like,3,1765130043
U00009,M00215,purchase,5,1759979890
U00009,M00410,view,1,1759840713
U00009,M00206,like,3,1741371556
U00009,M00632,view,1,1749839241
U00009,M00434,view,1,1741122849
U00009,M00618,like,3,1738485012
U00009,M00572,like,3,1760471480
U00009,M00262,like,3,1766142140
U00009,M00440,view,1,1748156362
U00009,M00772,watch,2,1742167353
U00009,M00283,view,1,1742979670
U00009,M00699,view,1,1757201786
U00009,M00717,like,3,1764494081
U00009,M00167,view,1,1745595840
U00009,M00031,watch,2,1759912237
U00010,M00763,watch,2,1758570717
U00010,M00150,watch,2,1755810896
U00010,M00471,view,1,1748306351
U00010,M00409,view,1,1749950002
U00010,M00044,view,1,1752983839
U00010,M00383,view,1,1763453057
U00010,M00795,watch,2,1757054306
U00010,M00593,view,1,1739067611
U00010,M00728,view,1,1738374229
U00010,M00054,view,1,1748603683
U00010,M00249,view,1,1755928226
U00010,M00691,watch,2,1744196487
U00010,M00326,view,1,1752479428
U00010,M00578,view,1,1756462163
U00010,M00326,view,1,1756681683
U00010,M00102,like,3,1758896254
U00011,M00425,view,1,1765456357
U00011,M00428,view,1,1753807979
U00011,M00618,view,1,1747383070
U00011,M00717,view,1,1753463540
U00011,M00062,watch,2,1752571211
U00011,M00203,watch,2,1754122382
U00011,M00720,view,1,1763845816
U00011,M00115,like,3,1737141888
U00011,M00745,like,3,1755435335
U00011,M00593,view,1,1738371782
U00011,M00023,view,1,1747839225
U00011,M00252,watch,2,1741793279
U00011,M00108,like,3,1766751456
U00011,M00518,view,1,1741920375
U00011,M00093,like,3,1754034956
U00011,M00026,like,3,1766612811
U00011,M00536,like,3,1765231004
U00011,M00440,view,1,1754664426
U00011,M00025,view,1,1739643733
U00011,M00391,view,1,1750211264
U00011,M00707,watch,2,1738711784
U00011,M00097,watch,2,1744386118
U00012,M00609,like,3,1759501566
U00012,M00234,watch,2,1757821318
U00012,M00125,watch,2,1756706152
U00012,M00674,view,1,1756504675
U00012,M00290,view,1,1752818524
U00012,M00607,purchase,5,1750714923
U00012,M00528,view,1,1742597254
U00012,M00581,view,1,1758040235
U00012,M00785,view,1,1756037934
U00012,M00727,view,1,1756059781
U00012,M00566,purchase,5,1746528538
U00012,M00217,view,1,1736598615
U00012,M00574,view,1,1741555493
U00012,M00159,watch,2,1752627969
U00012,M00393,watch,2,1742368258
U00012,M00782,view,1,1738314198
U00012,M00309,like,3,1741641278
U00012,M00135,like,3,1765118759
U00012,M00501,view,1,1759610478
U00012,M00452,view,1,1741699967
U00013,M00685,watch,2,1746261946
U00013,M00380,view,1,1763262300
U00013,M00008,view,1,1747360542
U00013,M00667,watch,2,1749765205
U00013,M00289,view,1,1757170215
U00013,M00183,watch,2,1737598561
U00013,M00630,view,1,1748846426
U00013,M00574,view,1,1744091672
U00013,M00283,view,1,1760801539
U00013,M00630,view,1,1744519750
U00013,M00175,like,3,1739373157
U00013,M00589,watch,2,1738752795
U00013,M00374,watch,2,1752462182
U00013,M00326,view,1,1749697418
U00013,M00779,watch,2,1758069432
U00013,M00245,view,1,1749666336
U00013,M00701,like,3,1753479750
U00013,M00658,view,1,1746731533
U00013,M00116,view,1,1746238728
U00013,M00718,like,3,1753789952
U00013,M00274,like,3,1757647537
U00014,M00751,purchase,5,1759273274
U00014,M00033,like,3,1748520801
U00014,M00378,watch,2,1746944304
U00014,M00447,like,3,1737096432
U00014,M00697,view,1,1756227772
U00014,M00111,view,1,1752928453
U00014,M00749,view,1,1765572024
U00014,M00708,like,3,1743767694
U00014,M00454,like,3,1735990231
U00014,M00349,view,1,1756397427
U00014,M00285,view,1,1761966275
U00014,M00272,view,1,1764172639
U00014,M00264,view,1,1751781686
U00014,M00232,watch,2,1741362838
U00014,M00393,view,1,1752955068
U00014,M00316,view,1,1755783344
U00015,M00674,view,1,1753351102
U00015,M00047,watch,2,1737079640
U00015,M00776,view,1,1763891426
U00015,M00640,watch,2,1747141776
U00015,M00535,view,1,1739592261
U00015,M00054,watch,2,1756007283
U00015,M00651,like,3,1756679749
U00015,M00448,view,1,1748775928
U00015,M00138,watch,2,1755744930
U00015,M00435,view,1,1737076049
U00015,M00587,view,1,1765872056
U00015,M00129,view,1,1762861564
U00015,M00026,watch,2,1747846140
U00015,M00383,purchase,5,1751435170
U00015,M00410,view,1,1744027401
U00016,M00572,watch,2,1747149189
U00016,M00053,purchase,5,1740705314
U00016,M00482,watch,2,1762484833
U00016,M00155,like,3,1742155759
U00016,M00449,view,1,1753591515
U00016,M00057,view,1,1750567801
U00016,M00695,watch,2,1763563755
U00016,M00263,view,1,1744506568
U00016,M00128,view,1,1764050467
U00016,M00236,view,1,1761187282
U00016,M00312,view,1,1752201975
U00016,M00512,watch,2,1756048881
U00016,M00266,view,1,1766846528
U00016,M00443,view,1,1735720000
U00016,M00362,watch,2,1754761098
U00017,M00161,watch,2,1763712008
U00017,M00218,view,1,1744357294
U00017,M00526,view,1,1749685777
U00017,M00236,view,1,1765552948
U00017,M00373,view,1,1735760162
U00017,M00538,view,1,1749272553
U00017,M00292,purchase,5,1744888298
U00017,M00232,view,1,1738706344
U00017,M00506,view,1,1756820756
U00017,M00316,like,3,1740102759
U00017,M00277,view,1,1766110013
U00017,M00412,view,1,1745157025
U00017,M00751,view,1,1745996641
U00017,M00004,watch,2,1751762085
U00018,M00708,watch,2,1737555617
U00018,M00796,view,1,1757949605
U00018,M00443,view,1,1760670477
U00018,M00127,view,1,1740549326
U00018,M00544,watch,2,1744599437
U00018,M00780,view,1,1737367622
U00018,M00254,like,3,1758745349
U00018,M00752,watch,2,1750112507
U00018,M00204,view,1,1756639947
U00018,M00328,like,3,1736550852
U00018,M00164,view,1,1737816738
U00018,M00431,like,3,1765309059
U00018,M00250,like,3,1751928661
U00018,M00668,view,1,1761763119
U00019,M00260,view,1,1740616388
U00019,M00134,like,3,1758432493
U00019,M00093,view,1,1736072134
U00019,M00545,purchase,5,1747101459
U00019,M00148,like,3,1745762492
U00019,M00194,view,1,1745048377
U00019,M00671,view,1,1748457496
U00019,M00661,view,1,1746640471
U00019,M00400,view,1,1760160922
U00019,M00220,like,3,1765155632
U00019,M00606,view,1,1743187768
U00019,M00019,view,1,1740513030
U00019,M00069,view,1,1760891518
U00019,M00456,view,1,1758351853
U00019,M00174,like,3,1741158476
U00019,M00198,view,1,1760964655
U00020,M00026,watch,2,1743751698
U00020,M00708,watch,2,1766034859
U00020,M00605,view,1,1749120481
U00020,M00163,purchase,5,1757517806
U00020,M00069,like,3,1748263801
U00020,M00775,like,3,1759279214
U00020,M00040,view,1,1761837388
U00020,M00686,watch,2,1739251469
U00020,M00181,like,3,1744152130
U00020,M00584,view,1,1760752117
U00020,M00623,view,1,1744786464
U00020,M00010,watch,2,1743840235
U00020,M00497,view,1,1754530236
U00020,M00437,view,1,1756258933
U00020,M00224,view,1,1746215402
U00020,M00513,view,1,1750615872
U00020,M00233,view,1,1748128395
U00020,M00193,view,1,1756656089
U00020,M00537,like,3,1749938874
U00021,M00257,view,1,1742143333
U00021,M00237,purchase,5,1747105714
U00021,M00269,view,1,1757181040
U00021,M00136,view,1,1750405396
U00021,M00560,watch,2,1746177348
U00021,M00773,view,1,1744708263
U00021,M00165,view,1,1755309326
U00021,M00203,view,1,1761375988
U00021,M00407,watch,2,1745787111
U00021,M00383,view,1,1765344047
U00021,M00211,view,1,1762594669
U00021,M00581,watch,2,1745038501
U00021,M00383,view,1,1743768432
U00021,M00297,view,1,1737153511
U00021,M00288,view,1,1755351103
U00021,M00108,purchase,5,1746607000
U00021,M00651,view,1,1736166777
U00021,M00262,view,1,1756973576
U00022,M00630,watch,2,1746066827
U00022,M00721,view,1,1758287511
U00022,M00433,view,1,1737685011
U00022,M00755,watch,2,1758944972
U00022,M00159,view,1,1743307399
U00022,M00720,watch,2,1749420380
U00022,M00514,like,3,1752256231
U00022,M00642,view,1,1752796059
U00022,M00559,watch,2,1751420811
U00022,M00285,watch,2,1765329261
U00022,M00315,watch,2,1758759428
U00022,M00307,view,1,1748861429
U00022,M00756,view,1,1761602306
U00022,M00026,view,1,1748969217
U00022,M00691,watch,2,1747381760
U00022,M00330,like,3,1751116889
U00022,M00587,watch,2,1736025223
U00022,M00074,like,3,1757128437
U00022,M00194,view,1,1753578284
U00022,M00213,view,1,1749894941
U00022,M00438,watch,2,1737535018
U00022,M00450,view,1,1742610476
U00022,M00727,watch,2,1748920955
U00023,M00526,watch,2,1756151000
U00023,M00500,view,1,1745140407
U00023,M00181,watch,2,1755355192
U00023,M00284,view,1,1761812674
U00023,M00280,view,1,1749226363
U00023,M00512,watch,2,1743562149
U00023,M00268,watch,2,1743935374
U00023,M00078,view,1,1757831466
U00023,M00084,view,1,1748329759
U00023,M00717,like,3,1744384149
U00023,M00095,view,1,1765174358
U00023,M00399,view,1,1739391928
U00023,M00001,view,1,1746774923
U00023,M00292,like,3,1765954061
U00023,M00530,view,1,1738222722
U00023,M00055,view,1,1746045740
U00023,M00590,view,1,1736452651
U00023,M00717,watch,2,1736543649
U00024,M00662,view,1,1762872255
U00024,M00005,watch,2,1750051512
U00024,M00330,view,1,1749488966
U00024,M00706,view,1,1745220940
U00024,M00385,like,3,1738320099
U00024,M00071,view,1,1736949089
U00024,M00775,view,1,1764167741
U00024,M00455,view,1,1740339734
U00024,M00335,view,1,1737565193
U00024,M00040,view,1,1755868406
U00024,M00325,view,1,1762782613
U00024,M00486,like,3,1760060464
U00024,M00506,view,1,1761247392
U00025,M00685,view,1,1737975643
U00025,M00134,view,1,1744871515
U00025,M00584,view,1,1751797063
U00025,M00237,view,1,1738266163
U00025,M00076,watch,2,1765494261
U00025,M00288,view,1,1763849245
U00025,M00452,view,1,1757609314
U00025,M00768,watch,2,1736639191
U00025,M00256,watch,2,1741966436
U00025,M00327,view,1,1746287250
U00025,M00498,view,1,1766483526
U00025,M00711,watch,2,1738469532
U00025,M00712,view,1,1756488987
U00025,M00644,view,1,1754903070
U00025,M00343,view,1,1762314062
U00025,M00748,view,1,1753471327
U00025,M00018,view,1,1736369195
U00025,M00612,watch,2,1741714793
U00025,M00696,view,1,1760346416
U00025,M00500,view,1,1751677124
U00025,M00703,watch,2,1748703935
U00025,M00305,watch,2,1749610496
U00025,M00765,view,1,1759447033
U00025,M00435,view,1,1753183709
U00025,M00513,view,1,1762308784
U00026,M00630,view,1,1736795255
U00026,M00286,view,1,1750534292
U00026,M00111,view,1,1750508084
U00026,M00692,view,1,1739486729
U00026,M00398,view,1,1750758637
U00026,M00592,purchase,5,1754924876
U00026,M00297,watch,2,1738881761
U00026,M00502,purchase,5,1748045535
U00026,M00148,view,1,1746254175
U00026,M00330,watch,2,1756794818
U00026,M00136,view,1,1751323856
U00026,M00505,view,1,1737658505
U00026,M00344,like,3,1742138981
U00026,M00102,watch,2,1737108735
U00027,M00347,watch,2,1750388894
U00027,M00284,watch,2,1742918968
U00027,M00192,like,3,1763075664
U00027,M00213,like,3,1752800811
U00027,M00507,like,3,1742337329
U00027,M00479,like,3,1741751447
U00027,M00130,view,1,1751992658
U00027,M00682,like,3,1761935275
U00027,M00612,view,1,1761431613
U00027,M00599,watch,2,1760387923
U00027,M00256,view,1,1762820082
U00027,M00508,watch,2,1763107871
U00027,M00363,watch,2,1740474960
U00027,M00766,purchase,5,1760202957
U00027,M00577,watch,2,1766002830
U00027,M00379,watch,2,1754019923
U00027,M00277,watch,2,1761625091
U00027,M00523,view,1,1752312028
U00027,M00535,watch,2,1748358535
U00028,M00333,like,3,1746957679
U00028,M00689,watch,2,1758399875
U00028,M00462,like,3,1750830873
U00028,M00172,view,1,1743455618
U00028,M00204,view,1,1764211391
U00028,M00454,view,1,1741628334
U00028,M00713,view,1,1746800768
U00028,M00729,view,1,1765780038
U00028,M00263,like,3,1751462995
U00028,M00250,watch,2,1758694100
U00028,M00532,watch,2,1749857760
U00028,M00769,purchase,5,1765149320
U00028,M00387,view,1,1763545227
U00028,M00767,watch,2,1738926677
U00028,M00535,like,3,1766665239
U00028,M00799,watch,2,1760965056
U00028,M00582,watch,2,1743650932
U00028,M00046,view,1,1736429244
U00028,M00703,watch,2,1746246817
U00028,M00312,like,3,1760940496
U00028,M00237,purchase,5,1755042336
U00029,M00674,view,1,1748195489
U00029,M00314,view,1,1744096616
U00029,M00049,view,1,1751631381
U00029,M00563,watch,2,1753265330
U00029,M00750,view,1,1746918872
U00029,M00196,view,1,1748238304
U00029,M00097,view,1,1766831182
U00029,M00467,view,1,1740844908
U00029,M00615,watch,2,1737179721
U00029,M00148,like,3,1756527700
U00029,M00287,like,3,1756692188
U00029,M00436,like,3,1764096932
U00030,M00554,view,1,1754287984
U00030,M00444,view,1,1749502134
U00030,M00211,view,1,1739560320
U00030,M00160,like,3,1749619824
U00030,M00494,view,1,1763590503
U00030,M00004,like,3,1746792502
U00030,M00001,view,1,1760001045
U00030,M00160,purchase,5,1764756660
U00030,M00684,view,1,1759170189
U00030,M00192,view,1,1741757682
U00030,M00211,view,1,1755398589
U00030,M00201,like,3,1756556208
U00030,M00698,view,1,1766346915
U00030,M00068,view,1,1746199441
U00030,M00312,watch,2,1755637805
U00030,M00171,view,1,1760300773
U00030,M00412,view,1,1754185849
U00030,M00036,watch,2,1736479975
U00030,M00250,view,1,1760411544
U00030,M00188,purchase,5,1741764186
U00030,M00134,watch,2,1738104710
U00030,M00186,watch,2,1751518674
U00030,M00535,watch,2,1743590181
U00030,M00052,like,3,1757941866
U00030,M00795,like,3,1750719021
U00031,M00702,view,1,1765663297
U00031,M00277,view,1,1759776464
U00031,M00347,view,1,1762237214
U00031,M00434,view,1,1763147692
U00031,M00543,view,1,1765702621
U00031,M00732,like,3,1746569120
U00031,M00130,like,3,1756569106
U00031,M00133,view,1,1759527360
U00031,M00218,view,1,1765960581
U00031,M00404,like,3,1747979811
U00031,M00635,view,1,1749944931
U00031,M00282,watch,2,1742412945
U00031,M00523,purchase,5,1755049378
U00031,M00339,view,1,1739906709
U00031,M00769,watch,2,1745500852
U00031,M00068,like,3,1752626850
U00031,M00716,watch,2,1766283156
U00031,M00648,watch,2,1742480895
U00031,M00374,like,3,1736291357
U00031,M00458,like,3,1757317096
U00031,M00172,view,1,1760915039
U00031,M00138,watch,2,1741431256
U00032,M00435,like,3,1760799071
U00032,M00365,like,3,1746925181
U00032,M00141,view,1,1763633936
U00032,M00525,view,1,1742701629
U00032,M00365,watch,2,1751291197
U00032,M00290,view,1,1744023013
U00032,M00323,like,3,1759543395
U00032,M00092,view,1,1743474771
U00032,M00480,watch,2,1741893883
U00032,M00719,purchase,5,1753812161
U00032,M00260,view,1,1745144835
U00032,M00535,watch,2,1743824239
U00032,M00492,watch,2,1744234428
U00032,M00275,watch,2,1739600795
U00033,M00134,like,3,1748464544
U00033,M00053,view,1,1755881242
U00033,M00222,view,1,1752017132
U00033,M00053,view,1,1745636856
U00033,M00571,view,1,1741923654
U00033,M00058,like,3,1754219704
U00033,M00249,like,3,1750292586
U00033,M00722,view,1,1751126292
U00033,M00616,view,1,1746520419
U00033,M00357,watch,2,1736668594
U00033,M00212,view,1,1751264493
U00033,M00739,like,3,1753647191
U00033,M00730,view,1,1750268777
U00033,M00328,view,1,1739942862
U00033,M00516,view,1,1738995695
U00033,M00794,like,3,1736418305
U00033,M00232,like,3,1764844531
U00033,M00757,watch,2,1740961280
U00033,M00688,like,3,1749255044
U00033,M00757,view,1,1748790719
U00033,M00614,watch,2,1740502595
U00034,M00366,like,3,1756753661
U00034,M00784,watch,2,1760421214
U00034,M00414,like,3,1763910819
U00034,M00712,view,1,1751478311
U00034,M00160,view,1,1751670328
U00034,M00123,view,1,1739647448
U00034,M00447,like,3,1750347997
U00034,M00068,view,1,1760998917
U00034,M00630,view,1,1735958668
U00034,M00462,purchase,5,1735937319
U00034,M00782,like,3,1748273550
U00034,M00515,view,1,1763673037
U00035,M00652,like,3,1739309720
U00035,M00109,view,1,1753029731
U00035,M00369,like,3,1739221818
U00035,M00090,like,3,1765968341
U00035,M00420,view,1,1753701251
U00035,M00512,view,1,1756394346
U00035,M00231,view,1,1756830980
U00035,M00327,like,3,1748060409
U00035,M00422,view,1,1761318374
U00035,M00779,view,1,1739636673
U00035,M00755,watch,2,1754895598
U00035,M00792,view,1,1760782742
U00035,M00279,view,1,1743555637
U00035,M00102,watch,2,1744271033
U00035,M00034,view,1,1748299799
U00035,M00518,like,3,1756609786
U00036,M00242,watch,2,1753145792
U00036,M00675,view,1,1751780278
U00036,M00314,view,1,1752975838
U00036,M00402,view,1,1762378447
U00036,M00782,view,1,1753787621
U00036,M00464,view,1,1748299155
U00036,M00678,like,3,1739537258
U00036,M00190,view,1,1742440353
U00036,M00218,watch,2,1757171446
U00036,M00317,like,3,1745759484
U00036,M00630,watch,2,1751497422
U00036,M00699,view,1,1765192299
U00036,M00549,view,1,1758944241
U00036,M00695,view,1,1748649002
U00036,M00674,view,1,1763484436
U00036,M00747,watch,2,1751927764
U00036,M00507,like,3,1747325371
U00036,M00150,view,1,1754221979
U00036,M00047,view,1,1754580012
U00036,M00607,watch,2,1758446027
U00036,M00752,watch,2,1739398516
U00036,M00042,like,3,1740922226
U00037,M00316,view,1,1736550933
U00037,M00799,view,1,1748329353
U00037,M00695,view,1,1754417229
U00037,M00725,view,1,1739221107
U00037,M00492,view,1,1742686662
U00037,M00198,watch,2,1749958100
U00037,M00534,view,1,1740738972
U00037,M00586,view,1,1755941000
U00037,M00456,like,3,1751868685
U00037,M00108,view,1,1761220110
U00037,M00160,view,1,1736155559
U00037,M00056,watch,2,1762271885
U00038,M00288,like,3,1736073478
U00038,M00239,view,1,1752373831
U00038,M00066,watch,2,1756559018
U00038,M00666,watch,2,1750160347
U00038,M00310,purchase,5,1743110839
U00038,M00738,watch,2,1753405063
U00038,M00381,view,1,1761117429
U00038,M00796,watch,2,1747377900
U00038,M00397,view,1,1764854128
U00038,M00372,watch,2,1742469198
U00038,M00645,view,1,1743258954
U00038,M00529,watch,2,1738110681
U00038,M00434,view,1,1752612540
U00039,M00747,like,3,1762965676
U00039,M00684,view,1,1741704098
U00039,M00226,watch,2,1743562561
U00039,M00084,view,1,1736241571
U00039,M00293,view,1,1744778676
U00039,M00611,like,3,1743340536
U00039,M00001,view,1,1758883479
U00039,M00798,view,1,1751079815
U00039,M00688,purchase,5,1740083438
U00039,M00375,view,1,1739732227
U00039,M00724,view,1,1751317789
U00039,M00502,view,1,1761986472
U00039,M00435,view,1,1737392768
U00039,M00747,view,1,1740582076
U00039,M00346,purchase,5,1747050933
U00039,M00634,view,1,1753690002
U00039,M00415,view,1,1752958404
U00039,M00433,like,3,1751818949
U00039,M00443,view,1,1761501683
U00039,M00141,view,1,1765152819
U00040,M00664,view,1,1763248402
U00040,M00342,view,1,1740417959
U00040,M00520,like,3,1736651751
U00040,M00572,view,1,1758168096
U00040,M00126,view,1,1766923790
U00040,M00283,view,1,1755195655
U00040,M00287,like,3,1759416378
U00040,M00545,purchase,5,1751006256
U00040,M00550,view,1,1750687519
U00040,M00288,like,3,1737932448
U00040,M00677,view,1,1757786788
U00040,M00465,watch,2,1748315078
U00040,M00314,view,1,1738458289
U00040,M00621,like,3,1764807082
U00040,M00711,like,3,1751253734
U00040,M00257,purchase,5,1752096543
U00040,M00018,purchase,5,1754568282
U00040,M00444,view,1,1753762251
U00040,M00677,view,1,1764210318
U00041,M00168,view,1,1746721273
U00041,M00282,like,3,1754597556
U00041,M00384,view,1,1746187340
U00041,M00739,view,1,1762850264
U00041,M00141,view,1,1747835684
U00041,M00048,watch,2,1756576240
U00041,M00631,watch,2,1741060598
U00041,M00706,view,1,1736645154
U00041,M00725,like,3,1754750252
U00041,M00175,view,1,1763956425
U00041,M00615,view,1,1749820715
U00041,M00727,like,3,1741778994
U00041,M00429,view,1,1761618563
U00041,M00560,watch,2,1759372323
U00041,M00266,like,3,1744071947
U00041,M00456,like,3,1756172274
U00041,M00128,view,1,1747009860
U00041,M00609,view,1,1766397085
U00041,M00038,view,1,1738513111
U00041,M00212,watch,2,1749584736
U00042,M00241,view,1,1748176732
U00042,M00009,view,1,1763791281
U00042,M00182,watch,2,1752663990
U00042,M00755,view,1,1752507808
U00042,M00476,view,1,1762416041
U00042,M00084,like,3,1763927483
U00042,M00534,like,3,1741890289
U00042,M00534,like,3,1745486186
U00042,M00138,like,3,1738417047
U00042,M00598,view,1,1765784539
U00042,M00476,view,1,1738094624
U00042,M00479,watch,2,1739317310
U00042,M00363,view,1,1757534335
U00043,M00628,like,3,1743799432
U00043,M00715,view,1,1763621687
U00043,M00162,view,1,1751559266
U00043,M00239,view,1,1746035211
U00043,M00407,view,1,1740314175
U00043,M00392,view,1,1766671607
U00043,M00419,watch,2,1753465856
U00043,M00171,like,3,1736511694
U00043,M00557,like,3,1759194055
U00043,M00303,purchase,5,1744078683
U00043,M00590,view,1,1757155219
U00043,M00277,view,1,1763070887
U00043,M00775,watch,2,1759990836
U00043,M00042,view,1,1739959994
U00043,M00694,watch,2,1736805371
U00043,M00118,view,1,1740509182
U00044,M00726,view,1,1745502384
U00044,M00125,view,1,1755543877
U00044,M00508,view,1,1756569025
U00044,M00097,view,1,1739518157
U00044,M00467,view,1,1738054388
U00044,M00659,view,1,1762954534
U00044,M00727,view,1,1756046199
U00044,M00356,purchase,5,1752831142
U00044,M00058,view,1,1764375470
U00044,M00305,view,1,1755763885
U00044,M00648,view,1,1745466257
U00044,M00751,like,3,1761375287
U00044,M00604,view,1,1744247939
U00045,M00306,like,3,1756714305
U00045,M00147,view,1,1758102045
U00045,M00233,view,1,1747828621
U00045,M00687,view,1,1757698167
U00045,M00221,like,3,1764183034
U00045,M00291,view,1,1754788793
U00045,M00176,view,1,1738209307
U00045,M00354,like,3,1754777438
U00045,M00138,view,1,1739954293
U00045,M00693,view,1,1752951764
U00045,M00671,view,1,1758227787
U00045,M00681,purchase,5,1736986259
U00045,M00728,watch,2,1741852340
U00045,M00179,view,1,1765561710
U00045,M00490,view,1,1742401356
U00045,M00011,watch,2,1753424552
U00045,M00142,view,1,1753419783
U00045,M00683,view,1,1763332321
U00045,M00326,like,3,1737900164
U00045,M00582,view,1,1755563837
U00045,M00752,like,3,1758520702
U00045,M00354,watch,2,1742369310
U00046,M00172,view,1,1753417734
U00046,M00116,purchase,5,1737707996
U00046,M00066,purchase,5,1741356278
U00046,M00377,watch,2,1738530414
U00046,M00057,view,1,1761691069
U00046,M00796,view,1,1737698670
U00046,M00408,view,1,1742589891
U00046,M00595,view,1,1741087433
U00046,M00530,purchase,5,1763051687
U00046,M00535,view,1,1755929497
U00046,M00509,purchase,5,1749985247
U00046,M00014,watch,2,1749112989
U00046,M00392,like,3,1740135431
U00046,M00646,view,1,1756614227
U00046,M00734,view,1,1751829927
U00047,M00694,view,1,1756310441
U00047,M00062,watch,2,1750664645
U00047,M00148,view,1,1759913586
U00047,M00638,view,1,1736387068
U00047,M00164,view,1,1739219547
U00047,M00510,watch,2,1757314508
U00047,M00194,view,1,1756099652
U00047,M00137,like,3,1741326150
U00047,M00659,watch,2,1737054389
U00047,M00658,view,1,1748139942
U00047,M00450,view,1,1751328175
U00047,M00798,view,1,1739968873
U00047,M00269,view,1,1753991877
U00047,M00658,view,1,1741701456
U00047,M00161,view,1,1750290464
U00047,M00314,watch,2,1747936423
U00048,M00437,watch,2,1744700876
U00048,M00298,like,3,1737541674
U00048,M00039,watch,2,1742352762
U00048,M00067,like,3,1743329866
U00048,M00756,watch,2,1758950903
U00048,M00595,watch,2,1765128021
U00048,M00536,view,1,1764474538
U00048,M00460,view,1,1751229840
U00048,M00523,view,1,1742623999
U00048,M00340,view,1,1759415158
U00048,M00539,like,3,1747871565
U00048,M00646,view,1,1755443321
U00048,M00569,watch,2,1742969518
U00048,M00002,view,1,1753669947
U00048,M00127,view,1,1745933125
U00048,M00241,view,1,1762739334
U00049,M00600,view,1,1766686394
U00049,M00477,view,1,1761088411
U00049,M00779,watch,2,1743985510
U00049,M00186,watch,2,1747070340
U00049,M00286,view,1,1762219038
U00049,M00424,view,1,1743742058
U00049,M00640,watch,2,1739006624
U00049,M00571,view,1,1763566797
U00049,M00600,view,1,1738202206
U00049,M00224,like,3,1736498661
U00049,M00718,view,1,1765149563
U00049,M00528,view,1,1751348110
U00049,M00260,view,1,1740693544
U00049,M00486,view,1,1763229582
U00050,M00762,watch,2,1751034209
U00050,M00205,watch,2,1765070240
U00050,M00010,view,1,1765431034
U00050,M00118,watch,2,1744156334
U00050,M00169,watch,2,1755804596
U00050,M00008,purchase,5,1761704689
U00050,M00739,like,3,1747994528
U00050,M00466,like,3,1739574034
U00050,M00699,view,1,1743541039
U00050,M00461,view,1,1757507173
U00050,M00279,watch,2,1754538075
U00050,M00301,view,1,1738326182
U00050,M00081,view,1,1749819751
U00050,M00397,watch,2,1743306178
U00050,M00336,view,1,1752369870
U00050,M00471,watch,2,1751785345
U00050,M00491,view,1,1738830215
U00050,M00413,view,1,1739090475
U00050,M00343,watch,2,1757013173
U00050,M00456,purchase,5,1754885339
U00050,M00472,view,1,1737488543
U00050,M00781,like,3,1764178614
U00051,M00453,view,1,1740119187
U00051,M00572,view,1,1744383984
U00051,M00421,view,1,1748388570
U00051,M00031,view,1,1756074843
U00051,M00063,view,1,1761619711
U00051,M00157,view,1,1751420269
U00051,M00139,watch,2,1753445074
U00051,M00411,view,1,1754101882
U00051,M00014,view,1,1758001751
U00051,M00137,view,1,1766329339
U00051,M00678,purchase,5,1737045828
U00051,M00071,watch,2,1759986019
U00051,M00612,purchase,5,1747356800
U00052,M00706,like,3,1747625624
U00052,M00541,purchase,5,1758585196
U00052,M00249,watch,2,1765380336
U00052,M00215,like,3,1760026255
U00052,M00752,purchase,5,1745099721
U00052,M00156,view,1,1760619583
U00052,M00562,view,1,1760793077
U00052,M00749,view,1,1756914420
U00052,M00617,like,3,1741593736
U00052,M00286,like,3,1766528208
U00052,M00709,view,1,1757233607
U00052,M00436,view,1,1745307937
U00052,M00249,watch,2,1753799283
U00052,M00456,view,1,1738625329
U00052,M00549,view,1,1756625487
U00053,M00710,view,1,1742568959
U00053,M00028,view,1,1737479473
U00053,M00502,view,1,1750211641
U00053,M00530,view,1,1744550905
U00053,M00312,like,3,1737355462
U00053,M00281,like,3,1740456251
U00053,M00007,view,1,1756633045
U00053,M00709,watch,2,1753882962
U00053,M00348,view,1,1753991344
U00053,M00669,watch,2,1739259938
U00053,M00408,view,1,1756561601
U00053,M00535,view,1,1741176802
U00053,M00348,view,1,1736767486
U00053,M00118,like,3,1761279245
U00053,M00273,purchase,5,1740717346
U00053,M00765,view,1,1762015221
U00053,M00524,watch,2,1755206253
U00053,M00699,view,1,1757012721
U00053,M00649,like,3,1765250979
U00053,M00688,like,3,1764587534
U00053,M00240,watch,2,1751654670
U00053,M00716,view,1,1763798299
U00053,M00287,purchase,5,1748372145
U00053,M00327,view,1,1745844793
U00054,M00457,like,3,1739771595
U00054,M00611,view,1,1749011524
U00054,M00190,watch,2,1740843853
U00054,M00040,view,1,1735707575
U00054,M00616,watch,2,1766771819
U00054,M00539,view,1,1757272694
U00054,M00577,view,1,1749727485
U00054,M00350,view,1,1749746691
U00054,M00320,watch,2,1756891546
U00054,M00694,view,1,1764514471
U00054,M00030,view,1,1765981676
U00054,M00485,view,1,1758531921
U00054,M00530,view,1,1743328658
U00054,M00279,view,1,1765524679
U00054,M00507,watch,2,1749462422
U00055,M00609,like,3,1766507467
U00055,M00624,like,3,1749307143
U00055,M00452,watch,2,1749275074
U00055,M00344,watch,2,1746503160
U00055,M00258,purchase,5,1749088356
U00055,M00365,view,1,1739711810
U00055,M00689,view,1,1741477953
U00055,M00277,view,1,1740184607
U00055,M00366,view,1,1748131651
U00055,M00062,view,1,1747160742
U00055,M00084,view,1,1742930365
U00055,M00258,watch,2,1754315880
U00055,M00624,watch,2,1739333573
U00055,M00421,like,3,1736081154
U00055,M00421,view,1,1745064481
U00055,M00532,watch,2,1766988403
U00055,M00614,view,1,1740198774
U00055,M00745,purchase,5,1745417022
U00056,M00451,like,3,1758754201
U00056,M00068,view,1,1760475817
U00056,M00690,view,1,1765390076
U00056,M00102,watch,2,1762365005
U00056,M00698,view,1,1751024953
U00056,M00436,watch,2,1742267610
U00056,M00250,view,1,1756824228
U00056,M00106,view,1,1736419183
U00056,M00100,view,1,1762916905
U00056,M00660,watch,2,1756706949
U00056,M00058,view,1,1754936108
U00056,M00373,view,1,1756539805
U00056,M00651,watch,2,1753991723
U00056,M00729,view,1,1744844887
U00056,M00719,purchase,5,1746175878
U00056,M00580,watch,2,1751619720
U00056,M00068,view,1,1750429043
U00056,M00314,watch,2,1755288045
U00056,M00545,view,1,1749413364
U00056,M00580,view,1,1743481093
U00056,M00071,watch,2,1754201910
U00056,M00200,view,1,1751168894
U00057,M00628,view,1,1738184054
U00057,M00248,view,1,1754999638
U00057,M00209,view,1,1760101898
U00057,M00351,view,1,1739650764
U00057,M00627,like,3,1749945236
U00057,M00319,watch,2,1760372099
U00057,M00502,like,3,1754394096
U00057,M00553,view,1,1746293454
U00057,M00195,view,1,1741756312
U00057,M00674,view,1,1737536974
U00057,M00170,view,1,1742663056
U00057,M00452,view,1,1751002806
U00057,M00666,view,1,1736099533
U00057,M00013,watch,2,1749778492
U00058,M00086,purchase,5,1765339791
U00058,M00034,view,1,1750294030
U00058,M00164,purchase,5,1756866419
U00058,M00412,watch,2,1737789473
U00058,M00522,like,3,1764607788
U00058,M00547,like,3,1737115395
U00058,M00182,watch,2,1749697890
U00058,M00181,like,3,1761078331
U00058,M00096,view,1,1763628330
U00058,M00059,like,3,1750609128
U00058,M00419,purchase,5,1760851160
U00058,M00460,purchase,5,1735732159
U00058,M00612,like,3,1758012356
U00058,M00370,watch,2,1755856823
U00058,M00536,view,1,1756433514
U00058,M00015,like,3,1745149685
U00058,M00790,view,1,1747898157
U00059,M00072,view,1,1754510947
U00059,M00673,like,3,1761276513
U00059,M00022,watch,2,1741542255
U00059,M00141,watch,2,1751884843
U00059,M00526,like,3,1745256905
U00059,M00357,like,3,1746043264
U00059,M00570,view,1,1766455275
U00059,M00294,view,1,1753448683
U00059,M00570,view,1,1741502361
U00059,M00793,watch,2,1752787287
U00059,M00282,view,1,1762107440
U00059,M00240,view,1,1738037523
U00059,M00483,view,1,1756195905
U00059,M00483,view,1,1752800479
U00059,M00110,view,1,1737795212
U00059,M00405,watch,2,1735712278
U00059,M00487,view,1,1746163760
U00059,M00034,like,3,1761258803
U00059,M00664,like,3,1747108782
U00059,M00345,view,1,1745674086
U00059,M00034,watch,2,1763918083
U00059,M00185,purchase,5,1759868749
U00060,M00307,watch,2,1741749730
U00060,M00084,view,1,1763751549
U00060,M00514,watch,2,1740122349
U00060,M00139,watch,2,1738646546
U00060,M00623,watch,2,1756733257
U00060,M00207,like,3,1756121246
U00060,M00440,view,1,1756825572
U00060,M00556,view,1,1738864291
U00060,M00357,view,1,1754629808
U00060,M00385,view,1,1757455775
U00060,M00530,watch,2,1738900540
U00060,M00171,like,3,1736853295
U00060,M00003,view,1,1763161800
U00060,M00797,like,3,1738316800
U00060,M00522,view,1,1747225408
U00060,M00594,view,1,1753131940
U00060,M00626,view,1,1747451829
U00060,M00110,view,1,1764284315
U00060,M00465,watch,2,1746082071
U00060,M00545,view,1,1766226229
U00060,M00401,view,1,1748703899
U00061,M00516,view,1,1759369493
U00061,M00097,like,3,1748175387
U00061,M00025,view,1,1755250926
U00061,M00298,view,1,1764205099
U00061,M00067,view,1,1763686436
U00061,M00519,view,1,1744182769
U00061,M00395,view,1,1754792203
U00061,M00539,purchase,5,1762557506
U00061,M00249,view,1,1754032841
U00061,M00631,like,3,1759077403
U00061,M00117,like,3,1746084039
U00061,M00315,like,3,1760345948
U00061,M00572,like,3,1766121708
U00061,M00507,watch,2,1746224934
U00061,M00651,view,1,1754659452
U00062,M00275,view,1,1763288772
U00062,M00576,watch,2,1748183268
U00062,M00124,watch,2,1740530172
U00062,M00421,like,3,1739263722
U00062,M00674,view,1,1738846013
U00062,M00126,watch,2,1735763990
U00062,M00148,like,3,1763419576
U00062,M00288,like,3,1744227249
U00062,M00356,view,1,1766255861
U00062,M00503,like,3,1747206009
U00062,M00001,view,1,1741115521
U00062,M00199,watch,2,1740915190
U00062,M00287,purchase,5,1760255015
U00062,M00496,watch,2,1759630208
U00062,M00619,view,1,1735762755
U00062,M00644,view,1,1761108131
U00062,M00637,view,1,1747090221
U00063,M00640,view,1,1758651930
U00063,M00535,watch,2,1738352209
U00063,M00289,view,1,1740859822
U00063,M00018,view,1,1762045167
U00063,M00415,like,3,1736738768
U00063,M00766,watch,2,1753109482
U00063,M00124,view,1,1754827507
U00063,M00117,view,1,1751338155
U00063,M00560,purchase,5,1760543205
U00063,M00304,like,3,1744509844
U00063,M00774,view,1,1760204140
U00063,M00641,view,1,1765938313
U00063,M00644,watch,2,1761318062
U00063,M00571,view,1,1744894140
U00063,M00393,view,1,1744384343
U00063,M00277,watch,2,1755914642
U00063,M00520,view,1,1737712630
U00063,M00431,view,1,1764511861
U00063,M00106,view,1,1762853295
U00064,M00174,view,1,1739610395
U00064,M00348,view,1,1765170096
U00064,M00385,watch,2,1766008077
U00064,M00713,purchase,5,1747386346
U00064,M00146,view,1,1740885817
U00064,M00687,view,1,1762817731
U00064,M00175,view,1,1763842120
U00064,M00789,like,3,1745370583
U00064,M00617,watch,2,1761553590
U00064,M00721,view,1,1741131415
U00064,M00365,view,1,1741093552
U00064,M00287,like,3,1766233609
U00064,M00736,view,1,1764081715
U00064,M00555,purchase,5,1751072369
U00064,M00316,watch,2,1747790548
U00064,M00550,watch,2,1745347825
U00064,M00544,like,3,1756580430
U00065,M00634,purchase,5,1748648841
U00065,M00026,view,1,1759202773
U00065,M00190,view,1,1738039365
U00065,M00122,watch,2,1763700085
U00065,M00199,view,1,1745304359
U00065,M00194,like,3,1748919505
U00065,M00672,like,3,1765488375
U00065,M00109,watch,2,1752090983
U00065,M00006,view,1,1758121111
U00065,M00565,view,1,1760016054
U00065,M00099,view,1,1759202870
U00065,M00321,view,1,1749900750
U00065,M00691,view,1,1752380624
U00065,M00543,view,1,1738923339
U00065,M00125,view,1,1764060883
U00065,M00578,watch,2,1761490156
U00065,M00061,view,1,1756646502
U00065,M00591,watch,2,1739084605
U00066,M00303,view,1,1748273748
U00066,M00315,like,3,1744168871
U00066,M00696,view,1,1741874940
U00066,M00503,view,1,1740850796
U00066,M00593,view,1,1741764652
U00066,M00217,watch,2,1754207118
U00066,M00491,view,1,1749336788
U00066,M00730,view,1,1750108240
U00066,M00567,like,3,1759169915
U00066,M00017,view,1,1757519670
U00066,M00217,view,1,1737618782
U00066,M00714,like,3,1756419338
U00066,M00496,view,1,1761012548
U00066,M00733,watch,2,1763959353
U00066,M00059,view,1,1739074437
U00066,M00040,view,1,1753713814
U00066,M00307,view,1,1736968122
U00067,M00498,like,3,1741067315
U00067,M00783,view,1,1736696826
U00067,M00575,watch,2,1760731438
U00067,M00278,watch,2,1765543706
U00067,M00017,view,1,1740652892
U00067,M00281,view,1,1748469064
U00067,M00505,view,1,1745607141
U00067,M00563,view,1,1756211225
U00067,M00519,view,1,1751060480
U00067,M00575,watch,2,1750298459
U00067,M00704,view,1,1746578551
U00067,M00391,view,1,1753265129
U00067,M00575,like,3,1763232715
U00067,M00519,view,1,1747312108
U00067,M00512,view,1,1750084352
U00067,M00423,view,1,1747871524
U00067,M00223,view,1,1743782357
U00068,M00099,purchase,5,1744170036
U00068,M00197,watch,2,1736007877
U00068,M00513,like,3,1761695427
U00068,M00029,watch,2,1747034581
U00068,M00236,view,1,1736527831
U00068,M00560,like,3,1748062311
U00068,M00105,watch,2,1753141633
U00068,M00699,view,1,1764865719
U00068,M00391,view,1,1736742582
U00068,M00414,view,1,1748253333
U00068,M00303,view,1,1765747971
U00068,M00674,watch,2,1751313904
U00068,M00761,view,1,1759269909
U00068,M00039,view,1,1745390677
U00069,M00414,like,3,1752728033
U00069,M00573,like,3,1748767592
U00069,M00380,view,1,1761937770
U00069,M00479,watch,2,1764764517
U00069,M00485,view,1,1737904525
U00069,M00186,view,1,1756388650
U00069,M00271,like,3,1765176096
U00069,M00719,like,3,1747246810
U00069,M00678,like,3,1750306116
U00069,M00103,view,1,1745496647
U00069,M00044,view,1,1758267376
U00069,M00077,view,1,1754291747
U00070,M00700,view,1,1762761183
U00070,M00419,like,3,1753877591
U00070,M00249,purchase,5,1739880829
U00070,M00046,view,1,1744857980
U00070,M00480,view,1,1753584960
U00070,M00071,view,1,1763191360
U00070,M00172,view,1,1763403208
U00070,M00528,watch,2,1739689369
U00070,M00454,watch,2,1763204888
U00070,M00063,like,3,1763533824
U00070,M00013,watch,2,1748221805
U00070,M00294,watch,2,1757862461
U00070,M00572,like,3,1755639748
U00070,M00743,watch,2,1749926717
U00070,M00086,view,1,1737906202
U00070,M00046,view,1,1747410634
U00071,M00576,view,1,1744629151
U00071,M00589,purchase,5,1757485583
U00071,M00726,like,3,1757918694
U00071,M00561,like,3,1761729629
U00071,M00594,watch,2,1741326267
U00071,M00733,purchase,5,1748829528
U00071,M00747,view,1,1752129233
U00071,M00320,watch,2,1765458307
U00071,M00635,watch,2,1741883278
U00071,M00445,watch,2,1758775468
U00071,M00231,view,1,1752587685
U00071,M00340,view,1,1761218582
U00071,M00433,view,1,1742683542
U00071,M00474,purchase,5,1764512861
U00071,M00393,view,1,1762443235
U00072,M00341,view,1,1760120503
U00072,M00631,watch,2,1744810883
U00072,M00795,view,1,1743512955
U00072,M00058,view,1,1741187860
U00072,M00375,watch,2,1764784332
U00072,M00201,view,1,1749971512
U00072,M00264,view,1,1740048893
U00072,M00070,watch,2,1754811772
U00072,M00081,view,1,1742270875
U00072,M00069,watch,2,1735819021
U00072,M00516,view,1,1741604034
U00072,M00162,view,1,1753725988
U00072,M00139,like,3,1739290155
U00072,M00670,view,1,1761111165
U00072,M00183,view,1,1738016725
U00072,M00249,like,3,1765290457
U00072,M00692,watch,2,1737646497
U00072,M00261,watch,2,1745420926
U00072,M00345,like,3,1750598962
U00072,M00118,view,1,1759799800
U00073,M00334,view,1,1744611922
U00073,M00241,view,1,1750241306
U00073,M00630,purchase,5,1756968854
U00073,M00106,like,3,1740836180
U00073,M00717,like,3,1761942210
U00073,M00582,like,3,1753556179
U00073,M00466,like,3,1751966099
U00073,M00699,view,1,1754375282
U00073,M00068,view,1,1766753393
U00073,M00422,like,3,1745329966
U00073,M00529,like,3,1750842660
U00073,M00676,view,1,1735912922
U00073,M00749,view,1,1742279055
U00073,M00470,view,1,1742235092
U00074,M00523,view,1,1748423042
U00074,M00733,watch,2,1747902534
U00074,M00080,purchase,5,1737555325
U00074,M00347,view,1,1756972569
U00074,M00227,watch,2,1758886935
U00074,M00067,purchase,5,1765347301
U00074,M00235,view,1,1757996899
U00074,M00731,view,1,1744262519
U00074,M00353,like,3,1751972974
U00074,M00683,like,3,1762170604
U00074,M00577,view,1,1748070139
U00074,M00589,view,1,1741976937
U00074,M00203,watch,2,1766335858
U00074,M00636,view,1,1756566953
U00074,M00494,view,1,1745110924
U00074,M00696,purchase,5,1766262657
U00074,M00701,view,1,1744913297
U00074,M00069,watch,2,1758766877
U00074,M00268,view,1,1753644123
U00074,M00530,view,1,1747187495
U00074,M00687,view,1,1766638945
U00074,M00121,like,3,1764553355
U00074,M00190,view,1,1757570753
U00074,M00792,watch,2,1748243129
U00074,M00623,purchase,5,1747326386
U00075,M00144,view,1,1736157061
U00075,M00494,watch,2,1747799027
U00075,M00161,view,1,1744865870
U00075,M00524,view,1,1752202115
U00075,M00754,like,3,1746174320
U00075,M00072,watch,2,1738189580
U00075,M00732,watch,2,1742713869
U00075,M00512,view,1,1753765383
U00075,M00417,like,3,1760687679
U00075,M00370,view,1,1740154475
U00075,M00234,purchase,5,1741541901
U00075,M00330,view,1,1737828890
U00075,M00034,view,1,1764813491
U00075,M00785,purchase,5,1745177503
U00075,M00234,watch,2,1760339703
U00075,M00370,view,1,1753711945
U00075,M00711,watch,2,1754288559
U00075,M00415,view,1,1762874471
U00076,M00750,view,1,1750326642
U00076,M00052,like,3,1752042603
U00076,M00678,view,1,1754280522
U00076,M00739,like,3,1745437010
U00076,M00774,view,1,1764080265
U00076,M00342,view,1,1744810535
U00076,M00387,like,3,1752725734
U00076,M00040,view,1,1742229489
U00076,M00251,view,1,1736887097
U00076,M00160,view,1,1745554243
U00076,M00178,purchase,5,1738485409
U00076,M00752,view,1,1747090764
U00076,M00695,watch,2,1739594337
U00076,M00384,view,1,1750724936
U00076,M00443,view,1,1748989429
U00076,M00308,view,1,1764682552
U00076,M00359,view,1,1760092693
U00076,M00363,view,1,1764944231
U00076,M00562,view,1,1749352503
U00076,M00236,view,1,1761183103
U00076,M00546,purchase,5,1747664930
U00076,M00739,like,3,1766928185
U00076,M00350,view,1,1755417791
U00077,M00800,view,1,1759711177
U00077,M00260,like,3,1749410444
U00077,M00293,view,1,1764775048
U00077,M00674,like,3,1750848219
U00077,M00111,watch,2,1750732969
U00077,M00212,watch,2,1754995097
U00077,M00618,view,1,1753893029
U00077,M00502,view,1,1741688945
U00077,M00297,view,1,1750767491
U00077,M00748,view,1,1748727198
U00077,M00372,watch,2,1751087721
U00077,M00507,view,1,1751901229
U00077,M00375,view,1,1740834135
U00077,M00623,view,1,1744761258
U00077,M00602,view,1,1739538464
U00077,M00170,view,1,1743781728
U00077,M00271,purchase,5,1737430096
U00077,M00227,like,3,1743092140
U00077,M00514,like,3,1745816974
U00077,M00673,view,1,1764914853
U00077,M00137,view,1,1752356757
U00077,M00486,view,1,1759722061
U00077,M00058,view,1,1755754619
U00077,M00714,like,3,1737386762
U00077,M00626,watch,2,1756684950
U00078,M00385,watch,2,1740640298
U00078,M00412,view,1,1742083661
U00078,M00530,view,1,1762702312
U00078,M00015,view,1,1755232617
U00078,M00254,view,1,1764869340
U00078,M00219,like,3,1742930379
U00078,M00389,like,3,1758229051
U00078,M00298,view,1,1759695557
U00078,M00687,watch,2,1759454163
U00078,M00713,view,1,1763240960
U00078,M00757,like,3,1756314074
U00078,M00172,view,1,1748534413
U00078,M00304,view,1,1738957513
U00078,M00167,watch,2,1741976823
U00079,M00424,watch,2,1760505933
U00079,M00209,watch,2,1751605440
U00079,M00086,view,1,1739538140
U00079,M00187,like,3,1740559953
U00079,M00405,purchase,5,1743013508
U00079,M00223,watch,2,1737942563
U00079,M00412,view,1,1745402224
U00079,M00057,view,1,1748542965
U00079,M00483,view,1,1760786024
U00079,M00522,view,1,1750323891
U00079,M00266,view,1,1736925809
U00079,M00094,view,1,1751916434
U00079,M00467,purchase,5,1763278268
U00079,M00175,view,1,1751596581
U00079,M00056,watch,2,1737583664
U00079,M00632,watch,2,1748996662
U00079,M00022,view,1,1762530413
U00079,M00348,view,1,1760259681
U00079,M00276,view,1,1743972522
U00079,M00252,view,1,1764431264
U00079,M00020,watch,2,1751427217
U00079,M00294,view,1,1748374781
U00080,M00191,view,1,1738753180
U00080,M00060,watch,2,1761138407
U00080,M00779,view,1,1747632379
U00080,M00689,view,1,1754508263
U00080,M00462,view,1,1761385823
U00080,M00618,watch,2,1739715515
U00080,M00062,view,1,1766626583
U00080,M00293,like,3,1736865728
U00080,M00062,watch,2,1754021783
U00080,M00448,watch,2,1739581432
U00080,M00748,watch,2,1738369449
U00080,M00236,like,3,1752369695
U00080,M00760,view,1,1756389342
U00080,M00347,view,1,1748893536
U00080,M00554,like,3,1761128627
U00080,M00218,view,1,1756972570
U00080,M00309,watch,2,1755390322
U00080,M00201,view,1,1761985561
U00080,M00602,purchase,5,1766324579
U00081,M00534,watch,2,1738044092
U00081,M00782,watch,2,1741417719
U00081,M00068,view,1,1757384685
U00081,M00344,view,1,1737803980
U00081,M00621,view,1,1753451416
U00081,M00748,like,3,1742765019
U00081,M00583,purchase,5,1742035198
U00081,M00193,view,1,1743294525
U00081,M00679,view,1,1738097784
U00081,M00491,view,1,1760681561
U00081,M00562,view,1,1765795704
U00081,M00365,view,1,1752023310
U00081,M00261,watch,2,1759538849
U00082,M00286,view,1,1750419694
U00082,M00622,view,1,1745322150
U00082,M00275,view,1,1751010406
U00082,M00717,watch,2,1763018298
U00082,M00366,view,1,1755342290
U00082,M00677,watch,2,1746306031
U00082,M00667,watch,2,1752566216
U00082,M00681,watch,2,1744295195
U00082,M00471,purchase,5,1762569756
U00082,M00769,watch,2,1757425624
U00082,M00394,watch,2,1765616501
U00082,M00247,view,1,1760645428
U00082,M00537,watch,2,1742296076
U00082,M00644,like,3,1750286453
U00082,M00517,view,1,1761400459
U00082,M00697,view,1,1755096926
U00082,M00106,watch,2,1740384768
U00082,M00346,watch,2,1746087082
U00082,M00086,like,3,1748793009
U00082,M00489,like,3,1748764311
U00082,M00741,view,1,1755279228
U00082,M00210,watch,2,1739653838
U00082,M00564,view,1,1746619205
U00082,M00754,like,3,1754563139
U00082,M00475,view,1,1762838377
U00083,M00614,like,3,1760438507
U00083,M00386,watch,2,1747630411
U00083,M00506,view,1,1763611693
U00083,M00111,view,1,1741726166
U00083,M00328,view,1,1748870141
U00083,M00172,watch,2,1755265831
U00083,M00668,view,1,1763717021
U00083,M00220,view,1,1748167213
U00083,M00360,watch,2,1751690325
U00083,M00725,view,1,1738580214
U00083,M00593,view,1,1762499775
U00083,M00220,watch,2,1759096699
U00083,M00418,view,1,1743414635
U00083,M00105,like,3,1756488409
U00083,M00651,view,1,1751273181
U00083,M00722,watch,2,1764935322
U00083,M00480,like,3,1762386801
U00083,M00481,watch,2,1762520734
U00084,M00498,watch,2,1761846492
U00084,M00764,like,3,1738514751
U00084,M00277,purchase,5,1759753094
U00084,M00060,view,1,1737594811
U00084,M00725,view,1,1763347198
U00084,M00222,view,1,1751109043
U00084,M00264,watch,2,1742479678
U00084,M00554,view,1,1765127890
U00084,M00445,watch,2,1737396354
U00084,M00521,like,3,1753460707
U00084,M00581,like,3,1758090000
U00084,M00579,view,1,1750531459
U00084,M00724,view,1,1757352124
U00084,M00245,purchase,5,1746493908
U00084,M00792,like,3,1761508839
U00084,M00695,view,1,1748405169
U00084,M00284,watch,2,1761038763
U00084,M00485,view,1,1766566678
U00084,M00116,watch,2,1742213706
U00084,M00361,watch,2,1748248581
U00084,M00043,view,1,1742377773
U00084,M00623,view,1,1740883742
U00085,M00085,view,1,1752282278
U00085,M00529,watch,2,1745893999
U00085,M00766,like,3,1748509037
U00085,M00486,view,1,1748555433
U00085,M00671,purchase,5,1756675444
U00085,M00377,watch,2,1749675410
U00085,M00379,like,3,1741031645
U00085,M00049,like,3,1735889557
U00085,M00356,watch,2,1740634923
U00085,M00528,watch,2,1749277437
U00085,M00771,view,1,1739218170
U00085,M00084,view,1,1737589922
U00085,M00541,view,1,1756841304
U00085,M00655,view,1,1762033281
U00085,M00271,watch,2,1762422680
U00085,M00675,view,1,1750177679
U00086,M00169,view,1,1758624258
U00086,M00225,watch,2,1745103745
U00086,M00464,purchase,5,1754360424
U00086,M00464,view,1,1753695850
U00086,M00371,like,3,1766796418
U00086,M00068,view,1,1755334225
U00086,M00147,like,3,1765070690
U00086,M00229,view,1,1762879937
U00086,M00608,like,3,1748794991
U00086,M00046,view,1,1765668104
U00086,M00383,view,1,1749258045
U00086,M00030,watch,2,1740670342
U00086,M00507,view,1,1761007228
U00086,M00170,watch,2,1752478979
U00086,M00623,like,3,1737319777
U00086,M00443,watch,2,1755839077
U00086,M00643,like,3,1762817758
U00086,M00687,view,1,1758808305
U00086,M00482,view,1,1766693672
U00086,M00583,watch,2,1736490045
U00086,M00281,view,1,1765812346
U00086,M00687,purchase,5,1761722054
U00086,M00508,watch,2,1763442746
U00086,M00727,watch,2,1750079904
U00087,M00677,view,1,1764758064
U00087,M00664,watch,2,1736806173
U00087,M00656,watch,2,1752784340
U00087,M00366,view,1,1759102574
U00087,M00550,view,1,1747446984
U00087,M00498,view,1,1756395936
U00087,M00563,watch,2,1748125927
U00087,M00116,like,3,1750095131
U00087,M00743,watch,2,1759593767
U00087,M00483,view,1,1757541220
U00087,M00005,view,1,1745411440
U00087,M00281,like,3,1736815986
U00087,M00512,like,3,1738732687
U00087,M00775,view,1,1739196821
U00087,M00757,view,1,1763293966
U00088,M00405,view,1,1761783293
U00088,M00427,view,1,1744346047
U00088,M00617,view,1,1745842775
U00088,M00406,view,1,1761420746
U00088,M00033,view,1,1752438712
U00088,M00362,view,1,1746436784
U00088,M00679,like,3,1759544899
U00088,M00612,view,1,1755273930
U00088,M00210,view,1,1744976950
U00088,M00639,like,3,1756186331
U00088,M00196,view,1,1745488484
U00088,M00119,watch,2,1760369610
U00088,M00270,view,1,1750642726
U00088,M00249,view,1,1754161456
U00088,M00234,view,1,1757652057
U00088,M00691,view,1,1739848988
U00088,M00029,purchase,5,1739292317
U00088,M00205,purchase,5,1738690851
U00088,M00548,view,1,1744765140
U00088,M00346,like,3,1760837255
U00088,M00691,watch,2,1760423605
U00088,M00090,purchase,5,1737269184
U00088,M00443,view,1,1758554315
U00088,M00279,watch,2,1739497746
U00089,M00108,view,1,1745304121
U00089,M00276,view,1,1756699323
U00089,M00190,like,3,1743445636
U00089,M00633,view,1,1742022720
U00089,M00479,view,1,1746505684
U00089,M00254,like,3,1751268367
U00089,M00529,watch,2,1750871085
U00089,M00179,purchase,5,1741382291
U00089,M00719,view,1,1743888871
U00089,M00360,watch,2,1738853566
U00089,M00007,view,1,1755677176
U00089,M00264,view,1,1753630571
U00090,M00309,view,1,1744323328
U00090,M00229,view,1,1747026417
U00090,M00600,view,1,1748642445
U00090,M00171,watch,2,1741486621
U00090,M00154,watch,2,1748851377
U00090,M00132,view,1,1765549252
U00090,M00685,like,3,1736213388
U00090,M00015,purchase,5,1742854608
U00090,M00522,view,1,1738605801
U00090,M00525,watch,2,1763770857
U00090,M00796,view,1,1759997694
U00090,M00710,view,1,1751731254
U00090,M00011,view,1,1752869592
U00090,M00754,watch,2,1764050279
U00090,M00566,purchase,5,1747987110
U00090,M00032,watch,2,1759097423
U00090,M00092,purchase,5,1751244997
U00090,M00677,view,1,1759071016
U00091,M00711,like,3,1757917535
U00091,M00466,watch,2,1753484074
U00091,M00249,view,1,1755515057
U00091,M00407,watch,2,1747593698
U00091,M00493,view,1,1766653070
U00091,M00750,view,1,1753479270
U00091,M00722,watch,2,1745972430
U00091,M00018,view,1,1765641912
U00091,M00500,view,1,1741377519
U00091,M00754,view,1,1755091836
U00091,M00334,view,1,1755253676
U00091,M00045,view,1,1742880824
U00092,M00470,view,1,1764113444
U00092,M00325,view,1,1740874457
U00092,M00300,view,1,1738567070
U00092,M00269,view,1,1743780110
U00092,M00261,view,1,1761673515
U00092,M00360,like,3,1750273868
U00092,M00392,view,1,1740359970
U00092,M00270,view,1,1750544667
U00092,M00363,watch,2,1766401838
U00092,M00454,purchase,5,1752867354
U00092,M00264,view,1,1761933059
U00092,M00134,view,1,1758582331
U00093,M00648,view,1,1743728763
U00093,M00261,view,1,1756201360
U00093,M00371,view,1,1744889211
U00093,M00373,watch,2,1744993459
U00093,M00601,view,1,1764390611
U00093,M00693,purchase,5,1738979638
U00093,M00260,view,1,1763208910
U00093,M00764,view,1,1745196213
U00093,M00672,view,1,1751254316
U00093,M00755,view,1,1745551859
U00093,M00386,view,1,1754554128
U00093,M00101,view,1,1739452873
U00093,M00417,like,3,1754071680
U00093,M00790,purchase,5,1758534343
U00093,M00248,like,3,1749468939
U00093,M00561,view,1,1757959321
U00093,M00199,view,1,1740668649
U00093,M00790,watch,2,1745434706
U00093,M00620,like,3,1745230455
U00093,M00201,view,1,1756827560
U00093,M00778,purchase,5,1764216606
U00094,M00480,view,1,1753374932
U00094,M00640,view,1,1766023901
U00094,M00781,view,1,1750220396
U00094,M00336,watch,2,1762165085
U00094,M00049,like,3,1759528185
U00094,M00669,like,3,1751470887
U00094,M00108,watch,2,1735967796
U00094,M00009,like,3,1756968420
U00094,M00111,view,1,1756820649
U00094,M00485,like,3,1737510848
U00094,M00740,view,1,1754767527
U00094,M00374,view,1,1743622654
U00094,M00228,view,1,1757462689
U00094,M00522,view,1,1748358078
U00094,M00706,watch,2,1766380406
U00094,M00730,like,3,1737331606
U00094,M00662,view,1,1746779805
U00094,M00024,watch,2,1761010562
U00095,M00275,like,3,1747354959
U00095,M00400,view,1,1759535118
U00095,M00108,watch,2,1765197576
U00095,M00249,view,1,1758697168
U00095,M00748,view,1,1751133660
U00095,M00674,watch,2,1739617441
U00095,M00275,like,3,1762171192
U00095,M00389,view,1,1761228826
U00095,M00514,view,1,1748019015
U00095,M00428,like,3,1751837882
U00095,M00669,view,1,1758469442
U00095,M00504,view,1,1743380352
U00096,M00029,view,1,1747358508
U00096,M00357,view,1,1736654000
U00096,M00701,view,1,1740179888
U00096,M00107,watch,2,1742793829
U00096,M00776,like,3,1758934393
U00096,M00446,purchase,5,1750114718
U00096,M00146,view,1,1752512712
U00096,M00768,watch,2,1741678586
U00096,M00508,like,3,1763107166
U00096,M00624,purchase,5,1749956681
U00096,M00181,watch,2,1739297243
U00096,M00158,view,1,1739287559
U00096,M00770,view,1,1741455443
U00096,M00224,watch,2,1747150295
U00096,M00176,view,1,1736888515
U00096,M00692,view,1,1743825745
U00096,M00623,view,1,1760529002
U00097,M00059,like,3,1762685959
U00097,M00214,like,3,1741691463
U00097,M00020,view,1,1741293246
U00097,M00079,like,3,1764728685
U00097,M00073,watch,2,1749240804
U00097,M00091,view,1,1740373503
U00097,M00568,watch,2,1766785808
U00097,M00492,watch,2,1758124440
U00097,M00510,view,1,1758689625
U00097,M00570,watch,2,1753203499
U00097,M00096,view,1,1754494509
U00097,M00258,view,1,1745857112
U00097,M00732,like,3,1751519349
U00097,M00283,like,3,1742411883
U00098,M00700,watch,2,1737429790
U00098,M00766,view,1,1736733807
U00098,M00702,view,1,1742245343
U00098,M00053,view,1,1754868414
U00098,M00264,view,1,1766093507
U00098,M00445,view,1,1758129621
U00098,M00345,like,3,1758429501
U00098,M00769,view,1,1760501300
U00098,M00072,like,3,1747442071
U00098,M00392,view,1,1763136572
U00098,M00618,view,1,1763276740
U00098,M00304,view,1,1754483779
U00098,M00667,view,1,1761672309
U00098,M00398,view,1,1745299530
U00098,M00514,like,3,1746433150
U00098,M00507,purchase,5,1747379703
U00098,M00200,like,3,1737980389
U00098,M00541,view,1,1743708200
U00098,M00709,like,3,1743076401
U00098,M00218,purchase,5,1750797712
U00098,M00100,view,1,1757651107
U00098,M00229,view,1,1761834519
U00099,M00371,watch,2,1746729593
U00099,M00686,like,3,1743390862
U00099,M00337,like,3,1747847683
U00099,M00222,view,1,1744394148
U00099,M00644,like,3,1760155627
U00099,M00769,view,1,1751317588
U00099,M00616,watch,2,1740348489
U00099,M00362,view,1,1744755634
U00099,M00151,view,1,1747700791
U00099,M00179,view,1,1751994841
U00099,M00001,like,3,1737222009
U00099,M00202,purchase,5,1740984188
U00099,M00740,view,1,1759905617
U00099,M00542,watch,2,1761737619
U00099,M00703,watch,2,1766719064
U00099,M00798,like,3,1760631390
U00099,M00239,view,1,1746635585
U00099,M00457,view,1,1736465689
U00099,M00611,like,3,1752946931
U00099,M00433,watch,2,1743353270
U00099,M00636,watch,2,1739052143
U00099,M00268,like,3,1752938658
U00100,M00580,view,1,1761452089
U00100,M00277,view,1,1747779659
U00100,M00262,view,1,1741412023
U00100,M00025,view,1,1761558745
U00100,M00714,watch,2,1752963030
U00100,M00296,view,1,1744518643
U00100,M00068,view,1,1743329337
U00100,M00437,like,3,1736292029
U00100,M00251,view,1,1740089811
U00100,M00426,view,1,1757950070
U00100,M00138,view,1,1759581211
U00100,M00015,like,3,1742716478
U00100,M00641,view,1,1763928401
U00100,M00277,view,1,1741338440
U00100,M00739,view,1,1758986448
U00100,M00572,view,1,1765405019
U00100,M00470,like,3,1759818553
U00100,M00300,view,1,1752570189
U00100,M00767,like,3,1759628154
U00100,M00046,purchase,5,1749710632
U00100,M00765,view,1,1738673445
U00100,M00529,view,1,1750567386
U00100,M00326,watch,2,1747871859
U00100,M00045,watch,2,1748894249
U00101,M00745,view,1,1741680519
U00101,M00317,like,3,1756515990
U00101,M00363,view,1,1736386191
U00101,M00385,view,1,1758269990
U00101,M00782,watch,2,1747505933
U00101,M00358,view,1,1759246240
U00101,M00794,like,3,1760879613
U00101,M00795,view,1,1737854354
U00101,M00405,like,3,1749857532
U00101,M00342,view,1,1751675349
U00101,M00130,view,1,1765511780
U00101,M00385,view,1,1762245245
U00101,M00530,like,3,1747157691
U00101,M00111,view,1,1755242252
U00101,M00455,view,1,1743745174
U00101,M00385,view,1,1755538041
U00102,M00281,view,1,1759469212
U00102,M00458,view,1,1750087325
U00102,M00055,view,1,1755346337
U00102,M00098,like,3,1759870283
U00102,M00018,view,1,1753204955
U00102,M00618,view,1,1765749339
U00102,M00482,like,3,1765355671
U00102,M00628,like,3,1745921309
U00102,M00200,view,1,1764196092
U00102,M00146,view,1,1739059686
U00102,M00677,view,1,1763033630
U00102,M00557,view,1,1750443379
U00102,M00482,like,3,1751347039
U00103,M00505,view,1,1735969115
U00103,M00313,like,3,1755232065
U00103,M00108,view,1,1758656162
U00103,M00528,view,1,1745069499
U00103,M00469,watch,2,1765716566
U00103,M00491,watch,2,1763884699
U00103,M00717,watch,2,1745746000
U00103,M00099,view,1,1748364950
U00103,M00395,view,1,1758702421
U00103,M00249,view,1,1750181089
U00103,M00105,view,1,1752900529
U00103,M00019,watch,2,1762788826
U00103,M00673,watch,2,1765777278
U00103,M00683,view,1,1753471238
U00103,M00252,purchase,5,1765611985
U00103,M00543,view,1,1755852524
U00103,M00197,view,1,1763867908
U00103,M00538,purchase,5,1756527213
U00103,M00384,view,1,1749094807
U00103,M00263,watch,2,1739409436
U00103,M00719,view,1,1761928992
U00104,M00110,watch,2,1742762389
U00104,M00352,like,3,1740613499
U00104,M00384,like,3,1736339104
U00104,M00363,view,1,1736524833
U00104,M00456,like,3,1741584312
U00104,M00698,view,1,1757408936
U00104,M00194,view,1,1764576614
U00104,M00482,like,3,1755964554
U00104,M00786,like,3,1736163411
U00104,M00341,view,1,1747890278
U00104,M00527,like,3,1754417801
U00104,M00141,like,3,1766257788
U00104,M00174,view,1,1742284706
U00104,M00703,view,1,1741191953
U00104,M00572,view,1,1749233037
U00104,M00057,view,1,1736717079
U00104,M00512,watch,2,1739068480
U00104,M00098,view,1,1739459359
U00104,M00336,watch,2,1736804438
U00105,M00524,view,1,1736239952
U00105,M00501,watch,2,1762886071
U00105,M00548,like,3,1751174746
U00105,M00354,purchase,5,1749274563
U00105,M00755,like,3,1756248174
U00105,M00731,watch,2,1758682990
U00105,M00651,like,3,1741252275
U00105,M00581,watch,2,1752129604
U00105,M00536,like,3,1754844082
U00105,M00593,view,1,1742806780
U00105,M00112,view,1,1737454298
U00105,M00295,view,1,1764804745
U00105,M00640,watch,2,1754857138
U00105,M00386,watch,2,1760771408
U00105,M00158,watch,2,1760377596
U00105,M00757,view,1,1739118436
U00105,M00238,view,1,1753499797
U00105,M00638,like,3,1763895352
U00105,M00604,view,1,1744912321
U00105,M00311,view,1,1759702543
U00105,M00091,view,1,1759346943
U00105,M00073,like,3,1764376757
U00105,M00173,like,3,1748209079
U00106,M00764,view,1,1765767722
U00106,M00254,watch,2,1746154183
U00106,M00535,view,1,1736536960
U00106,M00666,view,1,1736935026
U00106,M00013,view,1,1749369156
U00106,M00080,view,1,1748095233
U00106,M00393,view,1,1752500728
U00106,M00141,view,1,1742829045
U00106,M00589,view,1,1744261234
U00106,M00497,purchase,5,1751810931
U00106,M00121,like,3,1751896729
U00106,M00309,watch,2,1761271202
U00106,M00505,like,3,1750406240
U00106,M00148,view,1,1737930751
U00106,M00471,like,3,1746448703
U00106,M00443,view,1,1751874607
U00106,M00030,like,3,1755899790
U00106,M00532,watch,2,1744553179
U00106,M00226,view,1,1759131869
U00106,M00621,view,1,1760684945
U00106,M00144,view,1,1736161539
U00107,M00713,view,1,1737583593
U00107,M00172,view,1,1749896512
U00107,M00459,like,3,1762872695
U00107,M00494,view,1,1757381317
U00107,M00298,view,1,1749451941
U00107,M00483,view,1,1744410406
U00107,M00617,watch,2,1759594362
U00107,M00078,view,1,1738885545
U00107,M00096,view,1,1741691811
U00107,M00050,like,3,1744730620
U00107,M00196,view,1,1741155801
U00107,M00489,view,1,1765796494
U00107,M00479,like,3,1743656437
U00107,M00055,view,1,1756267717
U00107,M00456,like,3,1751788211
U00107,M00503,view,1,1754134513
U00107,M00337,view,1,1754578131
U00107,M00258,like,3,1740660861
U00108,M00506,view,1,1754812299
U00108,M00798,watch,2,1736566899
U00108,M00399,watch,2,1740061239
U00108,M00303,view,1,1742502666
U00108,M00304,purchase,5,1758384499
U00108,M00404,view,1,1743254794
U00108,M00339,watch,2,1747001862
U00108,M00150,view,1,1748731179
U00108,M00512,view,1,1738103501
U00108,M00751,view,1,1745639404
U00108,M00587,view,1,1745695684
U00108,M00623,like,3,1760137856
U00108,M00439,view,1,1753521344
U00108,M00587,view,1,1764037450
U00108,M00633,view,1,1740576527
U00108,M00370,view,1,1762769192
U00108,M00084,like,3,1751162113
U00108,M00156,view,1,1763891277
U00108,M00794,watch,2,1750088092
U00108,M00628,watch,2,1755334470
U00108,M00696,view,1,1744398574
U00109,M00011,watch,2,1761321693
U00109,M00734,view,1,1755633695
U00109,M00628,view,1,1743655954
U00109,M00469,view,1,1760395057
U00109,M00096,view,1,1750130443
U00109,M00153,view,1,1761361451
U00109,M00038,view,1,1751888418
U00109,M00404,view,1,1764611361
U00109,M00117,watch,2,1763522902
U00109,M00378,watch,2,1746319384
U00109,M00269,view,1,1747979193
U00109,M00333,watch,2,1741221070
U00109,M00247,watch,2,1750002059
U00109,M00509,watch,2,1759638195
U00109,M00470,like,3,1753853632
U00109,M00493,watch,2,1740698243
U00109,M00764,like,3,1763505473
U00109,M00696,view,1,1757620794
U00109,M00417,view,1,1745465714
U00109,M00425,view,1,1753182840
U00109,M00537,view,1,1755587636
U00110,M00546,view,1,1762775659
U00110,M00648,watch,2,1750687701
U00110,M00393,view,1,1759466564
U00110,M00112,view,1,1739991987
U00110,M00589,view,1,1740626914
U00110,M00069,view,1,1763094893
U00110,M00652,view,1,1761223800
U00110,M00379,view,1,1746575479
U00110,M00393,view,1,1738724760
U00110,M00107,view,1,1742223062
U00110,M00010,view,1,1764277096
U00110,M00447,view,1,1753213276
U00110,M00749,watch,2,1766348414
U00110,M00706,like,3,1764480020
U00110,M00486,view,1,1736124167
U00110,M00280,view,1,1742093603
U00111,M00672,like,3,1763719339
U00111,M00702,view,1,1751290014
U00111,M00102,view,1,1745307833
U00111,M00076,like,3,1763556816
U00111,M00762,view,1,1763811404
U00111,M00774,like,3,1746272962
U00111,M00139,view,1,1765851140
U00111,M00015,purchase,5,1765479477
U00111,M00686,watch,2,1757878724
U00111,M00148,view,1,1746639419
U00111,M00134,like,3,1757908095
U00111,M00736,like,3,1735867049
U00111,M00731,like,3,1756851318
U00111,M00119,watch,2,1759138478
U00111,M00381,view,1,1741444699
U00111,M00392,like,3,1766357189
U00111,M00219,view,1,1765550548
U00111,M00156,watch,2,1765473341
U00111,M00183,like,3,1765216310
U00111,M00516,view,1,1761313933
U00111,M00243,view,1,1760894221
U00112,M00650,view,1,1756356704
U00112,M00166,view,1,1757264707
U00112,M00318,like,3,1750955084
U00112,M00548,watch,2,1738398103
U00112,M00423,view,1,1758657681
U00112,M00149,view,1,1750377943
U00112,M00113,view,1,1755183551
U00112,M00219,view,1,1756231893
U00112,M00583,view,1,1739397785
U00112,M00214,view,1,1756046812
U00112,M00757,watch,2,1738289463
U00112,M00592,view,1,1758997935
U00112,M00403,watch,2,1759275713
U00112,M00356,watch,2,1765298948
U00112,M00385,view,1,1745939522
U00112,M00586,view,1,1765632962
U00112,M00785,view,1,1760298319
U00112,M00497,watch,2,1749594631
U00112,M00278,like,3,1756606318
U00112,M00361,view,1,1743111547
U00112,M00719,view,1,1765720735
U00112,M00536,view,1,1736574079
U00112,M00548,view,1,1735921654
U00113,M00413,like,3,1762102818
U00113,M00007,watch,2,1740315321
U00113,M00289,watch,2,1757630277
U00113,M00097,watch,2,1757426547
U00113,M00232,like,3,1766718880
U00113,M00245,watch,2,1741279128
U00113,M00446,view,1,1764909866
U00113,M00255,view,1,1759872126
U00113,M00733,view,1,1754593245
U00113,M00020,view,1,1762422039
U00113,M00124,view,1,1747282105
U00113,M00114,view,1,1738435862
U00113,M00555,purchase,5,1742744802
U00113,M00784,view,1,1737155975
U00113,M00441,view,1,1743880647
U00113,M00033,watch,2,1765475448
U00113,M00584,view,1,1741081346
U00113,M00090,watch,2,1754199159
U00113,M00718,view,1,1752189360
U00113,M00764,view,1,1752917244
U00113,M00170,view,1,1735743629
U00113,M00072,view,1,1761622436
U00113,M00621,watch,2,1745675786
U00113,M00055,view,1,1747861587
U00113,M00568,view,1,1764217630
U00114,M00468,view,1,1761032852
U00114,M00459,view,1,1751014084
U00114,M00495,view,1,1765763819
U00114,M00422,purchase,5,1757131754
U00114,M00412,watch,2,1763879923
U00114,M00154,view,1,1756517737
U00114,M00206,watch,2,1739990174
U00114,M00618,watch,2,1742218154
U00114,M00154,view,1,1737295774
U00114,M00788,view,1,1742836552
U00114,M00688,view,1,1752071307
U00114,M00531,watch,2,1751416513
U00114,M00260,watch,2,1754230538
U00114,M00799,purchase,5,1738057228
U00114,M00005,watch,2,1739254688
U00114,M00681,like,3,1748991412
U00114,M00693,watch,2,1760147531
U00114,M00384,like,3,1759819395
U00114,M00709,purchase,5,1754787891
U00114,M00131,view,1,1745206215
U00115,M00371,view,1,1757743366
U00115,M00055,watch,2,1744607349
U00115,M00315,view,1,1746227268
U00115,M00187,like,3,1755945400
U00115,M00267,watch,2,1746928837
U00115,M00455,like,3,1759615622
U00115,M00511,view,1,1764926868
U00115,M00423,watch,2,1750524130
U00115,M00752,view,1,1764818760
U00115,M00558,watch,2,1760080599
U00115,M00032,watch,2,1744832763
U00115,M00659,view,1,1747876201
U00115,M00331,like,3,1747851043
U00115,M00621,view,1,1750496543
U00115,M00492,watch,2,1760562610
U00115,M00378,view,1,1766339938
U00115,M00010,purchase,5,1752369604
U00115,M00625,like,3,1750177181
U00115,M00055,watch,2,1740289318
U00115,M00511,watch,2,1758366688
U00115,M00169,view,1,1739659873
U00115,M00622,watch,2,1745571469
U00115,M00110,watch,2,1744366623
U00115,M00392,view,1,1766466819
U00115,M00166,view,1,1744101200
U00116,M00614,purchase,5,1752731760
U00116,M00785,watch,2,1758717554
U00116,M00638,view,1,1739214360
U00116,M00500,view,1,1737479590
U00116,M00540,view,1,1764713380
U00116,M00248,watch,2,1759595146
U00116,M00178,purchase,5,1743151502
U00116,M00684,like,3,1754497705
U00116,M00670,watch,2,1765912331
U00116,M00252,view,1,1739002151
U00116,M00790,like,3,1763379064
U00116,M00233,watch,2,1765873283
U00116,M00231,like,3,1752204585
U00116,M00644,view,1,1761156859
U00116,M00744,watch,2,1757794538
U00116,M00680,view,1,1738582377
U00116,M00567,view,1,1745386865
U00116,M00757,watch,2,1747906074
U00116,M00233,view,1,1745029925
U00116,M00588,view,1,1756028367
U00116,M00240,watch,2,1745745328
U00117,M00099,watch,2,1746178341
U00117,M00237,view,1,1755378568
U00117,M00345,view,1,1761325987
U00117,M00547,watch,2,1738070003
U00117,M00055,purchase,5,1745212369
U00117,M00267,watch,2,1746227929
U00117,M00199,view,1,1753966205
U00117,M00164,view,1,1765269579
U00117,M00124,view,1,1739010734
U00117,M00515,view,1,1755662583
U00117,M00028,like,3,1762737710
U00117,M00019,watch,2,1737473039
U00117,M00534,view,1,1741328900
U00117,M00114,watch,2,1743860594
U00117,M00225,watch,2,1763826751
U00117,M00262,view,1,1740828777
U00118,M00126,like,3,1740461276
U00118,M00053,view,1,1753198656
U00118,M00379,view,1,1751542454
U00118,M00621,view,1,1744978958
U00118,M00020,view,1,1761541932
U00118,M00478,view,1,1756014410
U00118,M00747,view,1,1742727019
U00118,M00209,view,1,1750077612
U00118,M00298,view,1,1748583922
U00118,M00249,watch,2,1761070002
U00118,M00611,like,3,1760098686
U00118,M00177,view,1,1766102840
U00118,M00736,view,1,1755787853
U00118,M00342,view,1,1746265988
U00118,M00250,watch,2,1738095910
U00118,M00421,view,1,1766905584
U00118,M00541,like,3,1757612148
U00118,M00491,watch,2,1749099476
U00118,M00600,view,1,1753044895
U00118,M00478,view,1,1739469961
U00118,M00558,view,1,1742886849
U00118,M00709,view,1,1754958498
U00118,M00064,view,1,1736830773
U00119,M00257,view,1,1742475625
U00119,M00018,watch,2,1760698851
U00119,M00720,watch,2,1763760618
U00119,M00188,watch,2,1764788409
U00119,M00432,view,1,1743444490
U00119,M00657,like,3,1750239370
U00119,M00759,view,1,1739914180
U00119,M00166,view,1,1761318679
U00119,M00321,view,1,1742570175
U00119,M00424,watch,2,1738712116
U00119,M00176,view,1,1741459282
U00119,M00578,view,1,1760768081
U00119,M00316,view,1,1746171534
U00119,M00213,watch,2,1759239761
U00119,M00006,view,1,1758676394
U00119,M00423,like,3,1762620661
U00119,M00698,watch,2,1762237361
U00119,M00509,view,1,1757342162
U00119,M00212,view,1,1737353938
U00119,M00790,view,1,1744992314
U00119,M00321,watch,2,1760336148
U00119,M00642,view,1,1748054289
U00119,M00323,view,1,1760136949
U00120,M00441,view,1,1755117603
U00120,M00019,watch,2,1738854435
U00120,M00169,like,3,1741120058
U00120,M00003,view,1,1759375105
U00120,M00699,view,1,1736621294
U00120,M00650,view,1,1740095892
U00120,M00416,view,1,1736694383
U00120,M00220,watch,2,1764925040
U00120,M00224,view,1,1758456658
U00120,M00286,view,1,1762784211
U00120,M00333,view,1,1749985130
U00120,M00094,like,3,1743522138
U00120,M00108,watch,2,1746347498
U00120,M00095,view,1,1761964099
U00121,M00706,view,1,1755833119
U00121,M00570,view,1,1751918464
U00121,M00572,watch,2,1743032424
U00121,M00407,view,1,1757819746
U00121,M00173,view,1,1765347541
U00121,M00082,view,1,1757408830
U00121,M00436,view,1,1749695431
U00121,M00158,view,1,1743701361
U00121,M00412,purchase,5,1738492803
U00121,M00053,view,1,1737864086
U00121,M00237,watch,2,1765669151
U00121,M00083,view,1,1762040491
U00121,M00009,view,1,1758660792
U00121,M00174,view,1,1742486194
U00121,M00131,view,1,1752640850
U00121,M00421,view,1,1753393145
U00121,M00680,like,3,1758411736
U00121,M00099,view,1,1757056858
U00121,M00739,view,1,1766600615
U00121,M00018,view,1,1762983311
U00121,M00444,watch,2,1760483873
U00121,M00698,view,1,1755027483
U00121,M00008,like,3,1747849572
U00122,M00237,view,1,1755632879
U00122,M00338,view,1,1736550331
U00122,M00267,view,1,1751849801
U00122,M00124,view,1,1744321858
U00122,M00076,watch,2,1759146768
U00122,M00425,view,1,1740691755
U00122,M00707,watch,2,1740403856
U00122,M00224,like,3,1764037830
U00122,M00542,view,1,1755581235
U00122,M00235,view,1,1738324198
U00122,M00581,view,1,1737046606
U00122,M00560,view,1,1740937408
U00122,M00090,view,1,1737213409
U00122,M00775,view,1,1747584569
U00122,M00478,view,1,1740935624
U00122,M00752,watch,2,1756686707
U00122,M00090,view,1,1741447077
U00122,M00162,watch,2,1759472388
U00122,M00185,view,1,1758354087
U00122,M00648,watch,2,1740331012
U00122,M00548,purchase,5,1749286307
U00122,M00546,like,3,1749800178
U00123,M00271,view,1,1765009571
U00123,M00561,purchase,5,1741896757
U00123,M00082,purchase,5,1748644808
U00123,M00693,like,3,1750581686
U00123,M00668,view,1,1764171981
U00123,M00249,view,1,1752473976
U00123,M00078,view,1,1754457702
U00123,M00691,purchase,5,1742946970
U00123,M00500,view,1,1763660691
U00123,M00443,view,1,1760055013
U00123,M00096,like,3,1756540297
U00123,M00535,view,1,1766493910
U00123,M00172,view,1,1736547070
U00123,M00396,view,1,1739025668
U00123,M00004,view,1,1737827844
U00123,M00222,purchase,5,1766496826
U00123,M00201,purchase,5,1754006846
U00123,M00455,view,1,1737931722
U00123,M00417,like,3,1758549198
U00123,M00726,view,1,1738411256
U00123,M00487,view,1,1744520311
U00123,M00451,purchase,5,1746524531
U00123,M00751,watch,2,1736849509
U00124,M00739,watch,2,1764878347
U00124,M00592,like,3,1760885909
U00124,M00239,view,1,1739848062
U00124,M00351,watch,2,1737608455
U00124,M00202,watch,2,1743036424
U00124,M00056,watch,2,1755131527
U00124,M00462,watch,2,1765588276
U00124,M00197,view,1,1751511112
U00124,M00241,view,1,1754146598
U00124,M00525,purchase,5,1749389282
U00124,M00405,like,3,1761081761
U00124,M00084,watch,2,1747342445
U00124,M00124,watch,2,1754277136
U00124,M00373,view,1,1757060456
U00124,M00326,view,1,1740038911
U00124,M00171,view,1,1753523516
U00124,M00134,watch,2,1756242525
U00125,M00203,like,3,1744947926
U00125,M00255,like,3,1754273681
U00125,M00137,purchase,5,1766677187
U00125,M00607,watch,2,1755949260
U00125,M00688,like,3,1764564880
U00125,M00405,watch,2,1762285013
U00125,M00233,view,1,1751685930
U00125,M00095,watch,2,1746328950
U00125,M00020,like,3,1749932497
U00125,M00344,like,3,1736268029
U00125,M00719,view,1,1757902514
U00125,M00015,view,1,1738393017
U00125,M00744,like,3,1740762679
U00125,M00535,watch,2,1741167253
U00125,M00607,like,3,1759954619
U00125,M00079,view,1,1754660970
U00125,M00473,like,3,1751002857
U00125,M00260,view,1,1745064018
U00125,M00426,like,3,1739991888
U00125,M00782,view,1,1764380008
U00125,M00495,watch,2,1766516096
U00125,M00528,view,1,1762939613
U00125,M00601,watch,2,1764809905
U00125,M00068,like,3,1752717154
U00126,M00595,view,1,1753204843
U00126,M00101,watch,2,1747055268
U00126,M00574,watch,2,1754356144
U00126,M00475,watch,2,1765424555
U00126,M00582,view,1,1756960219
U00126,M00679,view,1,1735979114
U00126,M00688,watch,2,1764555069
U00126,M00289,watch,2,1755603796
U00126,M00287,watch,2,1760959271
U00126,M00426,view,1,1745517742
U00126,M00530,like,3,1763813698
U00126,M00769,view,1,1745056153
U00126,M00521,watch,2,1749851699
U00126,M00434,like,3,1743315473
U00126,M00350,like,3,1743256194
U00126,M00218,view,1,1751679096
U00126,M00465,view,1,1756303106
U00126,M00130,purchase,5,1757126013
U00126,M00800,like,3,1760676504
U00126,M00177,view,1,1766659648
U00126,M00766,watch,2,1754305936
U00126,M00793,like,3,1765387035
U00126,M00091,view,1,1743170398
U00126,M00659,like,3,1741643998
U00127,M00353,view,1,1749492651
U00127,M00296,watch,2,1751301642
U00127,M00070,watch,2,1755396952
U00127,M00361,watch,2,1748612659
U00127,M00412,view,1,1761070440
U00127,M00421,view,1,1750508094
U00127,M00611,watch,2,1737181390
U00127,M00230,view,1,1744200479
U00127,M00095,view,1,1738649986
U00127,M00371,purchase,5,1763482820
U00127,M00077,view,1,1749307717
U00127,M00116,watch,2,1746581835
U00127,M00409,watch,2,1756113377
U00128,M00100,view,1,1752689736
U00128,M00630,like,3,1738405528
U00128,M00570,view,1,1757620138
U00128,M00710,like,3,1754539122
U00128,M00293,watch,2,1740717679
U00128,M00296,watch,2,1757868890
U00128,M00780,view,1,1736999796
U00128,M00033,view,1,1745753874
U00128,M00296,view,1,1740935335
U00128,M00480,view,1,1765714766
U00128,M00139,view,1,1739187549
U00128,M00390,view,1,1757357793
U00128,M00046,view,1,1740305241
U00128,M00568,view,1,1753322294
U00128,M00566,watch,2,1737360922
U00128,M00745,view,1,1761727170
U00128,M00538,watch,2,1766967603
U00128,M00586,view,1,1760131144
U00128,M00299,view,1,1735930464
U00128,M00616,view,1,1757411280
U00128,M00255,view,1,1760512806
U00128,M00314,view,1,1749666469
U00128,M00131,view,1,1764954363
U00129,M00461,watch,2,1738167635
U00129,M00672,purchase,5,1747656067
U00129,M00692,watch,2,1742621162
U00129,M00546,like,3,1752556600
U00129,M00522,watch,2,1738607838
U00129,M00410,watch,2,1747246071
U00129,M00581,like,3,1742072027
U00129,M00272,view,1,1736291150
U00129,M00097,view,1,1751310159
U00129,M00479,view,1,1744369361
U00129,M00504,view,1,1764132036
U00129,M00166,watch,2,1739744563
U00129,M00026,like,3,1753857700
U00129,M00139,view,1,1763327514
U00129,M00388,view,1,1761847680
U00129,M00586,watch,2,1740392636
U00129,M00717,like,3,1766197524
U00130,M00771,watch,2,1738114980
U00130,M00103,watch,2,1760915134
U00130,M00773,view,1,1756513008
U00130,M00428,view,1,1757304768
U00130,M00348,watch,2,1741847502
U00130,M00175,like,3,1745751380
U00130,M00194,view,1,1741822698
U00130,M00328,like,3,1764846446
U00130,M00431,watch,2,1766816257
U00130,M00357,purchase,5,1744926003
U00130,M00271,view,1,1756884294
U00130,M00112,view,1,1750348550
U00130,M00689,view,1,1743701832
U00130,M00699,watch,2,1746669462
U00130,M00712,like,3,1758826019
U00130,M00438,view,1,1743271428
U00130,M00249,view,1,1748906767
U00130,M00607,watch,2,1749084551
U00130,M00217,view,1,1766925429
U00130,M00449,watch,2,1759036257
U00130,M00594,view,1,1751534390
U00130,M00722,view,1,1753941127
U00131,M00164,view,1,1742622323
U00131,M00225,view,1,1755709529
U00131,M00401,view,1,1747735242
U00131,M00332,purchase,5,1737128135
U00131,M00504,like,3,1754636237
U00131,M00106,watch,2,1758646755
U00131,M00694,view,1,1746366214
U00131,M00452,view,1,1762862635
U00131,M00161,view,1,1762551485
U00131,M00187,watch,2,1762065690
U00131,M00453,watch,2,1744095281
U00131,M00453,view,1,1745579434
U00131,M00562,view,1,1755980257
U00131,M00425,view,1,1763295525
U00131,M00086,watch,2,1747172977
U00131,M00254,watch,2,1756195292
U00131,M00271,view,1,1762987916
U00131,M00261,watch,2,1763368568
U00132,M00114,watch,2,1759555763
U00132,M00047,view,1,1748217476
U00132,M00184,view,1,1753543494
U00132,M00283,view,1,1740093984
U00132,M00524,like,3,1761466482
U00132,M00762,like,3,1755017478
U00132,M00123,view,1,1737769615
U00132,M00380,like,3,1747197127
U00132,M00745,view,1,1744285893
U00132,M00610,watch,2,1760803311
U00132,M00204,like,3,1742607817
U00132,M00189,view,1,1766969474
U00132,M00674,view,1,1756248921
U00132,M00670,view,1,1759073310
U00133,M00511,watch,2,1766640214
U00133,M00048,view,1,1744587884
U00133,M00652,purchase,5,1740833234
U00133,M00503,like,3,1763521293
U00133,M00301,watch,2,1743132140
U00133,M00141,like,3,1741126500
U00133,M00069,like,3,1738865003
U00133,M00258,view,1,1748641208
U00133,M00379,like,3,1736530253
U00133,M00386,view,1,1743313111
U00133,M00201,view,1,1737405253
U00133,M00503,view,1,1766111648
U00133,M00469,like,3,1742448489
U00133,M00383,like,3,1761384910
U00133,M00287,watch,2,1746076650
U00133,M00220,watch,2,1743154667
U00133,M00563,watch,2,1748173130
U00133,M00618,like,3,1736561117
U00133,M00310,watch,2,1761827741
U00133,M00713,like,3,1754527786
U00133,M00358,view,1,1766202586
U00133,M00443,view,1,1749150455
U00133,M00354,view,1,1763418845
U00134,M00614,view,1,1750888398
U00134,M00126,like,3,1741910571
U00134,M00417,like,3,1740966794
U00134,M00749,view,1,1748583779
U00134,M00659,watch,2,1743312682
U00134,M00399,view,1,1737029663
U00134,M00372,view,1,1738041033
U00134,M00365,view,1,1766327457
U00134,M00795,view,1,1760081185
U00134,M00356,view,1,1755591705
U00134,M00553,like,3,1744431592
U00134,M00699,watch,2,1754050894
U00134,M00111,view,1,1763876992
U00134,M00131,watch,2,1760047906
U00134,M00043,view,1,1762609918
U00134,M00713,view,1,1739741545
U00134,M00767,watch,2,1736483506
U00135,M00546,like,3,1746425986
U00135,M00749,view,1,1752777571
U00135,M00470,like,3,1764798385
U00135,M00384,view,1,1739853427
U00135,M00206,view,1,1759521498
U00135,M00267,view,1,1737481267
U00135,M00392,watch,2,1761919780
U00135,M00471,view,1,1753862394
U00135,M00505,watch,2,1756369777
U00135,M00283,view,1,1762714506
U00135,M00440,watch,2,1757187548
U00135,M00444,view,1,1754800001
U00136,M00169,view,1,1740249866
U00136,M00783,like,3,1746619554
U00136,M00567,view,1,1766504614
U00136,M00030,view,1,1737463899
U00136,M00230,watch,2,1764903144
U00136,M00529,view,1,1760453982
U00136,M00608,view,1,1759998244
U00136,M00155,watch,2,1761502028
U00136,M00697,view,1,1739153711
U00136,M00444,view,1,1761230675
U00136,M00105,view,1,1744836812
U00136,M00548,watch,2,1746010982
U00136,M00336,view,1,1756084395
U00136,M00182,like,3,1738257940
U00136,M00309,purchase,5,1744037228
U00136,M00279,view,1,1743021621
U00136,M00024,watch,2,1762605413
U00136,M00249,view,1,1750604217
U00136,M00191,like,3,1761636857
U00136,M00531,like,3,1750652790
U00137,M00311,watch,2,1761542509
U00137,M00092,view,1,1763036983
U00137,M00231,watch,2,1746330562
U00137,M00435,watch,2,1757189066
U00137,M00726,like,3,1764951248
U00137,M00103,watch,2,1766901090
U00137,M00461,view,1,1751802826
U00137,M00692,view,1,1740172126
U00137,M00455,like,3,1748852959
U00137,M00663,view,1,1739994751
U00137,M00013,view,1,1737705618
U00137,M00564,view,1,1738575447
U00137,M00198,view,1,1766624767
U00137,M00386,like,3,1748568013
U00137,M00310,watch,2,1740966108
U00137,M00006,view,1,1745247014
U00137,M00472,watch,2,1760301508
U00138,M00336,watch,2,1746229701
U00138,M00036,view,1,1752940611
U00138,M00753,view,1,1756104664
U00138,M00031,like,3,1764781483
U00138,M00328,view,1,1754056563
U00138,M00176,watch,2,1741467378
U00138,M00100,like,3,1755036491
U00138,M00753,like,3,1762672118
U00138,M00137,like,3,1746795583
U00138,M00583,view,1,1765169180
U00138,M00055,watch,2,1755276602
U00138,M00053,view,1,1757719018
U00139,M00003,watch,2,1736360246
U00139,M00010,like,3,1763805605
U00139,M00271,purchase,5,1759994415
U00139,M00123,view,1,1762791871
U00139,M00407,view,1,1751291646
U00139,M00221,view,1,1757862619
U00139,M00074,watch,2,1752172218
U00139,M00062,view,1,1746598325
U00139,M00339,like,3,1753939538
U00139,M00792,like,3,1755391491
U00139,M00528,like,3,1749025590
U00139,M00568,view,1,1760591553
U00139,M00034,view,1,1760978271
U00139,M00652,view,1,1745574449
U00139,M00673,like,3,1755914123
U00139,M00203,view,1,1743926317
U00139,M00104,view,1,1764231696
U00139,M00233,view,1,1764039362
U00139,M00152,view,1,1744188170
U00139,M00496,view,1,1741483775
U00139,M00675,watch,2,1764797939
U00139,M00678,purchase,5,1756007653
U00139,M00361,watch,2,1757259844
U00139,M00127,view,1,1756784107
U00140,M00669,view,1,1756136323
U00140,M00615,purchase,5,1759389567
U00140,M00098,view,1,1736017769
U00140,M00503,purchase,5,1755211647
U00140,M00373,view,1,1759157722
U00140,M00354,view,1,1754880244
U00140,M00463,view,1,1748608527
U00140,M00532,like,3,1746286588
U00140,M00695,watch,2,1752011563
U00140,M00161,view,1,1766249140
U00140,M00336,watch,2,1741939275
U00140,M00459,view,1,1737503506
U00140,M00723,watch,2,1736778307
U00140,M00782,like,3,1746953472
U00140,M00494,watch,2,1763112782
U00140,M00146,view,1,1759353673
U00140,M00619,like,3,1740575263
U00140,M00389,like,3,1740442600
U00140,M00098,view,1,1751927887
U00141,M00494,view,1,1763823372
U00141,M00148,view,1,1754401842
U00141,M00749,view,1,1752457144
U00141,M00667,view,1,1754158548
U00141,M00749,purchase,5,1744401000
U00141,M00098,view,1,1751867385
U00141,M00573,purchase,5,1763823863
U00141,M00717,view,1,1742836925
U00141,M00384,like,3,1743897021
U00141,M00406,watch,2,1735805353
U00141,M00294,watch,2,1759022559
U00141,M00387,watch,2,1743039996
U00141,M00789,view,1,1757304069
U00141,M00356,view,1,1741792242
U00141,M00682,view,1,1736888710
U00141,M00745,view,1,1748993030
U00141,M00029,watch,2,1750977629
U00141,M00197,view,1,1753608564
U00141,M00200,view,1,1764913556
U00142,M00010,view,1,1738321538
U00142,M00508,like,3,1756534376
U00142,M00471,like,3,1743359046
U00142,M00640,watch,2,1766079009
U00142,M00800,watch,2,1737462270
U00142,M00395,view,1,1739076703
U00142,M00588,like,3,1743119946
U00142,M00624,like,3,1751256142
U00142,M00790,like,3,1759886825
U00142,M00796,view,1,1753522797
U00142,M00644,view,1,1761475361
U00142,M00628,view,1,1754420569
U00142,M00756,like,3,1764161805
U00142,M00396,watch,2,1748426226
U00142,M00595,view,1,1744460713
U00142,M00566,watch,2,1759574469
U00142,M00441,view,1,1747097533
U00142,M00687,view,1,1752046363
U00142,M00171,watch,2,1765270534
U00142,M00725,view,1,1739235436
U00143,M00263,view,1,1740414699
U00143,M00717,watch,2,1747607402
U00143,M00749,view,1,1749908723
U00143,M00166,view,1,1762604009
U00143,M00047,watch,2,1738542985
U00143,M00541,view,1,1755281105
U00143,M00543,watch,2,1745671084
U00143,M00670,watch,2,1738478366
U00143,M00419,view,1,1749638466
U00143,M00537,view,1,1742366701
U00143,M00017,view,1,1739726901
U00143,M00317,like,3,1742006241
U00143,M00144,view,1,1758808555
U00143,M00662,view,1,1742082036
U00143,M00123,watch,2,1751942076
U00143,M00744,view,1,1748380112
U00143,M00617,view,1,1744194754
U00144,M00777,watch,2,1738500082
U00144,M00352,purchase,5,1740486259
U00144,M00034,watch,2,1755397926
U00144,M00065,watch,2,1756335927
U00144,M00576,view,1,1762827588
U00144,M00370,like,3,1756196030
U00144,M00582,watch,2,1740105233
U00144,M00075,view,1,1753097909
U00144,M00118,view,1,1743202897
U00144,M00719,view,1,1766892552
U00144,M00265,view,1,1745690853
U00144,M00215,view,1,1762484708
U00144,M00265,watch,2,1746760577
U00144,M00148,watch,2,1746793532
U00144,M00327,view,1,1762640189
U00144,M00240,view,1,1759760164
U00144,M00719,like,3,1746073838
U00144,M00130,view,1,1736441059
U00144,M00703,view,1,1761090287
U00144,M00087,like,3,1756798330
U00145,M00040,like,3,1740115142
U00145,M00746,view,1,1762323593
U00145,M00339,view,1,1757551537
U00145,M00691,view,1,1756252217
U00145,M00253,purchase,5,1765991013
U00145,M00769,view,1,1753121036
U00145,M00703,view,1,1752670185
U00145,M00593,view,1,1764820931
U00145,M00430,view,1,1741095395
U00145,M00621,view,1,1750740333
U00145,M00761,view,1,1765766290
U00145,M00437,purchase,5,1756443103
U00145,M00062,view,1,1755733533
U00145,M00363,view,1,1757494074
U00145,M00266,view,1,1755832626
U00145,M00594,view,1,1750576444
U00145,M00026,like,3,1754017310
U00145,M00671,view,1,1740123635
U00145,M00091,view,1,1757985079
U00145,M00671,like,3,1737752985
U00145,M00325,view,1,1755502195
U00145,M00386,view,1,1758071526
U00145,M00283,view,1,1740067619
U00145,M00703,like,3,1745538637
U00146,M00220,watch,2,1766294642
U00146,M00337,like,3,1749203710
U00146,M00636,view,1,1745634929
U00146,M00573,view,1,1765015602
U00146,M00740,purchase,5,1750134822
U00146,M00784,like,3,1743369111
U00146,M00502,like,3,1742570651
U00146,M00530,view,1,1751728487
U00146,M00700,view,1,1759874578
U00146,M00243,view,1,1766115804
U00146,M00395,view,1,1739661457
U00146,M00578,like,3,1744181686
U00146,M00247,like,3,1761556963
U00146,M00674,view,1,1752816938
U00146,M00410,view,1,1750908490
U00146,M00068,watch,2,1750223460
U00146,M00474,view,1,1756415299
U00146,M00756,view,1,1747289317
U00146,M00044,view,1,1745890644
U00146,M00537,view,1,1751425827
U00146,M00290,view,1,1761829083
U00146,M00742,watch,2,1736657978
U00146,M00435,like,3,1751691342
U00147,M00138,view,1,1763119154
U00147,M00289,view,1,1763386833
U00147,M00794,view,1,1752863085
U00147,M00030,watch,2,1764106804
U00147,M00650,like,3,1756358443
U00147,M00524,like,3,1749371544
U00147,M00102,watch,2,1753710697
U00147,M00651,like,3,1755990867
U00147,M00403,watch,2,1753031920
U00147,M00109,watch,2,1739475199
U00147,M00650,watch,2,1754773692
U00147,M00117,view,1,1751844869
U00147,M00375,view,1,1765855610
U00147,M00678,view,1,1738789888
U00147,M00710,view,1,1752477081
U00147,M00437,view,1,1754038439
U00147,M00604,watch,2,1758453814
U00148,M00327,view,1,1760243179
U00148,M00780,view,1,1752521523
U00148,M00513,view,1,1761771639
U00148,M00648,watch,2,1753184654
U00148,M00175,view,1,1749511115
U00148,M00512,view,1,1749395470
U00148,M00696,view,1,1745894552
U00148,M00253,purchase,5,1760178263
U00148,M00497,view,1,1749510514
U00148,M00679,view,1,1740901657
U00148,M00796,view,1,1766287562
U00148,M00635,view,1,1763860540
U00148,M00252,watch,2,1761149847
U00148,M00369,watch,2,1737127749
U00149,M00752,like,3,1742746069
U00149,M00187,view,1,1752677858
U00149,M00498,watch,2,1760021500
U00149,M00483,watch,2,1764231309
U00149,M00780,view,1,1741367949
U00149,M00512,like,3,1759646233
U00149,M00598,like,3,1749580182
U00149,M00178,view,1,1739202205
U00149,M00665,watch,2,1765900712
U00149,M00798,view,1,1762297408
U00149,M00612,watch,2,1752308676
U00149,M00760,like,3,1741818175
U00149,M00181,watch,2,1750391059
U00149,M00272,view,1,1743780911
U00149,M00296,view,1,1755668266
U00149,M00025,purchase,5,1764545576
U00149,M00386,view,1,1766294430
U00149,M00471,watch,2,1752438985
U00149,M00292,watch,2,1766151497
U00150,M00401,view,1,1758219094
U00150,M00706,like,3,1760064267
U00150,M00619,view,1,1766929643
U00150,M00464,view,1,1736518992
U00150,M00279,watch,2,1742286999
U00150,M00251,watch,2,1739339003
U00150,M00378,view,1,1738329805
U00150,M00294,like,3,1750853402
U00150,M00224,like,3,1755093504
U00150,M00404,watch,2,1751586041
U00150,M00251,watch,2,1765765012
U00150,M00717,watch,2,1743699417
U00150,M00329,view,1,1742826714
U00150,M00144,watch,2,1744895114
U00150,M00307,watch,2,1742977299
U00150,M00104,view,1,1744540896
U00150,M00155,view,1,1740824543
U00150,M00505,watch,2,1743987930
U00151,M00128,like,3,1754506064
U00151,M00609,view,1,1736125257
U00151,M00476,view,1,1757259086
U00151,M00435,view,1,1750992433
U00151,M00338,view,1,1760951268
U00151,M00686,view,1,1766011859
U00151,M00741,view,1,1743474455
U00151,M00193,watch,2,1759638300
U00151,M00491,watch,2,1742293836
U00151,M00155,watch,2,1759075058
U00151,M00395,view,1,1750919596
U00151,M00483,view,1,1749617076
U00151,M00435,view,1,1736839239
U00151,M00623,view,1,1748996967
U00151,M00721,view,1,1746662766
U00152,M00658,like,3,1740716878
U00152,M00651,watch,2,1742364959
U00152,M00107,view,1,1746449391
U00152,M00384,like,3,1748975886
U00152,M00536,view,1,1752678575
U00152,M00352,view,1,1739916921
U00152,M00011,view,1,1762227394
U00152,M00786,view,1,1745800084
U00152,M00396,view,1,1758956493
U00152,M00107,like,3,1753027328
U00152,M00247,view,1,1763608459
U00152,M00275,view,1,1765697848
U00152,M00223,view,1,1753082670
U00152,M00619,watch,2,1753260844
U00152,M00468,watch,2,1757028686
U00152,M00786,view,1,1756483179
U00152,M00417,watch,2,1745361914
U00152,M00751,view,1,1751695253
U00153,M00106,view,1,1740072194
U00153,M00174,view,1,1757872765
U00153,M00790,view,1,1766820959
U00153,M00106,like,3,1739618905
U00153,M00455,watch,2,1755424302
U00153,M00321,watch,2,1754000391
U00153,M00274,view,1,1742899645
U00153,M00549,view,1,1741618013
U00153,M00403,like,3,1756440412
U00153,M00539,view,1,1762676574
U00153,M00482,watch,2,1737661723
U00153,M00004,view,1,1754412341
U00153,M00673,view,1,1738056402
U00153,M00683,view,1,1745081217
U00153,M00128,watch,2,1736278521
U00153,M00150,like,3,1758837658
U00153,M00321,view,1,1754164523
U00153,M00375,view,1,1746173421
U00153,M00440,view,1,1752285837
U00153,M00106,like,3,1742135959
U00153,M00789,view,1,1746801488
U00153,M00685,view,1,1735784997
U00153,M00745,purchase,5,1765567450
U00153,M00508,watch,2,1758773351
U00154,M00574,view,1,1753070514
U00154,M00619,view,1,1749718655
U00154,M00722,view,1,1752045340
U00154,M00651,watch,2,1750441454
U00154,M00149,watch,2,1760385170
U00154,M00045,like,3,1763977061
U00154,M00129,like,3,1735730804
U00154,M00698,view,1,1737393335
U00154,M00532,view,1,1762090452
U00154,M00171,purchase,5,1751786783
U00154,M00198,like,3,1753926733
U00154,M00304,view,1,1739007253
U00154,M00542,view,1,1741592877
U00154,M00545,like,3,1738940143
U00154,M00281,watch,2,1759853902
U00154,M00284,purchase,5,1748563753
U00154,M00692,watch,2,1737993102
U00154,M00667,view,1,1748975003
U00154,M00480,watch,2,1750551186
U00155,M00263,view,1,1738115495
U00155,M00460,view,1,1742155054
U00155,M00025,like,3,1742599887
U00155,M00007,view,1,1763345766
U00155,M00203,view,1,1756699250
U00155,M00175,watch,2,1763253395
U00155,M00269,view,1,1740699397
U00155,M00404,view,1,1737479207
U00155,M00043,purchase,5,1751857662
U00155,M00585,view,1,1754452174
U00155,M00475,watch,2,1756552266
U00155,M00127,like,3,1763182980
U00156,M00719,view,1,1750132861
U00156,M00748,watch,2,1753351614
U00156,M00113,view,1,1738742706
U00156,M00587,view,1,1758227547
U00156,M00460,purchase,5,1765133335
U00156,M00280,view,1,1740855816
U00156,M00486,view,1,1753679676
U00156,M00261,like,3,1764918926
U00156,M00366,like,3,1765829205
U00156,M00572,watch,2,1749150787
U00156,M00637,view,1,1751387238
U00156,M00155,like,3,1761412789
U00156,M00155,view,1,1751605983
U00157,M00159,like,3,1763278279
U00157,M00688,watch,2,1758135163
U00157,M00638,view,1,1744878958
U00157,M00124,view,1,1747587998
U00157,M00260,view,1,1764458412
U00157,M00512,view,1,1766322612
U00157,M00385,purchase,5,1764733065
U00157,M00538,watch,2,1752159589
U00157,M00671,view,1,1739725869
U00157,M00525,watch,2,1747378395
U00157,M00014,like,3,1761761618
U00157,M00279,view,1,1739301259
U00158,M00107,watch,2,1764935299
U00158,M00616,view,1,1744562054
U00158,M00336,watch,2,1764223345
U00158,M00054,watch,2,1754507648
U00158,M00354,view,1,1755920804
U00158,M00485,view,1,1762449230
U00158,M00344,like,3,1766742712
U00158,M00381,view,1,1760382235
U00158,M00464,view,1,1764125121
U00158,M00360,view,1,1741834562
U00158,M00433,view,1,1764259835
U00158,M00315,view,1,1750808951
U00158,M00613,watch,2,1749592013
U00158,M00513,watch,2,1742684919
U00158,M00291,view,1,1753182746
U00159,M00485,like,3,1759174872
U00159,M00752,purchase,5,1762197309
U00159,M00336,view,1,1736620156
U00159,M00186,view,1,1751352934
U00159,M00732,purchase,5,1752249648
U00159,M00087,view,1,1750439486
U00159,M00619,view,1,1761903894
U00159,M00085,view,1,1760978318
U00159,M00746,view,1,1739534874
U00159,M00786,watch,2,1760601325
U00159,M00610,view,1,1750217438
U00159,M00212,watch,2,1763478390
U00159,M00581,view,1,1765370662
U00159,M00172,like,3,1746860819
U00159,M00151,view,1,1763561149
U00159,M00250,like,3,1753269869
U00159,M00344,like,3,1748275002
U00159,M00048,watch,2,1754732553
U00159,M00357,view,1,1765454579
U00159,M00037,like,3,1754654152
U00159,M00032,watch,2,1743111233
U00159,M00362,purchase,5,1751918375
U00159,M00733,view,1,1746193726
U00159,M00601,watch,2,1759650813
U00159,M00431,view,1,1747074444
U00160,M00173,view,1,1747707864
U00160,M00613,view,1,1738623365
U00160,M00623,view,1,1747632985
U00160,M00269,watch,2,1761356931
U00160,M00682,like,3,1749582451
U00160,M00269,watch,2,1762610428
U00160,M00506,like,3,1736438909
U00160,M00254,view,1,1757968414
U00160,M00029,like,3,1760074420
U00160,M00678,view,1,1751327707
U00160,M00619,view,1,1736061263
U00160,M00292,watch,2,1756913843
U00160,M00285,view,1,1764067523
U00161,M00535,watch,2,1759743899
U00161,M00104,purchase,5,1736597035
U00161,M00595,like,3,1766747889
U00161,M00044,purchase,5,1743902320
U00161,M00287,like,3,1756257229
U00161,M00652,view,1,1757062021
U00161,M00247,like,3,1745537127
U00161,M00731,view,1,1766426427
U00161,M00120,view,1,1762345929
U00161,M00270,like,3,1766782414
U00161,M00751,purchase,5,1740148094
U00161,M00103,like,3,1750242475
U00161,M00580,watch,2,1746811267
U00161,M00707,like,3,1741347634
U00161,M00552,view,1,1760903539
U00161,M00011,watch,2,1752976419
U00161,M00515,like,3,1755729990
U00161,M00503,view,1,1751468081
U00162,M00679,watch,2,1755418686
U00162,M00157,view,1,1742142718
U00162,M00692,view,1,1753060985
U00162,M00083,purchase,5,1750748664
U00162,M00212,view,1,1751413943
U00162,M00031,view,1,1753290171
U00162,M00347,view,1,1764726901
U00162,M00675,like,3,1745659240
U00162,M00164,view,1,1745187360
U00162,M00663,view,1,1738406154
U00162,M00245,view,1,1751173993
U00162,M00784,watch,2,1746814809
U00162,M00663,view,1,1747761294
U00162,M00587,view,1,1753792659
U00162,M00363,view,1,1747591055
U00162,M00465,purchase,5,1765523132
U00163,M00466,view,1,1741338777
U00163,M00226,view,1,1751356528
U00163,M00656,view,1,1750664816
U00163,M00722,like,3,1743361102
U00163,M00584,like,3,1737275151
U00163,M00133,like,3,1748208746
U00163,M00210,view,1,1746316191
U00163,M00517,view,1,1750024189
U00163,M00661,view,1,1752634645
U00163,M00666,view,1,1758504789
U00163,M00629,view,1,1745201285
U00163,M00363,view,1,1747224048
U00163,M00190,view,1,1736753727
U00163,M00776,view,1,1743808910
U00163,M00555,watch,2,1754241229
U00163,M00246,watch,2,1766042267
U00163,M00104,view,1,1758689096
U00163,M00432,purchase,5,1741740170
U00163,M00371,view,1,1752352124
U00164,M00631,view,1,1756553574
U00164,M00041,like,3,1754528979
U00164,M00786,view,1,1748847496
U00164,M00620,like,3,1758861346
U00164,M00193,like,3,1742675938
U00164,M00525,view,1,1742642847
U00164,M00536,like,3,1740469241
U00164,M00625,like,3,1738825840
U00164,M00168,watch,2,1761915332
U00164,M00342,view,1,1766750100
U00164,M00328,like,3,1744788164
U00164,M00308,view,1,1766645763
U00164,M00511,view,1,1737890041
U00164,M00729,watch,2,1742409994
U00164,M00066,view,1,1738752490
U00165,M00059,view,1,1754616314
U00165,M00790,watch,2,1755337249
U00165,M00671,like,3,1738025467
U00165,M00178,watch,2,1739822261
U00165,M00607,like,3,1741038343
U00165,M00792,view,1,1745568824
U00165,M00796,view,1,1759122100
U00165,M00496,view,1,1761183480
U00165,M00711,view,1,1763838962
U00165,M00762,view,1,1743964883
U00165,M00340,view,1,1743464616
U00165,M00098,watch,2,1745743644
U00165,M00323,purchase,5,1762865190
U00165,M00359,view,1,1737339033
U00165,M00470,like,3,1748653596
U00165,M00501,purchase,5,1739107800
U00165,M00294,view,1,1737627265
U00165,M00501,like,3,1764578795
U00165,M00058,view,1,1740399557
U00166,M00707,view,1,1753484651
U00166,M00207,watch,2,1758066869
U00166,M00082,view,1,1764313072
U00166,M00445,view,1,1756946359
U00166,M00507,purchase,5,1754096257
U00166,M00385,watch,2,1755195958
U00166,M00197,view,1,1746637475
U00166,M00642,view,1,1758377180
U00166,M00701,view,1,1765548905
U00166,M00597,like,3,1754677792
U00166,M00770,like,3,1753259674
U00166,M00774,view,1,1754627215
U00166,M00546,purchase,5,1737541501
U00166,M00261,watch,2,1757440182
U00166,M00773,watch,2,1753377744
U00166,M00567,watch,2,1755063520
U00166,M00016,view,1,1761167277
U00166,M00794,like,3,1742805905
U00166,M00446,like,3,1744896355
U00166,M00444,view,1,1745690039
U00166,M00360,purchase,5,1746537966
U00167,M00514,like,3,1756912498
U00167,M00683,view,1,1760938515
U00167,M00542,view,1,1759242480
U00167,M00531,view,1,1764116984
U00167,M00270,view,1,1761642409
U00167,M00648,view,1,1747523679
U00167,M00329,like,3,1751066297
U00167,M00291,purchase,5,1764860695
U00167,M00445,view,1,1765585232
U00167,M00283,view,1,1753777589
U00167,M00470,view,1,1740356460
U00167,M00358,like,3,1762559735
U00167,M00574,view,1,1754886530
U00167,M00189,watch,2,1753544566
U00167,M00461,watch,2,1736426945
U00167,M00619,watch,2,1759009031
U00167,M00582,view,1,1738626931
U00167,M00063,like,3,1760827950
U00167,M00138,watch,2,1762931939
U00167,M00012,view,1,1746251440
U00167,M00622,view,1,1759952760
U00167,M00023,like,3,1741796960
U00167,M00346,watch,2,1756381897
U00168,M00719,purchase,5,1752051650
U00168,M00648,purchase,5,1757529084
U00168,M00482,like,3,1740860426
U00168,M00004,watch,2,1746949024
U00168,M00563,watch,2,1753965205
U00168,M00214,view,1,1749006904
U00168,M00647,like,3,1741199369
U00168,M00201,view,1,1751368467
U00168,M00150,view,1,1762215340
U00168,M00376,view,1,1757686446
U00168,M00327,view,1,1736636935
U00168,M00010,view,1,1763483209
U00168,M00295,view,1,1742432708
U00168,M00578,view,1,1739766214
U00168,M00494,watch,2,1744300770
U00168,M00036,view,1,1752064464
U00168,M00410,view,1,1757798154
U00168,M00613,view,1,1760132460
U00168,M00643,view,1,1740278350
U00168,M00345,like,3,1745375199
U00168,M00471,purchase,5,1752087142
U00168,M00468,view,1,1763199662
U00168,M00680,purchase,5,1738063536
U00168,M00397,view,1,1765225822
U00168,M00725,view,1,1765067928
U00169,M00503,view,1,1742434173
U00169,M00066,like,3,1752108361
U00169,M00199,view,1,1737086180
U00169,M00041,watch,2,1752006266
U00169,M00044,view,1,1761211597
U00169,M00330,watch,2,1758293546
U00169,M00548,view,1,1758136767
U00169,M00392,view,1,1764542418
U00169,M00392,like,3,1761605058
U00169,M00580,view,1,1764741614
U00169,M00168,view,1,1743770821
U00169,M00468,view,1,1737828290
U00169,M00095,view,1,1753742812
U00169,M00789,watch,2,1755275318
U00169,M00639,view,1,1748371900
U00169,M00110,view,1,1738452856
U00169,M00775,view,1,1736974062
U00169,M00066,view,1,1742011031
U00169,M00380,view,1,1751918018
U00169,M00120,view,1,1752637386
U00169,M00136,watch,2,1738518625
U00169,M00487,view,1,1748710594
U00169,M00398,view,1,1748522782
U00169,M00652,view,1,1748470715
U00170,M00456,view,1,1744855212
U00170,M00233,like,3,1754121592
U00170,M00717,purchase,5,1739901597
U00170,M00068,view,1,1743393408
U00170,M00187,view,1,1752025679
U00170,M00720,view,1,1756928697
U00170,M00071,like,3,1758331892
U00170,M00642,view,1,1749975738
U00170,M00434,view,1,1738039859
U00170,M00499,view,1,1750479261
U00170,M00399,watch,2,1753030950
U00170,M00418,view,1,1747002711
U00170,M00162,watch,2,1745599772
U00170,M00382,like,3,1744318759
U00170,M00494,like,3,1756329985
U00170,M00047,like,3,1740373555
U00170,M00226,view,1,1754895748
U00170,M00295,view,1,1747201942
U00170,M00113,view,1,1761590321
U00170,M00172,like,3,1745879696
U00170,M00233,view,1,1750571971
U00170,M00233,view,1,1745045883
U00170,M00012,purchase,5,1748082025
U00170,M00691,view,1,1752207662
U00170,M00385,watch,2,1741236344
U00171,M00581,view,1,1766598093
U00171,M00760,like,3,1756068438
U00171,M00471,view,1,1757253272
U00171,M00226,view,1,1740391597
U00171,M00546,view,1,1765121009
U00171,M00494,watch,2,1766182660
U00171,M00363,purchase,5,1747806579
U00171,M00740,watch,2,1755428616
U00171,M00779,watch,2,1765175990
U00171,M00520,view,1,1745231333
U00171,M00275,view,1,1763066620
U00171,M00643,watch,2,1740608068
U00171,M00507,view,1,1761547594
U00172,M00622,watch,2,1756488962
U00172,M00489,view,1,1742697700
U00172,M00638,watch,2,1755428404
U00172,M00495,view,1,1737463441
U00172,M00531,watch,2,1746546863
U00172,M00401,watch,2,1763687488
U00172,M00598,watch,2,1756263203
U00172,M00036,view,1,1760172383
U00172,M00739,view,1,1752347483
U00172,M00090,view,1,1744191112
U00172,M00377,view,1,1762920879
U00172,M00756,watch,2,1750913699
U00172,M00130,view,1,1765158697
U00173,M00584,view,1,1739640264
U00173,M00764,view,1,1766358805
U00173,M00123,view,1,1760476400
U00173,M00119,watch,2,1759270762
U00173,M00401,view,1,1766772905
U00173,M00171,view,1,1758332340
U00173,M00327,view,1,1741206173
U00173,M00276,purchase,5,1738038837
U00173,M00028,watch,2,1763272357
U00173,M00255,view,1,1742897650
U00173,M00590,watch,2,1740423976
U00173,M00756,watch,2,1739471237
U00173,M00021,like,3,1747631743
U00173,M00679,view,1,1742075247
U00173,M00719,view,1,1754121152
U00173,M00102,view,1,1763291778
U00173,M00590,watch,2,1745945394
U00173,M00764,view,1,1761763653
U00174,M00021,watch,2,1746262712
U00174,M00383,like,3,1749497792
U00174,M00391,like,3,1756100297
U00174,M00147,like,3,1739386618
U00174,M00391,watch,2,1736061653
U00174,M00285,view,1,1743182515
U00174,M00388,watch,2,1760641149
U00174,M00030,view,1,1738069046
U00174,M00522,view,1,1761747053
U00174,M00546,view,1,1752077773
U00174,M00627,view,1,1741826476
U00174,M00421,view,1,1750039714
U00174,M00027,watch,2,1736290190
U00175,M00038,view,1,1748531633
U00175,M00468,view,1,1754901806
U00175,M00607,view,1,1765394662
U00175,M00408,view,1,1759719568
U00175,M00614,view,1,1758397704
U00175,M00015,like,3,1748810061
U00175,M00107,purchase,5,1757075912
U00175,M00323,view,1,1764326865
U00175,M00538,like,3,1765980010
U00175,M00639,view,1,1746561407
U00175,M00569,view,1,1758309494
U00175,M00056,view,1,1749535416
U00175,M00538,view,1,1756245411
U00175,M00178,watch,2,1744543115
U00175,M00218,like,3,1738158039
U00175,M00020,view,1,1764722739
U00175,M00658,like,3,1763662313
U00175,M00283,view,1,1754162497
U00176,M00572,view,1,1743166732
U00176,M00191,purchase,5,1757027881
U00176,M00446,view,1,1751740306
U00176,M00493,watch,2,1738474728
U00176,M00623,like,3,1757427747
U00176,M00109,view,1,1758119755
U00176,M00344,view,1,1754122659
U00176,M00251,watch,2,1749735516
U00176,M00744,view,1,1737293734
U00176,M00541,watch,2,1742311571
U00176,M00502,view,1,1755208797
U00176,M00303,view,1,1766305333
U00176,M00409,purchase,5,1740781745
U00176,M00732,view,1,1750602422
U00176,M00175,watch,2,1758028113
U00176,M00284,view,1,1747876712
U00176,M00043,purchase,5,1739695474
U00176,M00593,like,3,1744587876
U00177,M00725,like,3,1762908269
U00177,M00491,view,1,1765089672
U00177,M00076,like,3,1745857405
U00177,M00015,view,1,1752235287
U00177,M00519,like,3,1739907705
U00177,M00041,view,1,1761060426
U00177,M00096,view,1,1760872817
U00177,M00079,watch,2,1758236529
U00177,M00496,view,1,1764007103
U00177,M00488,view,1,1754188294
U00177,M00561,view,1,1751776453
U00177,M00652,view,1,1756121597
U00178,M00584,view,1,1761322718
U00178,M00384,watch,2,1756028465
U00178,M00329,purchase,5,1751249685
U00178,M00336,view,1,1739434762
U00178,M00680,view,1,1745601864
U00178,M00339,view,1,1762950764
U00178,M00712,like,3,1743154165
U00178,M00711,view,1,1736726993
U00178,M00030,like,3,1756425538
U00178,M00505,watch,2,1740885721
U00178,M00011,view,1,1766662267
U00178,M00304,watch,2,1758323743
U00178,M00514,watch,2,1749733472
U00178,M00198,view,1,1735872646
U00178,M00584,view,1,1751478833
U00178,M00024,purchase,5,1738187854
U00178,M00139,view,1,1744482651
U00178,M00730,like,3,1752905052
U00179,M00019,view,1,1746244882
U00179,M00054,purchase,5,1750977275
U00179,M00246,view,1,1740554161
U00179,M00485,view,1,1741055602
U00179,M00740,view,1,1757902561
U00179,M00229,view,1,1763327764
U00179,M00376,view,1,1752461533
U00179,M00445,view,1,1765199723
U00179,M00695,view,1,1738015442
U00179,M00728,view,1,1757461472
U00179,M00681,view,1,1742440987
U00179,M00667,view,1,1742807798
U00179,M00702,watch,2,1736999252
U00179,M00623,view,1,1764973202
U00179,M00335,watch,2,1762283366
U00179,M00111,watch,2,1747886599
U00179,M00555,watch,2,1761922329
U00179,M00532,view,1,1760935273
U00179,M00365,watch,2,1740418167
U00179,M00521,view,1,1748999533
U00179,M00535,purchase,5,1746366905
U00179,M00446,view,1,1749909986
U00179,M00007,view,1,1750632287
U00179,M00074,like,3,1765410364
U00180,M00521,view,1,1760563076
U00180,M00578,view,1,1765186792
U00180,M00419,view,1,1758305286
U00180,M00077,watch,2,1755460826
U00180,M00679,view,1,1755628393
U00180,M00519,view,1,1746837844
U00180,M00550,view,1,1754160458
U00180,M00246,view,1,1749571447
U00180,M00613,view,1,1759657683
U00180,M00571,view,1,1761311946
U00180,M00323,watch,2,1766456205
U00180,M00397,watch,2,1759522641
U00180,M00397,watch,2,1760849922
U00180,M00406,view,1,1741277402
U00180,M00717,watch,2,1744539927
U00181,M00509,watch,2,1752255645
U00181,M00539,view,1,1763349774
U00181,M00736,view,1,1742875531
U00181,M00505,watch,2,1764670564
U00181,M00330,watch,2,1747635754
U00181,M00053,watch,2,1760466490
U00181,M00556,purchase,5,1754086825
U00181,M00431,view,1,1758773008
U00181,M00500,view,1,1764659200
U00181,M00416,view,1,1766758239
U00181,M00756,like,3,1755622228
U00181,M00663,view,1,1752385287
U00182,M00309,like,3,1766169150
U00182,M00200,like,3,1749167576
U00182,M00208,view,1,1737044534
U00182,M00541,purchase,5,1765410308
U00182,M00278,like,3,1766080098
U00182,M00370,view,1,1747698511
U00182,M00430,watch,2,1759582211
U00182,M00508,view,1,1762207987
U00182,M00579,like,3,1756498736
U00182,M00279,like,3,1763193432
U00182,M00214,view,1,1752255843
U00182,M00135,view,1,1760606129
U00183,M00221,watch,2,1751731401
U00183,M00375,like,3,1745706687
U00183,M00367,view,1,1746399555
U00183,M00242,view,1,1764114373
U00183,M00388,purchase,5,1754312658
U00183,M00203,like,3,1737773278
U00183,M00503,watch,2,1753479853
U00183,M00177,watch,2,1752387354
U00183,M00501,view,1,1745972096
U00183,M00423,watch,2,1762730312
U00183,M00109,watch,2,1765212064
U00183,M00395,watch,2,1755985994
U00183,M00727,like,3,1760005807
U00183,M00073,view,1,1746110050
U00183,M00281,watch,2,1740199871
U00184,M00677,view,1,1744328587
U00184,M00688,view,1,1751580013
U00184,M00465,like,3,1760497521
U00184,M00109,watch,2,1763645646
U00184,M00150,watch,2,1737182345
U00184,M00716,like,3,1757026792
U00184,M00326,view,1,1753102122
U00184,M00588,like,3,1755813094
U00184,M00675,view,1,1756036618
U00184,M00402,view,1,1737778257
U00184,M00539,watch,2,1763898013
U00184,M00048,like,3,1754555079
U00184,M00498,view,1,1754492797
U00184,M00703,view,1,1761924732
U00184,M00008,view,1,1749260811
U00184,M00061,view,1,1739351711
U00184,M00778,watch,2,1738428411
U00184,M00350,purchase,5,1766847738
U00184,M00480,watch,2,1763943679
U00184,M00427,like,3,1748937425
U00184,M00002,like,3,1743145494
U00184,M00628,view,1,1748675339
U00184,M00787,watch,2,1740162185
U00185,M00710,purchase,5,1764421805
U00185,M00557,view,1,1748994517
U00185,M00529,like,3,1746239491
U00185,M00434,view,1,1739936797
U00185,M00154,view,1,1737407959
U00185,M00575,view,1,1742600410
U00185,M00607,view,1,1746891395
U00185,M00471,watch,2,1743768942
U00185,M00491,watch,2,1750171905
U00185,M00593,view,1,1741499439
U00185,M00662,view,1,1737125768
U00185,M00213,view,1,1735789066
U00185,M00465,watch,2,1762372468
U00185,M00224,watch,2,1746112114
U00185,M00550,view,1,1756029502
U00185,M00104,view,1,1744452886
U00185,M00054,view,1,1764119242
U00185,M00259,view,1,1743819063
U00185,M00746,view,1,1755820139
U00185,M00755,view,1,1761955051
U00185,M00764,like,3,1735730919
U00185,M00744,watch,2,1741543293
U00185,M00631,like,3,1742449814
U00186,M00119,watch,2,1753368987
U00186,M00755,like,3,1766245960
U00186,M00152,view,1,1757956795
U00186,M00587,like,3,1736365768
U00186,M00534,view,1,1763475458
U00186,M00657,view,1,1751134729
U00186,M00082,watch,2,1762955238
U00186,M00028,watch,2,1757215258
U00186,M00165,view,1,1739216932
U00186,M00675,view,1,1750839776
U00186,M00339,view,1,1744047870
U00186,M00067,like,3,1762495402
U00186,M00062,like,3,1762973676
U00186,M00565,view,1,1751560621
U00186,M00509,view,1,1737717174
U00186,M00059,view,1,1736040290
U00186,M00176,view,1,1760538672
U00186,M00432,like,3,1764672118
U00186,M00138,watch,2,1757110416
U00186,M00013,view,1,1740574248
U00186,M00037,view,1,1741202807
U00186,M00752,view,1,1740252497
U00186,M00313,like,3,1748731962
U00187,M00558,view,1,1746483331
U00187,M00799,view,1,1744633486
U00187,M00315,view,1,1749677156
U00187,M00151,view,1,1761220552
U00187,M00677,view,1,1744636625
U00187,M00500,watch,2,1747608753
U00187,M00206,watch,2,1744381415
U00187,M00638,view,1,1741423223
U00187,M00053,like,3,1754075039
U00187,M00029,like,3,1751661892
U00187,M00378,like,3,1760113904
U00187,M00291,view,1,1736936162
U00187,M00200,view,1,1741261765
U00187,M00491,view,1,1758363993
U00187,M00346,view,1,1752215850
U00187,M00569,view,1,1755239733
U00187,M00491,view,1,1736184045
U00187,M00103,view,1,1758268080
U00187,M00710,view,1,1763851169
U00187,M00135,watch,2,1759314810
U00187,M00471,like,3,1741568014
U00187,M00280,like,3,1751968266
U00187,M00463,view,1,1752913290
U00188,M00496,view,1,1745508684
U00188,M00689,watch,2,1763956333
U00188,M00360,watch,2,1735983211
U00188,M00427,view,1,1760126997
U00188,M00016,view,1,1736301810
U00188,M00096,view,1,1737399400
U00188,M00794,like,3,1736669592
U00188,M00080,view,1,1736751271
U00188,M00557,like,3,1748595822
U00188,M00659,view,1,1745112840
U00188,M00717,like,3,1761968079
U00188,M00157,watch,2,1759411766
U00188,M00335,view,1,1764901247
U00188,M00764,view,1,1757823215
U00188,M00247,watch,2,1742323609
U00188,M00686,view,1,1737081556
U00188,M00605,watch,2,1752377192
U00189,M00700,purchase,5,1753806445
U00189,M00105,purchase,5,1755763979
U00189,M00047,view,1,1764912510
U00189,M00429,view,1,1750285717
U00189,M00576,watch,2,1758412899
U00189,M00310,purchase,5,1757511987
U00189,M00535,watch,2,1764908182
U00189,M00005,like,3,1736738829
U00189,M00586,view,1,1739851923
U00189,M00646,view,1,1743387000
U00189,M00292,view,1,1749133002
U00189,M00308,view,1,1749071911
U00189,M00146,watch,2,1747347635
U00189,M00786,view,1,1752082801
U00189,M00060,like,3,1751517003
U00189,M00038,watch,2,1741078748
U00189,M00660,like,3,1751054138
U00189,M00447,view,1,1745094509
U00189,M00327,view,1,1763025045
U00189,M00727,purchase,5,1754301187
U00189,M00017,view,1,1753384973
U00189,M00019,like,3,1753105081
U00189,M00038,view,1,1753402953
U00189,M00017,view,1,1758036325
U00189,M00308,like,3,1764062053
U00190,M00532,purchase,5,1764992501
U00190,M00641,view,1,1742502231
U00190,M00663,like,3,1743720574
U00190,M00666,view,1,1757892815
U00190,M00282,view,1,1743646827
U00190,M00377,view,1,1756776734
U00190,M00319,like,3,1757147364
U00190,M00317,view,1,1759614149
U00190,M00510,view,1,1762079862
U00190,M00492,watch,2,1753434135
U00190,M00025,view,1,1761790590
U00190,M00641,view,1,1760090594
U00190,M00616,view,1,1746829227
U00190,M00779,view,1,1743020503
U00191,M00306,view,1,1745737903
U00191,M00457,like,3,1740502973
U00191,M00786,view,1,1762771841
U00191,M00476,view,1,1741478005
U00191,M00251,like,3,1756831281
U00191,M00380,view,1,1739066709
U00191,M00151,watch,2,1737317984
U00191,M00574,like,3,1748879067
U00191,M00536,view,1,1761064170
U00191,M00306,watch,2,1758181201
U00191,M00195,purchase,5,1765779479
U00191,M00706,view,1,1740637758
U00192,M00059,view,1,1764762446
U00192,M00008,watch,2,1746766708
U00192,M00182,like,3,1754502495
U00192,M00321,watch,2,1765651864
U00192,M00547,view,1,1743341594
U00192,M00114,view,1,1749860338
U00192,M00714,view,1,1748932031
U00192,M00593,like,3,1746023864
U00192,M00479,watch,2,1760362196
U00192,M00049,like,3,1765065819
U00192,M00797,like,3,1747049608
U00192,M00315,view,1,1766238207
U00192,M00024,watch,2,1749657731
U00192,M00560,view,1,1765995498
U00192,M00476,watch,2,1754072291
U00193,M00627,watch,2,1752841972
U00193,M00308,view,1,1746717471
U00193,M00374,like,3,1750334759
U00193,M00582,view,1,1755562628
U00193,M00025,view,1,1756559249
U00193,M00695,watch,2,1751685219
U00193,M00787,watch,2,1758569311
U00193,M00139,view,1,1764668620
U00193,M00592,like,3,1747540499
U00193,M00695,view,1,1743272003
U00193,M00701,watch,2,1745729004
U00193,M00224,view,1,1744340537
U00194,M00065,view,1,1748533868
U00194,M00189,view,1,1750249947
U00194,M00789,view,1,1741494450
U00194,M00547,view,1,1743842939
U00194,M00062,view,1,1766412262
U00194,M00689,view,1,1751532991
U00194,M00576,purchase,5,1750007285
U00194,M00629,view,1,1740645710
U00194,M00394,watch,2,1765610266
U00194,M00414,view,1,1763605093
U00194,M00750,view,1,1738416185
U00194,M00086,view,1,1747582891
U00194,M00666,like,3,1748987732
U00194,M00079,view,1,1746873453
U00194,M00346,purchase,5,1745311635
U00194,M00682,view,1,1759790271
U00194,M00453,purchase,5,1765386504
U00194,M00314,view,1,1742053236
U00194,M00735,watch,2,1736878688
U00194,M00781,view,1,1745881745
U00194,M00066,purchase,5,1766120496
U00194,M00522,view,1,1755695642
U00194,M00701,view,1,1745897673
U00194,M00544,watch,2,1755398966
U00195,M00426,view,1,1757527679
U00195,M00479,like,3,1735926584
U00195,M00743,view,1,1758835284
U00195,M00524,view,1,1759075079
U00195,M00220,like,3,1764259082
U00195,M00123,view,1,1748261860
U00195,M00722,view,1,1747301571
U00195,M00031,view,1,1743210378
U00195,M00628,watch,2,1747041291
U00195,M00700,like,3,1762506843
U00195,M00648,view,1,1744082095
U00195,M00394,like,3,1765083258
U00195,M00719,watch,2,1748915589
U00195,M00249,view,1,1752544087
U00195,M00548,view,1,1749896385
U00195,M00584,view,1,1755240109
U00195,M00123,watch,2,1756014427
U00195,M00159,view,1,1766363819
U00195,M00694,view,1,1751121667
U00195,M00667,like,3,1757160669
U00196,M00141,watch,2,1742028462
U00196,M00273,view,1,1755698504
U00196,M00679,watch,2,1745551200
U00196,M00049,view,1,1751911966
U00196,M00646,view,1,1744455135
U00196,M00548,view,1,1743458687
U00196,M00194,view,1,1759907652
U00196,M00370,view,1,1759770919
U00196,M00543,watch,2,1763294151
U00196,M00541,watch,2,1754782398
U00196,M00187,like,3,1760418672
U00196,M00752,view,1,1762590192
U00196,M00397,view,1,1758526294
U00196,M00750,like,3,1738114033
U00196,M00004,view,1,1762275933
U00196,M00725,view,1,1756329768
U00196,M00001,watch,2,1760914869
U00196,M00526,watch,2,1737969901
U00196,M00633,view,1,1736595767
U00196,M00617,view,1,1762039446
U00196,M00398,like,3,1759300263
U00196,M00558,like,3,1746951875
U00196,M00508,like,3,1756404417
U00197,M00520,watch,2,1741979830
U00197,M00696,like,3,1751873995
U00197,M00068,view,1,1737782619
U00197,M00184,watch,2,1744184838
U00197,M00369,like,3,1746307688
U00197,M00065,view,1,1751984386
U00197,M00089,view,1,1754180383
U00197,M00357,purchase,5,1737972643
U00197,M00414,watch,2,1739649000
U00197,M00094,view,1,1748229519
U00197,M00516,view,1,1756814566
U00197,M00573,like,3,1748148997
U00197,M00457,watch,2,1759828412
U00197,M00454,view,1,1764092640
U00197,M00782,view,1,1740922441
U00198,M00592,watch,2,1751378221
U00198,M00619,view,1,1750152769
U00198,M00115,like,3,1752618165
U00198,M00271,view,1,1745875436
U00198,M00230,like,3,1758706399
U00198,M00654,like,3,1759880165
U00198,M00303,like,3,1743702331
U00198,M00688,watch,2,1759510450
U00198,M00483,purchase,5,1758797904
U00198,M00728,watch,2,1761819032
U00198,M00446,view,1,1743477920
U00198,M00291,watch,2,1752771703
U00198,M00609,view,1,1755669155
U00198,M00550,watch,2,1750564107
U00198,M00446,view,1,1756824810
U00198,M00157,watch,2,1764952621
U00198,M00479,like,3,1766465185
U00198,M00154,like,3,1737690767
U00198,M00390,view,1,1747990600
U00199,M00149,watch,2,1737297749
U00199,M00474,view,1,1763750144
U00199,M00367,like,3,1761585443
U00199,M00062,like,3,1750176415
U00199,M00346,like,3,1754333029
U00199,M00740,view,1,1760867179
U00199,M00335,like,3,1743966910
U00199,M00311,view,1,1758351261
U00199,M00328,view,1,1743896782
U00199,M00252,like,3,1746084386
U00199,M00042,watch,2,1765732337
U00199,M00253,view,1,1753943940
U00199,M00171,watch,2,1760299542
U00199,M00651,view,1,1754280765
U00199,M00733,like,3,1739580486
U00199,M00519,like,3,1747839998
U00199,M00798,watch,2,1738208380
U00199,M00436,watch,2,1742193468
U00199,M00583,view,1,1742512433
U00199,M00082,view,1,1764040844
U00199,M00460,watch,2,1756566692
U00199,M00460,view,1,1745736249
U00199,M00687,view,1,1739289718
U00199,M00246,view,1,1751339844
U00200,M00222,watch,2,1737158291
U00200,M00124,view,1,1741374832
U00200,M00225,watch,2,1761188718
U00200,M00235,watch,2,1757395348
U00200,M00460,view,1,1765177827
U00200,M00571,watch,2,1748000174
U00200,M00610,like,3,1738226391
U00200,M00588,view,1,1758281488
U00200,M00456,view,1,1755595353
U00200,M00097,watch,2,1756425472
U00200,M00436,view,1,1748495720
U00200,M00520,watch,2,1743067036
U00200,M00023,watch,2,1750335077
U00200,M00744,view,1,1760434680
U00200,M00622,view,1,1738979973
U00200,M00772,view,1,1742110063
U00200,M00659,watch,2,1749254531
U00200,M00049,view,1,1753624729
U00200,M00728,view,1,1736134864
U00200,M00484,view,1,1760202545
U00200,M00615,like,3,1742560857
U00200,M00786,view,1,1764758836
U00200,M00598,like,3,1737582480
U00201,M00199,view,1,1765281391
U00201,M00698,view,1,1737718207
U00201,M00010,purchase,5,1752125240
U00201,M00659,view,1,1744707329
U00201,M00228,view,1,1762497920
U00201,M00200,view,1,1761111708
U00201,M00145,view,1,1737819031
U00201,M00346,like,3,1746173533
U00201,M00726,watch,2,1748829876
U00201,M00420,view,1,1764144340
U00201,M00076,view,1,1753197700
U00201,M00471,view,1,1747198482
U00201,M00713,view,1,1737260622
U00201,M00615,view,1,1762598117
U00201,M00796,view,1,1758395472
U00201,M00090,view,1,1746835413
U00201,M00303,watch,2,1755264405
U00201,M00330,view,1,1743514648
U00202,M00205,view,1,1739067778
U00202,M00794,watch,2,1749405630
U00202,M00362,like,3,1750918979
U00202,M00105,view,1,1744965690
U00202,M00087,view,1,1756925346
U00202,M00105,like,3,1759771407
U00202,M00705,like,3,1758751875
U00202,M00517,watch,2,1766221242
U00202,M00569,view,1,1763730738
U00202,M00015,view,1,1750207248
U00202,M00191,view,1,1761562040
U00202,M00572,view,1,1749144473
U00202,M00680,view,1,1762022573
U00202,M00445,watch,2,1754909970
U00203,M00502,view,1,1748502054
U00203,M00774,purchase,5,1746021882
U00203,M00522,like,3,1753120699
U00203,M00427,view,1,1757323123
U00203,M00097,view,1,1757808817
U00203,M00778,purchase,5,1746708762
U00203,M00142,watch,2,1758344995
U00203,M00225,view,1,1752621731
U00203,M00161,watch,2,1756585863
U00203,M00644,view,1,1761013357
U00203,M00646,watch,2,1742385903
U00203,M00161,view,1,1759783569
U00203,M00403,view,1,1752792759
U00203,M00238,view,1,1765945071
U00203,M00311,like,3,1738944840
U00203,M00649,like,3,1738134773
U00204,M00707,watch,2,1761513979
U00204,M00384,watch,2,1740119204
U00204,M00420,view,1,1755923152
U00204,M00562,view,1,1758399415
U00204,M00148,watch,2,1740642663
U00204,M00359,view,1,1749805863
U00204,M00545,view,1,1749165790
U00204,M00432,view,1,1749000910
U00204,M00571,view,1,1755759483
U00204,M00569,view,1,1762487776
U00204,M00655,watch,2,1751431523
U00204,M00282,watch,2,1742504752
U00204,M00161,watch,2,1760744836
U00204,M00069,view,1,1743331176
U00204,M00233,view,1,1756021255
U00204,M00048,like,3,1760715535
U00205,M00671,watch,2,1739453918
U00205,M00749,like,3,1762785360
U00205,M00199,watch,2,1761022364
U00205,M00674,purchase,5,1744587477
U00205,M00672,view,1,1750928412
U00205,M00385,purchase,5,1762695446
U00205,M00235,view,1,1740704732
U00205,M00005,view,1,1757096958
U00205,M00465,like,3,1737310231
U00205,M00090,view,1,1741331367
U00205,M00423,view,1,1760622450
U00205,M00655,like,3,1761701396
U00205,M00134,view,1,1765656393
U00205,M00687,view,1,1741773184
U00205,M00576,like,3,1737466224
U00205,M00494,purchase,5,1765716498
U00205,M00045,watch,2,1760136188
U00205,M00586,watch,2,1746544468
U00205,M00162,like,3,1750711835
U00205,M00231,like,3,1759802254
U00205,M00155,view,1,1739682927
U00205,M00173,watch,2,1751434006
U00205,M00497,view,1,1761647788
U00205,M00616,view,1,1764390960
U00206,M00785,like,3,1745161842
U00206,M00321,view,1,1749711282
U00206,M00659,view,1,1765807240
U00206,M00120,watch,2,1742516480
U00206,M00605,view,1,1739415476
U00206,M00751,view,1,1739835129
U00206,M00328,view,1,1740002867
U00206,M00576,watch,2,1744634982
U00206,M00563,view,1,1761777094
U00206,M00651,purchase,5,1744859433
U00206,M00574,view,1,1737847257
U00206,M00451,like,3,1762021540
U00206,M00076,view,1,1742531724
U00206,M00336,view,1,1754132424
U00206,M00042,watch,2,1741174499
U00206,M00352,watch,2,1746544255
U00206,M00564,watch,2,1765303938
U00206,M00509,watch,2,1747081627
U00206,M00630,view,1,1743394288
U00206,M00479,watch,2,1745390669
U00206,M00144,like,3,1760973310
U00206,M00279,view,1,1762967406
U00206,M00684,view,1,1740580406
U00207,M00771,view,1,1750746327
U00207,M00690,watch,2,1762739558
U00207,M00173,view,1,1739348992
U00207,M00257,watch,2,1758331081
U00207,M00114,view,1,1762960369
U00207,M00444,watch,2,1738229857
U00207,M00361,view,1,1746747424
U00207,M00464,purchase,5,1759164389
U00207,M00306,purchase,5,1755903165
U00207,M00176,view,1,1749955334
U00207,M00501,watch,2,1765944033
U00207,M00716,watch,2,1758194880
U00207,M00330,view,1,1737365308
U00207,M00758,like,3,1745339458
U00207,M00049,view,1,1753077522
U00208,M00547,view,1,1747123075
U00208,M00788,view,1,1737967795
U00208,M00115,view,1,1743562779
U00208,M00133,view,1,1759983210
U00208,M00720,like,3,1761610155
U00208,M00737,like,3,1738539501
U00208,M00746,view,1,1754981290
U00208,M00747,view,1,1753125054
U00208,M00089,watch,2,1748519502
U00208,M00733,view,1,1740990446
U00208,M00718,watch,2,1750090114
U00208,M00273,like,3,1743361488
U00208,M00111,watch,2,1738248192
U00208,M00630,view,1,1739148295
U00208,M00149,watch,2,1744246125
U00208,M00582,like,3,1744499775
U00208,M00689,watch,2,1754758531
U00208,M00773,view,1,1736389873
U00208,M00415,view,1,1744803600
U00208,M00374,purchase,5,1766386624
U00208,M00097,watch,2,1760717470
U00208,M00320,view,1,1766022521
U00208,M00543,view,1,1743725265
U00209,M00318,watch,2,1741854026
U00209,M00218,view,1,1746561320
U00209,M00662,watch,2,1736991450
U00209,M00071,watch,2,1764022180
U00209,M00323,watch,2,1755915151
U00209,M00222,view,1,1752095766
U00209,M00643,view,1,1764269905
U00209,M00475,view,1,1748760454
U00209,M00618,watch,2,1747087774
U00209,M00741,view,1,1741760520
U00209,M00624,like,3,1761529342
U00209,M00089,watch,2,1743429789
U00209,M00756,view,1,1740369794
U00209,M00733,view,1,1756034367
U00209,M00798,watch,2,1748324597
U00209,M00257,view,1,1746568849
U00210,M00406,view,1,1761911435
U00210,M00011,view,1,1753697955
U00210,M00187,view,1,1758770697
U00210,M00506,purchase,5,1756267891
U00210,M00029,watch,2,1759940187
U00210,M00152,watch,2,1759618872
U00210,M00384,watch,2,1738894863
U00210,M00640,purchase,5,1738554866
U00210,M00648,view,1,1758588185
U00210,M00660,like,3,1763711015
U00210,M00779,watch,2,1745878397
U00210,M00736,watch,2,1761905361
U00210,M00103,like,3,1763753905
U00210,M00049,watch,2,1765889401
U00210,M00251,view,1,1736534941
U00210,M00094,like,3,1749827435
U00210,M00773,view,1,1736278305
U00210,M00160,view,1,1736873522
U00210,M00671,like,3,1758625061
U00210,M00223,view,1,1741742071
U00210,M00016,view,1,1763361676
U00210,M00284,watch,2,1760366397
U00210,M00436,view,1,1736236863
U00211,M00113,view,1,1756639505
U00211,M00092,view,1,1765597619
U00211,M00446,view,1,1761647724
U00211,M00002,watch,2,1758318267
U00211,M00404,view,1,1761409177
U00211,M00020,like,3,1738919488
U00211,M00612,view,1,1744557386
U00211,M00436,like,3,1763589567
U00211,M00489,view,1,1739050726
U00211,M00332,watch,2,1743139312
U00211,M00195,view,1,1764226359
U00211,M00678,purchase,5,1760918152
U00211,M00160,watch,2,1761925914
U00211,M00200,watch,2,1756590288
U00211,M00093,watch,2,1753781464
U00211,M00098,view,1,1748754452
U00211,M00106,view,1,1759950069
U00211,M00393,watch,2,1766799515
U00211,M00688,view,1,1751555338
U00211,M00393,view,1,1737923943
U00211,M00060,like,3,1758149456
U00211,M00778,watch,2,1746422580
U00211,M00258,watch,2,1759819763
U00211,M00141,view,1,1741380034
U00212,M00399,watch,2,1743947779
U00212,M00577,view,1,1765086555
U00212,M00011,like,3,1749865971
U00212,M00781,watch,2,1751721360
U00212,M00346,view,1,1754958128
U00212,M00249,view,1,1756465946
U00212,M00316,view,1,1739005955
U00212,M00419,watch,2,1750962715
U00212,M00592,view,1,1753461160
U00212,M00784,view,1,1765207343
U00212,M00010,purchase,5,1749872407
U00212,M00333,view,1,1759933265
U00212,M00260,view,1,1737446490
U00212,M00430,view,1,1757915785
U00212,M00487,watch,2,1755664053
U00212,M00010,purchase,5,1757571469
U00212,M00401,view,1,1751507707
U00212,M00320,purchase,5,1761073685
U00212,M00401,view,1,1749670877
U00212,M00354,watch,2,1759278400
U00213,M00359,view,1,1735848834
U00213,M00460,watch,2,1756231756
U00213,M00235,view,1,1746399055
U00213,M00076,watch,2,1758458086
U00213,M00151,view,1,1754340263
U00213,M00346,view,1,1756113719
U00213,M00067,watch,2,1760864815
U00213,M00614,watch,2,1756899632
U00213,M00720,watch,2,1755808518
U00213,M00746,watch,2,1745499252
U00213,M00391,view,1,1751514713
U00213,M00048,like,3,1740872100
U00213,M00313,view,1,1736123977
U00213,M00032,view,1,1737274687
U00213,M00529,like,3,1763939611
U00213,M00258,view,1,1760628838
U00213,M00039,like,3,1761296183
U00214,M00109,view,1,1761664067
U00214,M00421,watch,2,1762659965
U00214,M00758,view,1,1736659679
U00214,M00407,like,3,1764646945
U00214,M00079,purchase,5,1756383176
U00214,M00356,view,1,1766965900
U00214,M00477,watch,2,1747630837
U00214,M00481,view,1,1751336010
U00214,M00015,like,3,1757004272
U00214,M00393,view,1,1761822373
U00214,M00175,view,1,1744106299
U00214,M00442,view,1,1750140826
U00214,M00745,view,1,1763469176
U00214,M00649,view,1,1737792482
U00214,M00443,view,1,1758440659
U00214,M00436,view,1,1766565448
U00215,M00518,like,3,1758656975
U00215,M00228,view,1,1757813707
U00215,M00707,view,1,1761156310
U00215,M00235,view,1,1757540561
U00215,M00525,watch,2,1759645494
U00215,M00477,watch,2,1757317775
U00215,M00367,view,1,1765624648
U00215,M00175,watch,2,1765669303
U00215,M00229,view,1,1761558036
U00215,M00389,watch,2,1749995347
U00215,M00120,watch,2,1744967019
U00215,M00424,watch,2,1749295322
U00216,M00752,like,3,1755178118
U00216,M00060,watch,2,1737607748
U00216,M00288,like,3,1753019973
U00216,M00391,like,3,1741994263
U00216,M00398,view,1,1745291086
U00216,M00181,view,1,1762862427
U00216,M00263,watch,2,1753447468
U00216,M00293,view,1,1738552190
U00216,M00694,like,3,1750095170
U00216,M00048,like,3,1738124132
U00216,M00800,view,1,1751416629
U00216,M00404,view,1,1735763196
U00217,M00242,view,1,1738346912
U00217,M00032,view,1,1741070164
U00217,M00414,view,1,1758526904
U00217,M00247,view,1,1745769564
U00217,M00163,view,1,1756378178
U00217,M00450,like,3,1758785514
U00217,M00453,like,3,1742096396
U00217,M00481,view,1,1739365549
U00217,M00196,view,1,1758994520
U00217,M00779,watch,2,1754898539
U00217,M00139,watch,2,1763981898
U00217,M00288,view,1,1752840922
U00217,M00392,view,1,1744533500
U00217,M00074,view,1,1750773668
U00217,M00512,view,1,1748872521
U00217,M00746,purchase,5,1740649254
U00218,M00562,watch,2,1745970639
U00218,M00545,purchase,5,1765370639
U00218,M00318,view,1,1765583895
U00218,M00671,watch,2,1745489192
U00218,M00684,view,1,1759531678
U00218,M00124,watch,2,1764880910
U00218,M00204,watch,2,1737817709
U00218,M00447,like,3,1762810957
U00218,M00177,view,1,1739095424
U00218,M00205,view,1,1746319787
U00218,M00177,watch,2,1748041688
U00218,M00372,watch,2,1752274466
U00218,M00205,watch,2,1746863760
U00218,M00483,view,1,1761869384
U00218,M00727,like,3,1765993816
U00218,M00330,view,1,1756852039
U00218,M00512,like,3,1737160557
U00218,M00498,view,1,1752728644
U00218,M00405,like,3,1737399194
U00218,M00320,view,1,1765693753
U00218,M00686,view,1,1762383958
U00218,M00680,like,3,1742723645
U00219,M00689,view,1,1738851233
U00219,M00095,like,3,1751158192
U00219,M00722,view,1,1751403064
U00219,M00325,view,1,1740664993
U00219,M00104,purchase,5,1765559800
U00219,M00769,like,3,1746019720
U00219,M00800,like,3,1758039071
U00219,M00700,view,1,1760292553
U00219,M00689,view,1,1757161702
U00219,M00407,like,3,1745977650
U00219,M00797,view,1,1740397270
U00219,M00275,like,3,1761915161
U00219,M00570,like,3,1765796639
U00219,M00047,view,1,1765038277
U00219,M00033,view,1,1754456263
U00219,M00547,view,1,1761186722
U00219,M00650,view,1,1750581240
U00219,M00437,view,1,1757391253
U00219,M00667,view,1,1760600922
U00220,M00771,like,3,1766681759
U00220,M00580,view,1,1761845718
U00220,M00426,like,3,1738697855
U00220,M00292,purchase,5,1752002132
U00220,M00646,like,3,1763525989
U00220,M00033,like,3,1736914991
U00220,M00219,like,3,1765500120
U00220,M00521,purchase,5,1764452856
U00220,M00306,view,1,1764097497
U00220,M00640,watch,2,1754393689
U00220,M00269,view,1,1766308529
U00220,M00660,view,1,1738804600
U00220,M00781,watch,2,1749952172
U00220,M00643,watch,2,1766086309
U00220,M00636,view,1,1760185492
U00220,M00316,view,1,1737790707
U00220,M00314,watch,2,1751678523
U00220,M00097,purchase,5,1757989360
U00220,M00482,view,1,1760586695
U00220,M00508,view,1,1765819279
U00221,M00216,like,3,1735897568
U00221,M00517,like,3,1750918130
U00221,M00402,view,1,1743437072
U00221,M00365,view,1,1756151600
U00221,M00708,view,1,1757991189
U00221,M00798,view,1,1763289183
U00221,M00220,view,1,1741240310
U00221,M00004,view,1,1747993688
U00221,M00175,view,1,1757924406
U00221,M00216,view,1,1754205966
U00221,M00563,view,1,1748032158
U00221,M00258,watch,2,1758401988
U00221,M00347,view,1,1737956861
U00221,M00159,view,1,1758935598
U00221,M00073,like,3,1744460159
U00222,M00394,watch,2,1755766018
U00222,M00154,purchase,5,1761758283
U00222,M00537,view,1,1737057260
U00222,M00017,watch,2,1752600868
U00222,M00548,watch,2,1747510569
U00222,M00081,purchase,5,1736762145
U00222,M00683,view,1,1744310480
U00222,M00320,view,1,1755319468
U00222,M00320,view,1,1737823202
U00222,M00684,like,3,1764542047
U00222,M00296,like,3,1746253821
U00222,M00691,view,1,1743109529
U00222,M00057,view,1,1748278555
U00222,M00349,watch,2,1744703452
U00222,M00341,watch,2,1757108924
U00222,M00530,view,1,1744450741
U00222,M00594,watch,2,1747776419
U00222,M00699,view,1,1741974208
U00222,M00142,watch,2,1760351474
U00222,M00247,view,1,1745545622
U00223,M00401,view,1,1754453762
U00223,M00507,view,1,1744803389
U00223,M00752,view,1,1751455304
U00223,M00516,view,1,1748028260
U00223,M00483,view,1,1749988639
U00223,M00683,view,1,1745451965
U00223,M00154,view,1,1751320849
U00223,M00516,view,1,1763170159
U00223,M00253,view,1,1762971687
U00223,M00406,view,1,1748596139
U00223,M00015,watch,2,1744518810
U00223,M00336,view,1,1748483257
U00223,M00645,view,1,1762053961
U00223,M00483,watch,2,1750488400
U00223,M00402,purchase,5,1763462010
U00223,M00128,like,3,1755236509
U00223,M00315,view,1,1751443308
U00223,M00653,like,3,1756574467
U00223,M00108,view,1,1754572389
U00224,M00582,watch,2,1744227659
U00224,M00202,view,1,1751596519
U00224,M00137,view,1,1760256211
U00224,M00407,view,1,1735876087
U00224,M00487,watch,2,1743431354
U00224,M00693,view,1,1764187069
U00224,M00732,view,1,1741044033
U00224,M00161,watch,2,1741419588
U00224,M00022,view,1,1760556181
U00224,M00678,view,1,1761943254
U00224,M00685,view,1,1765002686
U00224,M00425,like,3,1749015844
U00224,M00283,like,3,1745841442
U00224,M00427,view,1,1748836448
U00224,M00102,view,1,1757248811
U00224,M00096,view,1,1755946782
U00224,M00360,view,1,1735800992
U00224,M00062,view,1,1766268097
U00225,M00264,view,1,1758631281
U00225,M00747,watch,2,1764792058
U00225,M00307,view,1,1740517061
U00225,M00166,view,1,1737963130
U00225,M00531,purchase,5,1753101137
U00225,M00571,watch,2,1760481493
U00225,M00163,watch,2,1752256316
U00225,M00368,view,1,1766066133
U00225,M00171,watch,2,1740849984
U00225,M00295,watch,2,1745403525
U00225,M00163,like,3,1747050459
U00225,M00041,view,1,1761557799
U00226,M00212,like,3,1758151022
U00226,M00011,watch,2,1742788257
U00226,M00093,watch,2,1740136382
U00226,M00047,view,1,1757078546
U00226,M00593,watch,2,1751246006
U00226,M00607,view,1,1739962632
U00226,M00067,watch,2,1754967044
U00226,M00333,view,1,1751326504
U00226,M00190,view,1,1750791312
U00226,M00203,view,1,1763014777
U00226,M00169,view,1,1753476792
U00226,M00285,like,3,1756170137
U00226,M00580,view,1,1764907740
U00226,M00607,watch,2,1751616261
U00226,M00063,view,1,1766942416
U00226,M00569,purchase,5,1762919697
U00226,M00023,view,1,1742724451
U00226,M00690,like,3,1739771430
U00226,M00476,view,1,1752522972
U00226,M00311,view,1,1755462671
U00226,M00618,view,1,1755842602
U00226,M00549,view,1,1737001098
U00226,M00435,watch,2,1742135718
U00226,M00776,watch,2,1757635479
U00227,M00774,like,3,1743964463
U00227,M00233,view,1,1738109951
U00227,M00020,view,1,1758463020
U00227,M00521,purchase,5,1737717788
U00227,M00667,like,3,1750304351
U00227,M00534,purchase,5,1737955878
U00227,M00439,view,1,1750267997
U00227,M00087,view,1,1751107088
U00227,M00206,view,1,1750631818
U00227,M00439,view,1,1751054852
U00227,M00279,view,1,1748422191
U00227,M00454,purchase,5,1755740074
U00227,M00231,view,1,1761632962
U00227,M00143,view,1,1755815086
U00227,M00322,purchase,5,1764821286
U00227,M00130,view,1,1764635342
U00227,M00399,view,1,1766366404
U00227,M00682,like,3,1744077935
U00227,M00317,purchase,5,1766403592
U00227,M00416,view,1,1746330568
U00227,M00534,view,1,1736974433
U00228,M00531,view,1,1737604542
U00228,M00615,like,3,1765901075
U00228,M00368,like,3,1758126593
U00228,M00708,view,1,1748798821
U00228,M00128,view,1,1748608650
U00228,M00301,view,1,1750435289
U00228,M00062,view,1,1753772521
U00228,M00146,like,3,1744798624
U00228,M00257,like,3,1747699671
U00228,M00310,view,1,1740863053
U00228,M00574,view,1,1743242914
U00228,M00308,like,3,1766776819
U00228,M00169,view,1,1764944073
U00228,M00141,view,1,1749712083
U00228,M00449,like,3,1764327711
U00228,M00164,view,1,1761898409
U00228,M00295,like,3,1760810000
U00228,M00708,purchase,5,1751402084
U00228,M00152,watch,2,1759675051
U00229,M00015,view,1,1765127988
U00229,M00723,view,1,1755220544
U00229,M00191,view,1,1738064721
U00229,M00519,view,1,1747852734
U00229,M00194,view,1,1756925016
U00229,M00678,view,1,1756614745
U00229,M00482,purchase,5,1738123794
U00229,M00357,view,1,1744703585
U00229,M00109,like,3,1765457735
U00229,M00594,view,1,1741209808
U00229,M00614,view,1,1741703563
U00229,M00378,watch,2,1756631367
U00229,M00255,purchase,5,1750708464
U00230,M00023,watch,2,1756247957
U00230,M00482,view,1,1756487411
U00230,M00240,purchase,5,1737430006
U00230,M00128,like,3,1750084194
U00230,M00224,view,1,1750143496
U00230,M00571,view,1,1765826532
U00230,M00307,view,1,1762472040
U00230,M00129,watch,2,1755712214
U00230,M00203,view,1,1738228018
U00230,M00003,view,1,1761838304
U00230,M00424,view,1,1764539766
U00230,M00124,view,1,1762864118
U00230,M00230,like,3,1744342614
U00231,M00790,view,1,1741077870
U00231,M00001,watch,2,1744384152
U00231,M00468,view,1,1742801273
U00231,M00532,view,1,1751239683
U00231,M00492,view,1,1756224389
U00231,M00253,view,1,1761212636
U00231,M00396,watch,2,1757480002
U00231,M00500,view,1,1755260007
U00231,M00636,like,3,1742150779
U00231,M00187,view,1,1737313548
U00231,M00148,watch,2,1736292130
U00231,M00055,like,3,1759594524
U00231,M00291,view,1,1739639082
U00231,M00798,like,3,1736778767
U00231,M00016,view,1,1747651624
U00231,M00650,watch,2,1742131376
U00231,M00300,view,1,1744646850
U00231,M00419,view,1,1742125280
U00231,M00492,watch,2,1736370932
U00231,M00683,view,1,1751999100
U00231,M00719,view,1,1743853036
U00231,M00042,view,1,1764046307
U00231,M00717,watch,2,1745917759
U00232,M00176,view,1,1764940368
U00232,M00591,like,3,1741909630
U00232,M00502,view,1,1762055984
U00232,M00338,like,3,1740012224
U00232,M00698,view,1,1756614157
U00232,M00059,view,1,1740670256
U00232,M00135,purchase,5,1763474887
U00232,M00136,purchase,5,1762709079
U00232,M00661,like,3,1761815254
U00232,M00507,view,1,1764406054
U00232,M00634,like,3,1744613387
U00232,M00651,watch,2,1750789657
U00232,M00652,view,1,1742942596
U00232,M00136,view,1,1744616756
U00232,M00762,view,1,1742655907
U00232,M00421,view,1,1745808498
U00232,M00076,view,1,1738540822
U00232,M00692,like,3,1739725943
U00232,M00306,view,1,1760108121
U00232,M00142,view,1,1760690738
U00232,M00574,view,1,1741150013
U00232,M00084,view,1,1760825773
U00232,M00623,watch,2,1751091343
U00233,M00360,like,3,1758283143
U00233,M00792,view,1,1766087470
U00233,M00647,like,3,1753229493
U00233,M00043,view,1,1744446870
U00233,M00276,watch,2,1762275609
U00233,M00612,like,3,1738437409
U00233,M00194,watch,2,1746073073
U00233,M00285,watch,2,1745010018
U00233,M00365,view,1,1744317930
U00233,M00113,watch,2,1766689655
U00233,M00456,view,1,1756733051
U00233,M00409,watch,2,1744883264
U00233,M00764,like,3,1740813589
U00233,M00695,watch,2,1737939538
U00233,M00336,view,1,1763588591
U00234,M00236,view,1,1739721492
U00234,M00014,view,1,1756483879
U00234,M00578,view,1,1737626238
U00234,M00794,view,1,1746069810
U00234,M00222,view,1,1743590907
U00234,M00193,watch,2,1751830865
U00234,M00387,view,1,1753156138
U00234,M00652,watch,2,1738337468
U00234,M00511,purchase,5,1765298906
U00234,M00529,watch,2,1749456471
U00234,M00033,purchase,5,1766785018
U00234,M00505,watch,2,1754213707
U00234,M00394,view,1,1766706271
U00235,M00691,view,1,1738182316
U00235,M00718,view,1,1739659966
U00235,M00646,view,1,1738679882
U00235,M00041,view,1,1759984976
U00235,M00306,watch,2,1765432948
U00235,M00458,view,1,1753307274
U00235,M00693,purchase,5,1765287697
U00235,M00661,view,1,1748270040
U00235,M00268,view,1,1760975840
U00235,M00633,watch,2,1763052044
U00235,M00542,like,3,1744709186
U00235,M00513,watch,2,1753829138
U00236,M00421,watch,2,1756384520
U00236,M00392,watch,2,1757709406
U00236,M00617,view,1,1757076487
U00236,M00425,like,3,1758523124
U00236,M00783,view,1,1766012764
U00236,M00201,like,3,1740685735
U00236,M00252,view,1,1736025730
U00236,M00773,view,1,1746368841
U00236,M00123,like,3,1743903919
U00236,M00086,view,1,1751090520
U00236,M00007,view,1,1753237701
U00236,M00099,view,1,1754300713
U00236,M00279,like,3,1745013948
U00236,M00309,view,1,1753539621
U00237,M00732,watch,2,1737073047
U00237,M00339,view,1,1747366623
U00237,M00094,watch,2,1762267425
U00237,M00034,watch,2,1764294822
U00237,M00073,view,1,1749793423
U00237,M00584,watch,2,1757442671
U00237,M00526,like,3,1752340489
U00237,M00419,view,1,1755313030
U00237,M00450,view,1,1753358696
U00237,M00727,view,1,1742625836
U00237,M00791,watch,2,1746241817
U00237,M00296,view,1,1747648008
U00238,M00450,view,1,1745317432
U00238,M00180,view,1,1739357041
U00238,M00087,watch,2,1766615164
U00238,M00688,watch,2,1753842295
U00238,M00514,watch,2,1764610606
U00238,M00729,like,3,1738972058
U00238,M00112,view,1,1753148686
U00238,M00446,watch,2,1755635075
U00238,M00040,view,1,1764897768
U00238,M00445,purchase,5,1742180202
U00238,M00232,view,1,1759629525
U00238,M00755,like,3,1736782601
U00238,M00651,purchase,5,1754229365
U00238,M00763,view,1,1750429871
U00238,M00338,watch,2,1751033809
U00238,M00669,watch,2,1748828027
U00238,M00240,watch,2,1759701131
U00238,M00063,like,3,1757496969
U00238,M00636,like,3,1740763857
U00239,M00661,purchase,5,1754862879
U00239,M00419,view,1,1758796908
U00239,M00362,view,1,1763729376
U00239,M00684,view,1,1745250813
U00239,M00425,view,1,1766075906
U00239,M00528,view,1,1766709228
U00239,M00734,like,3,1745491396
U00239,M00647,like,3,1735927037
U00239,M00666,view,1,1762888063
U00239,M00116,view,1,1764466001
U00239,M00652,view,1,1750440221
U00239,M00183,view,1,1765425093
U00239,M00762,like,3,1753377007
U00239,M00320,view,1,1746886603
U00239,M00395,watch,2,1741144653
U00239,M00038,watch,2,1754381066
U00239,M00784,view,1,1759036421
U00239,M00006,like,3,1750954376
U00239,M00764,view,1,1738196387
U00239,M00268,watch,2,1755443355
U00239,M00664,watch,2,1747171924
U00239,M00332,view,1,1766250979
U00239,M00485,view,1,1766545041
U00239,M00146,like,3,1756269492
U00239,M00577,purchase,5,1739017023
U00240,M00383,watch,2,1758017181
U00240,M00465,view,1,1740431842
U00240,M00687,view,1,1757298885
U00240,M00790,view,1,1755839166
U00240,M00610,view,1,1757226697
U00240,M00038,view,1,1757222253
U00240,M00280,purchase,5,1742980556
U00240,M00042,like,3,1755547723
U00240,M00358,watch,2,1757576966
U00240,M00253,purchase,5,1743561814
U00240,M00636,view,1,1766835037
U00240,M00587,view,1,1762005540
U00240,M00397,view,1,1756111043
U00240,M00733,view,1,1739455254
U00240,M00530,view,1,1750167123
U00240,M00546,view,1,1763446533
U00240,M00316,watch,2,1750306039
U00240,M00287,view,1,1741710970
U00240,M00740,like,3,1749960480
U00240,M00471,view,1,1744112632
U00240,M00558,view,1,1763829729
U00240,M00682,view,1,1746934488
U00240,M00737,watch,2,1743817839
U00241,M00728,purchase,5,1739520541
U00241,M00517,watch,2,1752601720
U00241,M00550,purchase,5,1751559738
U00241,M00770,view,1,1749664698
U00241,M00480,like,3,1751611708
U00241,M00299,like,3,1754354437
U00241,M00747,view,1,1755896545
U00241,M00142,purchase,5,1756571810
U00241,M00515,like,3,1757252503
U00241,M00788,view,1,1765417515
U00241,M00443,view,1,1765104897
U00241,M00795,like,3,1758113706
U00241,M00720,like,3,1741841181
U00241,M00531,view,1,1764172428
U00241,M00239,view,1,1762272803
U00241,M00031,view,1,1756334259
U00241,M00166,like,3,1741772332
U00241,M00712,view,1,1746523102
U00242,M00798,view,1,1761387592
U00242,M00254,view,1,1747737493
U00242,M00775,view,1,1737363038
U00242,M00286,view,1,1766136573
U00242,M00777,view,1,1746552408
U00242,M00150,view,1,1747530686
U00242,M00137,like,3,1742445644
U00242,M00231,view,1,1748559805
U00242,M00489,view,1,1739220950
U00242,M00303,view,1,1743767481
U00242,M00286,watch,2,1745795642
U00242,M00386,like,3,1740969731
U00242,M00274,watch,2,1746931460
U00242,M00659,view,1,1755743515
U00243,M00441,watch,2,1757842512
U00243,M00386,watch,2,1754771321
U00243,M00785,like,3,1736296957
U00243,M00739,view,1,1740329669
U00243,M00037,view,1,1743364161
U00243,M00565,view,1,1764657853
U00243,M00678,view,1,1755662927
U00243,M00249,like,3,1742389274
U00243,M00018,view,1,1756220322
U00243,M00172,watch,2,1763284446
U00243,M00529,view,1,1766160085
U00243,M00536,watch,2,1740511855
U00243,M00674,view,1,1761989645
U00243,M00385,view,1,1738305122
U00243,M00557,view,1,1744916696
U00243,M00574,view,1,1751079114
U00243,M00087,watch,2,1756176077
U00243,M00172,view,1,1738460465
U00243,M00643,like,3,1745550437
U00243,M00368,like,3,1738507761
U00243,M00351,view,1,1741174205
U00243,M00302,watch,2,1760236858
U00243,M00748,watch,2,1737025307
U00243,M00323,view,1,1760232282
U00244,M00479,watch,2,1741979934
U00244,M00284,watch,2,1742335881
U00244,M00262,purchase,5,1758068267
U00244,M00784,view,1,1739807366
U00244,M00312,watch,2,1741642689
U00244,M00269,view,1,1765916299
U00244,M00752,like,3,1743136134
U00244,M00460,like,3,1754517515
U00244,M00129,view,1,1750660022
U00244,M00601,view,1,1751773933
U00244,M00641,watch,2,1763924924
U00244,M00033,view,1,1757074899
U00245,M00273,like,3,1740544900
U00245,M00415,view,1,1763363591
U00245,M00135,view,1,1761070983
U00245,M00250,view,1,1764542152
U00245,M00440,like,3,1761586641
U00245,M00498,view,1,1742855898
U00245,M00494,view,1,1745954155
U00245,M00293,view,1,1766594819
U00245,M00135,purchase,5,1743340585
U00245,M00726,purchase,5,1756714017
U00245,M00273,view,1,1754637593
U00245,M00777,view,1,1745481606
U00245,M00277,like,3,1741389087
U00245,M00576,like,3,1738024827
U00245,M00336,view,1,1757770905
U00245,M00042,view,1,1737203199
U00245,M00407,view,1,1752081180
U00245,M00436,watch,2,1751031511
U00245,M00486,view,1,1739780309
U00245,M00136,view,1,1741446415
U00245,M00711,view,1,1750674188
U00245,M00676,like,3,1748221660
U00246,M00032,watch,2,1748202535
U00246,M00499,watch,2,1751882910
U00246,M00703,watch,2,1749737067
U00246,M00151,view,1,1756170468
U00246,M00040,like,3,1744778609
U00246,M00482,view,1,1746666079
U00246,M00028,watch,2,1765019265
U00246,M00549,view,1,1755560167
U00246,M00589,view,1,1764935400
U00246,M00098,watch,2,1737189631
U00246,M00168,view,1,1755676998
U00246,M00004,view,1,1758922244
U00246,M00169,view,1,1766288303
U00246,M00166,watch,2,1765363537
U00246,M00785,like,3,1741940936
U00246,M00704,view,1,1762559437
U00246,M00569,watch,2,1758270545
U00246,M00463,view,1,1744801929
U00246,M00517,view,1,1740037239
U00246,M00792,like,3,1738306452
U00246,M00071,view,1,1737792748
U00246,M00424,like,3,1766841752
U00247,M00417,view,1,1762861253
U00247,M00364,like,3,1750289833
U00247,M00160,view,1,1748531647
U00247,M00752,watch,2,1752378493
U00247,M00130,like,3,1752214086
U00247,M00723,view,1,1750091290
U00247,M00181,view,1,1749634256
U00247,M00514,view,1,1737883149
U00247,M00154,view,1,1754847411
U00247,M00714,like,3,1747131105
U00247,M00165,view,1,1745783475
U00247,M00228,like,3,1758083581
U00247,M00368,view,1,1750362367
U00247,M00438,view,1,1747311934
U00247,M00607,view,1,1747650076
U00247,M00360,view,1,1751164289
U00247,M00066,watch,2,1744564777
U00247,M00120,watch,2,1761790788
U00248,M00015,view,1,1764464385
U00248,M00548,view,1,1742946691
U00248,M00678,view,1,1737049252
U00248,M00215,view,1,1749257058
U00248,M00370,view,1,1741467734
U00248,M00194,view,1,1753458492
U00248,M00187,view,1,1760259283
U00248,M00198,like,3,1745981285
U00248,M00168,view,1,1755544839
U00248,M00092,view,1,1748454680
U00248,M00202,watch,2,1752915270
U00248,M00754,like,3,1762842786
U00248,M00371,watch,2,1743571818
U00248,M00526,watch,2,1749756851
U00248,M00071,view,1,1745515036
U00248,M00561,watch,2,1751966636
U00249,M00357,view,1,1755604423
U00249,M00014,view,1,1760826685
U00249,M00019,view,1,1766535272
U00249,M00332,view,1,1754834828
U00249,M00158,view,1,1738840904
U00249,M00141,view,1,1739003268
U00249,M00292,view,1,1740967229
U00249,M00569,purchase,5,1756395653
U00249,M00359,like,3,1755041745
U00249,M00456,view,1,1742875602
U00249,M00047,view,1,1739438469
U00249,M00242,view,1,1746315964
U00249,M00379,view,1,1747292761
U00249,M00209,like,3,1752469613
U00249,M00558,view,1,1760212898
U00249,M00505,view,1,1746868342
U00249,M00414,view,1,1736695632
U00249,M00471,view,1,1736596449
U00250,M00031,watch,2,1738660542
U00250,M00240,view,1,1761666276
U00250,M00182,watch,2,1739568536
U00250,M00218,like,3,1753697350
U00250,M00481,watch,2,1740779882
U00250,M00763,view,1,1759188529
U00250,M00180,watch,2,1749855894
U00250,M00220,view,1,1764225206
U00250,M00052,view,1,1743143795
U00250,M00560,view,1,1743955020
U00250,M00659,view,1,1753239455
U00250,M00571,view,1,1741929349
U00250,M00385,purchase,5,1763694642
U00250,M00757,view,1,1753624387
U00250,M00667,like,3,1752556211
U00250,M00580,view,1,1735935040
U00250,M00435,like,3,1756140903
U00250,M00392,view,1,1762266750
U00250,M00470,view,1,1763033286
U00250,M00249,view,1,1737162405
U00250,M00124,view,1,1757016129
U00250,M00163,view,1,1735919653
U00250,M00139,watch,2,1747271984
U00250,M00229,view,1,1752804079
U00250,M00429,view,1,1752904823
U00251,M00419,purchase,5,1756579552
U00251,M00276,view,1,1738419442
U00251,M00518,view,1,1760301796
U00251,M00666,watch,2,1743318039
U00251,M00021,view,1,1752666667
U00251,M00592,view,1,1751695899
U00251,M00490,view,1,1747598186
U00251,M00371,watch,2,1757716376
U00251,M00557,watch,2,1738755234
U00251,M00541,view,1,1761618987
U00251,M00379,watch,2,1758645554
U00251,M00279,watch,2,1764083015
U00251,M00713,view,1,1747118502
U00251,M00512,watch,2,1747916495
U00251,M00344,like,3,1736000692
U00251,M00367,watch,2,1738144172
U00251,M00564,like,3,1750289552
U00251,M00136,view,1,1743341758
U00251,M00154,view,1,1765671092
U00251,M00273,like,3,1762517956
U00251,M00763,watch,2,1756617153
U00251,M00266,view,1,1752696197
U00251,M00661,like,3,1746568965
U00252,M00148,view,1,1743642467
U00252,M00684,watch,2,1744671501
U00252,M00310,watch,2,1741367598
U00252,M00775,like,3,1749750588
U00252,M00437,like,3,1764813112
U00252,M00232,view,1,1760227646
U00252,M00175,watch,2,1740793179
U00252,M00749,like,3,1762143309
U00252,M00681,watch,2,1757596473
U00252,M00491,watch,2,1764766846
U00252,M00021,view,1,1741327583
U00252,M00164,watch,2,1736241033
U00252,M00214,watch,2,1749467145
U00252,M00094,watch,2,1752399055
U00252,M00014,watch,2,1737681432
U00252,M00800,purchase,5,1762702622
U00252,M00461,view,1,1764382109
U00252,M00696,view,1,1751133301
U00253,M00635,watch,2,1761705914
U00253,M00164,view,1,1757561215
U00253,M00026,view,1,1766816742
U00253,M00771,view,1,1754870870
U00253,M00120,like,3,1740157885
U00253,M00645,view,1,1742129290
U00253,M00426,view,1,1740409726
U00253,M00101,watch,2,1749561813
U00253,M00399,watch,2,1741021059
U00253,M00423,view,1,1745113607
U00253,M00516,watch,2,1750059096
U00253,M00352,view,1,1757549367
U00253,M00595,like,3,1748585559
U00253,M00034,view,1,1755576800
U00253,M00068,view,1,1754693429
U00253,M00031,view,1,1764947498
U00253,M00511,watch,2,1736312106
U00253,M00148,watch,2,1753207465
U00254,M00144,view,1,1745923387
U00254,M00439,purchase,5,1766575289
U00254,M00139,like,3,1759141091
U00254,M00748,watch,2,1760110943
U00254,M00227,view,1,1748175262
U00254,M00761,view,1,1736489569
U00254,M00571,view,1,1743658833
U00254,M00366,like,3,1764026532
U00254,M00710,purchase,5,1752192435
U00254,M00638,like,3,1739169516
U00254,M00227,view,1,1756424257
U00254,M00592,view,1,1751623588
U00254,M00175,view,1,1739671833
U00254,M00175,view,1,1762414089
U00254,M00719,view,1,1743950856
U00255,M00678,watch,2,1743859075
U00255,M00048,like,3,1741530888
U00255,M00168,watch,2,1752007218
U00255,M00633,like,3,1744405470
U00255,M00785,watch,2,1742690435
U00255,M00400,view,1,1754152972
U00255,M00563,view,1,1741665620
U00255,M00187,watch,2,1750004256
U00255,M00200,watch,2,1764452706
U00255,M00239,watch,2,1750831470
U00255,M00750,view,1,1739376682
U00255,M00631,like,3,1737964328
U00255,M00363,view,1,1749568099
U00255,M00709,like,3,1752174467
U00255,M00559,watch,2,1746463635
U00255,M00200,like,3,1739023736
U00256,M00490,view,1,1762604221
U00256,M00203,purchase,5,1743366781
U00256,M00545,watch,2,1760785361
U00256,M00756,view,1,1748545821
U00256,M00609,watch,2,1759420010
U00256,M00550,view,1,1761510714
U00256,M00743,view,1,1746763809
U00256,M00408,watch,2,1751983300
U00256,M00511,view,1,1742553950
U00256,M00228,view,1,1750264139
U00256,M00201,like,3,1757477280
U00256,M00498,view,1,1765692263
U00256,M00004,purchase,5,1764778290
U00256,M00288,view,1,1738478521
U00256,M00283,view,1,1747034813
U00256,M00012,watch,2,1753814566
U00256,M00253,view,1,1766629384
U00256,M00060,view,1,1736528106
U00256,M00457,view,1,1739337536
U00257,M00109,view,1,1765716544
U00257,M00029,purchase,5,1763453504
U00257,M00225,view,1,1738322362
U00257,M00505,view,1,1740214838
U00257,M00649,purchase,5,1740145089
U00257,M00129,like,3,1764183086
U00257,M00514,view,1,1757858648
U00257,M00604,watch,2,1750771341
U00257,M00744,watch,2,1759238799
U00257,M00614,view,1,1757602401
U00257,M00600,view,1,1749329363
U00257,M00304,view,1,1760041441
U00257,M00129,view,1,1759908270
U00257,M00312,view,1,1750680948
U00257,M00184,like,3,1750743180
U00257,M00279,view,1,1748282247
U00257,M00328,view,1,1756281878
U00258,M00553,view,1,1738766032
U00258,M00324,view,1,1739587051
U00258,M00280,view,1,1747003346
U00258,M00796,like,3,1754545765
U00258,M00192,purchase,5,1738596431
U00258,M00319,watch,2,1746705345
U00258,M00120,watch,2,1746459997
U00258,M00415,view,1,1748606437
U00258,M00329,view,1,1745002535
U00258,M00738,watch,2,1748076342
U00258,M00068,view,1,1764543434
U00258,M00272,purchase,5,1745833875
U00258,M00148,view,1,1755367613
U00258,M00222,view,1,1755101028
U00258,M00644,view,1,1757184465
U00258,M00531,view,1,1758703333
U00258,M00130,watch,2,1757276844
U00258,M00398,like,3,1759253886
U00258,M00007,like,3,1764261423
U00259,M00326,view,1,1747324139
U00259,M00208,view,1,1763542502
U00259,M00233,view,1,1766746035
U00259,M00350,view,1,1766312267
U00259,M00413,view,1,1763500849
U00259,M00156,like,3,1752707863
U00259,M00592,view,1,1761606285
U00259,M00271,view,1,1753706370
U00259,M00090,view,1,1759698053
U00259,M00288,view,1,1744490167
U00259,M00371,view,1,1740443216
U00259,M00330,view,1,1751039669
U00260,M00079,like,3,1749227602
U00260,M00568,view,1,1741091777
U00260,M00477,view,1,1739315430
U00260,M00313,view,1,1761794621
U00260,M00102,watch,2,1763309003
U00260,M00615,like,3,1747876969
U00260,M00086,watch,2,1755574884
U00260,M00486,like,3,1750298346
U00260,M00041,purchase,5,1756697746
U00260,M00032,like,3,1740306916
U00260,M00312,view,1,1742829543
U00260,M00673,purchase,5,1756999467
U00260,M00319,view,1,1737216581
U00260,M00744,view,1,1757199121
U00260,M00470,view,1,1742524524
U00260,M00396,view,1,1762383279
U00260,M00470,view,1,1743693231
U00261,M00360,view,1,1750373696
U00261,M00098,view,1,1759731467
U00261,M00203,view,1,1748730882
U00261,M00328,like,3,1737516228
U00261,M00401,view,1,1758271168
U00261,M00127,watch,2,1763087307
U00261,M00157,view,1,1764619775
U00261,M00368,watch,2,1761859132
U00261,M00192,view,1,1758574134
U00261,M00237,view,1,1746962890
U00261,M00425,view,1,1744704939
U00261,M00202,view,1,1755687350
U00261,M00189,like,3,1737993501
U00261,M00746,view,1,1761557133
U00261,M00348,view,1,1760554462
U00262,M00318,view,1,1757226223
U00262,M00531,view,1,1758948351
U00262,M00588,view,1,1753023388
U00262,M00438,view,1,1762959064
U00262,M00237,like,3,1758874765
U00262,M00254,watch,2,1765618507
U00262,M00678,view,1,1748954638
U00262,M00258,view,1,1764575968
U00262,M00523,watch,2,1756409207
U00262,M00489,view,1,1750499333
U00262,M00159,like,3,1742278787
U00262,M00366,view,1,1744612442
U00262,M00487,view,1,1740516240
U00262,M00048,like,3,1753533970
U00262,M00325,like,3,1747797798
U00262,M00418,view,1,1758771240
U00262,M00251,view,1,1736590409
U00262,M00066,like,3,1764976702
U00263,M00169,watch,2,1743840913
U00263,M00493,watch,2,1753351525
U00263,M00344,like,3,1743085069
U00263,M00428,like,3,1741080576
U00263,M00031,view,1,1765168012
U00263,M00700,view,1,1749697058
U00263,M00672,view,1,1764439059
U00263,M00690,view,1,1764842919
U00263,M00393,view,1,1765808731
U00263,M00043,view,1,1739462044
U00263,M00177,purchase,5,1737476931
U00263,M00289,like,3,1758114662
U00263,M00609,watch,2,1764675440
U00263,M00310,watch,2,1741593549
U00263,M00329,purchase,5,1764033725
U00263,M00218,like,3,1755987139
U00263,M00298,watch,2,1736220690
U00263,M00388,like,3,1760813435
U00263,M00120,like,3,1743033423
U00263,M00232,view,1,1764554663
U00263,M00262,view,1,1760191673
U00264,M00648,watch,2,1751549137
U00264,M00005,like,3,1747435954
U00264,M00780,view,1,1753749550
U00264,M00748,watch,2,1752488741
U00264,M00033,view,1,1757145693
U00264,M00007,watch,2,1737662477
U00264,M00089,view,1,1766406221
U00264,M00327,view,1,1736617260
U00264,M00224,watch,2,1759594623
U00264,M00269,watch,2,1742117759
U00264,M00040,watch,2,1743973073
U00264,M00789,watch,2,1741374429
U00264,M00505,like,3,1761229379
U00264,M00238,purchase,5,1747293818
U00264,M00164,view,1,1745116043
U00264,M00275,like,3,1752389048
U00264,M00617,watch,2,1757547782
U00264,M00447,view,1,1763019265
U00264,M00738,view,1,1737493924
U00264,M00452,view,1,1754383805
U00265,M00397,watch,2,1749835520
U00265,M00221,view,1,1753445184
U00265,M00386,watch,2,1745870736
U00265,M00447,watch,2,1755140654
U00265,M00127,view,1,1740691028
U00265,M00026,watch,2,1762173757
U00265,M00439,watch,2,1764187677
U00265,M00471,watch,2,1765085954
U00265,M00686,watch,2,1746536699
U00265,M00283,view,1,1752502862
U00265,M00494,watch,2,1759682026
U00265,M00374,view,1,1765442475
U00265,M00793,view,1,1736761798
U00265,M00740,purchase,5,1741123136
U00265,M00110,like,3,1752287281
U00265,M00330,view,1,1751827359
U00265,M00733,view,1,1758396097
U00265,M00321,watch,2,1738345299
U00265,M00170,like,3,1757900528
U00265,M00467,watch,2,1749054754
U00265,M00292,view,1,1748407168
U00265,M00391,view,1,1760091514
U00266,M00630,view,1,1758349208
U00266,M00582,view,1,1756793601
U00266,M00674,watch,2,1762792312
U00266,M00442,view,1,1761894337
U00266,M00604,like,3,1758630533
U00266,M00365,like,3,1741680822
U00266,M00059,watch,2,1741004051
U00266,M00454,like,3,1737344419
U00266,M00721,view,1,1763848679
U00266,M00059,view,1,1744865500
U00266,M00639,view,1,1761748874
U00266,M00434,view,1,1755115733
U00267,M00419,view,1,1751165667
U00267,M00629,view,1,1740891869
U00267,M00319,view,1,1757998321
U00267,M00220,like,3,1746351448
U00267,M00204,view,1,1736725574
U00267,M00094,like,3,1746869933
U00267,M00667,view,1,1759974088
U00267,M00664,view,1,1740768766
U00267,M00150,purchase,5,1761708548
U00267,M00570,watch,2,1766210253
U00267,M00239,like,3,1758331473
U00267,M00340,like,3,1765855182
U00268,M00029,view,1,1762105769
U00268,M00421,view,1,1751094004
U00268,M00403,like,3,1765031234
U00268,M00134,view,1,1746627542
U00268,M00277,watch,2,1759025742
U00268,M00441,view,1,1755010451
U00268,M00436,view,1,1750940355
U00268,M00635,view,1,1743955155
U00268,M00452,like,3,1737089550
U00268,M00686,view,1,1744322938
U00268,M00029,watch,2,1764589704
U00268,M00107,view,1,1751453350
U00268,M00694,watch,2,1748609673
U00268,M00597,view,1,1756893693
U00269,M00014,watch,2,1765107670
U00269,M00437,view,1,1758973881
U00269,M00477,watch,2,1754542822
U00269,M00673,watch,2,1742098065
U00269,M00765,watch,2,1747999912
U00269,M00308,view,1,1736818326
U00269,M00099,like,3,1750069345
U00269,M00374,view,1,1754097358
U00269,M00038,watch,2,1742244976
U00269,M00108,watch,2,1738375258
U00269,M00084,view,1,1741822392
U00269,M00149,view,1,1751296863
U00269,M00023,watch,2,1766849233
U00269,M00067,purchase,5,1743026375
U00269,M00264,like,3,1760180051
U00270,M00306,like,3,1751783343
U00270,M00483,view,1,1749209820
U00270,M00500,watch,2,1753616898
U00270,M00116,view,1,1757634642
U00270,M00029,like,3,1764916913
U00270,M00744,watch,2,1756977577
U00270,M00489,like,3,1752182502
U00270,M00177,watch,2,1746902732
U00270,M00026,view,1,1745284281
U00270,M00681,view,1,1750725111
U00270,M00686,watch,2,1756746631
U00270,M00403,view,1,1735839113
U00270,M00129,watch,2,1741119842
U00270,M00518,watch,2,1739668919
U00270,M00211,view,1,1739738124
U00270,M00029,like,3,1738659751
U00270,M00537,view,1,1744641925
U00270,M00231,purchase,5,1745864888
U00270,M00053,watch,2,1758139163
U00271,M00356,view,1,1755171590
U00271,M00658,view,1,1750126513
U00271,M00321,view,1,1745503292
U00271,M00106,view,1,1744746096
U00271,M00553,view,1,1756832275
U00271,M00322,view,1,1755382130
U00271,M00523,view,1,1758638422
U00271,M00493,view,1,1743061135
U00271,M00659,like,3,1737316387
U00271,M00365,view,1,1766104058
U00271,M00623,view,1,1766805826
U00271,M00488,watch,2,1757874558
U00272,M00009,watch,2,1766973420
U00272,M00548,view,1,1739069265
U00272,M00707,view,1,1738088103
U00272,M00245,view,1,1741182003
U00272,M00554,view,1,1760422370
U00272,M00354,view,1,1762066241
U00272,M00562,like,3,1737258528
U00272,M00508,watch,2,1762461486
U00272,M00628,view,1,1744356434
U00272,M00561,like,3,1748565082
U00272,M00607,watch,2,1766319190
U00272,M00181,like,3,1765619954
U00272,M00703,view,1,1764573340
U00272,M00713,view,1,1746241985
U00272,M00481,view,1,1741804246
U00272,M00610,view,1,1750554281
U00272,M00173,like,3,1759174006
U00272,M00443,watch,2,1751176647
U00272,M00024,watch,2,1754554917
U00272,M00399,view,1,1758352800
U00273,M00679,view,1,1743476007
U00273,M00073,view,1,1764323491
U00273,M00575,view,1,1763145221
U00273,M00630,like,3,1762928276
U00273,M00609,watch,2,1757700868
U00273,M00361,like,3,1739828775
U00273,M00649,view,1,1756294674
U00273,M00133,purchase,5,1751264053
U00273,M00073,view,1,1738777762
U00273,M00497,watch,2,1748879736
U00273,M00217,view,1,1754964460
U00273,M00273,view,1,1750036607
U00273,M00205,view,1,1755599351
U00273,M00531,purchase,5,1755545227
U00273,M00365,like,3,1757486457
U00273,M00357,view,1,1740785872
U00273,M00003,view,1,1757032953
U00273,M00157,view,1,1742066893
U00273,M00800,view,1,1753546330
U00274,M00327,view,1,1764410044
U00274,M00259,like,3,1751062768
U00274,M00013,view,1,1737592056
U00274,M00552,view,1,1740356328
U00274,M00299,view,1,1753148968
U00274,M00786,like,3,1752267072
U00274,M00337,view,1,1741459497
U00274,M00579,watch,2,1743065703
U00274,M00646,view,1,1762188690
U00274,M00610,view,1,1740897618
U00274,M00634,view,1,1747632495
U00274,M00548,view,1,1759083849
U00274,M00369,watch,2,1743908788
U00274,M00602,watch,2,1761568174
U00274,M00326,view,1,1738554225
U00274,M00119,view,1,1737516918
U00274,M00340,view,1,1735942224
U00274,M00118,view,1,1764143454
U00274,M00184,view,1,1746162810
U00275,M00243,view,1,1755904969
U00275,M00192,view,1,1753436544
U00275,M00235,like,3,1765072435
U00275,M00600,view,1,1753958023
U00275,M00398,view,1,1739167286
U00275,M00335,watch,2,1740859579
U00275,M00048,view,1,1743005754
U00275,M00024,view,1,1753903703
U00275,M00033,view,1,1761689992
U00275,M00146,view,1,1766388675
U00275,M00701,view,1,1754705758
U00275,M00200,view,1,1743054685
U00276,M00677,watch,2,1738829529
U00276,M00531,view,1,1742427687
U00276,M00017,view,1,1745781786
U00276,M00742,watch,2,1757542975
U00276,M00584,view,1,1755677706
U00276,M00302,purchase,5,1765138017
U00276,M00012,watch,2,1756134791
U00276,M00211,like,3,1744650828
U00276,M00186,like,3,1766263008
U00276,M00114,view,1,1745107863
U00276,M00732,view,1,1754125358
U00276,M00467,like,3,1761198549
U00276,M00155,view,1,1759073315
U00276,M00567,view,1,1752469993
U00276,M00122,view,1,1762605090
U00277,M00678,view,1,1755802664
U00277,M00683,watch,2,1764785755
U00277,M00568,view,1,1741182105
U00277,M00535,view,1,1745137248
U00277,M00581,watch,2,1737749208
U00277,M00415,view,1,1736797997
U00277,M00580,view,1,1741561221
U00277,M00202,purchase,5,1763387036
U00277,M00298,watch,2,1757684752
U00277,M00390,watch,2,1740581532
U00277,M00043,view,1,1736215131
U00277,M00675,view,1,1763379634
U00277,M00132,watch,2,1766823214
U00277,M00163,watch,2,1760014227
U00277,M00685,view,1,1747568729
U00277,M00271,watch,2,1743630339
U00277,M00040,view,1,1760746732
U00277,M00548,watch,2,1738838318
U00277,M00726,view,1,1735965608
U00277,M00043,view,1,1758442530
U00278,M00399,view,1,1763110667
U00278,M00005,view,1,1749354456
U00278,M00452,view,1,1736026504
U00278,M00637,watch,2,1758874829
U00278,M00013,view,1,1759455524
U00278,M00159,like,3,1747429367
U00278,M00696,like,3,1744931193
U00278,M00535,view,1,1762857548
U00278,M00257,view,1,1760861834
U00278,M00413,watch,2,1759749342
U00278,M00314,view,1,1737630414
U00278,M00697,view,1,1751860488
U00278,M00566,like,3,1752499024
U00278,M00486,purchase,5,1760323477
U00278,M00425,watch,2,1759624634
U00278,M00505,like,3,1736037802
U00278,M00505,view,1,1742464550
U00279,M00391,watch,2,1764236950
U00279,M00172,watch,2,1755149470
U00279,M00719,view,1,1748905270
U00279,M00588,view,1,1740230592
U00279,M00097,view,1,1762964912
U00279,M00036,watch,2,1757825199
U00279,M00069,view,1,1758480263
U00279,M00225,view,1,1763013232
U00279,M00109,like,3,1736639606
U00279,M00534,watch,2,1750525982
U00279,M00180,view,1,1739074139
U00279,M00512,view,1,1761957549
U00279,M00036,view,1,1742582114
U00279,M00760,view,1,1759025440
U00279,M00480,like,3,1752974398
U00279,M00444,view,1,1766874821
U00279,M00572,view,1,1760484101
U00279,M00644,watch,2,1748971963
U00279,M00634,view,1,1759534395
U00279,M00609,view,1,1739807945
U00279,M00055,purchase,5,1736775458
U00279,M00327,view,1,1749819464
U00279,M00225,view,1,1765410690
U00279,M00459,view,1,1745538386
U00279,M00619,view,1,1763753162
U00280,M00120,view,1,1744613863
U00280,M00118,view,1,1748410948
U00280,M00759,watch,2,1762606234
U00280,M00068,view,1,1736647260
U00280,M00271,view,1,1766742128
U00280,M00130,view,1,1763721289
U00280,M00212,view,1,1766213373
U00280,M00111,watch,2,1761021545
U00280,M00502,like,3,1757666434
U00280,M00688,like,3,1759953305
U00280,M00046,view,1,1748058769
U00280,M00176,view,1,1758927017
U00281,M00529,like,3,1736664109
U00281,M00062,watch,2,1754225291
U00281,M00567,like,3,1750951333
U00281,M00664,view,1,1761960129
U00281,M00729,watch,2,1741595612
U00281,M00571,view,1,1757702631
U00281,M00420,view,1,1765282921
U00281,M00040,purchase,5,1738248829
U00281,M00280,view,1,1754785841
U00281,M00182,watch,2,1755444731
U00281,M00183,view,1,1755428937
U00281,M00030,watch,2,1764203829
U00281,M00252,view,1,1764443405
U00281,M00779,view,1,1761131024
U00281,M00578,view,1,1750845262
U00281,M00605,like,3,1761768385
U00281,M00613,view,1,1740874977
U00282,M00462,view,1,1737788087
U00282,M00301,view,1,1765527120
U00282,M00259,view,1,1756379257
U00282,M00765,view,1,1750391996
U00282,M00343,view,1,1745662592
U00282,M00703,view,1,1737112030
U00282,M00432,purchase,5,1746825303
U00282,M00062,view,1,1754915137
U00282,M00758,view,1,1760545228
U00282,M00053,watch,2,1757231246
U00282,M00291,view,1,1766341466
U00282,M00060,view,1,1766651728
U00282,M00108,view,1,1752382424
U00282,M00758,view,1,1766875947
U00282,M00799,watch,2,1762689562
U00282,M00613,like,3,1751203530
U00282,M00402,like,3,1737933378
U00282,M00042,like,3,1762423893
U00282,M00272,watch,2,1751924469
U00282,M00015,watch,2,1752102023
U00283,M00301,watch,2,1763625549
U00283,M00277,view,1,1736668169
U00283,M00353,watch,2,1745399023
U00283,M00307,view,1,1738620090
U00283,M00330,like,3,1746409059
U00283,M00175,watch,2,1758554272
U00283,M00028,view,1,1737675886
U00283,M00464,view,1,1738253681
U00283,M00061,view,1,1748240056
U00283,M00485,like,3,1739062575
U00283,M00760,watch,2,1754553638
U00283,M00187,view,1,1750538071
U00283,M00485,view,1,1757581031
U00284,M00440,purchase,5,1742651705
U00284,M00581,watch,2,1749663834
U00284,M00285,view,1,1737559473
U00284,M00633,watch,2,1742742385
U00284,M00404,view,1,1740660326
U00284,M00181,view,1,1762486120
U00284,M00228,view,1,1746264353
U00284,M00209,watch,2,1752586081
U00284,M00572,watch,2,1760577644
U00284,M00416,view,1,1745323017
U00284,M00017,view,1,1766721706
U00284,M00578,purchase,5,1749634637
U00284,M00781,view,1,1738992548
U00284,M00208,watch,2,1748611185
U00284,M00127,view,1,1758464746
U00284,M00141,watch,2,1739794722
U00284,M00777,view,1,1744023932
U00284,M00347,like,3,1759231216
U00284,M00196,view,1,1763019799
U00284,M00197,view,1,1763698647
U00284,M00553,watch,2,1753961190
U00285,M00412,view,1,1751446690
U00285,M00294,view,1,1750125077
U00285,M00578,view,1,1739231520
U00285,M00146,view,1,1741717373
U00285,M00269,view,1,1764629842
U00285,M00587,view,1,1758195628
U00285,M00080,watch,2,1760262349
U00285,M00086,like,3,1740559564
U00285,M00436,watch,2,1740711843
U00285,M00515,watch,2,1736513221
U00285,M00271,view,1,1747915982
U00285,M00148,view,1,1760526546
U00286,M00548,view,1,1752314505
U00286,M00700,purchase,5,1738672649
U00286,M00141,view,1,1757895399
U00286,M00055,watch,2,1765517034
U00286,M00009,view,1,1760585341
U00286,M00261,view,1,1760808171
U00286,M00492,view,1,1737064222
U00286,M00267,view,1,1742300354
U00286,M00445,watch,2,1748709449
U00286,M00185,view,1,1746537418
U00286,M00481,purchase,5,1763379111
U00286,M00374,purchase,5,1752685309
U00287,M00569,view,1,1741593022
U00287,M00720,view,1,1766519934
U00287,M00634,view,1,1759022174
U00287,M00511,like,3,1738146826
U00287,M00044,watch,2,1752800190
U00287,M00317,view,1,1754691057
U00287,M00556,watch,2,1756703111
U00287,M00080,like,3,1740815670
U00287,M00731,watch,2,1746603719
U00287,M00114,like,3,1750059096
U00287,M00593,view,1,1754869728
U00287,M00711,watch,2,1739966968
U00287,M00607,watch,2,1755694742
U00287,M00179,view,1,1737284738
U00287,M00069,watch,2,1757385937
U00288,M00249,view,1,1740003952
U00288,M00420,view,1,1759267330
U00288,M00474,watch,2,1741951679
U00288,M00286,watch,2,1744123438
U00288,M00659,like,3,1747537983
U00288,M00454,view,1,1766751669
U00288,M00519,like,3,1753633394
U00288,M00177,like,3,1742545615
U00288,M00466,like,3,1755966143
U00288,M00201,watch,2,1756218404
U00288,M00636,view,1,1757912631
U00288,M00666,view,1,1736706194
U00289,M00700,watch,2,1763616964
U00289,M00157,watch,2,1736609236
U00289,M00015,view,1,1762508553
U00289,M00450,view,1,1754671488
U00289,M00275,view,1,1744733689
U00289,M00300,like,3,1742688568
U00289,M00562,watch,2,1741752771
U00289,M00008,view,1,1749104085
U00289,M00017,view,1,1745353133
U00289,M00018,watch,2,1747539447
U00289,M00322,watch,2,1752613308
U00289,M00397,view,1,1759475735
U00289,M00643,like,3,1737767468
U00289,M00266,like,3,1760980592
U00289,M00135,view,1,1747315048
U00289,M00065,view,1,1746371965
U00289,M00118,like,3,1739981884
U00289,M00452,purchase,5,1743640969
U00290,M00084,view,1,1751064547
U00290,M00617,view,1,1746116303
U00290,M00098,watch,2,1748966939
U00290,M00743,view,1,1764500284
U00290,M00455,like,3,1738437697
U00290,M00152,watch,2,1739040827
U00290,M00644,like,3,1759075081
U00290,M00580,like,3,1743309540
U00290,M00534,watch,2,1755029172
U00290,M00694,like,3,1740998360
U00290,M00731,view,1,1748114412
U00290,M00059,view,1,1766816162
U00290,M00796,like,3,1744825547
U00290,M00120,view,1,1737405095
U00290,M00084,view,1,1759688118
U00290,M00335,watch,2,1744281029
U00290,M00007,watch,2,1738218896
U00290,M00694,view,1,1756727596
U00290,M00174,view,1,1757543501
U00290,M00199,like,3,1757985161
U00291,M00077,watch,2,1762970714
U00291,M00304,view,1,1746669682
U00291,M00367,view,1,1762025266
U00291,M00271,view,1,1761877295
U00291,M00267,view,1,1750361461
U00291,M00354,view,1,1738023454
U00291,M00479,watch,2,1739411355
U00291,M00011,view,1,1759732698
U00291,M00266,view,1,1764446835
U00291,M00187,view,1,1737652219
U00291,M00349,watch,2,1752701793
U00291,M00672,purchase,5,1760442305
U00291,M00163,view,1,1762602524
U00291,M00688,like,3,1736811998
U00291,M00256,purchase,5,1766375658
U00291,M00673,watch,2,1750808926
U00291,M00031,view,1,1764691510
U00291,M00022,like,3,1759817032
U00291,M00671,view,1,1746507852
U00291,M00370,watch,2,1760818573
U00291,M00780,view,1,1753915272
U00291,M00267,view,1,1756122570
U00292,M00614,watch,2,1756333008
U00292,M00646,view,1,1752522459
U00292,M00654,watch,2,1759317527
U00292,M00018,view,1,1764016471
U00292,M00665,view,1,1738135748
U00292,M00098,purchase,5,1746777178
U00292,M00468,view,1,1738971954
U00292,M00711,watch,2,1750068292
U00292,M00651,view,1,1759294675
U00292,M00515,view,1,1736525450
U00292,M00446,view,1,1744144302
U00292,M00366,view,1,1736369731
U00292,M00254,view,1,1745006450
U00292,M00010,view,1,1752923261
U00292,M00025,view,1,1738338067
U00293,M00548,view,1,1761649053
U00293,M00785,view,1,1736458191
U00293,M00015,view,1,1764409968
U00293,M00563,view,1,1763186848
U00293,M00279,watch,2,1744302243
U00293,M00101,like,3,1751415675
U00293,M00666,view,1,1736300610
U00293,M00380,purchase,5,1754817472
U00293,M00393,view,1,1751837867
U00293,M00234,view,1,1736673757
U00293,M00527,view,1,1763491958
U00293,M00612,view,1,1740945087
U00293,M00656,purchase,5,1747776387
U00293,M00190,view,1,1758082929
U00293,M00236,watch,2,1748983502
U00293,M00022,like,3,1766130492
U00293,M00119,view,1,1757658781
U00293,M00578,like,3,1744049557
U00293,M00150,like,3,1741617040
U00294,M00034,purchase,5,1756407040
U00294,M00320,view,1,1742990679
U00294,M00513,view,1,1763181443
U00294,M00599,watch,2,1758058347
U00294,M00525,like,3,1762150649
U00294,M00649,view,1,1749876913
U00294,M00412,like,3,1738837517
U00294,M00088,view,1,1752482621
U00294,M00469,view,1,1760862893
U00294,M00725,like,3,1766944081
U00294,M00553,watch,2,1750315429
U00294,M00279,view,1,1759394757
U00295,M00036,like,3,1745999770
U00295,M00178,view,1,1760534843
U00295,M00510,view,1,1761931419
U00295,M00011,view,1,1740383871
U00295,M00385,like,3,1759912354
U00295,M00470,view,1,1754610591
U00295,M00124,view,1,1760061782
U00295,M00725,like,3,1757239037
U00295,M00105,view,1,1745652687
U00295,M00516,watch,2,1744863688
U00295,M00708,watch,2,1746505896
U00295,M00066,view,1,1741205440
U00295,M00786,purchase,5,1742860390
U00295,M00230,view,1,1741083490
U00295,M00012,view,1,1762036769
U00295,M00047,view,1,1748164799
U00295,M00736,view,1,1755468186
U00295,M00386,like,3,1764894930
U00295,M00742,view,1,1751122599
U00295,M00607,view,1,1754072805
U00296,M00405,like,3,1766035278
U00296,M00689,view,1,1736287985
U00296,M00451,view,1,1758412715
U00296,M00265,view,1,1748402383
U00296,M00373,view,1,1748198059
U00296,M00318,view,1,1754009667
U00296,M00045,purchase,5,1739847557
U00296,M00182,view,1,1740758081
U00296,M00453,view,1,1739488434
U00296,M00334,like,3,1752177306
U00296,M00366,view,1,1737683172
U00296,M00687,watch,2,1747343597
U00296,M00271,view,1,1756215781
U00296,M00049,view,1,1752988232
U00296,M00578,view,1,1743841606
U00296,M00266,view,1,1758321859
U00296,M00563,like,3,1763221331
U00296,M00373,view,1,1738543126
U00296,M00537,view,1,1764032488
U00296,M00391,view,1,1737816104
U00296,M00675,view,1,1766051216
U00296,M00612,purchase,5,1762056810
U00297,M00273,view,1,1753419843
U00297,M00763,watch,2,1758689499
U00297,M00479,view,1,1747196880
U00297,M00593,watch,2,1753025846
U00297,M00372,like,3,1744590851
U00297,M00279,watch,2,1746191454
U00297,M00720,view,1,1753732438
U00297,M00708,view,1,1745605221
U00297,M00015,like,3,1747188292
U00297,M00379,view,1,1747929799
U00297,M00661,view,1,1750096610
U00297,M00433,view,1,1758263571
U00298,M00581,watch,2,1760528305
U00298,M00021,view,1,1754255704
U00298,M00245,view,1,1758333651
U00298,M00012,view,1,1761581623
U00298,M00337,watch,2,1746148504
U00298,M00233,view,1,1742168094
U00298,M00195,view,1,1739215784
U00298,M00540,view,1,1756369907
U00298,M00021,like,3,1743211804
U00298,M00090,view,1,1737221410
U00298,M00193,view,1,1756463793
U00298,M00535,view,1,1736586737
U00298,M00341,view,1,1765278289
U00298,M00102,purchase,5,1738160665
U00298,M00134,view,1,1746646497
U00298,M00446,view,1,1741227201
U00298,M00487,view,1,1739913372
U00299,M00616,view,1,1755930297
U00299,M00266,like,3,1759648248
U00299,M00338,view,1,1759080885
U00299,M00252,watch,2,1746174822
U00299,M00721,like,3,1753481631
U00299,M00607,view,1,1759588448
U00299,M00447,like,3,1750965085
U00299,M00708,view,1,1748543813
U00299,M00512,like,3,1760116073
U00299,M00767,view,1,1754210195
U00299,M00366,view,1,1744596613
U00299,M00186,view,1,1763261011
U00299,M00200,view,1,1744969940
U00299,M00055,view,1,1736753017
U00299,M00262,view,1,1762619730
U00299,M00012,watch,2,1749633189
U00299,M00179,view,1,1735746718
U00299,M00504,like,3,1758074114
U00299,M00363,watch,2,1747762299
U00299,M00577,view,1,1746558313
U00299,M00176,view,1,1752277495
U00299,M00227,view,1,1753718418
U00300,M00497,view,1,1736130048
U00300,M00498,view,1,1765035277
U00300,M00466,like,3,1756576590
U00300,M00433,watch,2,1745068031
U00300,M00432,like,3,1754237912
U00300,M00099,view,1,1757247082
U00300,M00593,like,3,1762093691
U00300,M00666,view,1,1760764946
U00300,M00031,view,1,1757362691
U00300,M00046,view,1,1742481721
U00300,M00219,view,1,1761390876
U00300,M00690,view,1,1761678453
U00300,M00498,like,3,1740126358
U00300,M00696,view,1,1752351476
U00300,M00432,view,1,1753333993
U00300,M00278,like,3,1747536047
U00300,M00018,view,1,1744042276
U00300,M00613,view,1,1761009332
U00301,M00280,view,1,1736462576
U00301,M00558,view,1,1757091848
U00301,M00129,like,3,1744335033
U00301,M00774,like,3,1748367855
U00301,M00690,view,1,1738150625
U00301,M00744,like,3,1746336871
U00301,M00494,view,1,1742700190
U00301,M00197,view,1,1758772092
U00301,M00165,view,1,1747298262
U00301,M00486,view,1,1747931215
U00301,M00272,view,1,1748254093
U00301,M00124,like,3,1739231450
U00301,M00337,watch,2,1746532156
U00301,M00391,like,3,1759784197
U00301,M00139,watch,2,1765825715
U00301,M00022,watch,2,1744162786
U00301,M00503,watch,2,1746574312
U00302,M00512,purchase,5,1744287201
U00302,M00778,like,3,1759581921
U00302,M00401,view,1,1765166187
U00302,M00297,view,1,1742041783
U00302,M00155,like,3,1766658933
U00302,M00303,view,1,1736190044
U00302,M00455,watch,2,1736825815
U00302,M00230,watch,2,1756293470
U00302,M00105,view,1,1738814043
U00302,M00348,view,1,1749295791
U00302,M00787,watch,2,1749529707
U00302,M00171,view,1,1757199593
U00302,M00249,watch,2,1758729585
U00302,M00174,like,3,1745963679
U00302,M00697,view,1,1758350398
U00303,M00398,view,1,1746886752
U00303,M00536,like,3,1741232269
U00303,M00144,watch,2,1754573961
U00303,M00491,view,1,1740725542
U00303,M00367,watch,2,1766402653
U00303,M00102,like,3,1760246393
U00303,M00275,like,3,1764883632
U00303,M00234,view,1,1750352167
U00303,M00228,view,1,1758661611
U00303,M00616,watch,2,1744732833
U00303,M00339,view,1,1746824565
U00303,M00172,view,1,1751014827
U00304,M00099,view,1,1766090095
U00304,M00272,view,1,1751017234
U00304,M00222,view,1,1752763332
U00304,M00264,like,3,1758858767
U00304,M00715,view,1,1749029346
U00304,M00665,watch,2,1765695967
U00304,M00197,view,1,1752539985
U00304,M00188,watch,2,1765396775
U00304,M00698,view,1,1754113027
U00304,M00792,view,1,1754372395
U00304,M00017,like,3,1736677533
U00304,M00018,watch,2,1757313749
U00304,M00012,view,1,1762382947
U00304,M00440,view,1,1743235154
U00304,M00228,watch,2,1762053726
U00304,M00645,like,3,1760587614
U00304,M00319,view,1,1756189729
U00304,M00436,watch,2,1754093494
U00304,M00205,like,3,1763725074
U00304,M00509,purchase,5,1762146165
U00304,M00455,watch,2,1757813144
U00304,M00502,view,1,1764651954
U00304,M00224,like,3,1750786377
U00304,M00668,view,1,1746438507
U00305,M00648,view,1,1750581431
U00305,M00580,view,1,1736532370
U00305,M00164,view,1,1743313115
U00305,M00800,purchase,5,1755858283
U00305,M00585,like,3,1762964445
U00305,M00733,watch,2,1740993947
U00305,M00186,like,3,1739729576
U00305,M00766,view,1,1737162255
U00305,M00743,view,1,1758203241
U00305,M00489,watch,2,1742788146
U00305,M00668,view,1,1736512270
U00305,M00554,view,1,1765253219
U00305,M00518,view,1,1757184311
U00305,M00270,view,1,1745751733
U00305,M00214,purchase,5,1737612169
U00306,M00426,view,1,1737508926
U00306,M00454,view,1,1742686721
U00306,M00020,like,3,1751912842
U00306,M00265,view,1,1752793698
U00306,M00235,like,3,1754455788
U00306,M00519,view,1,1738646273
U00306,M00523,like,3,1760898053
U00306,M00067,view,1,1765432061
U00306,M00554,view,1,1752157154
U00306,M00396,view,1,1737279544
U00306,M00660,purchase,5,1762767675
U00306,M00036,view,1,1753934867
U00306,M00614,view,1,1737654855
U00306,M00089,watch,2,1748061407
U00306,M00646,like,3,1754185240
U00306,M00506,watch,2,1764024199
U00306,M00457,like,3,1744945100
U00306,M00576,like,3,1756594503
U00306,M00241,view,1,1747671903
U00307,M00169,view,1,1763357053
U00307,M00003,view,1,1739176013
U00307,M00457,view,1,1756889041
U00307,M00177,like,3,1756605734
U00307,M00668,view,1,1742466086
U00307,M00386,watch,2,1759859613
U00307,M00053,watch,2,1752538614
U00307,M00062,like,3,1757189072
U00307,M00127,watch,2,1757885006
U00307,M00762,view,1,1740236403
U00307,M00240,view,1,1759257486
U00307,M00638,view,1,1762088627
U00307,M00404,view,1,1763732969
U00307,M00240,view,1,1761256077
U00307,M00143,view,1,1761798328
U00307,M00010,view,1,1747479131
U00307,M00608,view,1,1744588423
U00307,M00449,view,1,1741887002
U00307,M00576,like,3,1736432062
U00307,M00182,watch,2,1743399588
U00307,M00352,view,1,1758888650
U00307,M00310,watch,2,1748166569
U00307,M00197,watch,2,1748102230
U00308,M00004,view,1,1753232939
U00308,M00316,like,3,1758153458
U00308,M00179,view,1,1761690644
U00308,M00327,view,1,1737483051
U00308,M00175,view,1,1748259185
U00308,M00006,view,1,1737082654
U00308,M00197,like,3,1741158046
U00308,M00792,view,1,1755132883
U00308,M00554,watch,2,1748240205
U00308,M00529,watch,2,1763694924
U00308,M00635,like,3,1744680391
U00308,M00013,view,1,1738821438
U00308,M00169,watch,2,1739539918
U00308,M00497,view,1,1765190056
U00308,M00277,view,1,1748329982
U00308,M00620,watch,2,1739245944
U00308,M00643,watch,2,1753400072
U00308,M00087,like,3,1737447714
U00308,M00750,like,3,1764731167
U00308,M00278,view,1,1749764632
U00308,M00369,view,1,1753759171
U00308,M00120,like,3,1741552471
U00309,M00643,view,1,1766695752
U00309,M00679,purchase,5,1742520048
U00309,M00330,view,1,1744313624
U00309,M00259,watch,2,1756954835
U00309,M00107,watch,2,1735968290
U00309,M00653,watch,2,1756732649
U00309,M00767,view,1,1750020934
U00309,M00729,view,1,1748614327
U00309,M00641,watch,2,1763456617
U00309,M00099,watch,2,1743201356
U00309,M00646,watch,2,1736051862
U00309,M00632,watch,2,1751639593
U00309,M00737,view,1,1738675460
U00309,M00242,view,1,1766036822
U00309,M00655,like,3,1758040489
U00309,M00405,like,3,1737939887
U00309,M00590,view,1,1764709515
U00309,M00535,view,1,1757558880
U00309,M00694,like,3,1743370581
U00309,M00666,view,1,1758366122
U00309,M00123,view,1,1738528807
U00310,M00726,like,3,1740741913
U00310,M00161,view,1,1760250751
U00310,M00144,view,1,1744201522
U00310,M00742,view,1,1745488023
U00310,M00629,view,1,1739821589
U00310,M00646,like,3,1763036930
U00310,M00117,watch,2,1738280577
U00310,M00494,watch,2,1759243210
U00310,M00667,view,1,1743891611
U00310,M00746,like,3,1756164698
U00310,M00459,watch,2,1739204670
U00310,M00441,view,1,1744298977
U00310,M00791,view,1,1757325874
U00310,M00018,view,1,1750436862
U00311,M00412,watch,2,1747901856
U00311,M00662,watch,2,1756433839
U00311,M00669,watch,2,1736668021
U00311,M00260,purchase,5,1743641272
U00311,M00769,like,3,1741940185
U00311,M00799,view,1,1738216091
U00311,M00465,purchase,5,1744381728
U00311,M00530,view,1,1753079130
U00311,M00724,view,1,1747102089
U00311,M00519,view,1,1754147263
U00311,M00284,view,1,1757508406
U00311,M00310,view,1,1757670602
U00311,M00064,view,1,1747110051
U00311,M00602,like,3,1737793059
U00311,M00409,like,3,1756223027
U00311,M00445,like,3,1757173753
U00311,M00376,like,3,1743765098
U00311,M00142,view,1,1764885281
U00311,M00025,watch,2,1766121278
U00311,M00489,view,1,1737475362
U00311,M00257,like,3,1764719601
U00312,M00385,like,3,1756279018
U00312,M00224,watch,2,1743213446
U00312,M00555,like,3,1747790460
U00312,M00616,view,1,1761676306
U00312,M00105,view,1,1743709612
U00312,M00771,like,3,1761239451
U00312,M00207,watch,2,1754899893
U00312,M00306,like,3,1754697212
U00312,M00159,view,1,1746909121
U00312,M00388,like,3,1736021482
U00312,M00634,view,1,1738819408
U00312,M00218,view,1,1735894740
U00312,M00797,view,1,1747645982
U00312,M00509,watch,2,1759714541
U00312,M00375,like,3,1748822157
U00312,M00532,like,3,1757545735
U00312,M00042,view,1,1752398169
U00312,M00365,like,3,1759084324
U00312,M00066,view,1,1758863626
U00312,M00267,watch,2,1750501541
U00312,M00402,view,1,1746881373
U00312,M00023,view,1,1739477802
U00313,M00695,watch,2,1758043963
U00313,M00659,view,1,1752301015
U00313,M00686,view,1,1766184521
U00313,M00120,like,3,1739485533
U00313,M00467,like,3,1748820738
U00313,M00016,watch,2,1744371272
U00313,M00263,view,1,1740331033
U00313,M00329,watch,2,1763662625
U00313,M00230,view,1,1744918288
U00313,M00107,view,1,1735989664
U00313,M00719,view,1,1756372223
U00313,M00449,like,3,1742392675
U00313,M00452,like,3,1754349135
U00313,M00106,watch,2,1762808752
U00313,M00351,view,1,1744780626
U00313,M00186,like,3,1737899084
U00313,M00399,watch,2,1766290427
U00313,M00697,like,3,1750828652
U00313,M00066,like,3,1748546074
U00313,M00778,view,1,1740044163
U00314,M00234,view,1,1761843819
U00314,M00598,view,1,1750480416
U00314,M00258,view,1,1755388477
U00314,M00736,like,3,1739759727
U00314,M00405,view,1,1762220736
U00314,M00385,view,1,1741700420
U00314,M00043,view,1,1760574033
U00314,M00367,view,1,1741077804
U00314,M00763,view,1,1742144416
U00314,M00016,view,1,1744589083
U00314,M00757,view,1,1766880957
U00314,M00280,watch,2,1743110859
U00315,M00441,watch,2,1755833756
U00315,M00786,view,1,1741104459
U00315,M00380,view,1,1742976007
U00315,M00339,watch,2,1750009958
U00315,M00465,view,1,1754659965
U00315,M00144,like,3,1740246862
U00315,M00323,purchase,5,1756027726
U00315,M00379,like,3,1742832577
U00315,M00781,view,1,1752375837
U00315,M00299,view,1,1752204762
U00315,M00431,view,1,1746769951
U00315,M00466,watch,2,1741823708
U00315,M00337,purchase,5,1738636014
U00315,M00226,view,1,1758806495
U00315,M00552,like,3,1749948798
U00315,M00145,view,1,1764277229
U00315,M00146,watch,2,1745674824
U00315,M00280,view,1,1741309582
U00315,M00700,view,1,1744990537
U00315,M00036,like,3,1738598500
U00315,M00396,watch,2,1740499528
U00315,M00302,purchase,5,1766771819
U00316,M00340,like,3,1762756023
U00316,M00006,view,1,1736477173
U00316,M00394,purchase,5,1748208244
U00316,M00072,view,1,1748324063
U00316,M00716,view,1,1738910809
U00316,M00746,purchase,5,1739701282
U00316,M00195,like,3,1737820403
U00316,M00101,view,1,1742058458
U00316,M00414,view,1,1761776861
U00316,M00060,view,1,1760642139
U00316,M00195,view,1,1745803893
U00316,M00796,view,1,1766324491
U00316,M00306,view,1,1743758998
U00316,M00025,like,3,1735765060
U00316,M00538,view,1,1752271691
U00317,M00638,view,1,1745164434
U00317,M00320,like,3,1755326482
U00317,M00241,view,1,1744655525
U00317,M00123,view,1,1753431997
U00317,M00724,like,3,1753283295
U00317,M00037,view,1,1741710121
U00317,M00281,purchase,5,1749660436
U00317,M00718,view,1,1752337185
U00317,M00717,view,1,1738414862
U00317,M00553,view,1,1739370166
U00317,M00298,watch,2,1745434906
U00317,M00325,view,1,1745918835
U00317,M00673,view,1,1758257224
U00317,M00427,view,1,1762597779
U00317,M00610,watch,2,1766850672
U00317,M00282,view,1,1759882331
U00317,M00122,view,1,1759137357
U00318,M00248,view,1,1737371476
U00318,M00389,view,1,1735975334
U00318,M00283,view,1,1762336406
U00318,M00020,view,1,1758450324
U00318,M00236,watch,2,1742767333
U00318,M00197,purchase,5,1748923418
U00318,M00416,view,1,1765896980
U00318,M00247,watch,2,1746567509
U00318,M00160,view,1,1760036967
U00318,M00491,watch,2,1738506024
U00318,M00101,purchase,5,1750103505
U00318,M00414,like,3,1743864419
U00318,M00774,view,1,1750803918
U00318,M00100,view,1,1740124802
U00318,M00696,view,1,1747717491
U00318,M00026,view,1,1747337884
U00318,M00733,view,1,1749528481
U00318,M00153,view,1,1753654841
U00318,M00481,like,3,1757859498
U00318,M00384,view,1,1761924038
U00318,M00624,watch,2,1749242758
U00318,M00165,view,1,1738502378
U00319,M00090,view,1,1762491964
U00319,M00764,like,3,1756581065
U00319,M00387,watch,2,1757826924
U00319,M00323,view,1,1766701543
U00319,M00215,view,1,1765271324
U00319,M00157,view,1,1753248683
U00319,M00243,view,1,1747252775
U00319,M00380,view,1,1750400877
U00319,M00433,view,1,1752441097
U00319,M00362,like,3,1740394295
U00319,M00692,like,3,1747825272
U00319,M00060,purchase,5,1746391107
U00319,M00451,like,3,1742501061
U00319,M00277,view,1,1761222443
U00319,M00699,view,1,1737779473
U00319,M00022,view,1,1745669232
U00319,M00435,watch,2,1736311964
U00319,M00029,watch,2,1743379746
U00319,M00450,watch,2,1750702557
U00319,M00329,view,1,1741956898
U00320,M00185,view,1,1761407121
U00320,M00097,purchase,5,1743046653
U00320,M00401,watch,2,1739982965
U00320,M00119,view,1,1763617632
U00320,M00140,watch,2,1748144759
U00320,M00059,view,1,1761733147
U00320,M00618,like,3,1740919231
U00320,M00699,view,1,1735906653
U00320,M00691,purchase,5,1751643399
U00320,M00526,view,1,1759616897
U00320,M00371,view,1,1766354637
U00320,M00451,view,1,1748381406
U00320,M00713,view,1,1762452368
U00320,M00038,watch,2,1761850497
U00320,M00399,like,3,1764881825
U00320,M00354,view,1,1760786032
U00320,M00644,view,1,1742748216
U00321,M00194,view,1,1755574736
U00321,M00435,view,1,1750898758
U00321,M00326,view,1,1754946693
U00321,M00708,view,1,1753872650
U00321,M00480,like,3,1763786497
U00321,M00296,like,3,1764833861
U00321,M00069,watch,2,1739135963
U00321,M00373,watch,2,1742083452
U00321,M00449,view,1,1741792911
U00321,M00491,view,1,1756388582
U00321,M00714,watch,2,1762925940
U00321,M00188,like,3,1762971163
U00321,M00561,like,3,1760908404
U00321,M00290,purchase,5,1756016945
U00321,M00349,watch,2,1740502218
U00321,M00480,watch,2,1749987083
U00321,M00029,like,3,1743648308
U00321,M00521,like,3,1755470142
U00321,M00583,watch,2,1747507091
U00321,M00225,view,1,1748250739
U00321,M00538,purchase,5,1746760027
U00321,M00566,view,1,1736380728
U00321,M00742,view,1,1761216934
U00321,M00184,view,1,1759011920
U00322,M00094,view,1,1750614922
U00322,M00546,view,1,1753469176
U00322,M00379,like,3,1747091113
U00322,M00617,like,3,1754182718
U00322,M00164,view,1,1746490025
U00322,M00774,view,1,1763473258
U00322,M00370,watch,2,1742615966
U00322,M00275,watch,2,1760158934
U00322,M00602,watch,2,1765405431
U00322,M00575,view,1,1756720251
U00322,M00423,watch,2,1745976207
U00322,M00718,view,1,1737861249
U00322,M00633,view,1,1758597389
U00322,M00722,watch,2,1757311967
U00322,M00781,like,3,1752886949
U00322,M00219,like,3,1745566358
U00322,M00515,view,1,1738080604
U00322,M00171,view,1,1742724572
U00322,M00135,view,1,1763070564
U00322,M00574,view,1,1748858833
U00322,M00269,watch,2,1759852923
U00322,M00467,view,1,1742226746
U00322,M00346,view,1,1766147493
U00323,M00251,watch,2,1741603664
U00323,M00473,view,1,1757934780
U00323,M00786,view,1,1754743097
U00323,M00416,view,1,1749948275
U00323,M00252,view,1,1754415650
U00323,M00243,view,1,1755927084
U00323,M00282,like,3,1751619660
U00323,M00174,like,3,1750622737
U00323,M00556,view,1,1765944144
U00323,M00703,view,1,1737771190
U00323,M00441,watch,2,1735965761
U00323,M00569,watch,2,1743887734
U00323,M00260,purchase,5,1758207715
U00323,M00372,view,1,1736393600
U00323,M00703,like,3,1736232010
U00323,M00119,view,1,1762456413
U00324,M00281,watch,2,1766596106
U00324,M00135,watch,2,1741350256
U00324,M00342,watch,2,1756162035
U00324,M00245,watch,2,1747177344
U00324,M00647,view,1,1764965299
U00324,M00247,view,1,1755507137
U00324,M00719,watch,2,1757882305
U00324,M00688,watch,2,1766262816
U00324,M00329,watch,2,1766832223
U00324,M00337,view,1,1740238627
U00324,M00295,like,3,1759083597
U00324,M00082,like,3,1743851921
U00325,M00322,watch,2,1749591325
U00325,M00628,watch,2,1761278673
U00325,M00042,view,1,1745945826
U00325,M00502,like,3,1744470428
U00325,M00098,view,1,1751687625
U00325,M00605,watch,2,1756421611
U00325,M00096,view,1,1750457304
U00325,M00795,view,1,1754742633
U00325,M00711,view,1,1766365601
U00325,M00016,view,1,1745501307
U00325,M00014,view,1,1760548580
U00325,M00103,view,1,1741756817
U00325,M00015,like,3,1736169925
U00325,M00636,view,1,1754903554
U00325,M00385,view,1,1761746212
U00325,M00066,like,3,1743973561
U00325,M00426,watch,2,1761940795
U00326,M00750,watch,2,1754589346
U00326,M00750,watch,2,1740461216
U00326,M00196,view,1,1764902777
U00326,M00447,watch,2,1752866014
U00326,M00774,like,3,1749854951
U00326,M00690,view,1,1749737959
U00326,M00742,like,3,1738571586
U00326,M00714,view,1,1765459582
U00326,M00688,like,3,1746044760
U00326,M00647,purchase,5,1760755348
U00326,M00225,watch,2,1744439608
U00326,M00020,like,3,1759873304
U00327,M00288,watch,2,1749739767
U00327,M00054,view,1,1742924183
U00327,M00384,like,3,1763497815
U00327,M00441,view,1,1760508924
U00327,M00184,like,3,1738101032
U00327,M00227,view,1,1744939848
U00327,M00293,watch,2,1762227517
U00327,M00150,purchase,5,1740251379
U00327,M00104,watch,2,1741881777
U00327,M00044,view,1,1740793480
U00327,M00698,watch,2,1738862617
U00327,M00219,view,1,1763250745
U00327,M00531,view,1,1745463105
U00327,M00212,view,1,1757693518
U00327,M00142,view,1,1741645203
U00327,M00166,purchase,5,1762380471
U00327,M00375,view,1,1740412505
U00327,M00455,view,1,1762757363
U00327,M00535,view,1,1756973860
U00327,M00480,view,1,1758070993
U00327,M00016,view,1,1751796987
U00327,M00261,view,1,1740052252
U00327,M00100,view,1,1742842725
U00327,M00142,like,3,1749030753
U00328,M00414,purchase,5,1741713584
U00328,M00112,view,1,1758327732
U00328,M00735,view,1,1740872906
U00328,M00443,watch,2,1743500757
U00328,M00400,like,3,1743631906
U00328,M00384,like,3,1743996191
U00328,M00311,watch,2,1762404301
U00328,M00190,purchase,5,1738568096
U00328,M00346,watch,2,1736600656
U00328,M00036,purchase,5,1738963249
U00328,M00144,watch,2,1758940304
U00328,M00550,view,1,1765273283
U00328,M00243,view,1,1764131798
U00328,M00589,view,1,1752387460
U00328,M00456,watch,2,1764495847
U00328,M00371,view,1,1763226409
U00328,M00728,view,1,1757293350
U00328,M00265,like,3,1744373762
U00328,M00618,view,1,1756172415
U00328,M00245,like,3,1762527026
U00328,M00796,view,1,1753485972
U00328,M00430,view,1,1740312096
U00329,M00713,like,3,1750525331
U00329,M00348,like,3,1749045423
U00329,M00761,view,1,1761976428
U00329,M00569,view,1,1736152445
U00329,M00014,view,1,1763896610
U00329,M00487,like,3,1736911326
U00329,M00419,view,1,1760152961
U00329,M00524,view,1,1740578932
U00329,M00495,watch,2,1742310049
U00329,M00071,view,1,1741993367
U00329,M00467,view,1,1736463521
U00329,M00594,view,1,1754073999
U00329,M00746,view,1,1760510134
U00330,M00699,view,1,1766131542
U00330,M00519,view,1,1755683917
U00330,M00008,view,1,1757165583
U00330,M00476,watch,2,1751929887
U00330,M00535,watch,2,1742063871
U00330,M00008,watch,2,1761001743
U00330,M00441,view,1,1759146313
U00330,M00384,like,3,1745651925
U00330,M00507,view,1,1765109629
U00330,M00685,view,1,1748057595
U00330,M00266,view,1,1762609499
U00330,M00447,view,1,1755927327
U00331,M00506,view,1,1756756236
U00331,M00431,view,1,1752201737
U00331,M00766,watch,2,1755659122
U00331,M00217,purchase,5,1736518869
U00331,M00318,view,1,1750012253
U00331,M00689,view,1,1748427355
U00331,M00536,view,1,1740744141
U00331,M00588,view,1,1736367156
U00331,M00231,watch,2,1745829860
U00331,M00216,view,1,1736863505
U00331,M00082,like,3,1742832237
U00331,M00526,view,1,1756691443
U00331,M00044,view,1,1736170288
U00331,M00346,view,1,1765465270
U00331,M00577,view,1,1757425267
U00332,M00572,watch,2,1752802790
U00332,M00364,view,1,1756765300
U00332,M00686,watch,2,1760641223
U00332,M00172,view,1,1760954489
U00332,M00108,watch,2,1740315456
U00332,M00034,watch,2,1735947748
U00332,M00137,like,3,1740185528
U00332,M00675,view,1,1737895190
U00332,M00663,view,1,1740645282
U00332,M00447,like,3,1760483852
U00332,M00186,view,1,1764054974
U00332,M00684,like,3,1744411935
U00333,M00585,view,1,1753727638
U00333,M00419,like,3,1738380514
U00333,M00369,purchase,5,1756618158
U00333,M00328,view,1,1757535410
U00333,M00010,watch,2,1753717804
U00333,M00646,purchase,5,1737276310
U00333,M00481,like,3,1755311097
U00333,M00310,like,3,1760552194
U00333,M00386,view,1,1746049532
U00333,M00787,view,1,1758638743
U00333,M00637,watch,2,1754484711
U00333,M00288,view,1,1750947183
U00333,M00409,view,1,1752425782
U00333,M00420,like,3,1744212649
U00333,M00171,watch,2,1766920546
U00333,M00116,watch,2,1756236383
U00333,M00209,view,1,1751527420
U00333,M00531,watch,2,1737524638
U00333,M00361,like,3,1749208795
U00333,M00687,view,1,1762161152
U00333,M00270,like,3,1743597655
U00333,M00214,view,1,1736046284
U00334,M00746,view,1,1736018824
U00334,M00195,watch,2,1756530604
U00334,M00247,like,3,1737288189
U00334,M00462,view,1,1743855085
U00334,M00155,like,3,1742618608
U00334,M00155,view,1,1740307309
U00334,M00247,like,3,1742563484
U00334,M00280,view,1,1745552662
U00334,M00607,view,1,1760373915
U00334,M00202,view,1,1755927539
U00334,M00731,watch,2,1761501533
U00334,M00198,view,1,1756614990
U00334,M00552,view,1,1752428895
U00334,M00776,view,1,1741100143
U00334,M00445,watch,2,1751250639
U00334,M00434,watch,2,1749319461
U00335,M00794,like,3,1738990296
U00335,M00115,view,1,1749650812
U00335,M00439,like,3,1765578784
U00335,M00447,view,1,1761421576
U00335,M00471,view,1,1750309251
U00335,M00194,view,1,1741610987
U00335,M00194,view,1,1742093351
U00335,M00490,view,1,1766427426
U00335,M00339,like,3,1757828019
U00335,M00531,watch,2,1739601291
U00335,M00733,like,3,1741980791
U00335,M00043,view,1,1742643173
U00335,M00487,view,1,1748761782
U00335,M00651,like,3,1740314721
U00335,M00228,like,3,1736415229
U00335,M00007,watch,2,1761800734
U00335,M00280,watch,2,1736871467
U00335,M00055,view,1,1740631942
U00335,M00185,purchase,5,1748073112
U00335,M00474,like,3,1764272386
U00335,M00419,view,1,1753771261
U00336,M00294,view,1,1762465278
U00336,M00719,view,1,1749982816
U00336,M00708,like,3,1750135183
U00336,M00297,view,1,1746179597
U00336,M00449,view,1,1740732898
U00336,M00513,like,3,1764827708
U00336,M00482,like,3,1738966040
U00336,M00251,watch,2,1758326582
U00336,M00707,view,1,1766901909
U00336,M00530,view,1,1746824758
U00336,M00472,view,1,1751754151
U00336,M00216,view,1,1737535222
U00336,M00228,view,1,1760481808
U00336,M00194,like,3,1766147388
U00336,M00778,like,3,1755168197
U00336,M00086,like,3,1743834267
U00336,M00708,watch,2,1752006960
U00336,M00437,watch,2,1757880987
U00336,M00757,view,1,1740605066
U00337,M00624,watch,2,1747511426
U00337,M00209,view,1,1736560110
U00337,M00221,view,1,1739065820
U00337,M00412,like,3,1763720236
U00337,M00739,view,1,1736732861
U00337,M00217,view,1,1752656048
U00337,M00329,view,1,1747647043
U00337,M00342,purchase,5,1764877165
U00337,M00350,view,1,1759163346
U00337,M00014,like,3,1752965273
U00337,M00043,view,1,1751919956
U00337,M00705,view,1,1737915293
U00337,M00075,view,1,1748104347
U00337,M00747,like,3,1748180294
U00337,M00629,like,3,1739694247
U00337,M00048,watch,2,1757314088
U00338,M00617,like,3,1748230514
U00338,M00792,like,3,1749812702
U00338,M00560,view,1,1747700977
U00338,M00442,view,1,1758801590
U00338,M00406,view,1,1762533692
U00338,M00425,view,1,1750125303
U00338,M00660,view,1,1746420067
U00338,M00615,view,1,1760975770
U00338,M00078,watch,2,1748554407
U00338,M00663,watch,2,1737031721
U00338,M00537,watch,2,1739730189
U00338,M00201,view,1,1739336629
U00338,M00276,view,1,1748189419
U00338,M00124,view,1,1763954197
U00339,M00681,view,1,1765351317
U00339,M00056,watch,2,1751270094
U00339,M00264,like,3,1753165760
U00339,M00119,view,1,1741774385
U00339,M00491,watch,2,1740384659
U00339,M00178,watch,2,1756591522
U00339,M00248,watch,2,1743983995
U00339,M00500,view,1,1763903475
U00339,M00545,view,1,1755500846
U00339,M00665,like,3,1745199139
U00339,M00798,view,1,1743306058
U00339,M00027,view,1,1744794275
U00339,M00342,watch,2,1755109851
U00339,M00047,view,1,1760471934
U00339,M00455,view,1,1744453438
U00339,M00694,like,3,1743622623
U00339,M00101,watch,2,1757642001
U00339,M00096,view,1,1754051902
U00339,M00275,view,1,1738918356
U00339,M00792,view,1,1740706094
U00339,M00202,view,1,1740458837
U00339,M00694,view,1,1753628660
U00339,M00581,view,1,1760508461
U00339,M00558,view,1,1740496064
U00340,M00507,view,1,1750242862
U00340,M00511,view,1,1751578120
U00340,M00020,view,1,1740131265
U00340,M00355,view,1,1766876044
U00340,M00083,purchase,5,1760351440
U00340,M00126,view,1,1755725113
U00340,M00582,like,3,1740250148
U00340,M00368,view,1,1738930801
U00340,M00218,view,1,1762951287
U00340,M00493,view,1,1742245865
U00340,M00081,view,1,1744005608
U00340,M00537,view,1,1750920112
U00340,M00468,purchase,5,1763888134
U00340,M00796,watch,2,1735985485
U00340,M00561,like,3,1758395037
U00340,M00689,like,3,1750152909
U00340,M00771,view,1,1760935093
U00340,M00636,view,1,1750187054
U00340,M00298,view,1,1764130192
U00340,M00378,view,1,1743336591
U00340,M00524,view,1,1760054896
U00341,M00424,view,1,1745651131
U00341,M00460,view,1,1747606455
U00341,M00331,view,1,1751262766
U00341,M00366,like,3,1741731965
U00341,M00131,watch,2,1738640182
U00341,M00310,view,1,1747679362
U00341,M00731,view,1,1756508307
U00341,M00321,view,1,1764279018
U00341,M00222,view,1,1755730005
U00341,M00379,view,1,1752446373
U00341,M00662,view,1,1749858362
U00341,M00748,like,3,1743677263
U00341,M00686,view,1,1761877236
U00341,M00595,view,1,1752350528
U00341,M00152,like,3,1752294893
U00341,M00171,like,3,1763042490
U00341,M00711,view,1,1755173039
U00341,M00049,view,1,1743564805
U00341,M00464,purchase,5,1744069451
U00341,M00362,view,1,1742774488
U00341,M00513,like,3,1744925842
U00341,M00627,watch,2,1747621227
U00341,M00286,view,1,1746618241
U00341,M00123,view,1,1745981017
U00342,M00586,view,1,1758555756
U00342,M00794,watch,2,1764078612
U00342,M00056,view,1,1750573173
U00342,M00787,view,1,1749608137
U00342,M00641,watch,2,1745894438
U00342,M00694,watch,2,1757498731
U00342,M00357,like,3,1736730884
U00342,M00056,view,1,1749371503
U00342,M00330,view,1,1764634262
U00342,M00263,view,1,1738802408
U00342,M00530,like,3,1746114760
U00342,M00528,view,1,1754666361
U00342,M00277,view,1,1761136256
U00342,M00087,like,3,1764357864
U00343,M00456,view,1,1751399738
U00343,M00421,watch,2,1763996648
U00343,M00800,like,3,1761268966
U00343,M00277,view,1,1747226039
U00343,M00649,purchase,5,1764713711
U00343,M00086,view,1,1757834852
U00343,M00572,watch,2,1759142526
U00343,M00040,watch,2,1748161391
U00343,M00028,view,1,1742725090
U00343,M00005,like,3,1762890201
U00343,M00158,watch,2,1763170090
U00343,M00447,like,3,1756609484
U00343,M00502,view,1,1754643261
U00344,M00123,view,1,1742118111
U00344,M00110,like,3,1758686853
U00344,M00495,view,1,1757931284
U00344,M00291,like,3,1766231174
U00344,M00346,view,1,1756024294
U00344,M00058,watch,2,1744224366
U00344,M00640,view,1,1763647476
U00344,M00763,view,1,1738468502
U00344,M00293,view,1,1756203092
U00344,M00455,view,1,1752879510
U00344,M00100,watch,2,1756224496
U00344,M00682,watch,2,1753912048
U00344,M00523,watch,2,1742654793
U00344,M00115,watch,2,1749724666
U00344,M00441,like,3,1752488367
U00344,M00326,purchase,5,1753606948
U00344,M00385,like,3,1762011559
U00344,M00439,watch,2,1755549759
U00344,M00480,view,1,1740847059
U00345,M00559,view,1,1763694414
U00345,M00212,view,1,1764425064
U00345,M00728,like,3,1744881926
U00345,M00769,view,1,1761132919
U00345,M00710,like,3,1742246403
U00345,M00223,view,1,1762180335
U00345,M00128,view,1,1753241658
U00345,M00319,purchase,5,1751053074
U00345,M00203,view,1,1745860984
U00345,M00339,view,1,1755409227
U00345,M00478,like,3,1740600240
U00345,M00073,like,3,1763040732
U00345,M00399,view,1,1760888509
U00345,M00669,watch,2,1756460095
U00345,M00049,watch,2,1759790569
U00345,M00160,watch,2,1741658080
U00345,M00212,like,3,1745671319
U00345,M00450,view,1,1744909927
U00345,M00529,view,1,1744581957
U00345,M00668,view,1,1741740630
U00345,M00718,like,3,1753589469
U00346,M00755,view,1,1736099151
U00346,M00795,purchase,5,1761136411
U00346,M00359,view,1,1758441490
U00346,M00144,view,1,1751576244
U00346,M00751,view,1,1759469011
U00346,M00035,view,1,1746389769
U00346,M00048,view,1,1743993144
U00346,M00197,watch,2,1741521381
U00346,M00291,view,1,1736592227
U00346,M00200,watch,2,1756936215
U00346,M00784,view,1,1746954727
U00346,M00253,like,3,1739875667
U00346,M00528,view,1,1738518499
U00346,M00400,view,1,1759332322
U00347,M00651,watch,2,1740280820
U00347,M00702,like,3,1746787474
U00347,M00251,view,1,1764799152
U00347,M00496,like,3,1758547429
U00347,M00212,view,1,1743182115
U00347,M00072,like,3,1758908293
U00347,M00031,view,1,1738946622
U00347,M00303,watch,2,1758865186
U00347,M00703,view,1,1736704413
U00347,M00721,view,1,1752825542
U00347,M00039,view,1,1760212158
U00347,M00266,purchase,5,1751355338
U00347,M00304,watch,2,1751880632
U00347,M00011,view,1,1765968458
U00348,M00015,view,1,1745977314
U00348,M00131,view,1,1746372507
U00348,M00266,view,1,1759420241
U00348,M00640,view,1,1765246897
U00348,M00048,watch,2,1765119797
U00348,M00657,view,1,1766015865
U00348,M00307,watch,2,1744887788
U00348,M00311,view,1,1739864865
U00348,M00708,view,1,1745908564
U00348,M00128,watch,2,1754466565
U00348,M00679,view,1,1750792435
U00348,M00284,view,1,1753989869
U00348,M00141,watch,2,1745316335
U00348,M00015,watch,2,1765717070
U00348,M00547,view,1,1737055790
U00348,M00367,watch,2,1741883787
U00348,M00539,watch,2,1756225911
U00348,M00552,watch,2,1738604861
U00348,M00468,watch,2,1750123706
U00348,M00073,view,1,1741421079
U00348,M00523,view,1,1741040157
U00349,M00322,like,3,1752495080
U00349,M00761,view,1,1739937499
U00349,M00703,watch,2,1751548009
U00349,M00767,view,1,1749847540
U00349,M00450,like,3,1739823191
U00349,M00695,view,1,1752581262
U00349,M00614,view,1,1744058240
U00349,M00538,view,1,1761729734
U00349,M00167,watch,2,1763226768
U00349,M00124,view,1,1760698817
U00349,M00001,like,3,1750580866
U00349,M00104,view,1,1743020091
U00349,M00406,view,1,1755520950
U00349,M00130,view,1,1746764563
U00349,M00164,watch,2,1736515854
U00349,M00079,purchase,5,1759690567
U00350,M00761,view,1,1743769712
U00350,M00001,watch,2,1749552399
U00350,M00498,view,1,1736775197
U00350,M00652,view,1,1744352751
U00350,M00424,view,1,1750308968
U00350,M00164,view,1,1738353520
U00350,M00692,watch,2,1749290314
U00350,M00378,view,1,1758393876
U00350,M00467,view,1,1740483180
U00350,M00691,view,1,1753729616
U00350,M00205,watch,2,1749573105
U00350,M00424,like,3,1736901249
U00351,M00048,watch,2,1740404565
U00351,M00789,view,1,1754254053
U00351,M00685,watch,2,1738468289
U00351,M00560,watch,2,1756191400
U00351,M00387,purchase,5,1738480102
U00351,M00587,view,1,1758873740
U00351,M00125,purchase,5,1744157734
U00351,M00387,purchase,5,1739023694
U00351,M00337,view,1,1761570591
U00351,M00230,view,1,1760488199
U00351,M00750,view,1,1749528766
U00351,M00014,watch,2,1758630216
U00351,M00187,purchase,5,1765047750
U00351,M00437,watch,2,1765080761
U00351,M00553,watch,2,1758758000
U00351,M00624,watch,2,1749914223
U00351,M00175,view,1,1745552116
U00352,M00522,view,1,1759352039
U00352,M00737,view,1,1748526471
U00352,M00575,like,3,1763081317
U00352,M00282,view,1,1746434673
U00352,M00504,watch,2,1737911000
U00352,M00137,view,1,1740655546
U00352,M00572,like,3,1736588519
U00352,M00672,view,1,1753293648
U00352,M00160,watch,2,1765654664
U00352,M00487,like,3,1737811558
U00352,M00075,view,1,1740448944
U00352,M00369,watch,2,1746342716
U00353,M00613,watch,2,1749043065
U00353,M00767,view,1,1743498626
U00353,M00306,view,1,1751112684
U00353,M00732,view,1,1751634527
U00353,M00579,view,1,1766475928
U00353,M00017,view,1,1759755083
U00353,M00633,like,3,1766991442
U00353,M00774,view,1,1739826055
U00353,M00013,view,1,1757762122
U00353,M00511,view,1,1758725909
U00353,M00060,like,3,1755370810
U00353,M00788,view,1,1735885702
U00353,M00767,purchase,5,1744188561
U00353,M00634,view,1,1737415465
U00354,M00732,view,1,1757750756
U00354,M00529,view,1,1761215679
U00354,M00378,watch,2,1754063053
U00354,M00252,watch,2,1739378836
U00354,M00571,view,1,1737238304
U00354,M00543,purchase,5,1745392710
U00354,M00402,view,1,1740831733
U00354,M00217,view,1,1750554050
U00354,M00562,view,1,1759950123
U00354,M00545,watch,2,1763028685
U00354,M00266,watch,2,1746898249
U00354,M00095,like,3,1752385363
U00354,M00292,view,1,1765202582
U00354,M00267,watch,2,1761702915
U00354,M00357,watch,2,1762224719
U00354,M00436,view,1,1764902145
U00355,M00432,like,3,1740565443
U00355,M00797,view,1,1758220286
U00355,M00555,watch,2,1754808474
U00355,M00592,view,1,1757989487
U00355,M00360,watch,2,1757798624
U00355,M00623,like,3,1763228272
U00355,M00329,purchase,5,1753911560
U00355,M00337,view,1,1760215924
U00355,M00145,view,1,1735780688
U00355,M00494,purchase,5,1764641363
U00355,M00179,watch,2,1758222124
U00355,M00484,view,1,1754671297
U00355,M00610,like,3,1760590242
U00355,M00685,view,1,1766588861
U00355,M00474,view,1,1753558564
U00356,M00516,view,1,1757400587
U00356,M00634,like,3,1748737498
U00356,M00425,like,3,1746360670
U00356,M00661,view,1,1766808366
U00356,M00139,like,3,1736630737
U00356,M00032,view,1,1750878584
U00356,M00060,view,1,1749967725
U00356,M00489,view,1,1750394317
U00356,M00750,purchase,5,1757272525
U00356,M00745,view,1,1754443501
U00356,M00216,view,1,1754463297
U00356,M00494,like,3,1747734647
U00356,M00598,like,3,1762490873
U00356,M00688,view,1,1744899876
U00356,M00281,purchase,5,1757728922
U00356,M00536,view,1,1751550176
U00356,M00719,view,1,1738324336
U00356,M00652,like,3,1751203419
U00356,M00609,view,1,1748807362
U00356,M00727,like,3,1753455429
U00356,M00425,like,3,1766034773
U00356,M00247,view,1,1758514071
U00356,M00637,view,1,1750725518
U00357,M00390,like,3,1764537992
U00357,M00296,like,3,1747289420
U00357,M00589,view,1,1763636758
U00357,M00425,view,1,1764374006
U00357,M00559,watch,2,1744666286
U00357,M00283,watch,2,1766544342
U00357,M00572,like,3,1764052040
U00357,M00336,view,1,1749937091
U00357,M00389,like,3,1756961194
U00357,M00683,view,1,1743604036
U00357,M00638,view,1,1746027760
U00357,M00194,watch,2,1754189018
U00357,M00123,like,3,1744688695
U00357,M00296,view,1,1748468779
U00357,M00013,view,1,1753583710
U00357,M00675,view,1,1747949499
U00357,M00437,view,1,1754978964
U00357,M00609,view,1,1758936803
U00357,M00592,view,1,1745939395
U00357,M00554,view,1,1749925146
U00357,M00666,view,1,1761636862
U00357,M00010,view,1,1757248915
U00358,M00458,like,3,1744339367
U00358,M00304,view,1,1751755833
U00358,M00636,view,1,1735939251
U00358,M00587,like,3,1738402410
U00358,M00028,watch,2,1748402526
U00358,M00546,view,1,1757140367
U00358,M00555,view,1,1752844263
U00358,M00342,view,1,1756167336
U00358,M00515,view,1,1749940496
U00358,M00105,view,1,1762418517
U00358,M00336,view,1,1749599659
U00358,M00722,like,3,1744893912
U00358,M00742,view,1,1740284218
U00358,M00686,view,1,1738356072
U00358,M00547,watch,2,1761060020
U00358,M00324,view,1,1738934279
U00358,M00237,view,1,1759532992
U00358,M00546,view,1,1750132300
U00358,M00134,watch,2,1759996218
U00358,M00797,view,1,1762101585
U00358,M00374,watch,2,1736204967
U00358,M00578,watch,2,1749800902
U00359,M00474,view,1,1764184755
U00359,M00653,purchase,5,1751713524
U00359,M00018,view,1,1759165503
U00359,M00436,watch,2,1751913756
U00359,M00235,view,1,1739213183
U00359,M00632,view,1,1747931537
U00359,M00261,like,3,1750279986
U00359,M00593,view,1,1760412318
U00359,M00493,view,1,1745234307
U00359,M00231,like,3,1739229706
U00359,M00240,purchase,5,1741982764
U00359,M00055,view,1,1738028482
U00359,M00405,like,3,1754994008
U00359,M00492,view,1,1736729780
U00359,M00636,view,1,1757865171
U00359,M00455,view,1,1742281458
U00359,M00773,view,1,1753262804
U00359,M00694,like,3,1736533122
U00360,M00724,watch,2,1758482387
U00360,M00012,view,1,1757255522
U00360,M00142,watch,2,1741375854
U00360,M00650,view,1,1748425515
U00360,M00254,view,1,1758245317
U00360,M00374,purchase,5,1766511077
U00360,M00227,view,1,1740463157
U00360,M00356,like,3,1760152428
U00360,M00217,view,1,1742794577
U00360,M00085,view,1,1746795258
U00360,M00012,view,1,1750088302
U00360,M00030,purchase,5,1755929991
U00360,M00257,watch,2,1760939764
U00360,M00176,view,1,1758154435
U00360,M00601,watch,2,1764177878
U00361,M00001,view,1,1746179761
U00361,M00163,view,1,1761365690
U00361,M00307,like,3,1740815727
U00361,M00542,like,3,1759233739
U00361,M00646,like,3,1760671490
U00361,M00419,view,1,1759892215
U00361,M00545,view,1,1756316552
U00361,M00659,view,1,1760965132
U00361,M00675,watch,2,1755333108
U00361,M00655,view,1,1759781628
U00361,M00429,watch,2,1739324665
U00361,M00371,view,1,1747907369
U00361,M00043,view,1,1737032765
U00361,M00197,view,1,1747687699
U00361,M00650,watch,2,1739411814
U00361,M00483,watch,2,1761731273
U00361,M00262,watch,2,1739877149
U00361,M00514,view,1,1753698924
U00361,M00357,watch,2,1738257762
U00361,M00031,view,1,1751912912
U00361,M00567,view,1,1743928482
U00361,M00526,view,1,1761573785
U00361,M00519,view,1,1746762848
U00361,M00316,like,3,1739510387
U00361,M00491,purchase,5,1747660684
U00362,M00607,view,1,1753613301
U00362,M00754,like,3,1755555014
U00362,M00015,view,1,1751859796
U00362,M00796,watch,2,1762830104
U00362,M00408,view,1,1739581671
U00362,M00574,view,1,1760766080
U00362,M00451,like,3,1763700450
U00362,M00034,view,1,1752315134
U00362,M00775,purchase,5,1745819944
U00362,M00446,view,1,1762138057
U00362,M00045,watch,2,1749485114
U00362,M00161,watch,2,1745761548
U00363,M00053,view,1,1746402334
U00363,M00370,view,1,1765241923
U00363,M00502,like,3,1757437166
U00363,M00015,watch,2,1745359213
U00363,M00279,view,1,1756452882
U00363,M00712,view,1,1758127606
U00363,M00561,view,1,1742328401
U00363,M00090,watch,2,1741347434
U00363,M00727,view,1,1763816464
U00363,M00773,view,1,1750234676
U00363,M00123,view,1,1758262875
U00363,M00137,like,3,1757846807
U00363,M00724,view,1,1764905688
U00363,M00326,watch,2,1745114198
U00363,M00034,view,1,1739203984
U00364,M00699,watch,2,1765241891
U00364,M00314,like,3,1744010642
U00364,M00695,like,3,1766518934
U00364,M00651,view,1,1762703729
U00364,M00480,view,1,1752487109
U00364,M00214,view,1,1746176089
U00364,M00534,like,3,1740301539
U00364,M00191,watch,2,1738964248
U00364,M00406,watch,2,1745700901
U00364,M00234,watch,2,1753676587
U00364,M00529,view,1,1745121402
U00364,M00606,view,1,1760093622
U00364,M00123,like,3,1747290914
U00364,M00619,view,1,1766725343
U00364,M00349,view,1,1751283236
U00364,M00081,like,3,1761431252
U00364,M00436,view,1,1752239883
U00364,M00158,like,3,1766952854
U00364,M00677,view,1,1743604772
U00364,M00598,watch,2,1746254554
U00364,M00607,view,1,1749181533
U00364,M00160,view,1,1747725760
U00364,M00113,like,3,1744061702
U00365,M00050,view,1,1750839413
U00365,M00168,watch,2,1741351392
U00365,M00085,like,3,1755135270
U00365,M00446,view,1,1753242425
U00365,M00182,watch,2,1760862728
U00365,M00749,watch,2,1756767015
U00365,M00087,watch,2,1757483539
U00365,M00732,view,1,1736293394
U00365,M00633,view,1,1752478806
U00365,M00769,view,1,1756560842
U00365,M00683,watch,2,1766588485
U00365,M00584,view,1,1763500657
U00365,M00532,like,3,1744674988
U00365,M00054,view,1,1745016549
U00365,M00592,view,1,1746756840
U00365,M00742,view,1,1751832154
U00365,M00782,watch,2,1758673584
U00365,M00140,view,1,1746950822
U00366,M00634,watch,2,1735695276
U00366,M00582,view,1,1737742974
U00366,M00618,view,1,1747579230
U00366,M00498,watch,2,1749887958
U00366,M00412,view,1,1765228841
U00366,M00189,watch,2,1745725513
U00366,M00296,purchase,5,1750428124
U00366,M00089,view,1,1762507276
U00366,M00646,watch,2,1749879922
U00366,M00190,watch,2,1742403285
U00366,M00120,watch,2,1762321263
U00366,M00301,view,1,1760305723
U00366,M00629,view,1,1759651301
U00366,M00117,view,1,1747709323
U00366,M00526,like,3,1765603844
U00366,M00118,view,1,1762418782
U00366,M00440,view,1,1744913826
U00366,M00370,view,1,1759649479
U00366,M00188,like,3,1761807221
U00366,M00759,view,1,1764304963
U00366,M00380,view,1,1756543382
U00366,M00527,view,1,1737188597
U00367,M00487,like,3,1740473987
U00367,M00298,like,3,1751208667
U00367,M00683,view,1,1762338509
U00367,M00340,view,1,1766231857
U00367,M00685,view,1,1737830757
U00367,M00421,view,1,1751554514
U00367,M00108,view,1,1740036166
U00367,M00629,watch,2,1758873056
U00367,M00080,purchase,5,1737346984
U00367,M00309,watch,2,1738215803
U00367,M00032,watch,2,1747369949
U00367,M00122,like,3,1762964553
U00367,M00712,purchase,5,1751171243
U00367,M00191,view,1,1738959205
U00367,M00219,watch,2,1747748468
U00367,M00508,view,1,1740392079
U00367,M00491,like,3,1753890701
U00368,M00781,like,3,1738951823
U00368,M00701,watch,2,1745073434
U00368,M00295,view,1,1763264711
U00368,M00120,view,1,1739149371
U00368,M00414,watch,2,1755563777
U00368,M00281,view,1,1736562998
U00368,M00685,purchase,5,1759867207
U00368,M00158,watch,2,1751774261
U00368,M00485,view,1,1747749917
U00368,M00330,view,1,1737916257
U00368,M00288,watch,2,1742608347
U00368,M00736,view,1,1759377540
U00368,M00008,view,1,1751677813
U00368,M00427,watch,2,1750637220
U00368,M00712,like,3,1738740570
U00369,M00268,like,3,1750499798
U00369,M00535,view,1,1749324094
U00369,M00475,watch,2,1738260156
U00369,M00020,view,1,1749398156
U00369,M00467,view,1,1750288152
U00369,M00443,view,1,1739738200
U00369,M00098,view,1,1744455304
U00369,M00576,view,1,1746969281
U00369,M00340,purchase,5,1764013721
U00369,M00259,view,1,1744566872
U00369,M00247,like,3,1746988387
U00369,M00203,purchase,5,1741374696
U00369,M00059,view,1,1758831656
U00369,M00116,view,1,1746810275
U00369,M00785,view,1,1766655778
U00369,M00514,view,1,1752758253
U00369,M00384,like,3,1766987899
U00369,M00567,view,1,1759777514
U00369,M00325,view,1,1738185039
U00370,M00405,view,1,1757160173
U00370,M00232,view,1,1737416194
U00370,M00524,like,3,1741387131
U00370,M00315,like,3,1747230702
U00370,M00562,like,3,1748455985
U00370,M00670,watch,2,1751164496
U00370,M00056,purchase,5,1742020044
U00370,M00389,like,3,1758367438
U00370,M00571,like,3,1758432138
U00370,M00473,watch,2,1738765471
U00370,M00212,like,3,1735992983
U00370,M00162,like,3,1755494997
U00370,M00615,view,1,1748486806
U00370,M00194,watch,2,1746559491
U00370,M00319,like,3,1759745766
U00370,M00531,like,3,1749993326
U00370,M00424,watch,2,1744511761
U00370,M00290,view,1,1741889929
U00370,M00221,like,3,1737409716
U00370,M00070,watch,2,1738696014
U00370,M00249,view,1,1742876445
U00370,M00519,view,1,1748585429
U00370,M00601,view,1,1740032727
U00370,M00290,watch,2,1746143807
U00371,M00572,view,1,1738862766
U00371,M00134,view,1,1760208873
U00371,M00071,watch,2,1756523458
U00371,M00094,view,1,1752748423
U00371,M00118,view,1,1766886716
U00371,M00383,view,1,1760416272
U00371,M00001,like,3,1757645140
U00371,M00693,view,1,1736413463
U00371,M00507,view,1,1759994077
U00371,M00126,view,1,1745544113
U00371,M00464,watch,2,1747658309
U00371,M00205,like,3,1741090789
U00371,M00160,watch,2,1761054914
U00371,M00399,view,1,1740189614
U00371,M00057,view,1,1748794407
U00371,M00473,view,1,1757466156
U00371,M00513,view,1,1758075987
U00371,M00054,like,3,1760708435
U00371,M00195,view,1,1742820668
U00371,M00277,watch,2,1749358854
U00372,M00748,like,3,1766794343
U00372,M00092,view,1,1749294004
U00372,M00456,view,1,1746056929
U00372,M00489,view,1,1763426018
U00372,M00510,view,1,1765498590
U00372,M00418,like,3,1765772351
U00372,M00011,like,3,1749042094
U00372,M00092,like,3,1757826322
U00372,M00101,watch,2,1757128196
U00372,M00154,view,1,1756635702
U00372,M00016,view,1,1763559894
U00372,M00674,like,3,1755584840
U00372,M00043,watch,2,1747142143
U00372,M00659,like,3,1761115040
U00372,M00034,watch,2,1739482150
U00372,M00645,watch,2,1752619837
U00372,M00570,watch,2,1753834196
U00372,M00181,view,1,1744868719
U00372,M00684,watch,2,1747453620
U00372,M00736,view,1,1753705562
U00372,M00424,view,1,1736051885
U00372,M00695,view,1,1760246489
U00373,M00410,view,1,1750090923
U00373,M00267,purchase,5,1748743191
U00373,M00567,purchase,5,1738186370
U00373,M00705,view,1,1737938449
U00373,M00029,watch,2,1759270597
U00373,M00221,view,1,1746450197
U00373,M00356,watch,2,1765628363
U00373,M00279,watch,2,1766233793
U00373,M00374,like,3,1761250460
U00373,M00342,view,1,1759784695
U00373,M00023,like,3,1738669873
U00373,M00036,watch,2,1751202558
U00373,M00438,like,3,1759031846
U00373,M00206,like,3,1761369002
U00373,M00053,view,1,1754553337
U00373,M00455,view,1,1750110115
U00373,M00567,view,1,1751776318
U00373,M00124,like,3,1737873332
U00373,M00763,view,1,1760435673
U00373,M00699,view,1,1760255974
U00373,M00700,like,3,1746403444
U00373,M00478,view,1,1761163569
U00373,M00492,like,3,1736629944
U00373,M00721,view,1,1747237235
U00373,M00669,view,1,1748204450
U00374,M00020,view,1,1761727080
U00374,M00745,purchase,5,1755074797
U00374,M00086,purchase,5,1752566467
U00374,M00587,view,1,1751693164
U00374,M00531,watch,2,1740625035
U00374,M00626,like,3,1763573132
U00374,M00383,watch,2,1764763807
U00374,M00718,view,1,1766213086
U00374,M00247,watch,2,1744171532
U00374,M00220,watch,2,1757420515
U00374,M00244,view,1,1762460036
U00374,M00720,view,1,1739494898
U00375,M00784,like,3,1740245573
U00375,M00569,watch,2,1748012125
U00375,M00320,view,1,1754121977
U00375,M00134,view,1,1764298080
U00375,M00496,view,1,1745755321
U00375,M00506,view,1,1752508400
U00375,M00669,like,3,1755066856
U00375,M00157,view,1,1745975300
U00375,M00191,view,1,1755745812
U00375,M00534,view,1,1740848920
U00375,M00683,like,3,1749113161
U00375,M00484,view,1,1735853656
U00375,M00218,view,1,1752259205
U00375,M00100,watch,2,1752353439
U00375,M00640,watch,2,1742445696
U00375,M00666,view,1,1764865342
U00375,M00157,like,3,1763810907
U00375,M00463,view,1,1736161932
U00375,M00257,view,1,1738918325
U00375,M00463,view,1,1757374501
U00375,M00507,view,1,1739185609
U00375,M00665,watch,2,1751779795
U00375,M00558,view,1,1757671092
U00375,M00336,view,1,1735821365
U00376,M00328,like,3,1759599437
U00376,M00416,watch,2,1739623211
U00376,M00424,purchase,5,1746897387
U00376,M00571,view,1,1741259458
U00376,M00374,view,1,1736299645
U00376,M00750,view,1,1747623843
U00376,M00054,view,1,1743206459
U00376,M00326,view,1,1762968913
U00376,M00497,view,1,1737760430
U00376,M00327,view,1,1765551388
U00376,M00610,like,3,1743010496
U00376,M00241,view,1,1743509059
U00376,M00186,purchase,5,1764902763
U00377,M00513,view,1,1737413741
U00377,M00562,watch,2,1760157864
U00377,M00154,view,1,1755539191
U00377,M00301,view,1,1752586396
U00377,M00729,watch,2,1751155932
U00377,M00748,watch,2,1738696831
U00377,M00474,like,3,1740946180
U00377,M00263,view,1,1742710024
U00377,M00131,view,1,1735924478
U00377,M00266,view,1,1745818207
U00377,M00739,view,1,1736348797
U00377,M00577,view,1,1754709790
U00377,M00249,view,1,1763876049
U00377,M00172,like,3,1740230005
U00377,M00001,view,1,1743752096
U00378,M00473,view,1,1758868330
U00378,M00674,view,1,1766325598
U00378,M00727,view,1,1766187459
U00378,M00043,view,1,1736923867
U00378,M00023,view,1,1756284119
U00378,M00199,view,1,1759326677
U00378,M00742,view,1,1737094407
U00378,M00596,purchase,5,1748484564
U00378,M00553,view,1,1743888398
U00378,M00421,like,3,1743026646
U00378,M00381,view,1,1750740876
U00378,M00394,purchase,5,1755830444
U00378,M00433,watch,2,1746256787
U00378,M00548,watch,2,1757830869
U00378,M00393,like,3,1760689041
U00378,M00250,view,1,1761813698
U00378,M00416,view,1,1764625513
U00378,M00526,view,1,1760042164
U00378,M00287,view,1,1765302519
U00378,M00721,view,1,1745212562
U00378,M00015,like,3,1762671099
U00378,M00315,view,1,1741182285
U00378,M00191,view,1,1738145083
U00378,M00159,view,1,1755876404
U00379,M00085,view,1,1753254408
U00379,M00748,view,1,1760948424
U00379,M00553,like,3,1748525407
U00379,M00008,view,1,1766846314
U00379,M00230,view,1,1752642908
U00379,M00580,watch,2,1741903526
U00379,M00311,watch,2,1737558375
U00379,M00207,view,1,1762941640
U00379,M00296,view,1,1745039373
U00379,M00129,view,1,1739557100
U00379,M00507,view,1,1758390270
U00379,M00175,view,1,1765821660
U00380,M00082,watch,2,1760961652
U00380,M00240,watch,2,1765449296
U00380,M00488,view,1,1743629217
U00380,M00724,view,1,1752198527
U00380,M00113,view,1,1741241161
U00380,M00450,view,1,1760770723
U00380,M00615,view,1,1764270766
U00380,M00724,purchase,5,1741400474
U00380,M00320,like,3,1739727953
U00380,M00017,watch,2,1744578707
U00380,M00729,view,1,1741033695
U00380,M00668,like,3,1742044484
U00380,M00096,watch,2,1746393227
U00381,M00747,view,1,1755473295
U00381,M00404,view,1,1755001898
U00381,M00359,view,1,1761441783
U00381,M00421,watch,2,1765992354
U00381,M00032,like,3,1754949489
U00381,M00028,view,1,1762248494
U00381,M00792,view,1,1739750533
U00381,M00502,watch,2,1760115766
U00381,M00189,view,1,1742521577
U00381,M00573,view,1,1753765926
U00381,M00146,purchase,5,1765063965
U00381,M00163,like,3,1747813891
U00381,M00153,view,1,1740319483
U00381,M00232,purchase,5,1740292811
U00381,M00213,view,1,1755833094
U00381,M00760,purchase,5,1756476181
U00382,M00796,watch,2,1740571652
U00382,M00787,view,1,1758767366
U00382,M00019,like,3,1745056878
U00382,M00732,view,1,1762265516
U00382,M00529,view,1,1751302969
U00382,M00254,view,1,1766903595
U00382,M00120,view,1,1756251016
U00382,M00697,view,1,1752500500
U00382,M00144,watch,2,1752833175
U00382,M00021,view,1,1751200840
U00382,M00781,like,3,1755434010
U00382,M00677,watch,2,1761806419
U00382,M00285,view,1,1740816175
U00382,M00625,view,1,1759796715
U00382,M00122,watch,2,1764015949
U00382,M00725,view,1,1760342293
U00382,M00778,watch,2,1744414681
U00382,M00537,watch,2,1763872415
U00382,M00482,view,1,1762236821
U00383,M00772,view,1,1766186652
U00383,M00534,like,3,1747419498
U00383,M00334,watch,2,1736590138
U00383,M00224,purchase,5,1749739024
U00383,M00101,like,3,1764704539
U00383,M00098,watch,2,1737670486
U00383,M00306,watch,2,1746581233
U00383,M00105,view,1,1752085467
U00383,M00560,view,1,1762435898
U00383,M00506,view,1,1762614629
U00383,M00531,purchase,5,1739770479
U00383,M00383,watch,2,1755596917
U00383,M00346,watch,2,1753756808
U00383,M00800,watch,2,1736535732
U00383,M00053,watch,2,1747092147
U00383,M00334,watch,2,1743772188
U00383,M00109,watch,2,1765964700
U00383,M00195,view,1,1762275703
U00384,M00271,like,3,1760778606
U00384,M00610,like,3,1743275765
U00384,M00569,watch,2,1751226663
U00384,M00639,view,1,1758843357
U00384,M00086,watch,2,1748651620
U00384,M00503,view,1,1749738102
U00384,M00682,watch,2,1749526121
U00384,M00227,like,3,1737218350
U00384,M00484,like,3,1751728576
U00384,M00751,view,1,1743829887
U00384,M00409,like,3,1764669235
U00384,M00699,watch,2,1755777120
U00384,M00218,view,1,1747226463
U00384,M00711,watch,2,1766151098
U00384,M00256,view,1,1736262665
U00384,M00740,view,1,1760605260
U00384,M00748,view,1,1755817908
U00385,M00721,watch,2,1741699365
U00385,M00032,view,1,1761835205
U00385,M00695,view,1,1755533201
U00385,M00267,view,1,1762770581
U00385,M00522,like,3,1762938029
U00385,M00549,view,1,1754370178
U00385,M00660,view,1,1763398574
U00385,M00389,view,1,1755552125
U00385,M00504,like,3,1757970263
U00385,M00150,view,1,1752942741
U00385,M00424,view,1,1745714996
U00385,M00311,watch,2,1744863126
U00386,M00482,like,3,1757726713
U00386,M00099,view,1,1750719221
U00386,M00170,view,1,1751321967
U00386,M00178,like,3,1744301316
U00386,M00479,watch,2,1747712569
U00386,M00095,view,1,1755122035
U00386,M00264,watch,2,1745017042
U00386,M00158,view,1,1760078191
U00386,M00667,watch,2,1737635882
U00386,M00472,view,1,1737360768
U00386,M00244,like,3,1759791782
U00386,M00619,watch,2,1763601421
U00386,M00665,like,3,1765600142
U00386,M00017,view,1,1753703613
U00386,M00562,view,1,1749778486
U00386,M00456,purchase,5,1742564360
U00386,M00005,like,3,1757420752
U00386,M00625,view,1,1764878061
U00386,M00014,view,1,1743646394
U00386,M00014,watch,2,1759251951
U00386,M00070,like,3,1762537552
U00387,M00073,view,1,1766117939
U00387,M00177,watch,2,1744650374
U00387,M00581,like,3,1764437116
U00387,M00392,watch,2,1746195006
U00387,M00787,view,1,1737061395
U00387,M00148,watch,2,1756078978
U00387,M00539,like,3,1754250989
U00387,M00482,view,1,1740782106
U00387,M00314,like,3,1754519780
U00387,M00234,watch,2,1762227011
U00387,M00276,view,1,1753837522
U00387,M00022,view,1,1757792722
U00387,M00689,view,1,1745195865
U00387,M00555,watch,2,1752622034
U00387,M00360,view,1,1758707465
U00387,M00620,watch,2,1764697694
U00387,M00505,like,3,1737240958
U00387,M00228,like,3,1740277255
U00387,M00735,purchase,5,1746745036
U00388,M00645,watch,2,1762940671
U00388,M00315,view,1,1743115786
U00388,M00729,view,1,1752795846
U00388,M00148,like,3,1754147033
U00388,M00580,watch,2,1739705566
U00388,M00539,view,1,1748677711
U00388,M00381,watch,2,1748732499
U00388,M00509,watch,2,1749293351
U00388,M00394,view,1,1741399387
U00388,M00162,watch,2,1754324447
U00388,M00239,view,1,1737871621
U00388,M00356,view,1,1752680994
U00388,M00086,view,1,1738586577
U00388,M00432,view,1,1736996923
U00389,M00496,watch,2,1756498231
U00389,M00017,like,3,1744435079
U00389,M00150,like,3,1763455486
U00389,M00297,view,1,1749742545
U00389,M00145,view,1,1740121686
U00389,M00369,view,1,1762894295
U00389,M00561,watch,2,1754839995
U00389,M00338,view,1,1742058263
U00389,M00443,view,1,1741027050
U00389,M00087,watch,2,1755135551
U00389,M00035,view,1,1738250192
U00389,M00008,watch,2,1765716043
U00389,M00746,watch,2,1737827314
U00389,M00686,view,1,1748508619
U00389,M00242,view,1,1759157900
U00389,M00773,view,1,1744545805
U00389,M00716,view,1,1756313737
U00389,M00046,view,1,1763084325
U00389,M00604,view,1,1756619503
U00389,M00756,purchase,5,1753852549
U00389,M00648,like,3,1759724616
U00390,M00101,view,1,1760302216
U00390,M00172,view,1,1763592834
U00390,M00686,view,1,1753523626
U00390,M00613,view,1,1749104161
U00390,M00229,watch,2,1762237967
U00390,M00331,like,3,1764245632
U00390,M00543,view,1,1743491201
U00390,M00172,purchase,5,1764002220
U00390,M00340,purchase,5,1754803989
U00390,M00532,view,1,1747957867
U00390,M00187,view,1,1740125915
U00390,M00457,view,1,1737657655
U00390,M00214,like,3,1739874809
U00390,M00547,like,3,1743561279
U00390,M00095,watch,2,1743850364
U00390,M00235,watch,2,1748632824
U00390,M00510,purchase,5,1753314005
U00390,M00800,like,3,1762956347
U00390,M00678,view,1,1752422970
U00390,M00157,like,3,1765521200
U00390,M00528,view,1,1765719447
U00390,M00796,view,1,1748505633
U00391,M00120,view,1,1762571193
U00391,M00144,like,3,1751095812
U00391,M00258,view,1,1746167958
U00391,M00523,view,1,1763606662
U00391,M00554,watch,2,1752364904
U00391,M00787,view,1,1758569829
U00391,M00066,view,1,1742048340
U00391,M00386,like,3,1744820573
U00391,M00041,like,3,1760590376
U00391,M00582,like,3,1752607619
U00391,M00230,purchase,5,1737297372
U00391,M00619,watch,2,1738926690
U00391,M00586,view,1,1764004985
U00391,M00057,view,1,1748166223
U00391,M00127,purchase,5,1763393227
U00391,M00682,watch,2,1758539917
U00391,M00054,watch,2,1740260760
U00391,M00485,watch,2,1762596871
U00391,M00308,view,1,1759284643
U00391,M00073,view,1,1763409648
U00391,M00487,view,1,1759993678
U00391,M00475,view,1,1756980561
U00392,M00335,view,1,1760713094
U00392,M00512,view,1,1742460655
U00392,M00452,view,1,1763065531
U00392,M00247,view,1,1741374539
U00392,M00084,view,1,1752221440
U00392,M00749,view,1,1745029922
U00392,M00573,watch,2,1754868548
U00392,M00490,view,1,1759401273
U00392,M00312,watch,2,1739277569
U00392,M00072,view,1,1751439044
U00392,M00328,view,1,1736471010
U00392,M00011,view,1,1758244714
U00392,M00648,view,1,1764415958
U00392,M00183,view,1,1736079158
U00392,M00414,view,1,1749383634
U00392,M00368,watch,2,1743946266
U00392,M00561,view,1,1763009931
U00392,M00104,like,3,1751085544
U00392,M00263,watch,2,1737013446
U00393,M00214,view,1,1753000908
U00393,M00551,watch,2,1752297475
U00393,M00233,view,1,1754606291
U00393,M00129,view,1,1749439165
U00393,M00424,watch,2,1747600037
U00393,M00125,watch,2,1747250776
U00393,M00209,view,1,1759582911
U00393,M00184,watch,2,1755635438
U00393,M00054,view,1,1750624678
U00393,M00593,watch,2,1762232327
U00393,M00267,watch,2,1748450450
U00393,M00106,watch,2,1766050081
U00393,M00188,view,1,1758733980
U00393,M00776,view,1,1747443181
U00393,M00203,view,1,1753421034
U00393,M00026,view,1,1758166986
U00393,M00548,watch,2,1756009177
U00393,M00712,view,1,1745477762
U00393,M00467,watch,2,1759676128
U00393,M00233,view,1,1765096697
U00393,M00622,view,1,1760636754
U00393,M00374,watch,2,1758065201
U00393,M00188,watch,2,1748548695
U00394,M00699,view,1,1749075801
U00394,M00561,purchase,5,1746281125
U00394,M00334,view,1,1743168037
U00394,M00416,like,3,1738740375
U00394,M00133,view,1,1763088739
U00394,M00263,view,1,1763122476
U00394,M00437,watch,2,1752028199
U00394,M00530,view,1,1754875961
U00394,M00709,view,1,1753693891
U00394,M00480,view,1,1763396416
U00394,M00274,view,1,1749313344
U00394,M00209,view,1,1758691373
U00395,M00502,like,3,1747629505
U00395,M00676,view,1,1763153422
U00395,M00403,view,1,1744711143
U00395,M00106,view,1,1745642137
U00395,M00109,view,1,1754086240
U00395,M00202,view,1,1757418085
U00395,M00196,like,3,1763554494
U00395,M00491,like,3,1750625645
U00395,M00520,watch,2,1755412435
U00395,M00695,watch,2,1747473418
U00395,M00008,like,3,1741109946
U00395,M00175,view,1,1744695160
U00395,M00255,watch,2,1757144958
U00395,M00262,view,1,1760975872
U00395,M00295,view,1,1761288510
U00395,M00172,watch,2,1748255009
U00395,M00220,watch,2,1758269944
U00395,M00247,like,3,1766712180
U00395,M00777,view,1,1747874495
U00395,M00402,view,1,1739743687
U00395,M00721,view,1,1756133016
U00395,M00428,view,1,1765872577
U00396,M00028,view,1,1761791376
U00396,M00710,watch,2,1759926891
U00396,M00154,view,1,1761052275
U00396,M00175,like,3,1760838665
U00396,M00683,view,1,1755323285
U00396,M00069,like,3,1737002795
U00396,M00236,view,1,1757933382
U00396,M00435,purchase,5,1754462647
U00396,M00524,view,1,1751225228
U00396,M00290,purchase,5,1742252725
U00396,M00289,view,1,1765736880
U00396,M00187,view,1,1744550151
U00397,M00573,like,3,1755167704
U00397,M00205,view,1,1761120895
U00397,M00512,view,1,1750435995
U00397,M00497,like,3,1742470567
U00397,M00254,view,1,1750030653
U00397,M00214,view,1,1751102737
U00397,M00587,view,1,1766605028
U00397,M00308,view,1,1755636865
U00397,M00429,watch,2,1764432538
U00397,M00722,like,3,1753050631
U00397,M00118,watch,2,1736543884
U00397,M00757,watch,2,1762296837
U00397,M00228,watch,2,1753344751
U00397,M00787,watch,2,1746019056
U00397,M00536,view,1,1759025389
U00397,M00144,view,1,1756972978
U00397,M00676,watch,2,1744815082
U00397,M00382,view,1,1761539515
U00397,M00440,view,1,1737819869
U00398,M00418,view,1,1753948073
U00398,M00016,like,3,1758051835
U00398,M00251,view,1,1742789009
U00398,M00542,like,3,1757327793
U00398,M00191,watch,2,1737005148
U00398,M00681,like,3,1750917778
U00398,M00778,view,1,1741167141
U00398,M00691,watch,2,1755709828
U00398,M00477,watch,2,1752158987
U00398,M00059,watch,2,1739769310
U00398,M00163,view,1,1758327584
U00398,M00349,purchase,5,1764912629
U00398,M00510,watch,2,1741208506
U00398,M00530,watch,2,1762323256
U00398,M00154,view,1,1746604841
U00398,M00120,watch,2,1753267546
U00398,M00231,view,1,1749878737
U00398,M00003,view,1,1740443796
U00398,M00538,view,1,1755645445
U00398,M00141,view,1,1736677432
U00398,M00591,watch,2,1753036396
U00398,M00331,view,1,1741775805
U00398,M00751,watch,2,1741488756
U00399,M00758,view,1,1737483570
U00399,M00170,watch,2,1747400730
U00399,M00648,view,1,1759782706
U00399,M00024,view,1,1743707715
U00399,M00054,like,3,1739571027
U00399,M00797,view,1,1751730341
U00399,M00004,view,1,1741426685
U00399,M00129,purchase,5,1765870366
U00399,M00764,watch,2,1760853967
U00399,M00550,watch,2,1760914189
U00399,M00635,view,1,1754307422
U00399,M00350,view,1,1746848264
U00399,M00593,like,3,1764916580
U00399,M00722,like,3,1762181541
U00399,M00574,view,1,1742214153
U00399,M00383,view,1,1738679773
U00399,M00594,purchase,5,1747956889
U00399,M00067,like,3,1740932864
U00399,M00129,view,1,1758680684
U00399,M00013,watch,2,1742941432
U00399,M00348,view,1,1748711269
U00399,M00253,view,1,1757485939
U00399,M00116,view,1,1738364081
U00399,M00616,like,3,1738004377
U00400,M00297,watch,2,1766620986
U00400,M00385,view,1,1741212391
U00400,M00500,purchase,5,1750267164
U00400,M00420,like,3,1760453103
U00400,M00062,like,3,1748868582
U00400,M00055,view,1,1757865349
U00400,M00105,view,1,1748564788
U00400,M00178,view,1,1763395428
U00400,M00653,like,3,1746564738
U00400,M00250,view,1,1751548005
U00400,M00376,watch,2,1744873590
U00400,M00056,watch,2,1764694178
U00401,M00632,like,3,1755421479
U00401,M00233,view,1,1744651544
U00401,M00224,watch,2,1748951556
U00401,M00744,view,1,1736470876
U00401,M00337,view,1,1749819242
U00401,M00283,view,1,1756232038
U00401,M00493,watch,2,1760608970
U00401,M00755,view,1,1752936077
U00401,M00452,watch,2,1758570974
U00401,M00551,view,1,1764341700
U00401,M00028,view,1,1752035991
U00401,M00593,like,3,1736196612
U00401,M00580,view,1,1752989375
U00401,M00167,view,1,1754629089
U00401,M00297,purchase,5,1755525960
U00401,M00503,view,1,1763818604
U00401,M00146,like,3,1750740477
U00401,M00304,watch,2,1754284009
U00401,M00306,watch,2,1765792987
U00402,M00466,like,3,1745762099
U00402,M00274,view,1,1745017101
U00402,M00670,view,1,1763516827
U00402,M00144,view,1,1753587075
U00402,M00467,watch,2,1742761842
U00402,M00684,view,1,1751195047
U00402,M00212,like,3,1741930946
U00402,M00087,purchase,5,1737959244
U00402,M00413,like,3,1764339503
U00402,M00228,watch,2,1761486104
U00402,M00608,watch,2,1763582462
U00402,M00644,view,1,1751765283
U00403,M00076,view,1,1765338622
U00403,M00512,like,3,1738344281
U00403,M00703,watch,2,1762849858
U00403,M00797,view,1,1749895371
U00403,M00182,purchase,5,1755201365
U00403,M00264,purchase,5,1756651721
U00403,M00628,watch,2,1744219277
U00403,M00702,view,1,1759396301
U00403,M00363,view,1,1737414756
U00403,M00330,view,1,1746052408
U00403,M00325,watch,2,1766788893
U00403,M00488,view,1,1754493841
U00403,M00320,view,1,1758678349
U00403,M00558,like,3,1756875385
U00403,M00676,view,1,1757878188
U00403,M00295,view,1,1738811320
U00403,M00536,view,1,1762904060
U00404,M00582,like,3,1750147078
U00404,M00712,like,3,1761195143
U00404,M00024,like,3,1743595491
U00404,M00567,view,1,1760411154
U00404,M00510,view,1,1738236834
U00404,M00052,watch,2,1737789633
U00404,M00659,like,3,1749929700
U00404,M00653,view,1,1741676074
U00404,M00125,watch,2,1761881660
U00404,M00114,view,1,1738614154
U00404,M00478,watch,2,1764049136
U00404,M00773,view,1,1738719160
U00404,M00547,view,1,1761901380
U00404,M00789,like,3,1757342173
U00404,M00711,view,1,1764404336
U00404,M00533,view,1,1754168550
U00405,M00045,view,1,1747707439
U00405,M00481,purchase,5,1749875647
U00405,M00724,like,3,1752335980
U00405,M00703,view,1,1745327795
U00405,M00074,watch,2,1764054874
U00405,M00692,watch,2,1741119157
U00405,M00387,view,1,1766609444
U00405,M00695,like,3,1761865590
U00405,M00501,view,1,1756811981
U00405,M00742,view,1,1765348574
U00405,M00202,view,1,1744670021
U00405,M00033,view,1,1765354536
U00405,M00386,view,1,1766520779
U00405,M00119,like,3,1749000866
U00405,M00775,watch,2,1749398243
U00405,M00203,purchase,5,1736327391
U00406,M00480,view,1,1747922738
U00406,M00036,watch,2,1745630305
U00406,M00129,view,1,1748447875
U00406,M00507,like,3,1750797586
U00406,M00570,view,1,1750445925
U00406,M00284,view,1,1759486767
U00406,M00720,view,1,1745979446
U00406,M00099,view,1,1766543417
U00406,M00047,view,1,1750089574
U00406,M00366,like,3,1766026369
U00406,M00129,watch,2,1760399952
U00406,M00016,watch,2,1748857188
U00406,M00419,watch,2,1735871869
U00406,M00541,view,1,1739165048
U00406,M00661,watch,2,1746032138
U00406,M00217,view,1,1759932642
U00407,M00191,view,1,1750396497
U00407,M00535,view,1,1742626386
U00407,M00787,view,1,1737454858
U00407,M00309,watch,2,1738931005
U00407,M00065,view,1,1755285569
U00407,M00621,view,1,1756888149
U00407,M00634,view,1,1748007976
U00407,M00694,view,1,1747899327
U00407,M00636,view,1,1746123960
U00407,M00756,view,1,1763428196
U00407,M00382,watch,2,1751393958
U00407,M00618,like,3,1745379368
U00407,M00018,view,1,1742953194
U00407,M00044,watch,2,1745799928
U00407,M00486,view,1,1765287397
U00407,M00378,view,1,1766416854
U00407,M00513,view,1,1742860530
U00407,M00522,watch,2,1745355621
U00408,M00203,view,1,1736470719
U00408,M00191,view,1,1765033884
U00408,M00281,watch,2,1754352369
U00408,M00247,view,1,1749304185
U00408,M00023,watch,2,1744761679
U00408,M00745,watch,2,1739632617
U00408,M00226,view,1,1742750209
U00408,M00730,view,1,1740030289
U00408,M00117,view,1,1743142955
U00408,M00042,view,1,1760474568
U00408,M00684,view,1,1743343930
U00408,M00603,watch,2,1739998500
U00408,M00188,view,1,1743554580
U00408,M00643,purchase,5,1752321981
U00408,M00592,like,3,1740914438
U00408,M00716,view,1,1737168015
U00408,M00293,purchase,5,1757667081
U00408,M00032,like,3,1748236244
U00408,M00120,view,1,1736981578
U00408,M00795,view,1,1745352384
U00408,M00452,view,1,1759901662
U00408,M00166,like,3,1752863451
U00408,M00373,view,1,1751813419
U00409,M00531,watch,2,1738530952
U00409,M00368,view,1,1754874766
U00409,M00103,watch,2,1749412048
U00409,M00036,view,1,1760142691
U00409,M00379,view,1,1759900444
U00409,M00233,like,3,1765809304
U00409,M00071,like,3,1737484122
U00409,M00127,view,1,1744598089
U00409,M00564,watch,2,1739473450
U00409,M00357,watch,2,1743389766
U00409,M00547,view,1,1739320744
U00409,M00257,watch,2,1741089546
U00409,M00492,view,1,1750373177
U00409,M00040,watch,2,1763346137
U00409,M00014,like,3,1744942370
U00409,M00337,view,1,1747096702
U00409,M00062,view,1,1748762170
U00409,M00126,watch,2,1751876255
U00409,M00010,watch,2,1742601663
U00409,M00622,like,3,1742754012
U00409,M00647,watch,2,1738569838
U00409,M00712,like,3,1738301893
U00409,M00456,watch,2,1762296607
U00410,M00183,like,3,1753333137
U00410,M00126,like,3,1739208378
U00410,M00204,purchase,5,1754590733
U00410,M00095,watch,2,1741441317
U00410,M00226,view,1,1761418852
U00410,M00498,view,1,1739287730
U00410,M00608,view,1,1740257138
U00410,M00355,view,1,1761105514
U00410,M00189,watch,2,1750064919
U00410,M00680,view,1,1744527656
U00410,M00616,like,3,1758295037
U00410,M00751,view,1,1764765372
U00410,M00266,view,1,1737539832
U00410,M00264,watch,2,1744553032
U00410,M00413,like,3,1736969579
U00410,M00685,view,1,1747645780
U00410,M00558,view,1,1751020075
U00410,M00617,view,1,1763945838
U00410,M00030,view,1,1741107345
U00410,M00493,like,3,1736766112
U00410,M00035,view,1,1754399010
U00410,M00522,like,3,1744372172
U00410,M00090,watch,2,1746123872
U00410,M00616,purchase,5,1747560434
U00411,M00400,view,1,1763815288
U00411,M00165,view,1,1742796385
U00411,M00302,view,1,1751946156
U00411,M00441,watch,2,1746045668
U00411,M00716,watch,2,1739852783
U00411,M00602,view,1,1740729290
U00411,M00624,watch,2,1742411777
U00411,M00017,watch,2,1746615888
U00411,M00461,view,1,1740033432
U00411,M00224,like,3,1761488281
U00411,M00018,view,1,1737204481
U00411,M00753,view,1,1753420197
U00411,M00494,view,1,1748511668
U00412,M00251,view,1,1751354900
U00412,M00195,view,1,1739532447
U00412,M00772,like,3,1753283887
U00412,M00524,watch,2,1754759393
U00412,M00131,like,3,1751380260
U00412,M00672,view,1,1735991411
U00412,M00356,view,1,1741395822
U00412,M00428,like,3,1736117736
U00412,M00011,view,1,1766444974
U00412,M00536,view,1,1742201345
U00412,M00718,like,3,1763592419
U00412,M00552,view,1,1762461802
U00412,M00523,like,3,1751352919
U00413,M00068,like,3,1766162686
U00413,M00297,like,3,1746618969
U00413,M00247,purchase,5,1755204184
U00413,M00367,watch,2,1762908116
U00413,M00105,view,1,1754145504
U00413,M00423,view,1,1766829181
U00413,M00494,like,3,1758644043
U00413,M00722,watch,2,1766786506
U00413,M00629,view,1,1743995357
U00413,M00644,view,1,1742426951
U00413,M00134,view,1,1753579501
U00413,M00388,watch,2,1765522871
U00414,M00182,watch,2,1758830877
U00414,M00341,purchase,5,1760584407
U00414,M00270,view,1,1736313485
U00414,M00574,view,1,1748148385
U00414,M00344,watch,2,1756245367
U00414,M00106,watch,2,1741880743
U00414,M00610,view,1,1763624834
U00414,M00231,view,1,1763534784
U00414,M00261,view,1,1756146882
U00414,M00713,like,3,1742330470
U00414,M00373,like,3,1756346907
U00414,M00320,view,1,1740725996
U00414,M00518,watch,2,1763973410
U00414,M00546,view,1,1761343795
U00414,M00671,watch,2,1762113936
U00415,M00546,like,3,1760376075
U00415,M00258,view,1,1764165687
U00415,M00379,watch,2,1740026716
U00415,M00293,watch,2,1749951477
U00415,M00796,like,3,1736849978
U00415,M00469,like,3,1738764622
U00415,M00754,view,1,1761521664
U00415,M00749,like,3,1738929358
U00415,M00676,like,3,1759072827
U00415,M00425,like,3,1740008483
U00415,M00384,watch,2,1743796591
U00415,M00292,view,1,1758421939
U00415,M00041,watch,2,1763526721
U00415,M00216,watch,2,1741256445
U00415,M00611,like,3,1740961832
U00415,M00697,view,1,1762945437
U00415,M00586,view,1,1751749503
U00415,M00481,view,1,1759935178
U00415,M00613,like,3,1763125038
U00415,M00576,purchase,5,1746418220
U00415,M00646,like,3,1736739210
U00415,M00252,like,3,1737588749
U00415,M00110,like,3,1753921269
U00416,M00742,view,1,1762023838
U00416,M00396,view,1,1760049365
U00416,M00588,view,1,1752720725
U00416,M00476,purchase,5,1742220622
U00416,M00795,view,1,1754769799
U00416,M00790,view,1,1741232568
U00416,M00428,like,3,1751566381
U00416,M00299,view,1,1759174489
U00416,M00428,view,1,1742701425
U00416,M00797,view,1,1756267960
U00416,M00339,watch,2,1762974621
U00416,M00707,watch,2,1752863570
U00416,M00689,watch,2,1750926926
U00416,M00188,watch,2,1748593872
U00416,M00168,view,1,1760448619
U00416,M00640,like,3,1748083017
U00416,M00084,view,1,1736243059
U00416,M00743,like,3,1760912618
U00416,M00007,watch,2,1762792401
U00416,M00052,view,1,1760433476
U00416,M00233,view,1,1763807974
U00416,M00647,watch,2,1750665487
U00416,M00757,view,1,1745438637
U00416,M00668,like,3,1742047278
U00417,M00712,view,1,1737901470
U00417,M00180,like,3,1748082481
U00417,M00055,like,3,1760733636
U00417,M00531,watch,2,1737833592
U00417,M00637,watch,2,1738355169
U00417,M00583,purchase,5,1749173783
U00417,M00748,view,1,1739677272
U00417,M00128,view,1,1763832103
U00417,M00027,watch,2,1757642054
U00417,M00726,view,1,1736594420
U00417,M00436,view,1,1741364122
U00417,M00564,view,1,1754242566
U00417,M00666,view,1,1766763445
U00418,M00105,purchase,5,1759401934
U00418,M00139,like,3,1751507461
U00418,M00183,view,1,1756780947
U00418,M00695,view,1,1746207282
U00418,M00764,watch,2,1745361440
U00418,M00606,watch,2,1749127932
U00418,M00078,view,1,1747834905
U00418,M00412,view,1,1758094546
U00418,M00126,view,1,1750643276
U00418,M00269,watch,2,1763277389
U00418,M00195,view,1,1766104370
U00418,M00493,watch,2,1745582254
U00418,M00354,watch,2,1759178406
U00418,M00784,view,1,1757062650
U00418,M00412,view,1,1749071967
U00418,M00562,view,1,1743494535
U00418,M00786,like,3,1742973433
U00419,M00561,watch,2,1763414589
U00419,M00180,view,1,1753989319
U00419,M00331,view,1,1762878999
U00419,M00505,watch,2,1741054914
U00419,M00686,watch,2,1745628170
U00419,M00399,view,1,1751814563
U00419,M00560,view,1,1754327833
U00419,M00746,view,1,1753820944
U00419,M00218,view,1,1760715233
U00419,M00283,purchase,5,1743885625
U00419,M00483,view,1,1748977004
U00419,M00384,watch,2,1736759820
U00419,M00459,like,3,1748058386
U00419,M00205,view,1,1744950369
U00419,M00712,watch,2,1736721288
U00419,M00101,watch,2,1760237077
U00419,M00589,watch,2,1736591412
U00419,M00518,view,1,1758407873
U00419,M00559,view,1,1745619552
U00419,M00703,view,1,1750736160
U00419,M00040,like,3,1738718682
U00419,M00712,view,1,1750891017
U00420,M00763,view,1,1756865645
U00420,M00005,like,3,1759171227
U00420,M00023,view,1,1754670743
U00420,M00678,like,3,1749417099
U00420,M00279,like,3,1748297577
U00420,M00495,view,1,1752083483
U00420,M00264,like,3,1742338976
U00420,M00157,like,3,1747640746
U00420,M00493,view,1,1742559415
U00420,M00469,view,1,1741096406
U00420,M00043,view,1,1746087670
U00420,M00530,like,3,1740907218
U00420,M00239,watch,2,1740737016
U00420,M00226,view,1,1757686721
U00420,M00267,view,1,1742005460
U00420,M00412,view,1,1753360323
U00420,M00036,view,1,1747074629
U00420,M00516,like,3,1759525698
U00420,M00097,like,3,1741709768
U00420,M00248,view,1,1766539868
U00420,M00279,view,1,1751943411
U00420,M00142,view,1,1737066229
U00420,M00779,view,1,1736797457
U00420,M00012,like,3,1740955195
U00421,M00399,view,1,1752367539
U00421,M00119,watch,2,1762268812
U00421,M00020,watch,2,1757141364
U00421,M00764,view,1,1750362015
U00421,M00497,watch,2,1760188908
U00421,M00670,watch,2,1748365866
U00421,M00711,purchase,5,1749568476
U00421,M00659,view,1,1765727651
U00421,M00250,view,1,1765352739
U00421,M00152,view,1,1759956444
U00421,M00411,like,3,1759336414
U00421,M00361,watch,2,1742576780
U00421,M00132,view,1,1750291946
U00421,M00478,view,1,1764650087
U00421,M00296,purchase,5,1747307378
U00421,M00141,watch,2,1757786316
U00421,M00601,view,1,1740887674
U00421,M00696,like,3,1741157979
U00421,M00314,view,1,1763157997
U00421,M00325,purchase,5,1758585293
U00421,M00578,purchase,5,1765576743
U00421,M00212,view,1,1766700953
U00422,M00509,view,1,1766192914
U00422,M00036,like,3,1748739422
U00422,M00711,like,3,1756282877
U00422,M00031,view,1,1744645172
U00422,M00173,like,3,1755271927
U00422,M00105,like,3,1736339112
U00422,M00148,like,3,1736942947
U00422,M00782,view,1,1746495656
U00422,M00295,view,1,1763661936
U00422,M00744,view,1,1736562701
U00422,M00488,watch,2,1746232001
U00422,M00552,view,1,1738806316
U00422,M00618,view,1,1737136199
U00422,M00400,view,1,1744543051
U00422,M00593,view,1,1741395699
U00422,M00691,watch,2,1742838908
U00422,M00182,view,1,1764454098
U00423,M00087,view,1,1744404405
U00423,M00256,like,3,1751987780
U00423,M00134,watch,2,1763283662
U00423,M00226,view,1,1739978568
U00423,M00159,like,3,1759804531
U00423,M00181,like,3,1755722046
U00423,M00561,like,3,1744331988
U00423,M00657,purchase,5,1764686301
U00423,M00481,purchase,5,1757184898
U00423,M00798,view,1,1751789065
U00423,M00012,watch,2,1752206743
U00423,M00719,view,1,1739307680
U00423,M00627,watch,2,1755323522
U00423,M00670,view,1,1757123681
U00423,M00260,view,1,1765586171
U00423,M00215,view,1,1744724716
U00423,M00340,watch,2,1743929051
U00423,M00789,view,1,1738728658
U00423,M00767,view,1,1747328278
U00423,M00798,watch,2,1755905625
U00423,M00483,watch,2,1759871593
U00423,M00765,view,1,1741736502
U00423,M00439,watch,2,1743085616
U00423,M00503,watch,2,1742413521
U00424,M00497,watch,2,1764046861
U00424,M00751,view,1,1765865132
U00424,M00664,watch,2,1756212845
U00424,M00579,view,1,1758114622
U00424,M00612,watch,2,1766130733
U00424,M00244,view,1,1743202965
U00424,M00481,watch,2,1763917177
U00424,M00010,like,3,1753238092
U00424,M00249,view,1,1736244010
U00424,M00785,view,1,1742023055
U00424,M00310,view,1,1739803268
U00424,M00094,watch,2,1737938542
U00424,M00606,purchase,5,1756415441
U00424,M00338,view,1,1764772362
U00424,M00422,like,3,1748823096
U00424,M00603,watch,2,1751547938
U00424,M00779,like,3,1761726030
U00425,M00082,watch,2,1741292800
U00425,M00730,view,1,1763234090
U00425,M00621,view,1,1740262453
U00425,M00746,view,1,1741597233
U00425,M00411,view,1,1758961845
U00425,M00337,like,3,1759197745
U00425,M00395,like,3,1742665131
U00425,M00515,watch,2,1747789878
U00425,M00030,view,1,1759786838
U00425,M00169,view,1,1752522362
U00425,M00734,watch,2,1750779356
U00425,M00081,like,3,1753650649
U00425,M00756,view,1,1753992292
U00426,M00395,view,1,1753507421
U00426,M00030,watch,2,1745815767
U00426,M00746,watch,2,1741675359
U00426,M00444,watch,2,1750873731
U00426,M00055,view,1,1761150796
U00426,M00623,watch,2,1749957641
U00426,M00725,view,1,1755219418
U00426,M00084,watch,2,1755848344
U00426,M00294,watch,2,1746781630
U00426,M00142,view,1,1754906945
U00426,M00388,like,3,1757118126
U00426,M00191,view,1,1747555086
U00426,M00720,watch,2,1739845451
U00426,M00177,view,1,1751915547
U00426,M00309,view,1,1759186280
U00426,M00502,watch,2,1765710339
U00426,M00289,view,1,1756583425
U00426,M00009,watch,2,1753258085
U00426,M00476,view,1,1764687883
U00426,M00537,purchase,5,1745405159
U00426,M00221,view,1,1765885589
U00426,M00297,watch,2,1757142698
U00427,M00012,view,1,1765597035
U00427,M00016,view,1,1765994411
U00427,M00489,view,1,1757399961
U00427,M00167,watch,2,1760892595
U00427,M00093,view,1,1757358531
U00427,M00504,watch,2,1749256874
U00427,M00598,like,3,1764841519
U00427,M00231,purchase,5,1751609142
U00427,M00002,view,1,1764776716
U00427,M00638,watch,2,1765733649
U00427,M00767,like,3,1760068953
U00427,M00255,watch,2,1749614742
U00427,M00476,view,1,1745565980
U00427,M00252,watch,2,1737314877
U00427,M00155,view,1,1765477022
U00427,M00199,view,1,1736119162
U00427,M00015,view,1,1765797675
U00428,M00372,view,1,1753978320
U00428,M00288,view,1,1739807441
U00428,M00576,view,1,1766482767
U00428,M00554,view,1,1763178832
U00428,M00106,watch,2,1758365968
U00428,M00364,watch,2,1765192158
U00428,M00287,watch,2,1738507526
U00428,M00460,watch,2,1736230322
U00428,M00391,view,1,1754027929
U00428,M00660,view,1,1754821697
U00428,M00662,watch,2,1759333444
U00428,M00467,view,1,1736127013
U00428,M00414,like,3,1764682900
U00428,M00636,view,1,1763306087
U00428,M00278,like,3,1764232875
U00428,M00232,watch,2,1750632769
U00429,M00142,view,1,1746373150
U00429,M00509,watch,2,1745238758
U00429,M00587,watch,2,1741557591
U00429,M00495,like,3,1743604257
U00429,M00408,view,1,1741960054
U00429,M00690,like,3,1753900444
U00429,M00765,purchase,5,1745760317
U00429,M00400,view,1,1756315064
U00429,M00568,view,1,1763609819
U00429,M00405,view,1,1748374630
U00429,M00155,like,3,1759045219
U00429,M00358,view,1,1761589123
U00429,M00650,watch,2,1754404203
U00429,M00710,view,1,1754705330
U00429,M00691,view,1,1751585644
U00429,M00528,view,1,1741720205
U00429,M00798,view,1,1737793237
U00429,M00384,view,1,1748838051
U00429,M00012,view,1,1750432349
U00430,M00015,view,1,1762102755
U00430,M00531,watch,2,1744201907
U00430,M00113,watch,2,1746335666
U00430,M00406,view,1,1760133360
U00430,M00313,watch,2,1749103461
U00430,M00251,view,1,1736841754
U00430,M00566,view,1,1741818494
U00430,M00452,watch,2,1764713506
U00430,M00005,like,3,1764362689
U00430,M00672,like,3,1758352525
U00430,M00288,view,1,1747076601
U00430,M00759,view,1,1754969170
U00430,M00458,view,1,1757834532
U00430,M00422,view,1,1743965735
U00430,M00481,view,1,1761078458
U00430,M00018,purchase,5,1763162767
U00431,M00757,view,1,1764186275
U00431,M00369,watch,2,1741705641
U00431,M00522,view,1,1759274497
U00431,M00118,view,1,1741469218
U00431,M00744,watch,2,1746158082
U00431,M00072,view,1,1764818771
U00431,M00453,like,3,1735940228
U00431,M00426,view,1,1746405116
U00431,M00287,view,1,1740051039
U00431,M00080,view,1,1757037996
U00431,M00574,purchase,5,1738473940
U00431,M00673,view,1,1742858169
U00431,M00410,view,1,1761794948
U00431,M00017,like,3,1746528047
U00431,M00336,like,3,1757325570
U00431,M00661,view,1,1748548081
U00431,M00034,like,3,1739378130
U00431,M00252,like,3,1744006330
U00431,M00172,view,1,1760391718
U00431,M00545,view,1,1749287022
U00432,M00142,view,1,1765759063
U00432,M00769,watch,2,1760863482
U00432,M00797,view,1,1743565201
U00432,M00203,watch,2,1757323769
U00432,M00788,view,1,1764370656
U00432,M00366,view,1,1748236785
U00432,M00068,view,1,1753523868
U00432,M00312,view,1,1737865368
U00432,M00131,watch,2,1765174733
U00432,M00551,view,1,1765225987
U00432,M00770,view,1,1763420563
U00432,M00227,like,3,1738773503
U00432,M00128,view,1,1752158850
U00432,M00138,like,3,1742750296
U00432,M00344,view,1,1761983014
U00432,M00188,like,3,1761380715
U00432,M00400,watch,2,1741921525
U00432,M00732,watch,2,1755455177
U00432,M00344,view,1,1747548248
U00432,M00357,view,1,1743134253
U00433,M00042,view,1,1741076577
U00433,M00086,view,1,1738738202
U00433,M00011,view,1,1742968086
U00433,M00298,like,3,1761228276
U00433,M00025,view,1,1739646177
U00433,M00509,like,3,1756279407
U00433,M00349,view,1,1755103083
U00433,M00362,view,1,1763672905
U00433,M00518,watch,2,1757422284
U00433,M00663,view,1,1750205625
U00433,M00549,watch,2,1752972240
U00433,M00180,watch,2,1755594003
U00433,M00436,watch,2,1750837400
U00433,M00563,like,3,1744214065
U00434,M00563,view,1,1760534064
U00434,M00787,view,1,1745073507
U00434,M00623,view,1,1744760839
U00434,M00287,watch,2,1748472959
U00434,M00129,purchase,5,1756116243
U00434,M00607,like,3,1755639847
U00434,M00090,view,1,1748418148
U00434,M00487,view,1,1745599270
U00434,M00538,view,1,1765173112
U00434,M00260,view,1,1738150171
U00434,M00640,watch,2,1757566844
U00434,M00782,view,1,1742724611
U00434,M00570,like,3,1745997420
U00434,M00610,view,1,1743483909
U00434,M00439,view,1,1748505402
U00434,M00089,view,1,1741624208
U00434,M00387,like,3,1738702119
U00434,M00068,view,1,1744248736
U00435,M00198,view,1,1746197231
U00435,M00426,view,1,1756797566
U00435,M00727,watch,2,1751247270
U00435,M00029,view,1,1743111618
U00435,M00104,watch,2,1762977676
U00435,M00610,view,1,1754060459
U00435,M00338,view,1,1745258885
U00435,M00713,like,3,1749724090
U00435,M00035,view,1,1748426663
U00435,M00377,view,1,1761124365
U00435,M00032,watch,2,1754535950
U00435,M00435,view,1,1748973450
U00435,M00584,like,3,1753759911
U00435,M00340,like,3,1758416168
U00435,M00611,view,1,1746912774
U00435,M00473,view,1,1753641899
U00435,M00272,view,1,1747653173
U00435,M00559,purchase,5,1745881571
U00435,M00642,like,3,1765778747
U00435,M00610,like,3,1765888841
U00435,M00384,watch,2,1742253766
U00435,M00378,watch,2,1759520990
U00435,M00052,watch,2,1761032545
U00436,M00545,watch,2,1738219633
U00436,M00634,like,3,1762744996
U00436,M00015,like,3,1756455851
U00436,M00797,view,1,1753009822
U00436,M00664,watch,2,1742640131
U00436,M00271,purchase,5,1741341254
U00436,M00111,watch,2,1747728312
U00436,M00708,like,3,1751050469
U00436,M00186,like,3,1744474639
U00436,M00788,watch,2,1746811555
U00436,M00595,like,3,1742345780
U00436,M00162,like,3,1753774177
U00436,M00170,watch,2,1761398344
U00436,M00581,view,1,1764925579
U00436,M00344,view,1,1751158683
U00436,M00520,watch,2,1763412927
U00437,M00483,view,1,1759831839
U00437,M00333,view,1,1742185072
U00437,M00009,view,1,1765176101
U00437,M00202,view,1,1740050074
U00437,M00039,view,1,1761894366
U00437,M00765,watch,2,1750004196
U00437,M00153,view,1,1754946214
U00437,M00757,watch,2,1744845042
U00437,M00166,view,1,1754044323
U00437,M00736,like,3,1759702105
U00437,M00545,like,3,1761049831
U00437,M00406,view,1,1757017393
U00437,M00100,like,3,1746325466
U00437,M00642,watch,2,1749114934
U00437,M00282,watch,2,1736652666
U00437,M00221,like,3,1762053970
U00437,M00676,watch,2,1753240579
U00437,M00398,watch,2,1758396042
U00438,M00588,view,1,1745121112
U00438,M00201,watch,2,1743091654
U00438,M00578,view,1,1735984428
U00438,M00464,view,1,1756734726
U00438,M00128,view,1,1750257759
U00438,M00543,view,1,1760469701
U00438,M00002,view,1,1759718471
U00438,M00178,watch,2,1758234015
U00438,M00031,like,3,1758189671
U00438,M00436,view,1,1762663649
U00438,M00461,view,1,1752536408
U00438,M00005,view,1,1764937866
U00438,M00624,view,1,1737445764
U00438,M00489,view,1,1742214510
U00438,M00623,view,1,1738621544
U00438,M00261,view,1,1754944171
U00439,M00108,view,1,1759480408
U00439,M00424,view,1,1764234669
U00439,M00339,like,3,1758532745
U00439,M00383,purchase,5,1754618882
U00439,M00384,like,3,1746111045
U00439,M00358,view,1,1751147461
U00439,M00583,view,1,1744983018
U00439,M00580,like,3,1764441971
U00439,M00237,like,3,1759390881
U00439,M00576,view,1,1754714849
U00439,M00215,like,3,1748573417
U00439,M00507,view,1,1755885958
U00439,M00039,watch,2,1747109770
U00440,M00033,view,1,1736364156
U00440,M00384,view,1,1745845197
U00440,M00304,view,1,1758161803
U00440,M00634,watch,2,1744029362
U00440,M00141,watch,2,1741230689
U00440,M00226,like,3,1737770574
U00440,M00064,like,3,1740106412
U00440,M00055,view,1,1760415128
U00440,M00727,view,1,1764093555
U00440,M00217,view,1,1747929240
U00440,M00630,view,1,1760497899
U00440,M00629,watch,2,1737124980
U00440,M00247,view,1,1766195668
U00440,M00141,watch,2,1747484488
U00440,M00084,like,3,1753750602
U00441,M00371,view,1,1766390824
U00441,M00537,view,1,1743967157
U00441,M00269,view,1,1735773916
U00441,M00482,view,1,1737726967
U00441,M00107,view,1,1744933413
U00441,M00280,view,1,1747411209
U00441,M00294,view,1,1760172299
U00441,M00229,view,1,1762673301
U00441,M00291,like,3,1754805985
U00441,M00786,like,3,1740308073
U00441,M00316,watch,2,1759335740
U00441,M00629,view,1,1746447903
U00441,M00672,view,1,1759189595
U00441,M00056,view,1,1738758873
U00441,M00169,view,1,1744659873
U00441,M00785,watch,2,1759725921
U00441,M00282,view,1,1739658999
U00441,M00233,view,1,1761569856
U00441,M00013,view,1,1739557954
U00441,M00618,like,3,1742379156
U00441,M00631,watch,2,1736791388
U00442,M00199,view,1,1756153412
U00442,M00549,view,1,1750240191
U00442,M00260,view,1,1765966900
U00442,M00303,view,1,1744675806
U00442,M00423,view,1,1761850556
U00442,M00416,like,3,1740200769
U00442,M00500,view,1,1758773482
U00442,M00051,view,1,1754707920
U00442,M00656,view,1,1762857373
U00442,M00239,view,1,1758503588
U00442,M00116,like,3,1749397340
U00442,M00035,view,1,1750520882
U00442,M00628,purchase,5,1746490903
U00442,M00679,view,1,1751900448
U00442,M00151,view,1,1739123848
U00443,M00054,watch,2,1759498570
U00443,M00424,watch,2,1739682771
U00443,M00438,view,1,1746301579
U00443,M00688,watch,2,1751050358
U00443,M00393,view,1,1748885058
U00443,M00032,watch,2,1759959860
U00443,M00297,watch,2,1736468420
U00443,M00367,watch,2,1742460178
U00443,M00062,view,1,1746808845
U00443,M00468,view,1,1745297129
U00443,M00275,like,3,1745633829
U00443,M00673,watch,2,1736652673
U00443,M00637,view,1,1746598529
U00443,M00254,like,3,1765852533
U00443,M00108,watch,2,1756304759
U00443,M00161,view,1,1749593765
U00443,M00456,view,1,1754389789
U00443,M00056,like,3,1745338622
U00443,M00546,view,1,1764006462
U00443,M00792,view,1,1749696294
U00443,M00233,like,3,1742299867
U00444,M00178,like,3,1751844314
U00444,M00504,view,1,1755238661
U00444,M00303,view,1,1765639260
U00444,M00379,view,1,1763485878
U00444,M00238,watch,2,1748426062
U00444,M00303,watch,2,1764703828
U00444,M00794,view,1,1755328599
U00444,M00215,watch,2,1764691019
U00444,M00598,view,1,1745877111
U00444,M00365,watch,2,1756114704
U00444,M00766,view,1,1747299362
U00444,M00295,view,1,1753624313
U00444,M00394,view,1,1746862222
U00444,M00751,like,3,1762864764
U00444,M00118,view,1,1764875003
U00444,M00600,view,1,1758358093
U00444,M00049,like,3,1745090519
U00444,M00285,watch,2,1758682633
U00444,M00684,view,1,1746886225
U00444,M00269,view,1,1766440182
U00444,M00778,view,1,1755575812
U00445,M00638,view,1,1743450452
U00445,M00500,view,1,1749939120
U00445,M00333,view,1,1762003821
U00445,M00117,view,1,1745694483
U00445,M00020,view,1,1747697103
U00445,M00048,view,1,1745329182
U00445,M00240,watch,2,1755591491
U00445,M00494,view,1,1738454599
U00445,M00535,watch,2,1749104574
U00445,M00792,view,1,1739914486
U00445,M00084,view,1,1761502468
U00445,M00122,watch,2,1765042032
U00445,M00181,like,3,1737862217
U00445,M00218,like,3,1736719116
U00446,M00292,view,1,1741510773
U00446,M00670,view,1,1744106984
U00446,M00005,view,1,1751736413
U00446,M00294,view,1,1759955856
U00446,M00693,view,1,1752473725
U00446,M00533,view,1,1739304394
U00446,M00547,purchase,5,1755460442
U00446,M00006,view,1,1749071570
U00446,M00347,view,1,1751700885
U00446,M00042,like,3,1737038415
U00446,M00553,watch,2,1763493233
U00446,M00162,view,1,1763503910
U00446,M00686,like,3,1735720439
U00446,M00689,watch,2,1748544900
U00446,M00135,watch,2,1751174956
U00446,M00800,view,1,1761332590
U00446,M00609,watch,2,1743886593
U00446,M00240,view,1,1750936387
U00446,M00203,view,1,1735787179
U00446,M00472,like,3,1763768992
U00446,M00055,view,1,1740270987
U00446,M00171,view,1,1738267183
U00446,M00483,watch,2,1754786010
U00447,M00123,view,1,1745568144
U00447,M00190,like,3,1761312560
U00447,M00268,view,1,1736321853
U00447,M00746,watch,2,1743571539
U00447,M00199,view,1,1744647886
U00447,M00500,like,3,1761915573
U00447,M00357,view,1,1740059932
U00447,M00168,view,1,1736801606
U00447,M00591,watch,2,1735782578
U00447,M00494,view,1,1765438818
U00447,M00572,watch,2,1737118393
U00447,M00483,watch,2,1757843824
U00447,M00316,watch,2,1756728779
U00447,M00344,view,1,1741242103
U00447,M00182,view,1,1745739210
U00447,M00618,view,1,1759202578
U00447,M00034,like,3,1743901170
U00448,M00340,view,1,1749241032
U00448,M00299,like,3,1748238630
U00448,M00025,view,1,1753372562
U00448,M00148,view,1,1746549477
U00448,M00078,watch,2,1739713061
U00448,M00134,watch,2,1739198541
U00448,M00639,view,1,1761770249
U00448,M00086,view,1,1740268175
U00448,M00036,watch,2,1754534837
U00448,M00304,like,3,1762054925
U00448,M00741,view,1,1746696460
U00448,M00285,view,1,1738965733
U00448,M00119,view,1,1738973114
U00448,M00625,view,1,1759998560
U00448,M00166,view,1,1753597649
U00448,M00069,view,1,1748140104
U00448,M00385,watch,2,1762468065
U00448,M00704,view,1,1750761428
U00448,M00794,view,1,1739611394
U00449,M00314,view,1,1765809165
U00449,M00135,watch,2,1760027497
U00449,M00098,purchase,5,1760786850
U00449,M00708,view,1,1759013512
U00449,M00586,purchase,5,1743281792
U00449,M00799,view,1,1756559611
U00449,M00279,view,1,1738992713
U00449,M00187,view,1,1738065795
U00449,M00395,watch,2,1755916278
U00449,M00785,view,1,1766931737
U00449,M00530,watch,2,1766150675
U00449,M00014,view,1,1755727692
U00449,M00370,view,1,1754459990
U00449,M00371,watch,2,1765222719
U00449,M00438,view,1,1756881709
U00449,M00734,view,1,1762974336
U00449,M00538,purchase,5,1738030823
U00449,M00290,view,1,1737880414
U00449,M00116,purchase,5,1750716974
U00449,M00750,watch,2,1744090617
U00449,M00710,watch,2,1751362486
U00449,M00197,view,1,1740577887
U00449,M00760,watch,2,1751352996
U00449,M00394,view,1,1746191836
U00450,M00359,view,1,1756879004
U00450,M00240,view,1,1761221286
U00450,M00134,like,3,1765238155
U00450,M00563,view,1,1765046492
U00450,M00317,view,1,1764400101
U00450,M00202,view,1,1736414275
U00450,M00760,view,1,1738419531
U00450,M00297,purchase,5,1754954205
U00450,M00396,view,1,1741276357
U00450,M00453,view,1,1762681422
U00450,M00032,view,1,1761526989
U00450,M00663,watch,2,1737574461
U00450,M00616,view,1,1758919731
U00451,M00592,view,1,1747834574
U00451,M00648,view,1,1736759156
U00451,M00033,watch,2,1754357175
U00451,M00459,like,3,1756647003
U00451,M00301,like,3,1760393226
U00451,M00687,view,1,1761399312
U00451,M00348,view,1,1757316386
U00451,M00172,watch,2,1760039424
U00451,M00578,like,3,1760329023
U00451,M00453,view,1,1754322928
U00451,M00609,watch,2,1764298979
U00451,M00389,purchase,5,1764637268
U00451,M00412,like,3,1746009158
U00451,M00649,view,1,1760659575
U00452,M00024,view,1,1766404862
U00452,M00271,purchase,5,1749911668
U00452,M00012,view,1,1759506299
U00452,M00025,purchase,5,1742414650
U00452,M00786,watch,2,1735773636
U00452,M00031,view,1,1761235355
U00452,M00232,like,3,1757404701
U00452,M00412,watch,2,1742177543
U00452,M00701,view,1,1743305071
U00452,M00144,view,1,1756116091
U00452,M00340,view,1,1743387410
U00452,M00687,purchase,5,1764181032
U00452,M00010,watch,2,1766364103
U00452,M00145,watch,2,1740206181
U00452,M00700,like,3,1762008727
U00452,M00072,watch,2,1749160561
U00452,M00455,watch,2,1738777702
U00452,M00287,watch,2,1751563470
U00452,M00142,view,1,1735775502
U00453,M00543,like,3,1762588750
U00453,M00453,view,1,1765556009
U00453,M00105,like,3,1762252201
U00453,M00596,view,1,1763760376
U00453,M00770,watch,2,1761036452
U00453,M00410,watch,2,1740438882
U00453,M00289,view,1,1755285613
U00453,M00786,watch,2,1756386038
U00453,M00019,watch,2,1766684853
U00453,M00650,view,1,1750158831
U00453,M00593,view,1,1757592831
U00453,M00125,watch,2,1748187666
U00453,M00602,view,1,1743348212
U00454,M00327,view,1,1761071357
U00454,M00575,view,1,1760923165
U00454,M00609,view,1,1751779902
U00454,M00362,view,1,1740187928
U00454,M00039,view,1,1763766147
U00454,M00633,view,1,1745615609
U00454,M00316,like,3,1756558522
U00454,M00371,view,1,1751118763
U00454,M00203,view,1,1760085733
U00454,M00317,watch,2,1763546517
U00454,M00528,view,1,1752645911
U00454,M00367,view,1,1754159598
U00455,M00394,like,3,1761966006
U00455,M00062,view,1,1738385139
U00455,M00346,like,3,1737402448
U00455,M00556,watch,2,1748852117
U00455,M00595,watch,2,1766866559
U00455,M00781,view,1,1758733569
U00455,M00294,like,3,1748995789
U00455,M00131,view,1,1742794060
U00455,M00440,watch,2,1735901090
U00455,M00275,view,1,1736925498
U00455,M00680,watch,2,1749970556
U00455,M00245,view,1,1743506322
U00456,M00773,view,1,1750758646
U00456,M00708,view,1,1737510435
U00456,M00306,view,1,1740099004
U00456,M00045,view,1,1741497284
U00456,M00398,view,1,1738805025
U00456,M00550,watch,2,1762579545
U00456,M00506,watch,2,1740637153
U00456,M00732,watch,2,1762119639
U00456,M00075,watch,2,1752741740
U00456,M00498,like,3,1753002422
U00456,M00596,view,1,1752707457
U00456,M00354,watch,2,1745340627
U00456,M00662,view,1,1763866316
U00456,M00608,watch,2,1748708184
U00456,M00464,like,3,1763855763
U00456,M00316,view,1,1751108842
U00456,M00275,view,1,1752925807
U00456,M00397,watch,2,1736588317
U00456,M00608,watch,2,1765806190
U00456,M00420,view,1,1753904778
U00456,M00501,like,3,1749725363
U00456,M00278,watch,2,1744408696
U00456,M00023,purchase,5,1747489385
U00456,M00686,like,3,1747822515
U00457,M00360,view,1,1757039427
U00457,M00650,view,1,1762005664
U00457,M00076,watch,2,1766158735
U00457,M00754,watch,2,1748427215
U00457,M00500,view,1,1753503017
U00457,M00269,view,1,1751729725
U00457,M00636,watch,2,1746200171
U00457,M00219,watch,2,1749348023
U00457,M00422,watch,2,1742435642
U00457,M00630,watch,2,1759475475
U00457,M00457,view,1,1742082448
U00457,M00568,view,1,1759714002
U00457,M00148,view,1,1755147239
U00457,M00310,view,1,1752279212
U00457,M00394,watch,2,1765080325
U00457,M00573,view,1,1743395957
U00457,M00524,watch,2,1763760568
U00457,M00411,view,1,1737792225
U00457,M00526,like,3,1753619891
U00457,M00759,watch,2,1746761444
U00457,M00397,view,1,1765913492
U00457,M00687,like,3,1758424970
U00457,M00781,view,1,1743874556
U00457,M00310,purchase,5,1748601678
U00458,M00626,like,3,1753312208
U00458,M00495,watch,2,1753083759
U00458,M00284,view,1,1744625806
U00458,M00697,purchase,5,1760472502
U00458,M00446,view,1,1742220654
U00458,M00247,like,3,1746450509
U00458,M00115,view,1,1764667699
U00458,M00310,view,1,1746885001
U00458,M00665,view,1,1746204746
U00458,M00206,view,1,1741232549
U00458,M00216,view,1,1743562272
U00458,M00605,view,1,1748969739
U00458,M00661,watch,2,1749539173
U00458,M00610,view,1,1741315071
U00458,M00173,watch,2,1762104460
U00458,M00099,watch,2,1741552814
U00458,M00500,watch,2,1764047116
U00458,M00233,view,1,1764832403
U00458,M00253,view,1,1750902361
U00458,M00396,view,1,1744178076
U00458,M00168,view,1,1765966681
U00458,M00510,watch,2,1744676628
U00458,M00781,view,1,1762622886
U00459,M00754,view,1,1741088475
U00459,M00166,watch,2,1766712676
U00459,M00498,view,1,1743948984
U00459,M00459,view,1,1755130611
U00459,M00566,view,1,1758891858
U00459,M00230,view,1,1757390282
U00459,M00066,view,1,1760284250
U00459,M00294,like,3,1742798647
U00459,M00689,watch,2,1741582741
U00459,M00412,like,3,1753957156
U00459,M00636,view,1,1762201379
U00459,M00680,view,1,1759071170
U00459,M00642,watch,2,1759303525
U00459,M00380,view,1,1741308461
U00459,M00390,like,3,1759579410
U00459,M00069,view,1,1755825223
U00459,M00311,view,1,1755833085
U00459,M00783,view,1,1762769445
U00459,M00250,watch,2,1746847354
U00459,M00204,view,1,1743488156
U00459,M00735,view,1,1759995026
U00459,M00210,view,1,1756259374
U00459,M00296,view,1,1760884391
U00459,M00524,view,1,1743703298
U00459,M00098,watch,2,1744206295
U00460,M00479,like,3,1746339437
U00460,M00770,view,1,1759998621
U00460,M00453,watch,2,1766889597
U00460,M00773,view,1,1740818209
U00460,M00259,view,1,1764076047
U00460,M00725,watch,2,1750410734
U00460,M00509,purchase,5,1738794204
U00460,M00565,watch,2,1746941732
U00460,M00255,like,3,1757658558
U00460,M00082,view,1,1745675301
U00460,M00794,like,3,1736730529
U00460,M00288,view,1,1744336525
U00460,M00018,view,1,1756867355
U00460,M00491,view,1,1736815786
U00460,M00129,like,3,1754892018
U00460,M00481,view,1,1749574692
U00461,M00492,view,1,1752267946
U00461,M00235,view,1,1752606050
U00461,M00800,watch,2,1755369868
U00461,M00024,view,1,1758819173
U00461,M00098,view,1,1735787151
U00461,M00425,view,1,1765242472
U00461,M00427,view,1,1753998377
U00461,M00108,watch,2,1762135418
U00461,M00618,view,1,1761607457
U00461,M00084,view,1,1755043313
U00461,M00797,watch,2,1738820396
U00461,M00755,view,1,1757123059
U00461,M00450,purchase,5,1765787872
U00461,M00159,view,1,1762986406
U00461,M00671,view,1,1766154077
U00461,M00225,view,1,1742687772
U00461,M00046,watch,2,1738994562
U00461,M00604,view,1,1764305372
U00461,M00163,watch,2,1759219729
U00461,M00022,watch,2,1760242356
U00461,M00778,view,1,1753773705
U00461,M00093,view,1,1762946231
U00461,M00780,watch,2,1749316125
U00462,M00105,view,1,1766585289
U00462,M00296,view,1,1764501845
U00462,M00519,view,1,1756062647
U00462,M00746,watch,2,1752679517
U00462,M00778,watch,2,1761661927
U00462,M00067,view,1,1748225230
U00462,M00236,watch,2,1758462799
U00462,M00645,view,1,1736027968
U00462,M00520,purchase,5,1753814100
U00462,M00666,view,1,1753295330
U00462,M00126,watch,2,1758917202
U00462,M00520,watch,2,1763732546
U00462,M00056,like,3,1743983270
U00462,M00212,view,1,1757453056
U00463,M00744,view,1,1742605090
U00463,M00321,watch,2,1759582132
U00463,M00669,view,1,1763751913
U00463,M00760,view,1,1766568858
U00463,M00029,purchase,5,1758922353
U00463,M00271,view,1,1749874082
U00463,M00347,like,3,1746841607
U00463,M00083,view,1,1762170969
U00463,M00694,watch,2,1764243225
U00463,M00634,like,3,1756928027
U00463,M00227,view,1,1742778061
U00463,M00029,purchase,5,1749763444
U00463,M00514,like,3,1760528877
U00463,M00240,view,1,1761635450
U00463,M00027,view,1,1765004132
U00463,M00623,watch,2,1763470777
U00463,M00780,like,3,1742472731
U00463,M00452,view,1,1764146973
U00463,M00601,view,1,1759724617
U00463,M00447,like,3,1739579511
U00463,M00744,view,1,1743015644
U00463,M00443,view,1,1762748562
U00463,M00648,view,1,1754642982
U00463,M00409,watch,2,1739202187
U00464,M00337,view,1,1764221096
U00464,M00336,purchase,5,1750191468
U00464,M00155,view,1,1736264800
U00464,M00681,watch,2,1751523510
U00464,M00120,view,1,1745989640
U00464,M00282,view,1,1735960829
U00464,M00233,watch,2,1760359500
U00464,M00339,watch,2,1766792574
U00464,M00259,view,1,1755665135
U00464,M00481,view,1,1759037535
U00464,M00502,watch,2,1737446261
U00464,M00452,view,1,1736624340
U00464,M00747,watch,2,1755124041
U00464,M00255,view,1,1763925354
U00464,M00480,like,3,1741096201
U00464,M00295,like,3,1764924519
U00464,M00618,view,1,1745457150
U00464,M00120,view,1,1761914484
U00464,M00561,view,1,1739916460
U00465,M00225,view,1,1753393991
U00465,M00280,watch,2,1754836312
U00465,M00616,purchase,5,1755211106
U00465,M00021,view,1,1750749690
U00465,M00339,view,1,1740235848
U00465,M00420,view,1,1741600802
U00465,M00079,view,1,1746061020
U00465,M00649,watch,2,1757292512
U00465,M00131,purchase,5,1753525920
U00465,M00041,like,3,1765987494
U00465,M00117,watch,2,1746849613
U00465,M00034,view,1,1740398977
U00465,M00358,like,3,1760962170
U00465,M00334,like,3,1761851781
U00465,M00482,watch,2,1739090128
U00465,M00093,watch,2,1739662864
U00465,M00565,watch,2,1761699085
U00465,M00013,view,1,1736738432
U00465,M00117,view,1,1747509670
U00465,M00415,view,1,1749636252
U00466,M00091,like,3,1748345063
U00466,M00649,purchase,5,1743352261
U00466,M00359,purchase,5,1756933954
U00466,M00038,watch,2,1746890131
U00466,M00093,watch,2,1746636155
U00466,M00414,like,3,1761456613
U00466,M00681,watch,2,1760694893
U00466,M00093,view,1,1765697854
U00466,M00569,view,1,1762464873
U00466,M00658,view,1,1750843326
U00466,M00245,view,1,1759477272
U00466,M00733,view,1,1763061140
U00466,M00271,watch,2,1737355541
U00466,M00576,view,1,1766616744
U00466,M00367,view,1,1759414997
U00466,M00215,watch,2,1745165187
U00466,M00494,like,3,1738694677
U00466,M00235,view,1,1741487395
U00466,M00315,watch,2,1752421106
U00466,M00692,view,1,1762618137
U00467,M00004,view,1,1748584535
U00467,M00766,watch,2,1760280899
U00467,M00694,like,3,1763496763
U00467,M00506,watch,2,1752962547
U00467,M00386,view,1,1749280393
U00467,M00450,view,1,1763339401
U00467,M00652,watch,2,1751471794
U00467,M00001,watch,2,1753995466
U00467,M00320,watch,2,1747335816
U00467,M00711,watch,2,1766696030
U00467,M00478,view,1,1757820791
U00467,M00682,purchase,5,1745634511
U00467,M00621,view,1,1736369250
U00467,M00340,view,1,1736146341
U00467,M00148,view,1,1737864547
U00467,M00332,view,1,1755601671
U00467,M00426,view,1,1765738420
U00467,M00577,watch,2,1760200913
U00467,M00409,like,3,1741100199
U00467,M00214,like,3,1748771818
U00467,M00192,like,3,1742223217
U00467,M00197,view,1,1754020649
U00468,M00528,view,1,1753686932
U00468,M00437,like,3,1764431336
U00468,M00117,view,1,1736450486
U00468,M00348,view,1,1745978849
U00468,M00721,view,1,1742618752
U00468,M00429,like,3,1739069402
U00468,M00710,view,1,1737860586
U00468,M00755,view,1,1736500992
U00468,M00438,purchase,5,1747801307
U00468,M00800,watch,2,1736798926
U00468,M00566,watch,2,1750585919
U00468,M00213,view,1,1751285342
U00468,M00351,like,3,1744181643
U00468,M00141,view,1,1762689174
U00468,M00290,like,3,1756364950
U00468,M00655,view,1,1758405941
U00469,M00420,view,1,1757756901
U00469,M00322,view,1,1743358879
U00469,M00612,view,1,1741527079
U00469,M00503,watch,2,1739049213
U00469,M00256,view,1,1754744237
U00469,M00140,view,1,1746044004
U00469,M00060,view,1,1765129412
U00469,M00711,view,1,1742224815
U00469,M00612,view,1,1755349359
U00469,M00763,watch,2,1744788333
U00469,M00495,view,1,1749823054
U00469,M00532,view,1,1764171139
U00470,M00639,view,1,1735996328
U00470,M00053,view,1,1764375439
U00470,M00224,view,1,1736917440
U00470,M00563,view,1,1745089237
U00470,M00281,view,1,1735905167
U00470,M00311,like,3,1741152800
U00470,M00799,like,3,1745474777
U00470,M00094,watch,2,1752343666
U00470,M00055,watch,2,1755261234
U00470,M00586,watch,2,1757923401
U00470,M00436,view,1,1760855826
U00470,M00475,like,3,1763620397
U00470,M00311,view,1,1754091983
U00470,M00766,purchase,5,1757495248
U00470,M00320,view,1,1763520892
U00470,M00275,like,3,1739443368
U00470,M00123,like,3,1743661189
U00470,M00046,view,1,1744307472
U00470,M00527,watch,2,1759498562
U00470,M00781,view,1,1736475050
U00470,M00036,view,1,1766927317
U00471,M00480,like,3,1756065881
U00471,M00022,watch,2,1754665491
U00471,M00131,watch,2,1736570103
U00471,M00043,like,3,1739111340
U00471,M00733,watch,2,1749053733
U00471,M00380,watch,2,1761626015
U00471,M00427,view,1,1743343549
U00471,M00602,like,3,1736444105
U00471,M00511,view,1,1743487038
U00471,M00630,like,3,1737310753
U00471,M00543,view,1,1754554811
U00471,M00105,view,1,1739183901
U00471,M00653,like,3,1747472923
U00471,M00031,view,1,1741125460
U00471,M00623,view,1,1746238944
U00471,M00163,watch,2,1763145014
U00471,M00176,like,3,1765133074
U00472,M00169,watch,2,1760768593
U00472,M00037,view,1,1752432485
U00472,M00633,view,1,1747890652
U00472,M00549,view,1,1741740649
U00472,M00337,view,1,1750553010
U00472,M00592,purchase,5,1744220935
U00472,M00412,view,1,1755750459
U00472,M00669,view,1,1752586349
U00472,M00414,view,1,1744775430
U00472,M00246,view,1,1741542558
U00472,M00746,view,1,1751366066
U00472,M00298,view,1,1742404151
U00473,M00040,like,3,1755474083
U00473,M00221,view,1,1748331487
U00473,M00355,view,1,1737496069
U00473,M00593,view,1,1755121337
U00473,M00269,like,3,1764225103
U00473,M00135,view,1,1766873583
U00473,M00543,like,3,1755141360
U00473,M00150,view,1,1749825099
U00473,M00242,watch,2,1755164107
U00473,M00769,like,3,1748715598
U00473,M00268,watch,2,1740279118
U00473,M00749,view,1,1747805864
U00473,M00397,watch,2,1757496273
U00473,M00565,like,3,1745435585
U00473,M00440,watch,2,1747374835
U00473,M00749,watch,2,1761378185
U00473,M00197,like,3,1747678122
U00473,M00183,view,1,1765833383
U00473,M00049,watch,2,1743740676
U00473,M00135,watch,2,1750453936
U00474,M00250,watch,2,1764184473
U00474,M00632,like,3,1754459194
U00474,M00293,view,1,1744158223
U00474,M00120,view,1,1761884173
U00474,M00116,view,1,1757096686
U00474,M00254,view,1,1748844568
U00474,M00799,view,1,1755469856
U00474,M00505,view,1,1757533413
U00474,M00380,like,3,1758207228
U00474,M00497,like,3,1755808876
U00474,M00491,view,1,1743759273
U00474,M00785,view,1,1738078464
U00474,M00060,watch,2,1764532485
U00474,M00385,watch,2,1738678668
U00474,M00117,view,1,1747292375
U00474,M00634,view,1,1759494339
U00474,M00021,like,3,1736070009
U00474,M00042,like,3,1761165372
U00474,M00056,view,1,1756251176
U00474,M00685,view,1,1748324605
U00474,M00571,watch,2,1747787494
U00474,M00336,view,1,1763828396
U00474,M00280,like,3,1754963453
U00474,M00670,like,3,1747498093
U00475,M00395,view,1,1752677198
U00475,M00022,view,1,1759296955
U00475,M00405,purchase,5,1737657070
U00475,M00582,like,3,1737163744
U00475,M00090,view,1,1750626947
U00475,M00314,like,3,1747749831
U00475,M00483,view,1,1738861460
U00475,M00180,view,1,1737990052
U00475,M00563,like,3,1737062334
U00475,M00229,purchase,5,1738598990
U00475,M00052,watch,2,1739377780
U00475,M00779,view,1,1744991457
U00475,M00641,watch,2,1735998002
U00475,M00240,like,3,1750311772
U00475,M00783,purchase,5,1757386142
U00475,M00055,view,1,1744708690
U00475,M00158,watch,2,1741489488
U00475,M00675,like,3,1737552159
U00475,M00084,view,1,1765813699
U00475,M00031,view,1,1750689721
U00476,M00026,view,1,1746875534
U00476,M00015,watch,2,1757663073
U00476,M00052,view,1,1756775101
U00476,M00205,view,1,1753158724
U00476,M00493,view,1,1753499839
U00476,M00252,view,1,1761433106
U00476,M00584,view,1,1760717540
U00476,M00101,like,3,1750802324
U00476,M00018,watch,2,1745884170
U00476,M00790,watch,2,1748426182
U00476,M00180,like,3,1759347380
U00476,M00494,view,1,1743558726
U00476,M00303,view,1,1749808016
U00476,M00518,watch,2,1751720434
U00476,M00378,view,1,1749403388
U00476,M00576,view,1,1750857106
U00476,M00755,view,1,1741782501
U00476,M00258,view,1,1745671912
U00476,M00655,view,1,1753141324
U00477,M00218,view,1,1739118160
U00477,M00279,view,1,1766833119
U00477,M00415,view,1,1741482341
U00477,M00447,view,1,1746757801
U00477,M00287,view,1,1749783868
U00477,M00782,view,1,1752124658
U00477,M00739,purchase,5,1759589286
U00477,M00563,view,1,1757858042
U00477,M00377,view,1,1763055971
U00477,M00290,like,3,1736584223
U00477,M00117,watch,2,1765358466
U00477,M00455,view,1,1755239663
U00477,M00361,view,1,1744695548
U00477,M00500,like,3,1762930032
U00477,M00279,view,1,1740215111
U00477,M00743,view,1,1766944538
U00477,M00175,view,1,1763486426
U00477,M00020,like,3,1766391640
U00477,M00193,view,1,1750565711
U00477,M00101,watch,2,1765799163
U00477,M00164,view,1,1740945372
U00477,M00290,view,1,1750976040
U00477,M00678,like,3,1761984542
U00478,M00471,view,1,1746739723
U00478,M00483,view,1,1757489888
U00478,M00242,view,1,1760525504
U00478,M00109,view,1,1763742207
U00478,M00481,view,1,1756730762
U00478,M00663,watch,2,1744505442
U00478,M00071,view,1,1755246120
U00478,M00064,watch,2,1765767145
U00478,M00365,view,1,1738884487
U00478,M00602,like,3,1762079640
U00478,M00617,view,1,1736336825
U00478,M00113,view,1,1737753576
U00478,M00785,view,1,1749309375
U00478,M00141,purchase,5,1757037061
U00478,M00343,view,1,1757350790
U00478,M00489,view,1,1741735006
U00478,M00497,view,1,1752788599
U00478,M00155,watch,2,1766665123
U00478,M00330,watch,2,1747633691
U00479,M00122,watch,2,1760204599
U00479,M00103,watch,2,1739821406
U00479,M00037,view,1,1736063245
U00479,M00222,view,1,1756155627
U00479,M00766,view,1,1765649644
U00479,M00569,view,1,1764348601
U00479,M00123,like,3,1752896243
U00479,M00210,like,3,1746290336
U00479,M00334,purchase,5,1748132849
U00479,M00200,view,1,1740371039
U00479,M00639,view,1,1738928044
U00479,M00394,like,3,1743804072
U00479,M00048,like,3,1759034458
U00479,M00363,watch,2,1740592723
U00479,M00218,view,1,1740944878
U00479,M00367,like,3,1755129272
U00479,M00651,view,1,1739444002
U00480,M00101,view,1,1754610371
U00480,M00279,view,1,1738364116
U00480,M00221,view,1,1766658795
U00480,M00287,view,1,1758811460
U00480,M00123,like,3,1750930216
U00480,M00043,view,1,1753916910
U00480,M00134,view,1,1758717628
U00480,M00615,purchase,5,1735757614
U00480,M00016,view,1,1763749482
U00480,M00672,view,1,1746881414
U00480,M00344,view,1,1765777101
U00480,M00767,view,1,1759615488
U00480,M00484,like,3,1757047524
U00480,M00127,view,1,1739454434
U00480,M00541,view,1,1742406014
U00480,M00492,view,1,1753877170
U00480,M00733,like,3,1743936872
U00480,M00683,watch,2,1752918284
U00481,M00337,watch,2,1758896229
U00481,M00007,watch,2,1738165027
U00481,M00073,watch,2,1759343516
U00481,M00726,like,3,1752261812
U00481,M00104,like,3,1765696668
U00481,M00326,like,3,1741522296
U00481,M00731,view,1,1742585897
U00481,M00557,watch,2,1751905874
U00481,M00483,view,1,1737181322
U00481,M00645,view,1,1742945763
U00481,M00006,like,3,1756111894
U00481,M00334,view,1,1739631127
U00481,M00108,view,1,1761232303
U00481,M00572,like,3,1752085292
U00481,M00441,view,1,1766119803
U00481,M00446,like,3,1764824662
U00481,M00271,like,3,1761949030
U00481,M00497,view,1,1764197229
U00481,M00635,watch,2,1761267547
U00481,M00532,view,1,1737318215
U00481,M00671,watch,2,1739220218
U00481,M00374,view,1,1760491147
U00481,M00344,view,1,1743732108
U00481,M00643,like,3,1741486821
U00482,M00030,view,1,1738995650
U00482,M00315,purchase,5,1762093369
U00482,M00035,view,1,1752266731
U00482,M00495,view,1,1746514084
U00482,M00644,view,1,1753747825
U00482,M00751,view,1,1753111370
U00482,M00098,watch,2,1747359063
U00482,M00209,view,1,1752832581
U00482,M00670,like,3,1762210670
U00482,M00355,view,1,1757369667
U00482,M00014,view,1,1766521947
U00482,M00172,like,3,1763678279
U00482,M00479,purchase,5,1761570538
U00482,M00093,view,1,1752191629
U00482,M00524,purchase,5,1765297249
U00482,M00309,like,3,1736844947
U00482,M00106,view,1,1756243542
U00482,M00654,view,1,1742680475
U00482,M00019,watch,2,1759611653
U00482,M00394,like,3,1758276868
U00482,M00392,view,1,1752064292
U00482,M00593,view,1,1737643140
U00482,M00663,view,1,1766102411
U00482,M00768,view,1,1736470552
U00482,M00117,view,1,1761525504
U00483,M00339,view,1,1749150274
U00483,M00024,watch,2,1750196223
U00483,M00011,like,3,1766956222
U00483,M00233,view,1,1747611512
U00483,M00615,view,1,1758455887
U00483,M00787,view,1,1744980298
U00483,M00673,watch,2,1742307521
U00483,M00594,like,3,1736456534
U00483,M00247,view,1,1758831437
U00483,M00062,view,1,1748845819
U00483,M00230,view,1,1754670799
U00483,M00385,view,1,1738093131
U00483,M00623,like,3,1738002567
U00483,M00741,like,3,1752157343
U00484,M00671,watch,2,1765929766
U00484,M00403,purchase,5,1754092578
U00484,M00572,view,1,1761378583
U00484,M00645,view,1,1755129124
U00484,M00563,like,3,1763254859
U00484,M00366,view,1,1744149095
U00484,M00440,view,1,1735920971
U00484,M00171,view,1,1735828173
U00484,M00060,view,1,1761391091
U00484,M00362,view,1,1751589090
U00484,M00673,view,1,1736226384
U00484,M00196,view,1,1736049997
U00484,M00660,view,1,1756197284
U00484,M00222,view,1,1754904084
U00484,M00289,view,1,1761244412
U00484,M00169,view,1,1758373362
U00485,M00380,watch,2,1749087643
U00485,M00627,view,1,1761484269
U00485,M00053,like,3,1753556608
U00485,M00346,watch,2,1763513981
U00485,M00083,view,1,1753204186
U00485,M00197,like,3,1743181379
U00485,M00798,purchase,5,1760993923
U00485,M00393,view,1,1756054268
U00485,M00252,view,1,1750878243
U00485,M00353,view,1,1750460907
U00485,M00265,view,1,1749777046
U00485,M00057,watch,2,1754658903
U00485,M00025,view,1,1735705072
U00485,M00144,purchase,5,1744316611
U00485,M00495,watch,2,1738411175
U00485,M00029,view,1,1748021012
U00485,M00465,watch,2,1764366150
U00485,M00098,view,1,1762012253
U00485,M00474,purchase,5,1743402668
U00486,M00690,view,1,1753702619
U00486,M00478,view,1,1763788621
U00486,M00604,like,3,1764809099
U00486,M00046,view,1,1762315277
U00486,M00153,view,1,1762429192
U00486,M00496,watch,2,1765804891
U00486,M00437,view,1,1741176792
U00486,M00522,purchase,5,1750808000
U00486,M00285,view,1,1764366975
U00486,M00572,view,1,1737638181
U00486,M00677,watch,2,1744240966
U00486,M00449,like,3,1762409387
U00486,M00459,view,1,1764433621
U00486,M00157,view,1,1758320267
U00486,M00750,like,3,1747867124
U00486,M00363,view,1,1765760019
U00486,M00721,view,1,1751529103
U00486,M00119,like,3,1758251431
U00486,M00438,view,1,1752309409
U00486,M00436,watch,2,1754256714
U00486,M00700,watch,2,1758951003
U00486,M00139,view,1,1751527494
U00486,M00077,watch,2,1753691981
U00486,M00693,like,3,1761048758
U00487,M00135,view,1,1737559533
U00487,M00623,like,3,1765887207
U00487,M00716,like,3,1740391318
U00487,M00380,view,1,1752018437
U00487,M00217,view,1,1754012826
U00487,M00453,view,1,1746920964
U00487,M00623,watch,2,1766351562
U00487,M00512,watch,2,1741472284
U00487,M00800,view,1,1756038730
U00487,M00071,like,3,1755632817
U00487,M00209,view,1,1752472354
U00487,M00017,view,1,1745626950
U00487,M00289,watch,2,1757562011
U00487,M00142,watch,2,1744473586
U00487,M00231,like,3,1736523086
U00487,M00086,view,1,1748917080
U00487,M00412,view,1,1747925759
U00487,M00131,view,1,1744945637
U00487,M00326,view,1,1738359873
U00487,M00647,like,3,1752824950
U00488,M00120,like,3,1739002763
U00488,M00434,like,3,1758544543
U00488,M00624,watch,2,1745035085
U00488,M00770,watch,2,1759401144
U00488,M00056,view,1,1751146121
U00488,M00106,view,1,1737209055
U00488,M00779,like,3,1750006018
U00488,M00100,view,1,1743491474
U00488,M00649,view,1,1751060354
U00488,M00232,view,1,1748672997
U00488,M00084,like,3,1764968972
U00488,M00543,like,3,1738455593
U00488,M00303,like,3,1756586335
U00488,M00275,watch,2,1735796165
U00488,M00338,like,3,1751792950
U00488,M00543,watch,2,1742972693
U00488,M00557,like,3,1736421819
U00488,M00693,view,1,1747010482
U00488,M00575,watch,2,1743889027
U00488,M00084,view,1,1755337855
U00488,M00079,view,1,1749274308
U00488,M00112,view,1,1758441866
U00488,M00795,purchase,5,1739702209
U00488,M00158,watch,2,1753398323
U00489,M00491,view,1,1744811089
U00489,M00444,view,1,1765134649
U00489,M00666,view,1,1764473945
U00489,M00690,watch,2,1743037854
U00489,M00328,view,1,1743354288
U00489,M00023,watch,2,1757722061
U00489,M00152,view,1,1759530456
U00489,M00460,watch,2,1748055198
U00489,M00479,view,1,1763454827
U00489,M00604,purchase,5,1751918824
U00489,M00109,like,3,1751536002
U00489,M00543,view,1,1757605479
U00489,M00109,watch,2,1757143343
U00489,M00761,view,1,1745412104
U00489,M00218,view,1,1754509736
U00489,M00057,view,1,1735698325
U00489,M00294,view,1,1754779374
U00489,M00746,view,1,1750579195
U00489,M00720,watch,2,1748140052
U00490,M00194,view,1,1748074346
U00490,M00196,watch,2,1738310940
U00490,M00410,view,1,1741624101
U00490,M00406,view,1,1766026948
U00490,M00554,watch,2,1756783301
U00490,M00636,view,1,1747671020
U00490,M00414,view,1,1757596259
U00490,M00063,view,1,1756420630
U00490,M00161,watch,2,1743797987
U00490,M00287,view,1,1740247277
U00490,M00361,view,1,1764918145
U00490,M00120,view,1,1762541816
U00490,M00162,view,1,1743925698
U00490,M00279,view,1,1737550636
U00490,M00218,watch,2,1762213590
U00490,M00380,watch,2,1744139963
U00490,M00116,view,1,1759232426
U00490,M00508,watch,2,1745880425
U00490,M00621,purchase,5,1764899915
U00490,M00558,view,1,1750000693
U00491,M00590,watch,2,1742301702
U00491,M00193,watch,2,1765600496
U00491,M00271,view,1,1764893691
U00491,M00228,watch,2,1760423309
U00491,M00661,view,1,1742838809
U00491,M00662,watch,2,1752574086
U00491,M00097,watch,2,1766598976
U00491,M00766,watch,2,1755127772
U00491,M00767,view,1,1736707099
U00491,M00419,view,1,1756256935
U00491,M00303,view,1,1766829012
U00491,M00797,view,1,1755041678
U00491,M00269,view,1,1761449480
U00491,M00421,view,1,1747483106
U00491,M00707,view,1,1762597067
U00491,M00197,view,1,1748565344
U00492,M00681,view,1,1737943683
U00492,M00572,watch,2,1742396578
U00492,M00414,watch,2,1742519650
U00492,M00197,view,1,1739220494
U00492,M00411,view,1,1758115905
U00492,M00754,like,3,1746530337
U00492,M00748,watch,2,1763823650
U00492,M00347,like,3,1752690198
U00492,M00545,watch,2,1756648404
U00492,M00170,watch,2,1737338094
U00492,M00255,view,1,1755939229
U00492,M00421,like,3,1740252869
U00492,M00800,like,3,1736149474
U00492,M00731,view,1,1758063762
U00492,M00262,watch,2,1765968392
U00492,M00212,watch,2,1759717984
U00492,M00767,view,1,1739221268
U00492,M00424,view,1,1752555703
U00492,M00084,like,3,1751754506
U00492,M00406,view,1,1743695299
U00492,M00124,view,1,1747992986
U00492,M00649,watch,2,1758935059
U00492,M00131,like,3,1738176860
U00492,M00672,view,1,1765392138
U00492,M00725,purchase,5,1741644620
U00493,M00180,watch,2,1735927902
U00493,M00695,view,1,1748544367
U00493,M00017,view,1,1746793553
U00493,M00007,view,1,1766997994
U00493,M00003,view,1,1759457701
U00493,M00223,like,3,1743527262
U00493,M00152,view,1,1766450685
U00493,M00525,view,1,1759072637
U00493,M00163,watch,2,1741727946
U00493,M00640,like,3,1766773726
U00493,M00164,like,3,1742821026
U00493,M00141,view,1,1764427724
U00493,M00731,view,1,1757684997
U00493,M00357,watch,2,1757949887
U00493,M00651,purchase,5,1740383904
U00493,M00703,view,1,1740992195
U00493,M00301,view,1,1745375271
U00494,M00160,purchase,5,1766919745
U00494,M00589,purchase,5,1749082371
U00494,M00412,watch,2,1757702797
U00494,M00385,view,1,1753417193
U00494,M00127,purchase,5,1742839265
U00494,M00554,view,1,1759388883
U00494,M00212,watch,2,1763461648
U00494,M00547,like,3,1748694250
U00494,M00042,purchase,5,1751755700
U00494,M00620,watch,2,1740417414
U00494,M00334,view,1,1756457056
U00494,M00206,like,3,1735819923
U00494,M00705,view,1,1760883160
U00494,M00068,like,3,1765316798
U00494,M00205,view,1,1755166782
U00494,M00264,view,1,1758831713
U00494,M00460,view,1,1761584130
U00494,M00306,watch,2,1748157557
U00494,M00522,watch,2,1741965403
U00494,M00087,like,3,1757835137
U00494,M00455,view,1,1763107909
U00495,M00423,like,3,1764256935
U00495,M00072,view,1,1765014724
U00495,M00302,like,3,1752485996
U00495,M00343,view,1,1747713883
U00495,M00785,view,1,1736557382
U00495,M00639,view,1,1755285767
U00495,M00636,view,1,1741261387
U00495,M00602,view,1,1740894010
U00495,M00672,view,1,1760572700
U00495,M00079,view,1,1753666247
U00495,M00474,view,1,1739382484
U00495,M00633,like,3,1757140190
U00495,M00693,view,1,1754040641
U00495,M00742,watch,2,1759735067
U00495,M00303,watch,2,1740444970
U00495,M00548,purchase,5,1756476705
U00495,M00491,view,1,1742086120
U00495,M00752,purchase,5,1748648866
U00495,M00310,view,1,1750565706
U00496,M00492,watch,2,1738796739
U00496,M00486,like,3,1757376062
U00496,M00210,like,3,1764976973
U00496,M00328,view,1,1759947690
U00496,M00402,view,1,1742170133
U00496,M00270,view,1,1766535285
U00496,M00691,like,3,1744842644
U00496,M00059,view,1,1753556573
U00496,M00564,purchase,5,1759029221
U00496,M00589,watch,2,1738713534
U00496,M00329,view,1,1746899948
U00496,M00621,view,1,1754900345
U00497,M00395,watch,2,1761853831
U00497,M00661,view,1,1756773940
U00497,M00114,watch,2,1759447740
U00497,M00024,watch,2,1744604797
U00497,M00325,watch,2,1758529853
U00497,M00199,view,1,1747118590
U00497,M00795,view,1,1766979907
U00497,M00402,like,3,1763739701
U00497,M00574,watch,2,1762259417
U00497,M00453,view,1,1755948706
U00497,M00511,like,3,1745231975
U00497,M00271,purchase,5,1745373406
U00497,M00374,watch,2,1737221009
U00498,M00457,view,1,1759473990
U00498,M00272,view,1,1757830813
U00498,M00375,watch,2,1753982885
U00498,M00636,watch,2,1744522515
U00498,M00678,view,1,1757026518
U00498,M00618,view,1,1748586929
U00498,M00799,view,1,1744565864
U00498,M00094,view,1,1766745303
U00498,M00160,watch,2,1737752515
U00498,M00487,view,1,1763404043
U00498,M00237,view,1,1737010771
U00498,M00681,view,1,1750149781
U00498,M00214,view,1,1745840422
U00499,M00120,like,3,1764811199
U00499,M00208,view,1,1742002696
U00499,M00326,watch,2,1762146816
U00499,M00328,view,1,1749157020
U00499,M00123,watch,2,1748086498
U00499,M00242,watch,2,1756556091
U00499,M00686,view,1,1753144323
U00499,M00717,view,1,1764113492
U00499,M00733,view,1,1739587848
U00499,M00483,view,1,1757332257
U00499,M00420,view,1,1737294629
U00499,M00302,view,1,1745157666
U00499,M00509,purchase,5,1751905161
U00499,M00521,view,1,1739907879
U00499,M00521,view,1,1742543228
U00499,M00115,view,1,1743101808
U00499,M00032,watch,2,1747935998
U00499,M00447,like,3,1766924516
U00499,M00662,view,1,1753742940
U00499,M00452,view,1,1747994557
U00499,M00512,view,1,1737357051
U00499,M00241,watch,2,1742659171
U00499,M00733,view,1,1743731420
U00499,M00643,view,1,1751318049
U00499,M00360,view,1,1742387645
U00500,M00774,view,1,1756856337
U00500,M00400,view,1,1749267613
U00500,M00733,watch,2,1745665091
U00500,M00035,watch,2,1741617043
U00500,M00567,view,1,1739776185
U00500,M00431,view,1,1747873957
U00500,M00650,view,1,1741680802
U00500,M00266,view,1,1760638246
U00500,M00405,like,3,1759398179
U00500,M00012,view,1,1744516759
U00500,M00563,view,1,1752007740
U00500,M00502,view,1,1759492365
U00500,M00161,watch,2,1748614338
U00500,M00168,view,1,1762544188
