user_id,offer_id,event_type,timestamp,device_type,region
R00001,O00083,impression,1744534481,tablet,Abuja
R00001,O00002,impression,1759822074,tablet,Abuja
R00001,O00109,impression,1755042682,tablet,Abuja
R00001,O00092,click,1751081488,tablet,Abuja
R00001,O00080,impression,1752313306,tablet,Abuja
R00001,O00063,impression,1761470381,tablet,Abuja
R00001,O00012,impression,1752200387,tablet,Abuja
R00001,O00109,impression,1762794519,tablet,Abuja
R00001,O00094,impression,1762556205,tablet,Abuja
R00001,O00030,impression,1762943455,tablet,Abuja
R00002,O00010,click,1744766384,mobile,Port Harcourt
R00002,O00005,impression,1748918219,mobile,Port Harcourt
R00002,O00016,impression,1755025913,mobile,Port Harcourt
R00002,O00057,click,1744685022,mobile,Port Harcourt
R00002,O00090,click,1744383629,mobile,Port Harcourt
R00002,O00114,impression,1753449107,mobile,Port Harcourt
R00003,O00058,redeem,1739157265,web,Lagos
R00003,O00063,impression,1748930178,web,Lagos
R00003,O00087,click,1757354639,web,Lagos
R00003,O00059,click,1750340933,web,Lagos
R00003,O00117,redeem,1759484189,web,Lagos
R00004,O00052,impression,1753432555,web,Ibadan
R00004,O00070,impression,1764369848,web,Ibadan
R00004,O00043,click,1756998647,web,Ibadan
R00004,O00073,click,1763329802,web,Ibadan
R00004,O00042,impression,1743144776,web,Ibadan
R00004,O00026,click,1744036759,web,Ibadan
R00004,O00041,impression,1737414777,web,Ibadan
R00004,O00105,impression,1750259154,web,Ibadan
R00005,O00041,impression,1760768471,mobile,Abuja
R00005,O00117,click,1757738193,mobile,Abuja
R00005,O00075,click,1738804488,mobile,Abuja
R00005,O00088,click,1762464461,mobile,Abuja
R00006,O00097,click,1753752315,mobile,Enugu
R00006,O00015,click,1752459501,mobile,Enugu
R00006,O00064,impression,1749803466,mobile,Enugu
R00006,O00003,click,1760473266,mobile,Enugu
R00006,O00055,impression,1766820469,mobile,Enugu
R00006,O00037,redeem,1758437118,mobile,Enugu
R00006,O00015,impression,1749680897,mobile,Enugu
R00007,O00073,impression,1751743807,web,Enugu
R00007,O00104,redeem,1753622109,web,Enugu
R00007,O00033,click,1741123300,web,Enugu
R00007,O00096,impression,1749653105,web,Enugu
R00007,O00086,click,1749259630,web,Enugu
R00007,O00111,click,1758006470,web,Enugu
R00007,O00041,click,1766189112,web,Enugu
R00008,O00080,redeem,1758056949,tablet,Ibadan
R00008,O00114,impression,1753274828,tablet,Ibadan
R00008,O00025,impression,1761097262,tablet,Ibadan
R00008,O00027,impression,1738864269,tablet,Ibadan
R00008,O00024,impression,1742900508,tablet,Ibadan
R00008,O00014,impression,1741542747,tablet,Ibadan
R00008,O00099,click,1766411357,tablet,Ibadan
R00008,O00099,click,1756418141,tablet,Ibadan
R00009,O00003,impression,1745729908,tablet,Enugu
R00009,O00119,click,1740144683,tablet,Enugu
R00009,O00040,impression,1752495004,tablet,Enugu
R00009,O00056,click,1757566376,tablet,Enugu
R00009,O00064,impression,1752070560,tablet,Enugu
R00009,O00116,impression,1741561047,tablet,Enugu
R00009,O00015,impression,1737525885,tablet,Enugu
R00009,O00011,impression,1738680213,tablet,Enugu
R00009,O00037,click,1748712969,tablet,Enugu
R00009,O00018,click,1762262046,tablet,Enugu
R00010,O00059,click,1766130139,web,Port Harcourt
R00010,O00061,redeem,1742107213,web,Port Harcourt
R00010,O00109,redeem,1746883066,web,Port Harcourt
R00010,O00028,click,1750261463,web,Port Harcourt
R00010,O00005,redeem,1766463168,web,Port Harcourt
R00010,O00027,click,1754412347,web,Port Harcourt
R00010,O00108,impression,1746977988,web,Port Harcourt
R00010,O00021,click,1760058802,web,Port Harcourt
R00010,O00083,impression,1762727311,web,Port Harcourt
R00010,O00019,redeem,1744759141,web,Port Harcourt
R00011,O00038,impression,1745891837,tablet,Abuja
R00011,O00043,impression,1739224326,tablet,Abuja
R00011,O00100,redeem,1740679562,tablet,Abuja
R00011,O00043,impression,1748711235,tablet,Abuja
R00011,O00038,click,1751663968,tablet,Abuja
R00011,O00033,impression,1746974855,tablet,Abuja
R00011,O00007,impression,1747703011,tablet,Abuja
R00012,O00059,impression,1738060412,mobile,Port Harcourt
R00012,O00014,impression,1744891383,mobile,Port Harcourt
R00012,O00088,impression,1766088866,mobile,Port Harcourt
R00012,O00054,impression,1762104630,mobile,Port Harcourt
R00012,O00102,impression,1741050019,mobile,Port Harcourt
R00012,O00063,impression,1755241248,mobile,Port Harcourt
R00012,O00024,impression,1757761954,mobile,Port Harcourt
R00012,O00013,impression,1750184491,mobile,Port Harcourt
R00012,O00022,impression,1766023507,mobile,Port Harcourt
R00013,O00094,impression,1740919383,web,Port Harcourt
R00013,O00007,click,1747121405,web,Port Harcourt
R00013,O00069,impression,1736600586,web,Port Harcourt
R00013,O00026,impression,1752206203,web,Port Harcourt
R00014,O00032,impression,1738540299,mobile,Ibadan
R00014,O00018,impression,1755599342,mobile,Ibadan
R00014,O00015,impression,1766017461,mobile,Ibadan
R00014,O00035,impression,1762136798,mobile,Ibadan
R00014,O00042,impression,1760969946,mobile,Ibadan
R00014,O00085,impression,1742543418,mobile,Ibadan
R00014,O00113,click,1740871662,mobile,Ibadan
R00014,O00027,click,1745242575,mobile,Ibadan
R00014,O00032,click,1750677412,mobile,Ibadan
R00014,O00085,impression,1760350166,mobile,Ibadan
R00015,O00077,impression,1763823353,mobile,Lagos
R00015,O00116,impression,1742784291,mobile,Lagos
R00015,O00055,impression,1765022993,mobile,Lagos
R00015,O00085,impression,1765127021,mobile,Lagos
R00015,O00055,redeem,1743021928,mobile,Lagos
R00015,O00113,click,1750942529,mobile,Lagos
R00015,O00082,impression,1743564840,mobile,Lagos
R00016,O00100,impression,1756450607,web,Enugu
R00016,O00011,impression,1750306779,web,Enugu
R00016,O00050,impression,1753479287,web,Enugu
R00016,O00096,click,1759251044,web,Enugu
R00016,O00067,impression,1743534852,web,Enugu
R00016,O00046,redeem,1738180849,web,Enugu
R00016,O00091,impression,1737731824,web,Enugu
R00016,O00079,impression,1739016149,web,Enugu
R00016,O00085,click,1759690630,web,Enugu
R00017,O00111,click,1736252549,tablet,Lagos
R00017,O00111,click,1735933052,tablet,Lagos
R00017,O00105,impression,1750377388,tablet,Lagos
R00017,O00052,impression,1756719105,tablet,Lagos
R00017,O00105,click,1743349838,tablet,Lagos
R00017,O00010,impression,1738988803,tablet,Lagos
R00017,O00106,click,1756787201,tablet,Lagos
R00017,O00092,impression,1755967256,tablet,Lagos
R00017,O00004,redeem,1752862030,tablet,Lagos
R00017,O00038,click,1753186560,tablet,Lagos
R00018,O00027,redeem,1750806128,web,Ibadan
R00018,O00021,click,1753174010,web,Ibadan
R00018,O00074,redeem,1737738805,web,Ibadan
R00018,O00114,click,1762942726,web,Ibadan
R00018,O00012,click,1748369887,web,Ibadan
R00018,O00089,click,1758963945,web,Ibadan
R00018,O00002,impression,1735708759,web,Ibadan
R00019,O00086,click,1766492768,mobile,Ibadan
R00019,O00080,redeem,1738053702,mobile,Ibadan
R00019,O00004,click,1745859639,mobile,Ibadan
R00019,O00101,impression,1755019420,mobile,Ibadan
R00019,O00101,click,1758999058,mobile,Ibadan
R00019,O00101,impression,1749557044,mobile,Ibadan
R00019,O00003,impression,1738038545,mobile,Ibadan
R00019,O00049,impression,1753527312,mobile,Ibadan
R00019,O00045,impression,1745938374,mobile,Ibadan
R00019,O00009,click,1746163941,mobile,Ibadan
R00020,O00115,impression,1762857251,mobile,Abuja
R00020,O00065,click,1760654377,mobile,Abuja
R00020,O00001,impression,1762172578,mobile,Abuja
R00020,O00006,click,1737499762,mobile,Abuja
R00020,O00062,impression,1763911194,mobile,Abuja
R00020,O00019,click,1751462602,mobile,Abuja
R00020,O00027,impression,1756613194,mobile,Abuja
R00021,O00028,click,1750666132,web,Abuja
R00021,O00098,impression,1757455694,web,Abuja
R00021,O00030,click,1756357750,web,Abuja
R00021,O00055,impression,1758967457,web,Abuja
R00021,O00074,impression,1751508792,web,Abuja
R00021,O00044,click,1759517298,web,Abuja
R00022,O00037,impression,1736539480,mobile,Lagos
R00022,O00107,click,1763325794,mobile,Lagos
R00022,O00113,impression,1754212719,mobile,Lagos
R00022,O00107,click,1763892299,mobile,Lagos
R00022,O00017,click,1739646700,mobile,Lagos
R00022,O00040,impression,1739868520,mobile,Lagos
R00023,O00064,impression,1740297955,mobile,Lagos
R00023,O00107,impression,1744285966,mobile,Lagos
R00023,O00016,click,1765635245,mobile,Lagos
R00023,O00027,redeem,1746098313,mobile,Lagos
R00023,O00035,impression,1764928176,mobile,Lagos
R00023,O00035,click,1758591293,mobile,Lagos
R00023,O00085,impression,1737848620,mobile,Lagos
R00023,O00107,impression,1750069529,mobile,Lagos
R00023,O00018,redeem,1740880224,mobile,Lagos
R00024,O00059,impression,1764452021,web,Enugu
R00024,O00106,click,1745100030,web,Enugu
R00024,O00025,click,1757330471,web,Enugu
R00024,O00059,click,1763702939,web,Enugu
R00024,O00063,impression,1735889239,web,Enugu
R00024,O00059,impression,1746563102,web,Enugu
R00025,O00041,click,1764746447,web,Abuja
R00025,O00041,click,1760719767,web,Abuja
R00025,O00092,impression,1744154529,web,Abuja
R00025,O00002,impression,1762938803,web,Abuja
R00025,O00041,click,1753585921,web,Abuja
R00025,O00052,impression,1742357260,web,Abuja
R00025,O00026,impression,1752364735,web,Abuja
R00026,O00011,redeem,1739512548,tablet,Port Harcourt
R00026,O00019,impression,1746386771,tablet,Port Harcourt
R00026,O00001,click,1741021876,tablet,Port Harcourt
R00026,O00071,impression,1736336188,tablet,Port Harcourt
R00026,O00050,impression,1762243597,tablet,Port Harcourt
R00026,O00071,impression,1755284775,tablet,Port Harcourt
R00026,O00100,redeem,1765606830,tablet,Port Harcourt
R00026,O00065,click,1766561218,tablet,Port Harcourt
R00026,O00065,click,1740775524,tablet,Port Harcourt
R00026,O00045,impression,1743103499,tablet,Port Harcourt
R00027,O00086,impression,1755352531,web,Ibadan
R00027,O00092,click,1751284565,web,Ibadan
R00027,O00036,redeem,1749600313,web,Ibadan
R00027,O00031,impression,1760636975,web,Ibadan
R00027,O00043,impression,1758064547,web,Ibadan
R00028,O00094,impression,1758766433,tablet,Abuja
R00028,O00012,impression,1755064598,tablet,Abuja
R00028,O00043,impression,1759375715,tablet,Abuja
R00028,O00044,click,1757200297,tablet,Abuja
R00028,O00028,impression,1759136996,tablet,Abuja
R00028,O00108,impression,1762475687,tablet,Abuja
R00028,O00046,impression,1752479546,tablet,Abuja
R00028,O00029,click,1739442793,tablet,Abuja
R00029,O00065,impression,1736411273,mobile,Ibadan
R00029,O00091,click,1736680103,mobile,Ibadan
R00029,O00065,impression,1751265313,mobile,Ibadan
R00029,O00050,impression,1755149283,mobile,Ibadan
R00029,O00100,impression,1743284723,mobile,Ibadan
R00029,O00091,impression,1750259279,mobile,Ibadan
R00029,O00091,impression,1742435367,mobile,Ibadan
R00029,O00026,impression,1737518961,mobile,Ibadan
R00029,O00067,impression,1749895260,mobile,Ibadan
R00029,O00046,impression,1750097368,mobile,Ibadan
R00030,O00101,impression,1762296626,tablet,Enugu
R00030,O00051,impression,1753806534,tablet,Enugu
R00030,O00029,impression,1746476974,tablet,Enugu
R00030,O00032,impression,1742745350,tablet,Enugu
R00030,O00103,click,1764000424,tablet,Enugu
R00030,O00097,impression,1746219516,tablet,Enugu
R00030,O00075,impression,1742538009,tablet,Enugu
R00031,O00044,impression,1751425805,tablet,Lagos
R00031,O00102,redeem,1746013504,tablet,Lagos
R00031,O00028,click,1758760631,tablet,Lagos
R00031,O00108,impression,1762397358,tablet,Lagos
R00031,O00094,impression,1753470093,tablet,Lagos
R00032,O00025,impression,1766484825,web,Ibadan
R00032,O00084,click,1739115387,web,Ibadan
R00032,O00025,click,1760171301,web,Ibadan
R00032,O00025,click,1745392325,web,Ibadan
R00032,O00063,impression,1762601533,web,Ibadan
R00032,O00024,impression,1743065497,web,Ibadan
R00032,O00063,impression,1758164067,web,Ibadan
R00033,O00052,impression,1756415914,mobile,Abuja
R00033,O00070,impression,1753500004,mobile,Abuja
R00033,O00092,impression,1766979705,mobile,Abuja
R00033,O00098,click,1737848812,mobile,Abuja
R00033,O00104,impression,1740718749,mobile,Abuja
R00033,O00041,click,1741021008,mobile,Abuja
R00033,O00026,impression,1746478647,mobile,Abuja
R00033,O00052,impression,1761124936,mobile,Abuja
R00034,O00088,click,1753836459,tablet,Enugu
R00034,O00114,impression,1742720634,tablet,Enugu
R00034,O00115,impression,1741690112,tablet,Enugu
R00034,O00097,impression,1762410805,tablet,Enugu
R00034,O00084,impression,1757307302,tablet,Enugu
R00034,O00084,impression,1736630047,tablet,Enugu
R00034,O00025,click,1765887679,tablet,Enugu
R00035,O00114,impression,1763773641,web,Lagos
R00035,O00059,impression,1758133832,web,Lagos
R00035,O00059,click,1766502697,web,Lagos
R00035,O00106,click,1755618023,web,Lagos
R00035,O00102,impression,1762698587,web,Lagos
R00035,O00026,redeem,1757217894,web,Lagos
R00035,O00112,impression,1750037884,web,Lagos
R00035,O00058,click,1744498443,web,Lagos
R00036,O00039,click,1751396844,web,Enugu
R00036,O00035,impression,1766366542,web,Enugu
R00036,O00056,impression,1758739962,web,Enugu
R00036,O00101,click,1766977916,web,Enugu
R00036,O00051,click,1765024357,web,Enugu
R00037,O00026,impression,1763038770,mobile,Port Harcourt
R00037,O00095,impression,1752868498,mobile,Port Harcourt
R00037,O00024,click,1752068265,mobile,Port Harcourt
R00037,O00076,impression,1742150334,mobile,Port Harcourt
R00038,O00105,impression,1760402961,mobile,Lagos
R00038,O00014,impression,1760182698,mobile,Lagos
R00038,O00084,impression,1738803117,mobile,Lagos
R00038,O00058,click,1762241908,mobile,Lagos
R00038,O00084,impression,1742492378,mobile,Lagos
R00039,O00102,impression,1765917710,web,Port Harcourt
R00039,O00027,redeem,1749648355,web,Port Harcourt
R00039,O00114,impression,1755881831,web,Port Harcourt
R00039,O00084,redeem,1750242447,web,Port Harcourt
R00039,O00117,impression,1744223809,web,Port Harcourt
R00040,O00093,impression,1760075162,tablet,Enugu
R00040,O00110,impression,1748917338,tablet,Enugu
R00040,O00054,click,1756217830,tablet,Enugu
R00040,O00064,redeem,1740122091,tablet,Enugu
R00040,O00097,redeem,1766847429,tablet,Enugu
R00041,O00021,redeem,1744843861,tablet,Enugu
R00041,O00075,impression,1752311402,tablet,Enugu
R00041,O00120,impression,1751564968,tablet,Enugu
R00041,O00039,impression,1744719701,tablet,Enugu
R00041,O00120,impression,1737768074,tablet,Enugu
R00041,O00039,impression,1747778455,tablet,Enugu
R00042,O00081,impression,1763473694,tablet,Abuja
R00042,O00080,impression,1765100725,tablet,Abuja
R00042,O00049,impression,1749097625,tablet,Abuja
R00042,O00095,impression,1762461609,tablet,Abuja
R00042,O00038,impression,1747225334,tablet,Abuja
R00042,O00081,redeem,1757297026,tablet,Abuja
R00042,O00056,click,1743049158,tablet,Abuja
R00042,O00103,redeem,1741460591,tablet,Abuja
R00042,O00011,impression,1760690421,tablet,Abuja
R00042,O00056,click,1735790155,tablet,Abuja
R00043,O00095,click,1759668700,mobile,Enugu
R00043,O00101,impression,1753692794,mobile,Enugu
R00043,O00103,impression,1744982306,mobile,Enugu
R00043,O00085,click,1751682118,mobile,Enugu
R00043,O00075,impression,1741381475,mobile,Enugu
R00043,O00039,impression,1744763014,mobile,Enugu
R00043,O00104,click,1751752121,mobile,Enugu
R00044,O00039,click,1763591493,tablet,Lagos
R00044,O00045,click,1754194452,tablet,Lagos
R00044,O00080,impression,1761700811,tablet,Lagos
R00044,O00007,impression,1766220546,tablet,Lagos
R00044,O00039,click,1759364351,tablet,Lagos
R00044,O00095,impression,1752909959,tablet,Lagos
R00044,O00096,impression,1762762181,tablet,Lagos
R00044,O00110,click,1760224739,tablet,Lagos
R00044,O00110,impression,1754857603,tablet,Lagos
R00045,O00075,impression,1757374891,tablet,Abuja
R00045,O00056,impression,1736337372,tablet,Abuja
R00045,O00051,click,1760804188,tablet,Abuja
R00045,O00056,impression,1764417168,tablet,Abuja
R00045,O00103,redeem,1747595554,tablet,Abuja
R00045,O00009,click,1746582870,tablet,Abuja
R00045,O00081,click,1748625251,tablet,Abuja
R00045,O00120,impression,1757899982,tablet,Abuja
R00045,O00020,click,1760528522,tablet,Abuja
R00046,O00021,click,1762278142,mobile,Port Harcourt
R00046,O00108,impression,1761863094,mobile,Port Harcourt
R00046,O00028,impression,1750665505,mobile,Port Harcourt
R00046,O00083,impression,1745907776,mobile,Port Harcourt
R00046,O00094,click,1755243292,mobile,Port Harcourt
R00046,O00109,redeem,1756180849,mobile,Port Harcourt
R00046,O00002,impression,1754153833,mobile,Port Harcourt
R00046,O00005,click,1748189737,mobile,Port Harcourt
R00046,O00090,click,1761510155,mobile,Port Harcourt
R00047,O00073,redeem,1747728086,tablet,Port Harcourt
R00047,O00086,click,1762014970,tablet,Port Harcourt
R00047,O00047,click,1764827839,tablet,Port Harcourt
R00047,O00052,impression,1760781906,tablet,Port Harcourt
R00047,O00042,redeem,1765733800,tablet,Port Harcourt
R00047,O00038,impression,1747945743,tablet,Port Harcourt
R00048,O00116,impression,1760047383,mobile,Port Harcourt
R00048,O00035,impression,1766766897,mobile,Port Harcourt
R00048,O00035,click,1750612353,mobile,Port Harcourt
R00048,O00055,redeem,1765398867,mobile,Port Harcourt
R00048,O00107,click,1763984818,mobile,Port Harcourt
R00048,O00119,impression,1742677103,mobile,Port Harcourt
R00048,O00031,impression,1754557390,mobile,Port Harcourt
R00049,O00004,click,1753625026,mobile,Lagos
R00049,O00111,click,1737071123,mobile,Lagos
R00049,O00111,click,1761381370,mobile,Lagos
R00049,O00092,impression,1765269930,mobile,Lagos
R00049,O00009,redeem,1749858319,mobile,Lagos
R00049,O00004,redeem,1751642654,mobile,Lagos
R00049,O00076,impression,1754000019,mobile,Lagos
R00049,O00086,impression,1759539569,mobile,Lagos
R00050,O00106,impression,1763066639,web,Port Harcourt
R00050,O00024,impression,1766299084,web,Port Harcourt
R00050,O00072,impression,1754528114,web,Port Harcourt
R00050,O00072,impression,1736888529,web,Port Harcourt
R00050,O00092,impression,1741717697,web,Port Harcourt
R00050,O00066,impression,1751278433,web,Port Harcourt
R00050,O00102,click,1766300179,web,Port Harcourt
R00051,O00045,impression,1760695514,tablet,Lagos
R00051,O00049,impression,1739328128,tablet,Lagos
R00051,O00110,impression,1741233436,tablet,Lagos
R00051,O00097,redeem,1736716110,tablet,Lagos
R00051,O00075,impression,1746989058,tablet,Lagos
R00052,O00118,impression,1765143386,mobile,Abuja
R00052,O00053,impression,1758560081,mobile,Abuja
R00052,O00050,impression,1763528487,mobile,Abuja
R00052,O00079,click,1742582299,mobile,Abuja
R00052,O00006,click,1750484664,mobile,Abuja
R00052,O00046,impression,1744009892,mobile,Abuja
R00052,O00053,click,1736096504,mobile,Abuja
R00052,O00077,impression,1763821897,mobile,Abuja
R00052,O00079,impression,1745490199,mobile,Abuja
R00053,O00065,impression,1757443991,tablet,Enugu
R00053,O00096,impression,1754777040,tablet,Enugu
R00053,O00053,impression,1756501828,tablet,Enugu
R00053,O00060,impression,1765283944,tablet,Enugu
R00053,O00001,click,1739324118,tablet,Enugu
R00053,O00062,impression,1757078261,tablet,Enugu
R00053,O00006,impression,1759690024,tablet,Enugu
R00053,O00100,impression,1753049081,tablet,Enugu
R00054,O00058,impression,1762386581,web,Enugu
R00054,O00019,impression,1757377694,web,Enugu
R00054,O00091,click,1764886219,web,Enugu
R00054,O00064,click,1757982889,web,Enugu
R00054,O00046,impression,1748928161,web,Enugu
R00054,O00046,redeem,1736786663,web,Enugu
R00054,O00060,click,1753994319,web,Enugu
R00054,O00115,impression,1761396310,web,Enugu
R00054,O00046,click,1751174642,web,Enugu
R00054,O00062,click,1765786142,web,Enugu
R00055,O00095,impression,1754154028,mobile,Abuja
R00055,O00075,click,1762954930,mobile,Abuja
R00055,O00101,impression,1763651926,mobile,Abuja
R00055,O00101,click,1760127810,mobile,Abuja
R00056,O00097,impression,1741021031,web,Port Harcourt
R00056,O00036,impression,1763810325,web,Port Harcourt
R00056,O00093,impression,1764258431,web,Port Harcourt
R00056,O00045,click,1764284579,web,Port Harcourt
R00056,O00045,impression,1761821803,web,Port Harcourt
R00056,O00007,click,1759907036,web,Port Harcourt
R00057,O00090,click,1744816580,tablet,Abuja
R00057,O00061,impression,1735782950,tablet,Abuja
R00057,O00109,impression,1766317295,tablet,Abuja
R00057,O00057,impression,1754063866,tablet,Abuja
R00057,O00044,click,1749004552,tablet,Abuja
R00058,O00083,click,1749663214,tablet,Abuja
R00058,O00012,impression,1760923332,tablet,Abuja
R00058,O00039,impression,1757512641,tablet,Abuja
R00058,O00081,redeem,1760201162,tablet,Abuja
R00058,O00097,impression,1758766451,tablet,Abuja
R00058,O00045,click,1755932069,tablet,Abuja
R00059,O00067,impression,1736063958,tablet,Port Harcourt
R00059,O00020,click,1739728735,tablet,Port Harcourt
R00059,O00087,redeem,1757824811,tablet,Port Harcourt
R00059,O00070,impression,1765477486,tablet,Port Harcourt
R00059,O00075,click,1741805221,tablet,Port Harcourt
R00059,O00036,impression,1748292736,tablet,Port Harcourt
R00059,O00110,click,1746834137,tablet,Port Harcourt
R00059,O00020,impression,1743573760,tablet,Port Harcourt
R00059,O00093,impression,1762732139,tablet,Port Harcourt
R00060,O00037,impression,1763148911,web,Port Harcourt
R00060,O00048,impression,1761281909,web,Port Harcourt
R00060,O00021,click,1762620436,web,Port Harcourt
R00060,O00073,impression,1747577802,web,Port Harcourt
R00060,O00016,click,1746185785,web,Port Harcourt
R00060,O00082,impression,1745639279,web,Port Harcourt
R00060,O00112,click,1742962557,web,Port Harcourt
R00060,O00041,impression,1741726887,web,Port Harcourt
R00061,O00028,impression,1749512518,web,Lagos
R00061,O00057,impression,1766081237,web,Lagos
R00061,O00003,impression,1759658367,web,Lagos
R00061,O00094,impression,1760024537,web,Lagos
R00061,O00048,impression,1747757505,web,Lagos
R00061,O00069,impression,1760483995,web,Lagos
R00062,O00066,click,1744324461,tablet,Port Harcourt
R00062,O00084,click,1746656489,tablet,Port Harcourt
R00062,O00013,impression,1747508526,tablet,Port Harcourt
R00062,O00088,click,1762470631,tablet,Port Harcourt
R00062,O00102,impression,1738660019,tablet,Port Harcourt
R00062,O00041,click,1749057059,tablet,Port Harcourt
R00062,O00077,click,1755325964,tablet,Port Harcourt
R00063,O00010,click,1746173801,web,Enugu
R00063,O00018,impression,1739171737,web,Enugu
R00063,O00003,click,1746270000,web,Enugu
R00063,O00107,click,1757523321,web,Enugu
R00064,O00029,click,1753195284,tablet,Ibadan
R00064,O00080,impression,1742788454,tablet,Ibadan
R00064,O00077,impression,1737205366,tablet,Ibadan
R00064,O00027,impression,1742423889,tablet,Ibadan
R00064,O00060,impression,1757098999,tablet,Ibadan
R00064,O00097,click,1744154655,tablet,Ibadan
R00064,O00080,click,1739666544,tablet,Ibadan
R00064,O00095,click,1764351704,tablet,Ibadan
R00064,O00095,click,1751761623,tablet,Ibadan
R00065,O00027,impression,1748707423,web,Ibadan
R00065,O00068,impression,1757738742,web,Ibadan
R00065,O00037,impression,1746784876,web,Ibadan
R00065,O00078,impression,1762396055,web,Ibadan
R00065,O00068,click,1763201143,web,Ibadan
R00065,O00102,redeem,1763774109,web,Ibadan
R00065,O00015,impression,1738790787,web,Ibadan
R00065,O00055,impression,1757743974,web,Ibadan
R00065,O00119,click,1753761245,web,Ibadan
R00066,O00051,impression,1747799307,tablet,Enugu
R00066,O00018,impression,1751754336,tablet,Enugu
R00066,O00042,impression,1741703226,tablet,Enugu
R00066,O00027,impression,1743664542,tablet,Enugu
R00066,O00060,impression,1750332917,tablet,Enugu
R00066,O00119,impression,1736244416,tablet,Enugu
R00066,O00032,impression,1747930426,tablet,Enugu
R00066,O00047,impression,1762336706,tablet,Enugu
R00066,O00080,redeem,1747496726,tablet,Enugu
R00067,O00110,click,1760247501,mobile,Ibadan
R00067,O00003,impression,1739971463,mobile,Ibadan
R00067,O00049,click,1758510811,mobile,Ibadan
R00067,O00071,click,1741850069,mobile,Ibadan
R00067,O00007,impression,1745411140,mobile,Ibadan
R00067,O00097,click,1739664270,mobile,Ibadan
R00068,O00094,redeem,1760908955,mobile,Lagos
R00068,O00064,click,1742618413,mobile,Lagos
R00068,O00035,click,1736264440,mobile,Lagos
R00068,O00015,redeem,1740190368,mobile,Lagos
R00068,O00068,click,1751202111,mobile,Lagos
R00068,O00027,impression,1758508391,mobile,Lagos
R00069,O00004,impression,1754931117,web,Ibadan
R00069,O00093,redeem,1751593794,web,Ibadan
R00069,O00051,impression,1759901364,web,Ibadan
R00069,O00020,click,1742023623,web,Ibadan
R00069,O00080,impression,1737625684,web,Ibadan
R00069,O00007,redeem,1743323700,web,Ibadan
R00069,O00095,impression,1762846967,web,Ibadan
R00069,O00056,impression,1761020688,web,Ibadan
R00069,O00120,redeem,1760794941,web,Ibadan
R00069,O00029,impression,1760823937,web,Ibadan
R00070,O00066,click,1739436304,tablet,Lagos
R00070,O00112,click,1764027743,tablet,Lagos
R00070,O00117,impression,1764219804,tablet,Lagos
R00070,O00025,impression,1738476812,tablet,Lagos
R00071,O00083,click,1743329633,mobile,Lagos
R00071,O00039,redeem,1753833097,mobile,Lagos
R00071,O00098,click,1753205868,mobile,Lagos
R00071,O00002,impression,1742440815,mobile,Lagos
R00071,O00094,impression,1750675661,mobile,Lagos
R00071,O00048,impression,1765229252,mobile,Lagos
R00072,O00033,impression,1737717655,web,Ibadan
R00072,O00011,click,1762026600,web,Ibadan
R00072,O00004,impression,1737178950,web,Ibadan
R00072,O00059,click,1738221551,web,Ibadan
R00072,O00099,impression,1737645279,web,Ibadan
R00072,O00024,click,1739563475,web,Ibadan
R00072,O00056,impression,1758964339,web,Ibadan
R00072,O00072,impression,1757055398,web,Ibadan
R00072,O00059,redeem,1764360424,web,Ibadan
R00072,O00058,redeem,1742660998,web,Ibadan
R00073,O00102,click,1741030344,web,Lagos
R00073,O00018,impression,1750158503,web,Lagos
R00073,O00058,click,1738816885,web,Lagos
R00073,O00024,click,1747169938,web,Lagos
R00073,O00066,click,1761193015,web,Lagos
R00073,O00027,impression,1763875240,web,Lagos
R00074,O00082,impression,1736137505,web,Abuja
R00074,O00069,impression,1753985957,web,Abuja
R00074,O00083,impression,1743182517,web,Abuja
R00074,O00034,impression,1737476381,web,Abuja
R00074,O00016,impression,1756503869,web,Abuja
R00074,O00074,click,1759529833,web,Abuja
R00074,O00047,click,1760735015,web,Abuja
R00074,O00098,click,1755350232,web,Abuja
R00075,O00087,impression,1747967874,tablet,Lagos
R00075,O00091,click,1749050364,tablet,Lagos
R00075,O00087,click,1745625380,tablet,Lagos
R00075,O00115,impression,1749617656,tablet,Lagos
R00075,O00023,click,1743979112,tablet,Lagos
R00076,O00045,click,1764935395,mobile,Enugu
R00076,O00020,redeem,1761947112,mobile,Enugu
R00076,O00080,impression,1759117481,mobile,Enugu
R00076,O00101,click,1763905936,mobile,Enugu
R00076,O00081,impression,1762846588,mobile,Enugu
R00077,O00065,impression,1749216284,tablet,Enugu
R00077,O00079,impression,1762636311,tablet,Enugu
R00077,O00115,impression,1766959538,tablet,Enugu
R00077,O00022,impression,1752453413,tablet,Enugu
R00077,O00019,impression,1758506825,tablet,Enugu
R00077,O00091,impression,1753978916,tablet,Enugu
R00077,O00021,impression,1746499971,tablet,Enugu
R00078,O00037,click,1747782020,tablet,Port Harcourt
R00078,O00107,click,1761562704,tablet,Port Harcourt
R00078,O00017,click,1746576073,tablet,Port Harcourt
R00078,O00037,click,1746916300,tablet,Port Harcourt
R00078,O00080,impression,1743119053,tablet,Port Harcourt
R00078,O00032,redeem,1737641640,tablet,Port Harcourt
R00078,O00018,impression,1738776079,tablet,Port Harcourt
R00078,O00113,click,1758155164,tablet,Port Harcourt
R00079,O00115,impression,1741118663,web,Lagos
R00079,O00115,click,1754293290,web,Lagos
R00079,O00095,redeem,1737816610,web,Lagos
R00079,O00077,click,1755948812,web,Lagos
R00079,O00019,click,1743224043,web,Lagos
R00079,O00053,impression,1753056553,web,Lagos
R00079,O00017,click,1744443754,web,Lagos
R00079,O00012,impression,1753419978,web,Lagos
R00079,O00067,impression,1743392469,web,Lagos
R00080,O00020,impression,1764756333,mobile,Ibadan
R00080,O00072,click,1758300201,mobile,Ibadan
R00080,O00117,redeem,1765225895,mobile,Ibadan
R00080,O00024,impression,1744402425,mobile,Ibadan
R00080,O00066,click,1753587040,mobile,Ibadan
R00080,O00014,impression,1739010164,mobile,Ibadan
R00080,O00066,click,1765539820,mobile,Ibadan
R00080,O00025,impression,1756022322,mobile,Ibadan
R00080,O00102,impression,1756544519,mobile,Ibadan
R00081,O00110,impression,1758672341,tablet,Ibadan
R00081,O00028,impression,1739229873,tablet,Ibadan
R00081,O00066,impression,1748669886,tablet,Ibadan
R00081,O00048,click,1750385001,tablet,Ibadan
R00081,O00057,impression,1758940781,tablet,Ibadan
R00081,O00061,click,1741338399,tablet,Ibadan
R00082,O00014,click,1761780541,mobile,Port Harcourt
R00082,O00024,impression,1762233999,mobile,Port Harcourt
R00082,O00067,impression,1744222428,mobile,Port Harcourt
R00082,O00118,impression,1746927522,mobile,Port Harcourt
R00083,O00053,redeem,1749466430,tablet,Lagos
R00083,O00118,click,1750271605,tablet,Lagos
R00083,O00082,impression,1763226533,tablet,Lagos
R00083,O00022,click,1757275572,tablet,Lagos
R00083,O00096,click,1762496974,tablet,Lagos
R00083,O00011,impression,1747658393,tablet,Lagos
R00083,O00053,click,1761769233,tablet,Lagos
R00083,O00079,redeem,1759956321,tablet,Lagos
R00083,O00019,impression,1754865252,tablet,Lagos
R00083,O00100,impression,1759057446,tablet,Lagos
R00084,O00073,impression,1757794600,web,Enugu
R00084,O00034,click,1744370182,web,Enugu
R00084,O00104,click,1743763978,web,Enugu
R00084,O00027,click,1738454372,web,Enugu
R00084,O00034,click,1749099981,web,Enugu
R00084,O00070,click,1738101199,web,Enugu
R00085,O00073,impression,1766650562,web,Port Harcourt
R00085,O00043,impression,1740600509,web,Port Harcourt
R00085,O00019,impression,1763596742,web,Port Harcourt
R00085,O00034,redeem,1744308362,web,Port Harcourt
R00086,O00087,impression,1748883449,web,Ibadan
R00086,O00014,click,1738699298,web,Ibadan
R00086,O00067,impression,1743379568,web,Ibadan
R00086,O00019,click,1739873661,web,Ibadan
R00086,O00091,redeem,1755263086,web,Ibadan
R00086,O00091,click,1756001250,web,Ibadan
R00086,O00118,click,1765971958,web,Ibadan
R00086,O00022,impression,1755907999,web,Ibadan
R00087,O00009,click,1766757573,tablet,Abuja
R00087,O00111,click,1738933849,tablet,Abuja
R00087,O00052,click,1749186196,tablet,Abuja
R00087,O00041,impression,1741037416,tablet,Abuja
R00087,O00068,click,1736325481,tablet,Abuja
R00087,O00092,click,1740716591,tablet,Abuja
R00087,O00052,impression,1759345196,tablet,Abuja
R00087,O00043,click,1740050959,tablet,Abuja
R00087,O00004,impression,1747230279,tablet,Abuja
R00087,O00073,impression,1740365692,tablet,Abuja
R00088,O00013,impression,1760761044,web,Port Harcourt
R00088,O00083,impression,1742272251,web,Port Harcourt
R00088,O00084,click,1765315954,web,Port Harcourt
R00088,O00083,impression,1755674889,web,Port Harcourt
R00089,O00104,impression,1765951641,mobile,Port Harcourt
R00089,O00009,impression,1736562233,mobile,Port Harcourt
R00089,O00091,click,1759977083,mobile,Port Harcourt
R00089,O00111,impression,1745926457,mobile,Port Harcourt
R00089,O00052,impression,1739256991,mobile,Port Harcourt
R00089,O00086,impression,1765526323,mobile,Port Harcourt
R00089,O00112,impression,1753518356,mobile,Port Harcourt
R00089,O00076,impression,1765331298,mobile,Port Harcourt
R00089,O00088,click,1735884546,mobile,Port Harcourt
R00090,O00024,click,1741826199,web,Lagos
R00090,O00056,click,1748539882,web,Lagos
R00090,O00090,impression,1737951090,web,Lagos
R00090,O00104,impression,1743958390,web,Lagos
R00090,O00106,click,1746626734,web,Lagos
R00090,O00001,click,1756790440,web,Lagos
R00091,O00102,impression,1736844449,mobile,Lagos
R00091,O00066,redeem,1751961814,mobile,Lagos
R00091,O00014,impression,1755426413,mobile,Lagos
R00091,O00063,click,1765211644,mobile,Lagos
R00092,O00063,click,1757479224,mobile,Abuja
R00092,O00084,click,1754104352,mobile,Abuja
R00092,O00099,impression,1744302242,mobile,Abuja
R00092,O00015,click,1758646540,mobile,Abuja
R00092,O00088,impression,1766931919,mobile,Abuja
R00093,O00070,impression,1753331145,web,Enugu
R00093,O00004,click,1759100386,web,Enugu
R00093,O00086,impression,1735736866,web,Enugu
R00093,O00009,impression,1741695203,web,Enugu
R00093,O00105,impression,1744314072,web,Enugu
R00093,O00086,redeem,1760568107,web,Enugu
R00093,O00073,redeem,1763285171,web,Enugu
R00093,O00032,redeem,1744011922,web,Enugu
R00093,O00105,impression,1739442185,web,Enugu
R00094,O00069,impression,1751750451,web,Abuja
R00094,O00002,click,1754595226,web,Abuja
R00094,O00061,impression,1745569314,web,Abuja
R00094,O00052,impression,1743250616,web,Abuja
R00094,O00060,impression,1736809930,web,Abuja
R00095,O00054,impression,1761080667,tablet,Lagos
R00095,O00116,click,1743409827,tablet,Lagos
R00095,O00054,click,1764138874,tablet,Lagos
R00095,O00039,click,1751146946,tablet,Lagos
R00095,O00120,redeem,1759573769,tablet,Lagos
R00096,O00062,click,1754319861,mobile,Abuja
R00096,O00078,impression,1761117800,mobile,Abuja
R00096,O00101,impression,1741887689,mobile,Abuja
R00096,O00015,impression,1750488655,mobile,Abuja
R00096,O00071,impression,1753644590,mobile,Abuja
R00096,O00091,click,1764421572,mobile,Abuja
R00096,O00019,impression,1765969310,mobile,Abuja
R00096,O00079,impression,1753318115,mobile,Abuja
R00096,O00011,impression,1766357871,mobile,Abuja
R00097,O00079,redeem,1762198208,web,Abuja
R00097,O00118,impression,1747281009,web,Abuja
R00097,O00011,impression,1766013679,web,Abuja
R00097,O00065,impression,1746888934,web,Abuja
R00097,O00096,impression,1766308791,web,Abuja
R00097,O00001,click,1764226935,web,Abuja
R00097,O00006,click,1758612633,web,Abuja
R00097,O00111,click,1739286592,web,Abuja
R00098,O00110,click,1742752961,tablet,Abuja
R00098,O00095,click,1754422280,tablet,Abuja
R00098,O00120,click,1746864463,tablet,Abuja
R00098,O00075,impression,1764593778,tablet,Abuja
R00098,O00039,click,1747932349,tablet,Abuja
R00098,O00054,impression,1737216118,tablet,Abuja
R00098,O00101,impression,1739972947,tablet,Abuja
R00098,O00029,impression,1757738450,tablet,Abuja
R00098,O00075,redeem,1735786747,tablet,Abuja
R00099,O00107,redeem,1740364133,web,Port Harcourt
R00099,O00080,impression,1735961765,web,Port Harcourt
R00099,O00054,impression,1754573612,web,Port Harcourt
R00099,O00043,impression,1743250118,web,Port Harcourt
R00099,O00010,impression,1743727845,web,Port Harcourt
R00099,O00057,impression,1752926103,web,Port Harcourt
R00099,O00007,click,1761518720,web,Port Harcourt
R00099,O00051,impression,1739349785,web,Port Harcourt
R00100,O00034,click,1742020789,web,Lagos
R00100,O00104,impression,1744978100,web,Lagos
R00100,O00111,impression,1737021750,web,Lagos
R00100,O00104,impression,1764229231,web,Lagos
R00100,O00007,impression,1761821667,web,Lagos
R00100,O00073,redeem,1755996528,web,Lagos
R00100,O00034,click,1753613126,web,Lagos
R00101,O00067,impression,1758241695,mobile,Lagos
R00101,O00054,impression,1750882024,mobile,Lagos
R00101,O00029,impression,1736693949,mobile,Lagos
R00101,O00097,impression,1740897626,mobile,Lagos
R00101,O00105,click,1759608371,mobile,Lagos
R00101,O00080,click,1766000436,mobile,Lagos
R00101,O00021,impression,1759999502,mobile,Lagos
R00101,O00041,redeem,1759598356,mobile,Lagos
R00101,O00081,click,1748433621,mobile,Lagos
R00101,O00080,click,1746027100,mobile,Lagos
R00102,O00117,impression,1742479874,tablet,Lagos
R00102,O00072,impression,1735917076,tablet,Lagos
R00102,O00066,click,1760163625,tablet,Lagos
R00102,O00117,impression,1738246224,tablet,Lagos
R00102,O00112,click,1758651586,tablet,Lagos
R00102,O00084,impression,1763688601,tablet,Lagos
R00102,O00114,click,1759925829,tablet,Lagos
R00102,O00014,impression,1746822396,tablet,Lagos
R00102,O00067,redeem,1737530037,tablet,Lagos
R00103,O00120,click,1750179392,mobile,Lagos
R00103,O00007,click,1766938636,mobile,Lagos
R00103,O00004,impression,1759956956,mobile,Lagos
R00103,O00015,click,1741508648,mobile,Lagos
R00103,O00020,click,1759410138,mobile,Lagos
R00103,O00054,impression,1744905684,mobile,Lagos
R00103,O00059,click,1752889810,mobile,Lagos
R00103,O00051,impression,1738423154,mobile,Lagos
R00104,O00023,click,1742502510,mobile,Port Harcourt
R00104,O00096,impression,1743489188,mobile,Port Harcourt
R00104,O00019,impression,1745334022,mobile,Port Harcourt
R00104,O00067,click,1751536940,mobile,Port Harcourt
R00104,O00087,impression,1758265209,mobile,Port Harcourt
R00104,O00115,impression,1754874324,mobile,Port Harcourt
R00105,O00023,impression,1758833054,web,Ibadan
R00105,O00096,redeem,1756515219,web,Ibadan
R00105,O00086,click,1736721837,web,Ibadan
R00105,O00023,impression,1760541476,web,Ibadan
R00105,O00046,click,1765872932,web,Ibadan
R00105,O00060,click,1756937022,web,Ibadan
R00105,O00079,click,1753895219,web,Ibadan
R00106,O00084,click,1758466368,mobile,Ibadan
R00106,O00013,impression,1743766745,mobile,Ibadan
R00106,O00030,impression,1751740658,mobile,Ibadan
R00106,O00088,redeem,1752475093,mobile,Ibadan
R00106,O00014,redeem,1765075376,mobile,Ibadan
R00106,O00111,click,1750176234,mobile,Ibadan
R00106,O00108,impression,1739958242,mobile,Ibadan
R00106,O00014,click,1736290076,mobile,Ibadan
R00106,O00084,click,1745925124,mobile,Ibadan
R00106,O00088,impression,1743170527,mobile,Ibadan
R00107,O00066,click,1747479657,web,Lagos
R00107,O00102,impression,1764577326,web,Lagos
R00107,O00084,impression,1752055372,web,Lagos
R00107,O00072,impression,1737892183,web,Lagos
R00107,O00066,click,1756539590,web,Lagos
R00107,O00112,click,1762059991,web,Lagos
R00107,O00114,click,1756899502,web,Lagos
R00107,O00076,impression,1743445408,web,Lagos
R00107,O00099,impression,1738825182,web,Lagos
R00108,O00075,impression,1764374746,mobile,Enugu
R00108,O00110,click,1754706332,mobile,Enugu
R00108,O00101,impression,1740871536,mobile,Enugu
R00108,O00095,redeem,1756794581,mobile,Enugu
R00108,O00093,impression,1742245658,mobile,Enugu
R00108,O00032,click,1738992728,mobile,Enugu
R00108,O00065,impression,1744303348,mobile,Enugu
R00109,O00091,impression,1766665992,web,Port Harcourt
R00109,O00047,click,1765418158,web,Port Harcourt
R00109,O00021,impression,1753928899,web,Port Harcourt
R00109,O00094,click,1743669284,web,Port Harcourt
R00109,O00028,click,1743710189,web,Port Harcourt
R00109,O00044,impression,1736709686,web,Port Harcourt
R00109,O00098,redeem,1758529768,web,Port Harcourt
R00110,O00093,impression,1757566159,mobile,Ibadan
R00110,O00013,redeem,1760640292,mobile,Ibadan
R00110,O00059,impression,1757247222,mobile,Ibadan
R00110,O00106,impression,1751713761,mobile,Ibadan
R00110,O00102,impression,1743177107,mobile,Ibadan
R00110,O00072,click,1743253055,mobile,Ibadan
R00110,O00073,impression,1752453536,mobile,Ibadan
R00110,O00058,click,1746368870,mobile,Ibadan
R00110,O00058,click,1762214583,mobile,Ibadan
R00111,O00104,impression,1749321194,tablet,Enugu
R00111,O00052,click,1762548892,tablet,Enugu
R00111,O00042,impression,1766616985,tablet,Enugu
R00111,O00086,click,1735902583,tablet,Enugu
R00111,O00009,impression,1749872664,tablet,Enugu
R00111,O00111,impression,1739348040,tablet,Enugu
R00111,O00043,impression,1766262830,tablet,Enugu
R00111,O00043,click,1751012796,tablet,Enugu
R00111,O00009,impression,1763466545,tablet,Enugu
R00112,O00075,impression,1754192386,web,Ibadan
R00112,O00032,click,1765828655,web,Ibadan
R00112,O00111,impression,1750475458,web,Ibadan
R00112,O00113,impression,1765674284,web,Ibadan
R00113,O00036,impression,1743683630,mobile,Port Harcourt
R00113,O00075,impression,1762961938,mobile,Port Harcourt
R00113,O00045,impression,1758571127,mobile,Port Harcourt
R00113,O00080,impression,1753922978,mobile,Port Harcourt
R00114,O00024,redeem,1760782579,tablet,Port Harcourt
R00114,O00041,redeem,1759143184,tablet,Port Harcourt
R00114,O00024,impression,1761620264,tablet,Port Harcourt
R00114,O00114,impression,1753310959,tablet,Port Harcourt
R00114,O00099,click,1749621990,tablet,Port Harcourt
R00114,O00012,impression,1737722389,tablet,Port Harcourt
R00114,O00112,click,1743892458,tablet,Port Harcourt
R00115,O00106,click,1754056201,web,Abuja
R00115,O00102,click,1755503566,web,Abuja
R00115,O00100,redeem,1747549528,web,Abuja
R00115,O00096,impression,1743843304,web,Abuja
R00115,O00072,impression,1754027916,web,Abuja
R00115,O00116,click,1737117641,web,Abuja
R00115,O00106,impression,1739138051,web,Abuja
R00115,O00066,redeem,1750424222,web,Abuja
R00115,O00024,impression,1747357232,web,Abuja
R00115,O00112,impression,1764260930,web,Abuja
R00116,O00045,impression,1743713106,mobile,Port Harcourt
R00116,O00010,impression,1764149751,mobile,Port Harcourt
R00116,O00103,impression,1755442082,mobile,Port Harcourt
R00116,O00097,redeem,1753303490,mobile,Port Harcourt
R00116,O00007,click,1761218529,mobile,Port Harcourt
R00116,O00022,impression,1763723241,mobile,Port Harcourt
R00117,O00079,click,1736405975,mobile,Ibadan
R00117,O00054,impression,1747623979,mobile,Ibadan
R00117,O00118,impression,1737685241,mobile,Ibadan
R00117,O00011,impression,1737042099,mobile,Ibadan
R00118,O00072,impression,1760952003,mobile,Abuja
R00118,O00072,impression,1750436806,mobile,Abuja
R00118,O00114,impression,1757879089,mobile,Abuja
R00118,O00010,click,1761403428,mobile,Abuja
R00118,O00102,impression,1766598533,mobile,Abuja
R00118,O00063,impression,1762835544,mobile,Abuja
R00118,O00112,click,1747101359,mobile,Abuja
R00118,O00024,click,1745158895,mobile,Abuja
R00119,O00101,click,1740256659,tablet,Ibadan
R00119,O00045,impression,1741580167,tablet,Ibadan
R00119,O00051,click,1760553961,tablet,Ibadan
R00119,O00050,impression,1745997858,tablet,Ibadan
R00119,O00083,impression,1753533884,tablet,Ibadan
R00120,O00087,impression,1741667306,mobile,Port Harcourt
R00120,O00053,impression,1753892436,mobile,Port Harcourt
R00120,O00040,impression,1739221525,mobile,Port Harcourt
R00120,O00019,impression,1743787224,mobile,Port Harcourt
R00120,O00019,redeem,1753949889,mobile,Port Harcourt
R00120,O00023,impression,1752186129,mobile,Port Harcourt
R00120,O00020,impression,1762226736,mobile,Port Harcourt
R00120,O00067,click,1736387174,mobile,Port Harcourt
R00121,O00051,impression,1755202192,web,Lagos
R00121,O00110,redeem,1752181216,web,Lagos
R00121,O00006,impression,1746237268,web,Lagos
R00121,O00054,click,1736725400,web,Lagos
R00121,O00097,click,1753157849,web,Lagos
R00121,O00049,click,1753729578,web,Lagos
R00121,O00036,click,1755182807,web,Lagos
R00122,O00063,redeem,1752769331,web,Lagos
R00122,O00067,click,1740541578,web,Lagos
R00122,O00006,click,1761838655,web,Lagos
R00122,O00065,impression,1739302379,web,Lagos
R00122,O00107,impression,1751444188,web,Lagos
R00123,O00113,click,1743854968,mobile,Lagos
R00123,O00055,impression,1744759661,mobile,Lagos
R00123,O00017,redeem,1737712035,mobile,Lagos
R00123,O00047,impression,1742444439,mobile,Lagos
R00123,O00015,impression,1747931409,mobile,Lagos
R00123,O00032,redeem,1738998950,mobile,Lagos
R00123,O00027,click,1745868410,mobile,Lagos
R00123,O00082,impression,1755705134,mobile,Lagos
R00123,O00107,click,1739231525,mobile,Lagos
R00124,O00027,impression,1752624566,mobile,Abuja
R00124,O00003,impression,1755388659,mobile,Abuja
R00124,O00119,impression,1751638416,mobile,Abuja
R00124,O00032,click,1756873636,mobile,Abuja
R00124,O00064,impression,1765665308,mobile,Abuja
R00124,O00003,click,1741195483,mobile,Abuja
R00124,O00015,redeem,1759549641,mobile,Abuja
R00124,O00018,redeem,1744601315,mobile,Abuja
R00124,O00040,impression,1748843787,mobile,Abuja
R00124,O00078,redeem,1766100295,mobile,Abuja
R00125,O00022,impression,1750800980,mobile,Ibadan
R00125,O00011,impression,1758497338,mobile,Ibadan
R00125,O00046,impression,1747044705,mobile,Ibadan
R00125,O00062,impression,1736717136,mobile,Ibadan
R00125,O00022,click,1751426251,mobile,Ibadan
R00126,O00010,click,1748650831,tablet,Port Harcourt
R00126,O00098,impression,1756959243,tablet,Port Harcourt
R00126,O00089,impression,1758692609,tablet,Port Harcourt
R00126,O00083,click,1753651316,tablet,Port Harcourt
R00126,O00005,click,1759374065,tablet,Port Harcourt
R00126,O00089,click,1750164233,tablet,Port Harcourt
R00126,O00030,click,1741471749,tablet,Port Harcourt
R00126,O00030,impression,1737649078,tablet,Port Harcourt
R00126,O00010,redeem,1759257852,tablet,Port Harcourt
R00127,O00081,redeem,1753526497,web,Ibadan
R00127,O00110,redeem,1747141454,web,Ibadan
R00127,O00097,impression,1749334822,web,Ibadan
R00127,O00036,impression,1743015475,web,Ibadan
R00127,O00054,impression,1738751967,web,Ibadan
R00127,O00051,impression,1746493683,web,Ibadan
R00127,O00024,impression,1738794260,web,Ibadan
R00127,O00029,impression,1737975009,web,Ibadan
R00128,O00107,impression,1762838805,mobile,Lagos
R00128,O00119,impression,1765263961,mobile,Lagos
R00128,O00031,impression,1756567296,mobile,Lagos
R00128,O00040,impression,1758486516,mobile,Lagos
R00129,O00110,impression,1754649507,web,Lagos
R00129,O00085,impression,1746245343,web,Lagos
R00129,O00064,impression,1758270452,web,Lagos
R00129,O00031,click,1748693827,web,Lagos
R00129,O00040,impression,1749969446,web,Lagos
R00129,O00015,impression,1749136354,web,Lagos
R00129,O00058,click,1755745506,web,Lagos
R00129,O00113,click,1765546742,web,Lagos
R00130,O00003,redeem,1746478638,tablet,Ibadan
R00130,O00113,impression,1766771244,tablet,Ibadan
R00130,O00085,impression,1761626521,tablet,Ibadan
R00130,O00055,impression,1748452166,tablet,Ibadan
R00130,O00037,impression,1761907595,tablet,Ibadan
R00131,O00008,impression,1745763258,web,Lagos
R00131,O00109,impression,1737359834,web,Lagos
R00131,O00074,impression,1753848288,web,Lagos
R00131,O00010,click,1743696595,web,Lagos
R00131,O00098,click,1750878589,web,Lagos
R00131,O00005,impression,1751079654,web,Lagos
R00132,O00058,click,1757872238,mobile,Abuja
R00132,O00114,impression,1748830577,mobile,Abuja
R00132,O00117,impression,1739230936,mobile,Abuja
R00132,O00034,redeem,1754024615,mobile,Abuja
R00132,O00114,click,1759493208,mobile,Abuja
R00133,O00073,click,1756728676,tablet,Abuja
R00133,O00075,click,1748390270,tablet,Abuja
R00133,O00054,impression,1737850071,tablet,Abuja
R00133,O00075,click,1755817580,tablet,Abuja
R00133,O00097,impression,1741538515,tablet,Abuja
R00133,O00061,impression,1751356897,tablet,Abuja
R00133,O00029,click,1738569017,tablet,Abuja
R00133,O00039,impression,1766339485,tablet,Abuja
R00134,O00111,click,1756200228,web,Ibadan
R00134,O00009,impression,1757180421,web,Ibadan
R00134,O00104,redeem,1748522756,web,Ibadan
R00134,O00076,impression,1737839756,web,Ibadan
R00134,O00089,impression,1752109829,web,Ibadan
R00134,O00092,impression,1762894955,web,Ibadan
R00134,O00033,impression,1739560656,web,Ibadan
R00134,O00043,click,1739197768,web,Ibadan
R00134,O00009,impression,1740621199,web,Ibadan
R00134,O00043,impression,1748617024,web,Ibadan
R00135,O00100,click,1744676981,tablet,Enugu
R00135,O00067,impression,1742991075,tablet,Enugu
R00135,O00067,impression,1744105463,tablet,Enugu
R00135,O00062,click,1756831009,tablet,Enugu
R00135,O00005,impression,1762289513,tablet,Enugu
R00136,O00060,click,1765704427,web,Enugu
R00136,O00055,impression,1743990445,web,Enugu
R00136,O00095,click,1739877760,web,Enugu
R00136,O00015,impression,1749210623,web,Enugu
R00136,O00064,impression,1753030813,web,Enugu
R00136,O00113,impression,1736131020,web,Enugu
R00136,O00027,impression,1736724636,web,Enugu
R00136,O00055,impression,1741288182,web,Enugu
R00136,O00107,impression,1759855189,web,Enugu
R00137,O00056,click,1754853636,mobile,Ibadan
R00137,O00034,impression,1758716597,mobile,Ibadan
R00137,O00120,impression,1739149586,mobile,Ibadan
R00137,O00103,impression,1760392434,mobile,Ibadan
R00137,O00001,click,1764019139,mobile,Ibadan
R00137,O00001,click,1757740807,mobile,Ibadan
R00137,O00080,click,1746261824,mobile,Ibadan
R00137,O00051,click,1752580690,mobile,Ibadan
R00137,O00093,impression,1742502602,mobile,Ibadan
R00137,O00054,impression,1752612649,mobile,Ibadan
R00138,O00015,impression,1742421145,web,Enugu
R00138,O00073,click,1765647072,web,Enugu
R00138,O00093,impression,1743321625,web,Enugu
R00138,O00003,click,1750806656,web,Enugu
R00138,O00037,redeem,1765594671,web,Enugu
R00138,O00035,impression,1738508687,web,Enugu
R00139,O00048,impression,1743565569,web,Abuja
R00139,O00045,impression,1752275803,web,Abuja
R00139,O00048,impression,1750625507,web,Abuja
R00139,O00025,impression,1747424538,web,Abuja
R00139,O00061,click,1742437714,web,Abuja
R00139,O00002,impression,1762134760,web,Abuja
R00139,O00109,click,1749932246,web,Abuja
R00140,O00001,click,1754718591,mobile,Lagos
R00140,O00031,click,1742846277,mobile,Lagos
R00140,O00053,impression,1758186827,mobile,Lagos
R00140,O00050,redeem,1739609453,mobile,Lagos
R00140,O00067,impression,1751173366,mobile,Lagos
R00140,O00044,redeem,1738289494,mobile,Lagos
R00140,O00099,impression,1761018138,mobile,Lagos
R00140,O00087,impression,1763355015,mobile,Lagos
R00140,O00118,impression,1760587652,mobile,Lagos
R00141,O00013,click,1764188887,tablet,Abuja
R00141,O00117,click,1741204417,tablet,Abuja
R00141,O00001,click,1761819086,tablet,Abuja
R00141,O00063,redeem,1763066322,tablet,Abuja
R00141,O00013,impression,1751258514,tablet,Abuja
R00141,O00088,click,1742229378,tablet,Abuja
R00142,O00110,click,1736625521,web,Lagos
R00142,O00020,impression,1764275824,web,Lagos
R00142,O00093,redeem,1756825657,web,Lagos
R00142,O00039,redeem,1758786696,web,Lagos
R00143,O00052,impression,1743139188,web,Port Harcourt
R00143,O00067,click,1765792045,web,Port Harcourt
R00143,O00009,impression,1763260937,web,Port Harcourt
R00143,O00076,impression,1759050028,web,Port Harcourt
R00143,O00073,impression,1759973569,web,Port Harcourt
R00143,O00026,click,1759268636,web,Port Harcourt
R00143,O00076,click,1762673164,web,Port Harcourt
R00144,O00065,impression,1756810870,tablet,Port Harcourt
R00144,O00096,redeem,1752462071,tablet,Port Harcourt
R00144,O00006,redeem,1751081458,tablet,Port Harcourt
R00144,O00100,impression,1751172216,tablet,Port Harcourt
R00144,O00023,click,1761706646,tablet,Port Harcourt
R00144,O00011,impression,1750727486,tablet,Port Harcourt
R00144,O00019,click,1765433473,tablet,Port Harcourt
R00145,O00044,click,1764929200,web,Ibadan
R00145,O00010,impression,1762311469,web,Ibadan
R00145,O00085,click,1757106594,web,Ibadan
R00145,O00109,click,1739887935,web,Ibadan
R00145,O00047,impression,1742816623,web,Ibadan
R00145,O00057,impression,1766781315,web,Ibadan
R00146,O00029,click,1762663693,mobile,Enugu
R00146,O00081,impression,1756762060,mobile,Enugu
R00146,O00093,impression,1751010486,mobile,Enugu
R00146,O00107,click,1745727067,mobile,Enugu
R00146,O00056,impression,1745739666,mobile,Enugu
R00147,O00110,impression,1735902740,tablet,Port Harcourt
R00147,O00095,click,1742382541,tablet,Port Harcourt
R00147,O00110,click,1762910509,tablet,Port Harcourt
R00147,O00117,click,1766948818,tablet,Port Harcourt
R00148,O00112,impression,1755408914,mobile,Port Harcourt
R00148,O00102,click,1758667704,mobile,Port Harcourt
R00148,O00088,click,1744988068,mobile,Port Harcourt
R00148,O00088,impression,1758549510,mobile,Port Harcourt
R00148,O00059,impression,1739037317,mobile,Port Harcourt
R00148,O00058,impression,1737843847,mobile,Port Harcourt
R00148,O00030,click,1766741262,mobile,Port Harcourt
R00148,O00072,click,1755182187,mobile,Port Harcourt
R00149,O00042,impression,1765054493,mobile,Port Harcourt
R00149,O00070,click,1757925317,mobile,Port Harcourt
R00149,O00026,click,1739446464,mobile,Port Harcourt
R00149,O00052,impression,1741393977,mobile,Port Harcourt
R00149,O00034,impression,1736971514,mobile,Port Harcourt
R00149,O00119,impression,1751207679,mobile,Port Harcourt
R00149,O00033,impression,1745228712,mobile,Port Harcourt
R00150,O00116,click,1740948133,web,Lagos
R00150,O00003,impression,1762907374,web,Lagos
R00150,O00055,click,1742200950,web,Lagos
R00150,O00031,impression,1756252904,web,Lagos
R00150,O00101,click,1741117170,web,Lagos
R00150,O00078,impression,1757402857,web,Lagos
R00150,O00119,impression,1739243107,web,Lagos
R00150,O00032,impression,1764160488,web,Lagos
R00150,O00039,click,1742904498,web,Lagos
R00150,O00027,click,1746496672,web,Lagos
R00151,O00008,redeem,1746365744,web,Lagos
R00151,O00109,click,1742703939,web,Lagos
R00151,O00047,impression,1742711367,web,Lagos
R00151,O00033,impression,1756284803,web,Lagos
R00151,O00016,impression,1766996996,web,Lagos
R00151,O00012,impression,1749790099,web,Lagos
R00151,O00021,redeem,1756012750,web,Lagos
R00152,O00039,impression,1742943460,tablet,Abuja
R00152,O00014,impression,1760808970,tablet,Abuja
R00152,O00016,click,1764936057,tablet,Abuja
R00152,O00030,impression,1738594226,tablet,Abuja
R00152,O00044,click,1764618119,tablet,Abuja
R00152,O00048,impression,1752020836,tablet,Abuja
R00153,O00117,click,1763316451,mobile,Ibadan
R00153,O00108,impression,1747655208,mobile,Ibadan
R00153,O00083,impression,1759288913,mobile,Ibadan
R00153,O00010,impression,1738927771,mobile,Ibadan
R00154,O00008,impression,1760138620,mobile,Lagos
R00154,O00080,impression,1750271775,mobile,Lagos
R00154,O00005,impression,1762930236,mobile,Lagos
R00154,O00090,click,1738942384,mobile,Lagos
R00154,O00002,impression,1746932176,mobile,Lagos
R00154,O00016,impression,1751814205,mobile,Lagos
R00154,O00005,impression,1738886491,mobile,Lagos
R00154,O00083,impression,1765097882,mobile,Lagos
R00155,O00105,redeem,1738683029,mobile,Lagos
R00155,O00111,click,1757894342,mobile,Lagos
R00155,O00106,impression,1750145314,mobile,Lagos
R00155,O00076,click,1741035835,mobile,Lagos
R00156,O00018,impression,1747178053,mobile,Enugu
R00156,O00038,impression,1762999212,mobile,Enugu
R00156,O00113,redeem,1757432267,mobile,Enugu
R00156,O00040,impression,1747690035,mobile,Enugu
R00156,O00017,click,1751326778,mobile,Enugu
R00156,O00035,redeem,1750778307,mobile,Enugu
R00156,O00031,impression,1759089998,mobile,Enugu
R00156,O00047,click,1765032954,mobile,Enugu
R00156,O00116,click,1736690063,mobile,Enugu
R00157,O00102,impression,1753688579,mobile,Enugu
R00157,O00016,impression,1752336337,mobile,Enugu
R00157,O00061,click,1748008243,mobile,Enugu
R00157,O00032,impression,1741240782,mobile,Enugu
R00157,O00082,click,1754995624,mobile,Enugu
R00157,O00047,impression,1751143320,mobile,Enugu
R00157,O00094,impression,1742492403,mobile,Enugu
R00158,O00119,impression,1738830406,mobile,Lagos
R00158,O00108,impression,1766003010,mobile,Lagos
R00158,O00074,click,1758783707,mobile,Lagos
R00158,O00059,click,1741791620,mobile,Lagos
R00158,O00048,impression,1762744626,mobile,Lagos
R00158,O00083,impression,1765191403,mobile,Lagos
R00158,O00082,click,1753676871,mobile,Lagos
R00159,O00021,impression,1758172514,web,Enugu
R00159,O00106,impression,1749116587,web,Enugu
R00159,O00040,click,1752559066,web,Enugu
R00159,O00084,impression,1762572911,web,Enugu
R00159,O00114,impression,1762683119,web,Enugu
R00159,O00117,redeem,1751114450,web,Enugu
R00160,O00034,impression,1746103378,tablet,Port Harcourt
R00160,O00102,click,1762442527,tablet,Port Harcourt
R00160,O00026,impression,1737093332,tablet,Port Harcourt
R00160,O00042,impression,1744476767,tablet,Port Harcourt
R00160,O00104,impression,1737796751,tablet,Port Harcourt
R00160,O00070,impression,1752278203,tablet,Port Harcourt
R00161,O00049,impression,1762821457,web,Lagos
R00161,O00049,click,1757801062,web,Lagos
R00161,O00020,click,1759418306,web,Lagos
R00161,O00015,click,1743347122,web,Lagos
R00161,O00101,click,1763782769,web,Lagos
R00162,O00065,impression,1765060823,tablet,Port Harcourt
R00162,O00049,click,1750450257,tablet,Port Harcourt
R00162,O00091,click,1761946178,tablet,Port Harcourt
R00162,O00053,redeem,1740426806,tablet,Port Harcourt
R00162,O00077,click,1743738030,tablet,Port Harcourt
R00162,O00100,click,1746747851,tablet,Port Harcourt
R00163,O00012,click,1747941422,tablet,Ibadan
R00163,O00061,click,1740759976,tablet,Ibadan
R00163,O00047,impression,1739360448,tablet,Ibadan
R00163,O00010,impression,1751356557,tablet,Ibadan
R00163,O00005,impression,1764664391,tablet,Ibadan
R00163,O00005,impression,1736544278,tablet,Ibadan
R00163,O00058,click,1752101117,tablet,Ibadan
R00163,O00010,redeem,1740634141,tablet,Ibadan
R00164,O00075,click,1739419710,web,Lagos
R00164,O00045,impression,1742956203,web,Lagos
R00164,O00045,impression,1739462499,web,Lagos
R00164,O00020,impression,1764937495,web,Lagos
R00164,O00020,redeem,1765736230,web,Lagos
R00164,O00110,impression,1758639457,web,Lagos
R00164,O00110,click,1750151534,web,Lagos
R00164,O00056,click,1745772948,web,Lagos
R00164,O00024,redeem,1745722760,web,Lagos
R00164,O00049,impression,1750626039,web,Lagos
R00165,O00087,impression,1765863221,web,Abuja
R00165,O00013,click,1766906453,web,Abuja
R00165,O00087,redeem,1740359520,web,Abuja
R00165,O00090,impression,1763197310,web,Abuja
R00165,O00034,click,1741721997,web,Abuja
R00165,O00071,click,1758511231,web,Abuja
R00166,O00033,redeem,1762026311,mobile,Port Harcourt
R00166,O00026,impression,1743216655,mobile,Port Harcourt
R00166,O00026,click,1765503184,mobile,Port Harcourt
R00166,O00033,impression,1756876381,mobile,Port Harcourt
R00166,O00041,impression,1746104334,mobile,Port Harcourt
R00166,O00118,impression,1739577298,mobile,Port Harcourt
R00166,O00092,impression,1746315098,mobile,Port Harcourt
R00166,O00086,impression,1751991176,mobile,Port Harcourt
R00166,O00105,click,1761091639,mobile,Port Harcourt
R00167,O00064,impression,1761898778,mobile,Port Harcourt
R00167,O00032,impression,1756087109,mobile,Port Harcourt
R00167,O00035,impression,1762552657,mobile,Port Harcourt
R00167,O00092,click,1738479952,mobile,Port Harcourt
R00167,O00055,redeem,1743021164,mobile,Port Harcourt
R00167,O00042,click,1763429617,mobile,Port Harcourt
R00167,O00107,impression,1746235905,mobile,Port Harcourt
R00167,O00068,impression,1764921696,mobile,Port Harcourt
R00167,O00003,impression,1751666120,mobile,Port Harcourt
R00168,O00066,click,1762197903,mobile,Enugu
R00168,O00084,click,1762222798,mobile,Enugu
R00168,O00102,impression,1753645232,mobile,Enugu
R00168,O00072,redeem,1747774703,mobile,Enugu
R00168,O00020,click,1742058127,mobile,Enugu
R00168,O00025,impression,1745408755,mobile,Enugu
R00168,O00088,impression,1766710211,mobile,Enugu
R00168,O00117,impression,1742689691,mobile,Enugu
R00168,O00072,impression,1749090033,mobile,Enugu
R00169,O00063,click,1744440052,tablet,Abuja
R00169,O00059,impression,1756367535,tablet,Abuja
R00169,O00072,redeem,1760432538,tablet,Abuja
R00169,O00072,impression,1749431679,tablet,Abuja
R00169,O00058,impression,1762927960,tablet,Abuja
R00170,O00032,click,1765607626,mobile,Ibadan
R00170,O00063,impression,1741062153,mobile,Ibadan
R00170,O00025,impression,1762258525,mobile,Ibadan
R00170,O00088,redeem,1749633697,mobile,Ibadan
R00170,O00102,impression,1753634113,mobile,Ibadan
R00170,O00106,impression,1741509633,mobile,Ibadan
R00170,O00014,impression,1740715823,mobile,Ibadan
R00171,O00086,impression,1764125665,mobile,Port Harcourt
R00171,O00057,impression,1743666428,mobile,Port Harcourt
R00171,O00070,impression,1758966014,mobile,Port Harcourt
R00171,O00026,click,1763010028,mobile,Port Harcourt
R00171,O00111,impression,1764288889,mobile,Port Harcourt
R00171,O00052,click,1758792301,mobile,Port Harcourt
R00171,O00096,impression,1745330513,mobile,Port Harcourt
R00171,O00061,impression,1742442955,mobile,Port Harcourt
R00171,O00026,impression,1763040067,mobile,Port Harcourt
R00171,O00070,impression,1741699826,mobile,Port Harcourt
R00172,O00114,impression,1744401854,tablet,Port Harcourt
R00172,O00066,click,1751801719,tablet,Port Harcourt
R00172,O00102,impression,1763355894,tablet,Port Harcourt
R00172,O00099,click,1766386237,tablet,Port Harcourt
R00172,O00112,click,1758324391,tablet,Port Harcourt
R00172,O00024,impression,1760044752,tablet,Port Harcourt
R00172,O00072,impression,1747833962,tablet,Port Harcourt
R00172,O00063,impression,1740457309,tablet,Port Harcourt
R00172,O00055,click,1745079131,tablet,Port Harcourt
R00173,O00003,impression,1747428124,tablet,Ibadan
R00173,O00116,impression,1740161194,tablet,Ibadan
R00173,O00006,click,1742562695,tablet,Ibadan
R00173,O00113,impression,1746320066,tablet,Ibadan
R00173,O00085,click,1764378337,tablet,Ibadan
R00174,O00102,impression,1765658412,web,Enugu
R00174,O00006,impression,1753239461,web,Enugu
R00174,O00066,impression,1742181724,web,Enugu
R00174,O00063,impression,1743837051,web,Enugu
R00174,O00117,redeem,1752297458,web,Enugu
R00174,O00066,click,1762557279,web,Enugu
R00175,O00033,impression,1741237869,tablet,Lagos
R00175,O00004,impression,1740718629,tablet,Lagos
R00175,O00110,redeem,1764770307,tablet,Lagos
R00175,O00038,impression,1744119642,tablet,Lagos
R00175,O00105,impression,1765331080,tablet,Lagos
R00175,O00105,impression,1765593419,tablet,Lagos
R00175,O00092,impression,1741021604,tablet,Lagos
R00175,O00078,impression,1737066758,tablet,Lagos
R00175,O00104,impression,1765843626,tablet,Lagos
R00176,O00115,click,1753250863,web,Lagos
R00176,O00067,redeem,1738510127,web,Lagos
R00176,O00050,impression,1751746840,web,Lagos
R00176,O00077,impression,1754669715,web,Lagos
R00176,O00006,impression,1764307215,web,Lagos
R00176,O00087,impression,1748423097,web,Lagos
R00176,O00082,impression,1762423560,web,Lagos
R00177,O00018,click,1745870209,tablet,Ibadan
R00177,O00001,click,1760668520,tablet,Ibadan
R00177,O00067,impression,1766105771,tablet,Ibadan
R00177,O00065,impression,1741648318,tablet,Ibadan
R00177,O00091,click,1745053949,tablet,Ibadan
R00177,O00030,impression,1745488001,tablet,Ibadan
R00177,O00017,impression,1753016648,tablet,Ibadan
R00177,O00079,click,1742985567,tablet,Ibadan
R00178,O00113,click,1749249374,mobile,Enugu
R00178,O00108,click,1737188393,mobile,Enugu
R00178,O00064,impression,1741641478,mobile,Enugu
R00178,O00068,impression,1745628995,mobile,Enugu
R00178,O00064,impression,1762502067,mobile,Enugu
R00178,O00116,click,1763666734,mobile,Enugu
R00178,O00116,click,1744585951,mobile,Enugu
R00178,O00035,impression,1752669234,mobile,Enugu
R00178,O00107,click,1759241185,mobile,Enugu
R00179,O00046,impression,1738478333,web,Abuja
R00179,O00035,click,1739468861,web,Abuja
R00179,O00079,impression,1754530130,web,Abuja
R00179,O00064,impression,1758752802,web,Abuja
R00180,O00057,impression,1758593882,mobile,Port Harcourt
R00180,O00003,redeem,1757046652,mobile,Port Harcourt
R00180,O00068,click,1750049771,mobile,Port Harcourt
R00180,O00079,redeem,1750402142,mobile,Port Harcourt
R00180,O00052,click,1744725325,mobile,Port Harcourt
R00180,O00051,redeem,1736203279,mobile,Port Harcourt
R00180,O00120,impression,1745025277,mobile,Port Harcourt
R00180,O00067,impression,1737133952,mobile,Port Harcourt
R00181,O00105,click,1760262227,mobile,Ibadan
R00181,O00009,impression,1737582596,mobile,Ibadan
R00181,O00043,click,1762825339,mobile,Ibadan
R00181,O00070,click,1741312778,mobile,Ibadan
R00181,O00034,impression,1758266811,mobile,Ibadan
R00181,O00041,impression,1737838142,mobile,Ibadan
R00181,O00052,impression,1746405522,mobile,Ibadan
R00181,O00070,impression,1749842244,mobile,Ibadan
R00181,O00111,impression,1751870789,mobile,Ibadan
R00181,O00073,click,1760090548,mobile,Ibadan
R00182,O00021,impression,1758704691,tablet,Lagos
R00182,O00108,impression,1738485196,tablet,Lagos
R00182,O00103,impression,1753696835,tablet,Lagos
R00182,O00008,click,1752540751,tablet,Lagos
R00182,O00047,impression,1741379745,tablet,Lagos
R00182,O00048,impression,1759887570,tablet,Lagos
R00183,O00073,impression,1763538660,mobile,Port Harcourt
R00183,O00034,click,1740767026,mobile,Port Harcourt
R00183,O00041,click,1739960605,mobile,Port Harcourt
R00183,O00034,impression,1753078703,mobile,Port Harcourt
R00183,O00086,click,1743549029,mobile,Port Harcourt
R00183,O00001,click,1763465568,mobile,Port Harcourt
R00183,O00044,click,1763966349,mobile,Port Harcourt
R00183,O00043,impression,1749080633,mobile,Port Harcourt
R00183,O00111,redeem,1764532359,mobile,Port Harcourt
R00183,O00009,click,1765403505,mobile,Port Harcourt
R00184,O00042,impression,1740339801,tablet,Lagos
R00184,O00111,click,1758516667,tablet,Lagos
R00184,O00105,impression,1754022255,tablet,Lagos
R00184,O00033,impression,1759363988,tablet,Lagos
R00184,O00052,click,1753872401,tablet,Lagos
R00184,O00070,impression,1745920442,tablet,Lagos
R00184,O00103,click,1753746541,tablet,Lagos
R00184,O00060,click,1749702918,tablet,Lagos
R00185,O00058,impression,1762572717,mobile,Ibadan
R00185,O00015,impression,1745975913,mobile,Ibadan
R00185,O00058,click,1766038523,mobile,Ibadan
R00185,O00025,redeem,1747084215,mobile,Ibadan
R00185,O00014,click,1765940049,mobile,Ibadan
R00185,O00084,impression,1754490179,mobile,Ibadan
R00186,O00052,impression,1748184512,web,Port Harcourt
R00186,O00038,impression,1749393538,web,Port Harcourt
R00186,O00034,impression,1758276948,web,Port Harcourt
R00186,O00118,impression,1749028126,web,Port Harcourt
R00186,O00104,impression,1761859031,web,Port Harcourt
R00186,O00110,click,1742569525,web,Port Harcourt
R00186,O00076,click,1741032068,web,Port Harcourt
R00187,O00097,impression,1742786165,web,Port Harcourt
R00187,O00078,impression,1753139376,web,Port Harcourt
R00187,O00003,impression,1741893623,web,Port Harcourt
R00187,O00068,impression,1740222426,web,Port Harcourt
R00187,O00016,impression,1759343430,web,Port Harcourt
R00187,O00056,impression,1748604398,web,Port Harcourt
R00188,O00114,impression,1758559718,tablet,Port Harcourt
R00188,O00017,click,1736322237,tablet,Port Harcourt
R00188,O00032,impression,1741643176,tablet,Port Harcourt
R00188,O00107,click,1757628282,tablet,Port Harcourt
R00188,O00035,impression,1752976933,tablet,Port Harcourt
R00188,O00107,impression,1749264568,tablet,Port Harcourt
R00188,O00015,redeem,1752501938,tablet,Port Harcourt
R00189,O00085,impression,1761823801,tablet,Ibadan
R00189,O00015,impression,1758337291,tablet,Ibadan
R00189,O00064,impression,1754615018,tablet,Ibadan
R00189,O00031,impression,1765830686,tablet,Ibadan
R00189,O00060,click,1761417530,tablet,Ibadan
R00190,O00022,click,1763264033,mobile,Ibadan
R00190,O00077,click,1748329585,mobile,Ibadan
R00190,O00071,impression,1746036906,mobile,Ibadan
R00190,O00115,impression,1756581766,mobile,Ibadan
R00190,O00001,impression,1745434262,mobile,Ibadan
R00190,O00046,click,1762213421,mobile,Ibadan
R00190,O00046,impression,1739180812,mobile,Ibadan
R00191,O00004,impression,1757021884,tablet,Ibadan
R00191,O00042,click,1736060185,tablet,Ibadan
R00191,O00042,impression,1750057474,tablet,Ibadan
R00191,O00008,click,1736088725,tablet,Ibadan
R00191,O00076,impression,1739866182,tablet,Ibadan
R00191,O00009,click,1747232091,tablet,Ibadan
R00191,O00033,impression,1762849947,tablet,Ibadan
R00191,O00070,impression,1738720880,tablet,Ibadan
R00191,O00043,impression,1744652345,tablet,Ibadan
R00192,O00071,click,1742238078,mobile,Ibadan
R00192,O00104,redeem,1746653101,mobile,Ibadan
R00192,O00076,impression,1743683252,mobile,Ibadan
R00192,O00043,impression,1748205248,mobile,Ibadan
R00192,O00070,click,1747353753,mobile,Ibadan
R00192,O00026,impression,1741479190,mobile,Ibadan
R00192,O00076,click,1755483377,mobile,Ibadan
R00192,O00034,click,1758817165,mobile,Ibadan
R00192,O00043,click,1758225997,mobile,Ibadan
R00192,O00105,impression,1757093732,mobile,Ibadan
R00193,O00018,impression,1750782821,mobile,Enugu
R00193,O00032,impression,1754976419,mobile,Enugu
R00193,O00027,impression,1738449071,mobile,Enugu
R00193,O00060,impression,1738293585,mobile,Enugu
R00194,O00026,impression,1737228298,tablet,Abuja
R00194,O00034,impression,1755255370,tablet,Abuja
R00194,O00028,click,1764048151,tablet,Abuja
R00194,O00026,impression,1752307084,tablet,Abuja
R00194,O00026,click,1743687242,tablet,Abuja
R00194,O00104,impression,1745522625,tablet,Abuja
R00194,O00104,impression,1765466409,tablet,Abuja
R00194,O00033,impression,1755433427,tablet,Abuja
R00194,O00043,click,1746584282,tablet,Abuja
R00195,O00107,click,1743625981,tablet,Port Harcourt
R00195,O00040,impression,1741849803,tablet,Port Harcourt
R00195,O00037,impression,1764111433,tablet,Port Harcourt
R00195,O00015,click,1745335065,tablet,Port Harcourt
R00195,O00031,click,1748253785,tablet,Port Harcourt
R00195,O00054,redeem,1765511276,tablet,Port Harcourt
R00196,O00120,impression,1741070040,tablet,Ibadan
R00196,O00020,impression,1746966679,tablet,Ibadan
R00196,O00039,click,1751041315,tablet,Ibadan
R00196,O00097,click,1746985117,tablet,Ibadan
R00196,O00095,click,1745402380,tablet,Ibadan
R00197,O00073,impression,1762792665,tablet,Ibadan
R00197,O00081,impression,1744710319,tablet,Ibadan
R00197,O00042,impression,1762918922,tablet,Ibadan
R00197,O00095,impression,1760346549,tablet,Ibadan
R00197,O00093,impression,1738683792,tablet,Ibadan
R00197,O00036,click,1761222051,tablet,Ibadan
R00198,O00049,click,1759598067,mobile,Port Harcourt
R00198,O00055,impression,1740627830,mobile,Port Harcourt
R00198,O00054,redeem,1747773458,mobile,Port Harcourt
R00198,O00112,impression,1766608430,mobile,Port Harcourt
R00198,O00019,impression,1759967607,mobile,Port Harcourt
R00198,O00020,click,1766993839,mobile,Port Harcourt
R00198,O00075,impression,1743387427,mobile,Port Harcourt
R00198,O00056,impression,1750954732,mobile,Port Harcourt
R00198,O00045,click,1751009199,mobile,Port Harcourt
R00198,O00098,impression,1751456705,mobile,Port Harcourt
R00199,O00012,click,1742018513,web,Lagos
R00199,O00074,impression,1766407950,web,Lagos
R00199,O00069,impression,1736336376,web,Lagos
R00199,O00008,click,1764811939,web,Lagos
R00199,O00094,impression,1751619873,web,Lagos
R00199,O00089,impression,1746014371,web,Lagos
R00200,O00096,click,1736881116,mobile,Enugu
R00200,O00096,impression,1760053690,mobile,Enugu
R00200,O00062,impression,1747927270,mobile,Enugu
R00200,O00006,impression,1741425072,mobile,Enugu
R00200,O00079,impression,1747525612,mobile,Enugu
R00200,O00120,click,1738485796,mobile,Enugu
R00200,O00046,click,1763230135,mobile,Enugu
R00201,O00077,impression,1747862504,mobile,Ibadan
R00201,O00077,impression,1750965780,mobile,Ibadan
R00201,O00022,impression,1759248927,mobile,Ibadan
R00201,O00013,click,1741534816,mobile,Ibadan
R00201,O00011,click,1766479376,mobile,Ibadan
R00201,O00077,impression,1743257061,mobile,Ibadan
R00201,O00065,click,1754507068,mobile,Ibadan
R00201,O00019,click,1761214550,mobile,Ibadan
R00202,O00105,redeem,1758872719,tablet,Ibadan
R00202,O00004,impression,1740678740,tablet,Ibadan
R00202,O00061,click,1746556497,tablet,Ibadan
R00202,O00070,impression,1763624561,tablet,Ibadan
R00202,O00086,impression,1763867793,tablet,Ibadan
R00202,O00008,impression,1758500900,tablet,Ibadan
R00202,O00104,impression,1763697723,tablet,Ibadan
R00202,O00024,impression,1746768988,tablet,Ibadan
R00202,O00105,click,1741503435,tablet,Ibadan
R00202,O00035,impression,1764974396,tablet,Ibadan
R00203,O00063,impression,1764159700,web,Abuja
R00203,O00102,impression,1746028580,web,Abuja
R00203,O00099,impression,1738330321,web,Abuja
R00203,O00024,impression,1756312502,web,Abuja
R00203,O00106,impression,1752425491,web,Abuja
R00203,O00063,impression,1765712727,web,Abuja
R00203,O00063,impression,1754112314,web,Abuja
R00203,O00106,click,1747488941,web,Abuja
R00203,O00063,redeem,1744507277,web,Abuja
R00203,O00018,redeem,1757380908,web,Abuja
R00204,O00109,impression,1744548186,web,Abuja
R00204,O00108,impression,1739498581,web,Abuja
R00204,O00114,impression,1756953898,web,Abuja
R00204,O00074,redeem,1757926621,web,Abuja
R00204,O00028,impression,1747516573,web,Abuja
R00205,O00112,click,1758215260,mobile,Lagos
R00205,O00088,impression,1755470050,mobile,Lagos
R00205,O00071,click,1752421336,mobile,Lagos
R00205,O00079,impression,1763287162,mobile,Lagos
R00205,O00062,click,1738615573,mobile,Lagos
R00205,O00087,impression,1766422880,mobile,Lagos
R00206,O00079,click,1750666855,web,Ibadan
R00206,O00001,click,1756392312,web,Ibadan
R00206,O00046,impression,1756888833,web,Ibadan
R00206,O00022,impression,1761165444,web,Ibadan
R00206,O00001,click,1764099143,web,Ibadan
R00206,O00011,impression,1753854781,web,Ibadan
R00206,O00023,click,1748855151,web,Ibadan
R00207,O00081,impression,1744433977,tablet,Lagos
R00207,O00120,impression,1756143940,tablet,Lagos
R00207,O00080,impression,1742150716,tablet,Lagos
R00207,O00097,impression,1746000192,tablet,Lagos
R00208,O00090,impression,1762167668,mobile,Abuja
R00208,O00047,click,1748155537,mobile,Abuja
R00208,O00082,click,1742899776,mobile,Abuja
R00208,O00069,impression,1766092963,mobile,Abuja
R00208,O00047,click,1761010332,mobile,Abuja
R00208,O00108,impression,1760627210,mobile,Abuja
R00209,O00105,impression,1738187596,mobile,Abuja
R00209,O00030,click,1749121205,mobile,Abuja
R00209,O00084,impression,1739450219,mobile,Abuja
R00209,O00105,impression,1743374589,mobile,Abuja
R00209,O00073,impression,1763634939,mobile,Abuja
R00209,O00052,impression,1754376762,mobile,Abuja
R00210,O00058,click,1738328231,web,Abuja
R00210,O00073,impression,1750560912,web,Abuja
R00210,O00106,impression,1747966291,web,Abuja
R00210,O00099,impression,1758946189,web,Abuja
R00211,O00089,impression,1753590562,mobile,Abuja
R00211,O00082,click,1764106251,mobile,Abuja
R00211,O00021,impression,1756594616,mobile,Abuja
R00211,O00109,redeem,1747562909,mobile,Abuja
R00211,O00108,impression,1735817537,mobile,Abuja
R00211,O00051,click,1754561846,mobile,Abuja
R00211,O00112,impression,1758135031,mobile,Abuja
R00211,O00026,impression,1746124489,mobile,Abuja
R00212,O00063,click,1756588828,mobile,Abuja
R00212,O00059,impression,1745248984,mobile,Abuja
R00212,O00056,click,1743401629,mobile,Abuja
R00212,O00099,impression,1746977924,mobile,Abuja
R00212,O00058,click,1760406553,mobile,Abuja
R00212,O00060,impression,1755369269,mobile,Abuja
R00212,O00013,click,1742876005,mobile,Abuja
R00212,O00064,click,1742821491,mobile,Abuja
R00213,O00119,impression,1755446633,tablet,Abuja
R00213,O00032,impression,1750923798,tablet,Abuja
R00213,O00085,impression,1765649399,tablet,Abuja
R00213,O00035,click,1740827204,tablet,Abuja
R00213,O00035,impression,1746722631,tablet,Abuja
R00213,O00107,impression,1761458526,tablet,Abuja
R00213,O00027,impression,1737160651,tablet,Abuja
R00213,O00032,impression,1755465983,tablet,Abuja
R00213,O00116,impression,1757219503,tablet,Abuja
R00214,O00068,click,1752550029,tablet,Port Harcourt
R00214,O00060,click,1757203799,tablet,Port Harcourt
R00214,O00068,click,1760161266,tablet,Port Harcourt
R00214,O00015,impression,1764307334,tablet,Port Harcourt
R00214,O00107,click,1742346356,tablet,Port Harcourt
R00214,O00015,impression,1759336096,tablet,Port Harcourt
R00214,O00017,impression,1759878365,tablet,Port Harcourt
R00214,O00032,impression,1760289471,tablet,Port Harcourt
R00214,O00038,click,1765451982,tablet,Port Harcourt
R00215,O00119,click,1759767077,mobile,Enugu
R00215,O00119,click,1744516161,mobile,Enugu
R00215,O00046,impression,1754918504,mobile,Enugu
R00215,O00040,redeem,1743138903,mobile,Enugu
R00215,O00113,redeem,1762393361,mobile,Enugu
R00215,O00095,click,1757514560,mobile,Enugu
R00215,O00060,click,1754497163,mobile,Enugu
R00215,O00064,click,1760615450,mobile,Enugu
R00216,O00020,redeem,1757130812,tablet,Enugu
R00216,O00120,impression,1760460644,tablet,Enugu
R00216,O00095,click,1736221889,tablet,Enugu
R00216,O00045,impression,1742205030,tablet,Enugu
R00217,O00059,impression,1738615359,web,Enugu
R00217,O00114,impression,1750878543,web,Enugu
R00217,O00106,redeem,1765051963,web,Enugu
R00217,O00102,impression,1758265128,web,Enugu
R00218,O00104,click,1760010739,web,Lagos
R00218,O00070,click,1755133635,web,Lagos
R00218,O00042,impression,1743584602,web,Lagos
R00218,O00041,click,1742757178,web,Lagos
R00218,O00076,impression,1761785584,web,Lagos
R00218,O00009,impression,1765655954,web,Lagos
R00218,O00076,impression,1742765525,web,Lagos
R00218,O00058,redeem,1759377180,web,Lagos
R00218,O00092,impression,1766927066,web,Lagos
R00218,O00105,click,1753038673,web,Lagos
R00219,O00055,impression,1741496116,mobile,Port Harcourt
R00219,O00112,impression,1745083171,mobile,Port Harcourt
R00219,O00064,redeem,1763677442,mobile,Port Harcourt
R00219,O00040,impression,1759098029,mobile,Port Harcourt
R00220,O00018,impression,1766477133,web,Enugu
R00220,O00099,impression,1750321907,web,Enugu
R00220,O00063,impression,1752637011,web,Enugu
R00220,O00072,impression,1755682214,web,Enugu
R00220,O00046,impression,1740513343,web,Enugu
R00220,O00024,impression,1751827328,web,Enugu
R00220,O00102,click,1757129266,web,Enugu
R00221,O00056,click,1754700341,web,Ibadan
R00221,O00068,click,1762557206,web,Ibadan
R00221,O00003,click,1742591599,web,Ibadan
R00221,O00037,click,1755779266,web,Ibadan
R00221,O00107,impression,1765233577,web,Ibadan
R00221,O00068,click,1766669982,web,Ibadan
R00221,O00035,impression,1765692263,web,Ibadan
R00221,O00049,redeem,1758508165,web,Ibadan
R00221,O00036,click,1766008835,web,Ibadan
R00221,O00055,click,1765950245,web,Ibadan
R00222,O00022,impression,1762125711,tablet,Ibadan
R00222,O00053,impression,1760932880,tablet,Ibadan
R00222,O00053,redeem,1752121541,tablet,Ibadan
R00222,O00006,impression,1738753445,tablet,Ibadan
R00222,O00077,impression,1766904516,tablet,Ibadan
R00222,O00019,click,1760056914,tablet,Ibadan
R00222,O00062,click,1747958200,tablet,Ibadan
R00223,O00053,click,1743011273,web,Abuja
R00223,O00019,redeem,1740369838,web,Abuja
R00223,O00071,click,1754334003,web,Abuja
R00223,O00023,impression,1756577667,web,Abuja
R00223,O00037,impression,1736979725,web,Abuja
R00223,O00065,impression,1750756504,web,Abuja
R00223,O00096,click,1746212923,web,Abuja
R00223,O00053,click,1748196932,web,Abuja
R00224,O00046,impression,1739627160,mobile,Ibadan
R00224,O00059,click,1760163050,mobile,Ibadan
R00224,O00001,impression,1762113955,mobile,Ibadan
R00224,O00087,redeem,1764702163,mobile,Ibadan
R00224,O00053,impression,1759806209,mobile,Ibadan
R00224,O00053,click,1761372685,mobile,Ibadan
R00224,O00065,click,1766306041,mobile,Ibadan
R00224,O00001,click,1736970323,mobile,Ibadan
R00224,O00046,click,1742159459,mobile,Ibadan
R00225,O00038,impression,1759728575,mobile,Enugu
R00225,O00009,redeem,1745529583,mobile,Enugu
R00225,O00033,impression,1747393886,mobile,Enugu
R00225,O00104,impression,1750273745,mobile,Enugu
R00225,O00120,click,1743685484,mobile,Enugu
R00225,O00026,click,1748989591,mobile,Enugu
R00226,O00060,click,1760656234,mobile,Ibadan
R00226,O00117,impression,1752100317,mobile,Ibadan
R00226,O00018,click,1749099805,mobile,Ibadan
R00226,O00028,click,1765715661,mobile,Ibadan
R00226,O00094,redeem,1746633706,mobile,Ibadan
R00226,O00018,click,1746997766,mobile,Ibadan
R00226,O00064,impression,1764228019,mobile,Ibadan
R00226,O00017,impression,1742935190,mobile,Ibadan
R00226,O00085,click,1737058780,mobile,Ibadan
R00227,O00047,impression,1746038885,web,Ibadan
R00227,O00082,impression,1760637749,web,Ibadan
R00227,O00090,impression,1756169198,web,Ibadan
R00227,O00008,click,1738507438,web,Ibadan
R00227,O00030,impression,1757370286,web,Ibadan
R00227,O00028,impression,1746421738,web,Ibadan
R00227,O00089,impression,1751368188,web,Ibadan
R00227,O00012,click,1763768547,web,Ibadan
R00228,O00074,impression,1743635487,tablet,Enugu
R00228,O00061,impression,1764906028,tablet,Enugu
R00228,O00109,click,1758937483,tablet,Enugu
R00228,O00005,impression,1738644988,tablet,Enugu
R00228,O00098,impression,1749169938,tablet,Enugu
R00228,O00005,click,1739776905,tablet,Enugu
R00228,O00031,click,1753526759,tablet,Enugu
R00228,O00005,impression,1762432727,tablet,Enugu
R00228,O00061,click,1754559698,tablet,Enugu
R00229,O00104,impression,1740860276,mobile,Abuja
R00229,O00089,impression,1751955013,mobile,Abuja
R00229,O00033,click,1739317259,mobile,Abuja
R00229,O00089,redeem,1750930595,mobile,Abuja
R00229,O00005,click,1750961521,mobile,Abuja
R00229,O00016,click,1739742642,mobile,Abuja
R00230,O00023,click,1740734338,mobile,Enugu
R00230,O00001,impression,1737686547,mobile,Enugu
R00230,O00065,redeem,1765784889,mobile,Enugu
R00230,O00120,click,1760008886,mobile,Enugu
R00230,O00001,click,1755757476,mobile,Enugu
R00230,O00079,impression,1743064428,mobile,Enugu
R00231,O00071,impression,1747911685,tablet,Abuja
R00231,O00011,impression,1750640817,tablet,Abuja
R00231,O00103,impression,1747540484,tablet,Abuja
R00231,O00006,click,1736632834,tablet,Abuja
R00232,O00108,impression,1758671522,web,Lagos
R00232,O00109,click,1751561172,web,Lagos
R00232,O00035,impression,1760640071,web,Lagos
R00232,O00089,impression,1743973898,web,Lagos
R00232,O00077,click,1759699914,web,Lagos
R00232,O00061,click,1750933294,web,Lagos
R00232,O00066,click,1755772344,web,Lagos
R00232,O00082,impression,1749278450,web,Lagos
R00232,O00008,impression,1766415623,web,Lagos
R00233,O00039,impression,1762106707,web,Ibadan
R00233,O00054,click,1736768180,web,Ibadan
R00233,O00036,click,1740657341,web,Ibadan
R00233,O00110,impression,1739704783,web,Ibadan
R00233,O00020,impression,1739562974,web,Ibadan
R00233,O00020,impression,1736286798,web,Ibadan
R00233,O00070,impression,1737747136,web,Ibadan
R00233,O00110,impression,1760480890,web,Ibadan
R00233,O00006,click,1738397271,web,Ibadan
R00233,O00046,impression,1737502480,web,Ibadan
R00234,O00009,impression,1751632554,mobile,Port Harcourt
R00234,O00086,impression,1749026962,mobile,Port Harcourt
R00234,O00120,click,1748864153,mobile,Port Harcourt
R00234,O00105,impression,1749180361,mobile,Port Harcourt
R00234,O00034,impression,1758430269,mobile,Port Harcourt
R00234,O00042,impression,1759143517,mobile,Port Harcourt
R00234,O00034,impression,1741721106,mobile,Port Harcourt
R00234,O00104,impression,1765571910,mobile,Port Harcourt
R00234,O00111,impression,1759048703,mobile,Port Harcourt
R00234,O00097,impression,1736382068,mobile,Port Harcourt
R00235,O00102,click,1756481804,mobile,Ibadan
R00235,O00114,click,1749770369,mobile,Ibadan
R00235,O00080,click,1744869260,mobile,Ibadan
R00235,O00039,click,1741027247,mobile,Ibadan
R00235,O00076,impression,1759964053,mobile,Ibadan
R00236,O00025,impression,1747176943,tablet,Enugu
R00236,O00117,impression,1738574916,tablet,Enugu
R00236,O00051,click,1737310695,tablet,Enugu
R00236,O00102,click,1760444733,tablet,Enugu
R00236,O00088,redeem,1757794162,tablet,Enugu
R00237,O00003,impression,1752565871,tablet,Enugu
R00237,O00055,impression,1740579635,tablet,Enugu
R00237,O00040,click,1763824613,tablet,Enugu
R00237,O00068,impression,1735763057,tablet,Enugu
R00237,O00060,click,1737997831,tablet,Enugu
R00237,O00116,impression,1758278337,tablet,Enugu
R00237,O00064,redeem,1740792361,tablet,Enugu
R00237,O00075,impression,1750467982,tablet,Enugu
R00237,O00018,impression,1758181494,tablet,Enugu
R00237,O00055,impression,1758033790,tablet,Enugu
R00238,O00065,click,1746291101,mobile,Enugu
R00238,O00065,redeem,1760861264,mobile,Enugu
R00238,O00019,impression,1754482479,mobile,Enugu
R00238,O00095,redeem,1761398278,mobile,Enugu
R00238,O00065,impression,1766597270,mobile,Enugu
R00238,O00046,impression,1745261830,mobile,Enugu
R00238,O00001,click,1760176260,mobile,Enugu
R00239,O00066,redeem,1741007519,mobile,Abuja
R00239,O00084,impression,1764899169,mobile,Abuja
R00239,O00066,impression,1753509498,mobile,Abuja
R00239,O00112,impression,1745279992,mobile,Abuja
R00239,O00025,click,1761453716,mobile,Abuja
R00239,O00013,click,1752368774,mobile,Abuja
R00239,O00059,impression,1750858415,mobile,Abuja
R00239,O00013,impression,1761360394,mobile,Abuja
R00240,O00107,impression,1765449553,web,Ibadan
R00240,O00107,impression,1754490419,web,Ibadan
R00240,O00113,click,1741949821,web,Ibadan
R00240,O00078,click,1758330652,web,Ibadan
R00240,O00085,impression,1752011649,web,Ibadan
R00240,O00107,impression,1742682299,web,Ibadan
R00240,O00035,impression,1740753968,web,Ibadan
R00240,O00068,redeem,1753450030,web,Ibadan
R00240,O00085,redeem,1749068762,web,Ibadan
R00240,O00035,impression,1757941149,web,Ibadan
R00241,O00031,click,1762363097,web,Ibadan
R00241,O00119,click,1738559020,web,Ibadan
R00241,O00032,impression,1743165790,web,Ibadan
R00241,O00040,impression,1747448354,web,Ibadan
R00241,O00113,impression,1761831612,web,Ibadan
R00242,O00120,impression,1759360585,web,Lagos
R00242,O00095,redeem,1758700673,web,Lagos
R00242,O00093,click,1736446239,web,Lagos
R00242,O00101,redeem,1761152765,web,Lagos
R00243,O00013,impression,1765088795,tablet,Enugu
R00243,O00024,impression,1745743081,tablet,Enugu
R00243,O00095,redeem,1746509042,tablet,Enugu
R00243,O00056,click,1757222021,tablet,Enugu
R00243,O00039,click,1753473166,tablet,Enugu
R00244,O00091,click,1739331714,web,Port Harcourt
R00244,O00115,click,1751780477,web,Port Harcourt
R00244,O00115,impression,1740734121,web,Port Harcourt
R00244,O00022,impression,1741616215,web,Port Harcourt
R00244,O00019,redeem,1760600583,web,Port Harcourt
R00245,O00117,redeem,1758550424,tablet,Ibadan
R00245,O00099,impression,1760088289,tablet,Ibadan
R00245,O00013,click,1752164388,tablet,Ibadan
R00245,O00113,impression,1751997661,tablet,Ibadan
R00246,O00025,click,1760170588,mobile,Abuja
R00246,O00048,redeem,1742494268,mobile,Abuja
R00246,O00014,redeem,1765869646,mobile,Abuja
R00246,O00106,impression,1752083499,mobile,Abuja
R00246,O00100,impression,1754791447,mobile,Abuja
R00246,O00025,redeem,1749750242,mobile,Abuja
R00246,O00099,impression,1744307724,mobile,Abuja
R00246,O00117,impression,1736617922,mobile,Abuja
R00247,O00106,impression,1748204493,tablet,Lagos
R00247,O00072,impression,1739532317,tablet,Lagos
R00247,O00014,click,1738583225,tablet,Lagos
R00247,O00072,redeem,1756402141,tablet,Lagos
R00247,O00117,impression,1753913697,tablet,Lagos
R00247,O00084,click,1762700708,tablet,Lagos
R00247,O00063,impression,1750440488,tablet,Lagos
R00247,O00114,click,1742617254,tablet,Lagos
R00247,O00114,click,1761157791,tablet,Lagos
R00248,O00050,impression,1762812154,tablet,Abuja
R00248,O00094,impression,1751848316,tablet,Abuja
R00248,O00065,impression,1766213162,tablet,Abuja
R00248,O00062,impression,1740191508,tablet,Abuja
R00248,O00118,impression,1746104742,tablet,Abuja
R00248,O00022,click,1749331469,tablet,Abuja
R00248,O00071,redeem,1762337211,tablet,Abuja
R00248,O00057,click,1757709729,tablet,Abuja
R00248,O00006,impression,1747250239,tablet,Abuja
R00248,O00118,impression,1765243520,tablet,Abuja
R00249,O00099,impression,1763576852,tablet,Abuja
R00249,O00066,click,1763020857,tablet,Abuja
R00249,O00066,click,1761460239,tablet,Abuja
R00249,O00088,redeem,1742217234,tablet,Abuja
R00249,O00102,impression,1745240609,tablet,Abuja
R00249,O00077,click,1766651160,tablet,Abuja
R00249,O00063,redeem,1742914107,tablet,Abuja
R00249,O00014,impression,1737418819,tablet,Abuja
R00249,O00088,click,1762085999,tablet,Abuja
R00250,O00100,click,1765408900,mobile,Port Harcourt
R00250,O00017,impression,1755212669,mobile,Port Harcourt
R00250,O00112,click,1743151162,mobile,Port Harcourt
R00250,O00018,impression,1751856856,mobile,Port Harcourt
R00250,O00037,impression,1745524528,mobile,Port Harcourt
R00251,O00100,impression,1749800747,web,Port Harcourt
R00251,O00019,click,1753642494,web,Port Harcourt
R00251,O00087,redeem,1739272341,web,Port Harcourt
R00251,O00043,click,1757470247,web,Port Harcourt
R00251,O00053,impression,1739476046,web,Port Harcourt
R00251,O00023,impression,1752372162,web,Port Harcourt
R00251,O00096,impression,1766572032,web,Port Harcourt
R00251,O00070,impression,1737224006,web,Port Harcourt
R00252,O00112,click,1745543496,web,Abuja
R00252,O00014,click,1736015857,web,Abuja
R00252,O00058,impression,1754999359,web,Abuja
R00252,O00059,impression,1766403454,web,Abuja
R00252,O00036,impression,1749968006,web,Abuja
R00252,O00114,impression,1745823985,web,Abuja
R00253,O00072,impression,1750737233,tablet,Abuja
R00253,O00084,click,1763262383,tablet,Abuja
R00253,O00066,impression,1755438813,tablet,Abuja
R00253,O00018,click,1762403064,tablet,Abuja
R00253,O00102,impression,1744712485,tablet,Abuja
R00253,O00063,redeem,1742145291,tablet,Abuja
R00253,O00099,click,1750665779,tablet,Abuja
R00254,O00088,impression,1739109189,web,Port Harcourt
R00254,O00059,click,1757957116,web,Port Harcourt
R00254,O00088,click,1741738313,web,Port Harcourt
R00254,O00112,impression,1762892347,web,Port Harcourt
R00254,O00114,impression,1756985880,web,Port Harcourt
R00254,O00107,impression,1745477086,web,Port Harcourt
R00254,O00084,impression,1738508239,web,Port Harcourt
R00254,O00084,impression,1738583501,web,Port Harcourt
R00255,O00055,redeem,1735745649,tablet,Ibadan
R00255,O00003,impression,1744664560,tablet,Ibadan
R00255,O00078,redeem,1759882543,tablet,Ibadan
R00255,O00113,redeem,1765692832,tablet,Ibadan
R00256,O00080,click,1741262975,tablet,Port Harcourt
R00256,O00004,click,1747815531,tablet,Port Harcourt
R00256,O00070,click,1739975055,tablet,Port Harcourt
R00256,O00070,click,1761923193,tablet,Port Harcourt
R00256,O00073,impression,1764682463,tablet,Port Harcourt
R00256,O00102,click,1757816628,tablet,Port Harcourt
R00256,O00033,impression,1762791954,tablet,Port Harcourt
R00256,O00111,click,1751488478,tablet,Port Harcourt
R00257,O00009,impression,1759622647,tablet,Lagos
R00257,O00106,click,1753160955,tablet,Lagos
R00257,O00014,impression,1735916097,tablet,Lagos
R00257,O00088,impression,1740068092,tablet,Lagos
R00258,O00027,click,1761979500,mobile,Abuja
R00258,O00078,impression,1740589181,mobile,Abuja
R00258,O00037,redeem,1736919815,mobile,Abuja
R00258,O00018,impression,1740535277,mobile,Abuja
R00259,O00025,click,1752631915,mobile,Abuja
R00259,O00075,impression,1759252322,mobile,Abuja
R00259,O00106,impression,1759532998,mobile,Abuja
R00259,O00066,click,1738913102,mobile,Abuja
R00259,O00072,redeem,1756830665,mobile,Abuja
R00259,O00024,impression,1736261749,mobile,Abuja
R00259,O00088,click,1766418234,mobile,Abuja
R00259,O00114,impression,1751925645,mobile,Abuja
R00259,O00059,redeem,1739828282,mobile,Abuja
R00259,O00022,click,1738687932,mobile,Abuja
R00260,O00051,click,1759262647,web,Port Harcourt
R00260,O00096,click,1757496809,web,Port Harcourt
R00260,O00093,redeem,1762372858,web,Port Harcourt
R00260,O00036,click,1761789522,web,Port Harcourt
R00260,O00054,click,1736880074,web,Port Harcourt
R00260,O00039,impression,1755344882,web,Port Harcourt
R00260,O00049,impression,1760713863,web,Port Harcourt
R00260,O00103,impression,1759533094,web,Port Harcourt
R00260,O00120,impression,1741277039,web,Port Harcourt
R00261,O00027,impression,1737581275,tablet,Port Harcourt
R00261,O00027,redeem,1766002140,tablet,Port Harcourt
R00261,O00111,redeem,1752637651,tablet,Port Harcourt
R00261,O00003,click,1748547293,tablet,Port Harcourt
R00261,O00035,click,1736021165,tablet,Port Harcourt
R00261,O00052,click,1760965210,tablet,Port Harcourt
R00261,O00064,impression,1751324671,tablet,Port Harcourt
R00261,O00113,click,1760434126,tablet,Port Harcourt
R00262,O00014,click,1739941279,mobile,Lagos
R00262,O00084,impression,1738665619,mobile,Lagos
R00262,O00102,impression,1753795131,mobile,Lagos
R00262,O00111,click,1751538022,mobile,Lagos
R00262,O00101,click,1757449430,mobile,Lagos
R00263,O00017,redeem,1742067733,mobile,Port Harcourt
R00263,O00003,impression,1766658601,mobile,Port Harcourt
R00263,O00060,impression,1751326209,mobile,Port Harcourt
R00263,O00046,click,1754879151,mobile,Port Harcourt
R00263,O00037,impression,1747474371,mobile,Port Harcourt
R00263,O00085,click,1757973603,mobile,Port Harcourt
R00263,O00060,impression,1747981189,mobile,Port Harcourt
R00263,O00015,click,1750836766,mobile,Port Harcourt
R00263,O00078,click,1760657829,mobile,Port Harcourt
R00264,O00090,impression,1748587583,tablet,Abuja
R00264,O00040,impression,1740633513,tablet,Abuja
R00264,O00069,redeem,1766374791,tablet,Abuja
R00264,O00005,click,1742618360,tablet,Abuja
R00264,O00021,redeem,1739835089,tablet,Abuja
R00264,O00008,redeem,1750642525,tablet,Abuja
R00265,O00076,impression,1761938568,web,Port Harcourt
R00265,O00033,click,1747922352,web,Port Harcourt
R00265,O00034,impression,1740324000,web,Port Harcourt
R00265,O00004,impression,1744055069,web,Port Harcourt
R00265,O00092,impression,1737037243,web,Port Harcourt
R00265,O00073,impression,1756223027,web,Port Harcourt
R00266,O00063,impression,1741099704,web,Port Harcourt
R00266,O00112,redeem,1750539957,web,Port Harcourt
R00266,O00019,impression,1750356121,web,Port Harcourt
R00266,O00079,click,1745123188,web,Port Harcourt
R00267,O00093,impression,1737865524,mobile,Lagos
R00267,O00103,redeem,1744408025,mobile,Lagos
R00267,O00097,impression,1755345228,mobile,Lagos
R00267,O00120,impression,1744171645,mobile,Lagos
R00268,O00035,impression,1748508141,mobile,Port Harcourt
R00268,O00068,impression,1766994327,mobile,Port Harcourt
R00268,O00107,redeem,1747262724,mobile,Port Harcourt
R00268,O00084,impression,1752658634,mobile,Port Harcourt
R00268,O00068,impression,1751213583,mobile,Port Harcourt
R00268,O00078,click,1757117742,mobile,Port Harcourt
R00268,O00031,impression,1746758864,mobile,Port Harcourt
R00268,O00113,impression,1744521407,mobile,Port Harcourt
R00269,O00107,click,1763237182,web,Port Harcourt
R00269,O00037,impression,1738687766,web,Port Harcourt
R00269,O00107,redeem,1760604778,web,Port Harcourt
R00269,O00088,click,1742929195,web,Port Harcourt
R00269,O00037,impression,1752489712,web,Port Harcourt
R00269,O00119,click,1736373543,web,Port Harcourt
R00269,O00098,impression,1763166566,web,Port Harcourt
R00270,O00037,impression,1744147184,mobile,Enugu
R00270,O00116,impression,1738971866,mobile,Enugu
R00270,O00107,click,1756375709,mobile,Enugu
R00270,O00017,click,1741215183,mobile,Enugu
R00270,O00078,impression,1748978826,mobile,Enugu
R00271,O00088,click,1757046054,web,Port Harcourt
R00271,O00097,click,1747611673,web,Port Harcourt
R00271,O00080,click,1759264289,web,Port Harcourt
R00271,O00073,click,1743709722,web,Port Harcourt
R00271,O00080,impression,1754025345,web,Port Harcourt
R00271,O00025,impression,1750797953,web,Port Harcourt
R00271,O00093,impression,1753946446,web,Port Harcourt
R00271,O00056,redeem,1747359308,web,Port Harcourt
R00271,O00090,redeem,1748651656,web,Port Harcourt
R00271,O00051,impression,1736213472,web,Port Harcourt
R00272,O00009,click,1760737368,tablet,Abuja
R00272,O00016,impression,1760905728,tablet,Abuja
R00272,O00012,impression,1746656295,tablet,Abuja
R00272,O00089,impression,1763619172,tablet,Abuja
R00273,O00010,impression,1759113991,mobile,Ibadan
R00273,O00109,impression,1762067772,mobile,Ibadan
R00273,O00002,click,1743850567,mobile,Ibadan
R00273,O00111,impression,1758302520,mobile,Ibadan
R00273,O00013,click,1755912754,mobile,Ibadan
R00273,O00074,impression,1757796711,mobile,Ibadan
R00274,O00103,click,1758508694,tablet,Port Harcourt
R00274,O00120,click,1754226253,tablet,Port Harcourt
R00274,O00029,impression,1764586598,tablet,Port Harcourt
R00274,O00007,impression,1765883989,tablet,Port Harcourt
R00274,O00081,click,1766594991,tablet,Port Harcourt
R00274,O00029,impression,1753210039,tablet,Port Harcourt
R00274,O00039,redeem,1740779918,tablet,Port Harcourt
R00274,O00077,impression,1764142375,tablet,Port Harcourt
R00275,O00070,click,1763540197,web,Lagos
R00275,O00108,impression,1745701721,web,Lagos
R00275,O00109,impression,1736684612,web,Lagos
R00275,O00115,impression,1736870249,web,Lagos
R00275,O00073,impression,1750712912,web,Lagos
R00275,O00038,click,1738085377,web,Lagos
R00275,O00104,impression,1759586866,web,Lagos
R00275,O00043,click,1757947034,web,Lagos
R00275,O00043,impression,1735833676,web,Lagos
R00276,O00027,impression,1747614982,mobile,Enugu
R00276,O00068,click,1747916129,mobile,Enugu
R00276,O00017,impression,1736985178,mobile,Enugu
R00276,O00081,impression,1762993080,mobile,Enugu
R00276,O00035,impression,1758857203,mobile,Enugu
R00276,O00040,click,1752923375,mobile,Enugu
R00276,O00017,impression,1736273855,mobile,Enugu
R00277,O00084,redeem,1766181383,web,Abuja
R00277,O00013,impression,1751240667,web,Abuja
R00277,O00084,click,1739493891,web,Abuja
R00277,O00058,click,1758132632,web,Abuja
R00277,O00009,impression,1749807345,web,Abuja
R00277,O00106,impression,1763524199,web,Abuja
R00277,O00018,redeem,1757199346,web,Abuja
R00277,O00093,click,1738584085,web,Abuja
R00277,O00106,click,1739452699,web,Abuja
R00278,O00098,impression,1750218011,tablet,Port Harcourt
R00278,O00089,click,1765566351,tablet,Port Harcourt
R00278,O00109,impression,1759402084,tablet,Port Harcourt
R00278,O00069,click,1744590288,tablet,Port Harcourt
R00278,O00108,impression,1766177438,tablet,Port Harcourt
R00278,O00002,impression,1763401245,tablet,Port Harcourt
R00278,O00030,impression,1740577084,tablet,Port Harcourt
R00278,O00052,redeem,1750360983,tablet,Port Harcourt
R00278,O00048,click,1737030435,tablet,Port Harcourt
R00278,O00021,impression,1751710725,tablet,Port Harcourt
R00279,O00100,impression,1753703781,web,Port Harcourt
R00279,O00006,impression,1741038424,web,Port Harcourt
R00279,O00107,impression,1742074330,web,Port Harcourt
R00279,O00059,impression,1747483610,web,Port Harcourt
R00279,O00091,click,1766304941,web,Port Harcourt
R00279,O00096,impression,1755940813,web,Port Harcourt
R00279,O00062,impression,1745218316,web,Port Harcourt
R00279,O00009,click,1755826736,web,Port Harcourt
R00280,O00065,impression,1766715485,web,Enugu
R00280,O00065,click,1739128380,web,Enugu
R00280,O00067,redeem,1748497349,web,Enugu
R00280,O00045,impression,1765990387,web,Enugu
R00280,O00011,impression,1758746594,web,Enugu
R00280,O00023,impression,1765010846,web,Enugu
R00280,O00077,click,1761069771,web,Enugu
R00280,O00048,impression,1741707601,web,Enugu
R00281,O00090,impression,1736551011,tablet,Port Harcourt
R00281,O00108,click,1755067403,tablet,Port Harcourt
R00281,O00090,redeem,1747602387,tablet,Port Harcourt
R00281,O00048,impression,1736221260,tablet,Port Harcourt
R00281,O00011,impression,1748187761,tablet,Port Harcourt
R00281,O00012,redeem,1744600922,tablet,Port Harcourt
R00282,O00057,click,1749623513,mobile,Ibadan
R00282,O00009,impression,1737400366,mobile,Ibadan
R00282,O00030,click,1754138918,mobile,Ibadan
R00282,O00005,impression,1746920684,mobile,Ibadan
R00283,O00043,impression,1756014417,tablet,Ibadan
R00283,O00086,click,1760767097,tablet,Ibadan
R00283,O00070,click,1749535858,tablet,Ibadan
R00283,O00033,impression,1738170769,tablet,Ibadan
R00283,O00043,click,1750136293,tablet,Ibadan
R00283,O00040,click,1750180193,tablet,Ibadan
R00283,O00037,impression,1741696509,tablet,Ibadan
R00283,O00007,impression,1754931882,tablet,Ibadan
R00283,O00026,impression,1756378602,tablet,Ibadan
R00284,O00006,redeem,1762826743,tablet,Ibadan
R00284,O00033,impression,1765674678,tablet,Ibadan
R00284,O00104,impression,1759095098,tablet,Ibadan
R00284,O00086,impression,1737764533,tablet,Ibadan
R00285,O00065,click,1761429957,tablet,Port Harcourt
R00285,O00119,click,1740436299,tablet,Port Harcourt
R00285,O00096,impression,1745137021,tablet,Port Harcourt
R00285,O00001,impression,1766270757,tablet,Port Harcourt
R00286,O00073,redeem,1765062401,tablet,Port Harcourt
R00286,O00097,impression,1747516751,tablet,Port Harcourt
R00286,O00083,redeem,1741568765,tablet,Port Harcourt
R00286,O00013,click,1740099390,tablet,Port Harcourt
R00286,O00065,impression,1753516957,tablet,Port Harcourt
R00286,O00117,impression,1745312683,tablet,Port Harcourt
R00286,O00026,click,1763872359,tablet,Port Harcourt
R00286,O00073,click,1749539072,tablet,Port Harcourt
R00286,O00009,click,1753088825,tablet,Port Harcourt
R00287,O00106,impression,1760829430,web,Ibadan
R00287,O00059,impression,1764587655,web,Ibadan
R00287,O00025,click,1766137145,web,Ibadan
R00287,O00106,click,1766553960,web,Ibadan
R00287,O00099,impression,1752652934,web,Ibadan
R00287,O00025,click,1758723741,web,Ibadan
R00287,O00025,click,1736653142,web,Ibadan
R00287,O00042,click,1741229703,web,Ibadan
R00288,O00063,redeem,1738835122,web,Port Harcourt
R00288,O00025,click,1750853146,web,Port Harcourt
R00288,O00008,click,1761245668,web,Port Harcourt
R00288,O00025,impression,1751049446,web,Port Harcourt
R00288,O00088,click,1758407009,web,Port Harcourt
R00288,O00099,impression,1759080916,web,Port Harcourt
R00288,O00058,impression,1742560053,web,Port Harcourt
R00288,O00006,impression,1764416970,web,Port Harcourt
R00288,O00057,impression,1755953651,web,Port Harcourt
R00289,O00025,click,1761241065,mobile,Abuja
R00289,O00107,impression,1743259979,mobile,Abuja
R00289,O00099,click,1766235526,mobile,Abuja
R00289,O00025,click,1738102011,mobile,Abuja
R00289,O00089,click,1739135752,mobile,Abuja
R00289,O00066,impression,1746623729,mobile,Abuja
R00290,O00068,redeem,1748832021,mobile,Enugu
R00290,O00032,impression,1764316679,mobile,Enugu
R00290,O00116,click,1739566396,mobile,Enugu
R00290,O00055,impression,1747756978,mobile,Enugu
R00290,O00067,impression,1752581361,mobile,Enugu
R00291,O00040,impression,1766382240,web,Ibadan
R00291,O00078,impression,1761003340,web,Ibadan
R00291,O00016,redeem,1747795724,web,Ibadan
R00291,O00107,click,1756206088,web,Ibadan
R00291,O00068,impression,1760021681,web,Ibadan
R00291,O00035,click,1753165468,web,Ibadan
R00291,O00064,impression,1759368195,web,Ibadan
R00291,O00031,click,1750043019,web,Ibadan
R00292,O00048,impression,1749891044,mobile,Abuja
R00292,O00013,impression,1741669023,mobile,Abuja
R00292,O00030,click,1759769733,mobile,Abuja
R00292,O00016,click,1763007656,mobile,Abuja
R00293,O00115,impression,1759002367,web,Abuja
R00293,O00050,impression,1738969257,web,Abuja
R00293,O00118,redeem,1760746569,web,Abuja
R00293,O00103,impression,1738447116,web,Abuja
R00294,O00113,impression,1736742609,mobile,Port Harcourt
R00294,O00062,impression,1753009804,mobile,Port Harcourt
R00294,O00027,click,1738795815,mobile,Port Harcourt
R00294,O00064,impression,1757316123,mobile,Port Harcourt
R00294,O00032,click,1763251668,mobile,Port Harcourt
R00294,O00015,impression,1765109255,mobile,Port Harcourt
R00295,O00041,click,1749566665,web,Abuja
R00295,O00038,impression,1756176249,web,Abuja
R00295,O00076,redeem,1737152069,web,Abuja
R00295,O00026,impression,1748609440,web,Abuja
R00295,O00042,click,1757110167,web,Abuja
R00295,O00076,impression,1755825314,web,Abuja
R00295,O00042,click,1756826999,web,Abuja
R00296,O00025,redeem,1761457350,web,Enugu
R00296,O00030,impression,1759212682,web,Enugu
R00296,O00005,impression,1741238469,web,Enugu
R00296,O00061,click,1748135296,web,Enugu
R00296,O00005,click,1737390099,web,Enugu
R00296,O00047,click,1738480627,web,Enugu
R00296,O00098,redeem,1750187638,web,Enugu
R00296,O00016,click,1755298279,web,Enugu
R00296,O00108,impression,1765952311,web,Enugu
R00296,O00103,impression,1741030870,web,Enugu
R00297,O00055,impression,1753830210,mobile,Lagos
R00297,O00116,click,1765140049,mobile,Lagos
R00297,O00064,impression,1737950219,mobile,Lagos
R00297,O00034,impression,1743681180,mobile,Lagos
R00297,O00036,click,1756994333,mobile,Lagos
R00297,O00119,redeem,1765813975,mobile,Lagos
R00297,O00027,click,1765369566,mobile,Lagos
R00298,O00031,impression,1739335492,web,Ibadan
R00298,O00058,impression,1737075828,web,Ibadan
R00298,O00003,click,1737489355,web,Ibadan
R00298,O00020,click,1757627961,web,Ibadan
R00298,O00055,impression,1763542463,web,Ibadan
R00298,O00116,click,1738502261,web,Ibadan
R00298,O00003,redeem,1748509889,web,Ibadan
R00298,O00064,impression,1737692187,web,Ibadan
R00298,O00078,impression,1751146752,web,Ibadan
R00298,O00113,click,1758760560,web,Ibadan
R00299,O00120,impression,1741017705,mobile,Lagos
R00299,O00097,impression,1735716802,mobile,Lagos
R00299,O00080,click,1764889221,mobile,Lagos
R00299,O00029,impression,1751135518,mobile,Lagos
R00300,O00004,impression,1746697851,tablet,Enugu
R00300,O00099,impression,1745487336,tablet,Enugu
R00300,O00073,impression,1743946580,tablet,Enugu
R00300,O00033,click,1737538779,tablet,Enugu
R00300,O00105,impression,1760939892,tablet,Enugu
R00300,O00105,click,1761020193,tablet,Enugu
R00300,O00009,impression,1747071200,tablet,Enugu
R00300,O00076,impression,1759089139,tablet,Enugu
R00300,O00111,redeem,1751700196,tablet,Enugu
R00301,O00044,impression,1763488407,tablet,Port Harcourt
R00301,O00057,impression,1756162261,tablet,Port Harcourt
R00301,O00017,click,1741467374,tablet,Port Harcourt
R00301,O00113,impression,1737931311,tablet,Port Harcourt
R00301,O00015,click,1746568368,tablet,Port Harcourt
R00301,O00018,impression,1748637961,tablet,Port Harcourt
R00301,O00018,impression,1758899131,tablet,Port Harcourt
R00302,O00026,impression,1748165529,web,Abuja
R00302,O00070,click,1757502440,web,Abuja
R00302,O00009,click,1749735886,web,Abuja
R00302,O00085,impression,1749518205,web,Abuja
R00302,O00070,impression,1766510175,web,Abuja
R00302,O00073,impression,1758876521,web,Abuja
R00303,O00013,impression,1753362058,tablet,Ibadan
R00303,O00024,impression,1736824267,tablet,Ibadan
R00303,O00014,impression,1755755286,tablet,Ibadan
R00303,O00114,impression,1750712043,tablet,Ibadan
R00303,O00084,impression,1758141188,tablet,Ibadan
R00303,O00114,click,1746574264,tablet,Ibadan
R00304,O00010,click,1748286294,web,Port Harcourt
R00304,O00114,impression,1758133144,web,Port Harcourt
R00304,O00004,impression,1765233001,web,Port Harcourt
R00304,O00104,impression,1754336507,web,Port Harcourt
R00305,O00103,click,1762837720,mobile,Abuja
R00305,O00039,impression,1745121493,mobile,Abuja
R00305,O00054,click,1737740597,mobile,Abuja
R00305,O00093,click,1758316173,mobile,Abuja
R00305,O00081,impression,1755617468,mobile,Abuja
R00305,O00007,impression,1740298779,mobile,Abuja
R00305,O00054,impression,1742343114,mobile,Abuja
R00305,O00049,impression,1752961539,mobile,Abuja
R00305,O00053,redeem,1740115920,mobile,Abuja
R00306,O00043,impression,1748923637,tablet,Lagos
R00306,O00033,impression,1746057874,tablet,Lagos
R00306,O00033,impression,1748003168,tablet,Lagos
R00306,O00111,impression,1759863422,tablet,Lagos
R00307,O00017,click,1745499497,mobile,Ibadan
R00307,O00030,impression,1745538454,mobile,Ibadan
R00307,O00113,click,1750746531,mobile,Ibadan
R00307,O00027,click,1748378742,mobile,Ibadan
R00307,O00048,click,1743913613,mobile,Ibadan
R00307,O00017,click,1755634793,mobile,Ibadan
R00307,O00078,impression,1761437481,mobile,Ibadan
R00308,O00098,click,1752802161,mobile,Port Harcourt
R00308,O00105,impression,1738738267,mobile,Port Harcourt
R00308,O00026,click,1746605953,mobile,Port Harcourt
R00308,O00033,impression,1757406291,mobile,Port Harcourt
R00308,O00077,click,1737342739,mobile,Port Harcourt
R00308,O00105,impression,1757784444,mobile,Port Harcourt
R00308,O00011,click,1743209003,mobile,Port Harcourt
R00309,O00039,click,1743667418,mobile,Lagos
R00309,O00049,impression,1757659381,mobile,Lagos
R00309,O00045,click,1749848205,mobile,Lagos
R00309,O00069,redeem,1752208023,mobile,Lagos
R00309,O00103,impression,1748902704,mobile,Lagos
R00309,O00080,redeem,1744957443,mobile,Lagos
R00309,O00036,impression,1740501841,mobile,Lagos
R00309,O00080,redeem,1758313476,mobile,Lagos
R00309,O00036,impression,1765324210,mobile,Lagos
R00309,O00075,redeem,1754472994,mobile,Lagos
R00310,O00088,click,1754561706,tablet,Abuja
R00310,O00120,impression,1743215443,tablet,Abuja
R00310,O00112,click,1759471043,tablet,Abuja
R00310,O00072,impression,1750261188,tablet,Abuja
R00310,O00114,impression,1752972493,tablet,Abuja
R00311,O00034,impression,1749708329,mobile,Ibadan
R00311,O00086,impression,1759173394,mobile,Ibadan
R00311,O00009,impression,1747635989,mobile,Ibadan
R00311,O00033,impression,1744309285,mobile,Ibadan
R00311,O00004,click,1745330619,mobile,Ibadan
R00311,O00038,redeem,1738907910,mobile,Ibadan
R00312,O00095,click,1745712430,web,Enugu
R00312,O00072,redeem,1743786435,web,Enugu
R00312,O00054,redeem,1741771625,web,Enugu
R00312,O00102,impression,1742286252,web,Enugu
R00312,O00028,click,1737632766,web,Enugu
R00312,O00103,click,1740098725,web,Enugu
R00313,O00045,impression,1761567676,tablet,Lagos
R00313,O00080,click,1748519050,tablet,Lagos
R00313,O00081,impression,1753794150,tablet,Lagos
R00313,O00056,impression,1740201004,tablet,Lagos
R00314,O00055,impression,1752130595,tablet,Abuja
R00314,O00015,redeem,1756520204,tablet,Abuja
R00314,O00107,impression,1739968601,tablet,Abuja
R00314,O00023,click,1755555607,tablet,Abuja
R00314,O00018,impression,1758796862,tablet,Abuja
R00314,O00018,click,1754710995,tablet,Abuja
R00314,O00040,click,1740108383,tablet,Abuja
R00315,O00055,impression,1739465871,web,Lagos
R00315,O00011,impression,1758681019,web,Lagos
R00315,O00006,click,1740694411,web,Lagos
R00315,O00019,click,1763874303,web,Lagos
R00315,O00065,impression,1746437986,web,Lagos
R00315,O00087,impression,1737598102,web,Lagos
R00315,O00064,redeem,1762662192,web,Lagos
R00315,O00019,impression,1757143913,web,Lagos
R00316,O00057,click,1763085618,mobile,Ibadan
R00316,O00083,click,1760213689,mobile,Ibadan
R00316,O00019,impression,1759127972,mobile,Ibadan
R00316,O00074,click,1738139429,mobile,Ibadan
R00316,O00088,click,1753326045,mobile,Ibadan
R00316,O00069,impression,1743025267,mobile,Ibadan
R00316,O00049,click,1753119209,mobile,Ibadan
R00317,O00033,impression,1765375221,mobile,Enugu
R00317,O00033,impression,1745639056,mobile,Enugu
R00317,O00084,click,1752904709,mobile,Enugu
R00317,O00042,impression,1761148470,mobile,Enugu
R00317,O00111,impression,1751518910,mobile,Enugu
R00317,O00043,impression,1749865698,mobile,Enugu
R00317,O00105,impression,1750925434,mobile,Enugu
R00317,O00070,impression,1744096520,mobile,Enugu
R00317,O00034,impression,1736772856,mobile,Enugu
R00317,O00004,redeem,1762289928,mobile,Enugu
R00318,O00006,click,1742341347,web,Abuja
R00318,O00089,impression,1760086026,web,Abuja
R00318,O00096,click,1745022392,web,Abuja
R00318,O00070,redeem,1762720822,web,Abuja
R00318,O00064,click,1754065582,web,Abuja
R00318,O00011,impression,1761689353,web,Abuja
R00318,O00096,impression,1741821578,web,Abuja
R00318,O00036,impression,1749350441,web,Abuja
R00319,O00056,click,1748643318,mobile,Abuja
R00319,O00052,impression,1736350289,mobile,Abuja
R00319,O00070,redeem,1749611007,mobile,Abuja
R00319,O00073,click,1738023084,mobile,Abuja
R00319,O00038,impression,1758449437,mobile,Abuja
R00319,O00042,click,1764564113,mobile,Abuja
R00319,O00042,impression,1749034199,mobile,Abuja
R00319,O00078,redeem,1738672726,mobile,Abuja
R00319,O00052,redeem,1757332044,mobile,Abuja
R00319,O00038,click,1760887559,mobile,Abuja
R00320,O00071,click,1762666425,web,Lagos
R00320,O00087,impression,1755835361,web,Lagos
R00320,O00100,click,1743366091,web,Lagos
R00320,O00072,impression,1766149111,web,Lagos
R00320,O00023,impression,1749426257,web,Lagos
R00320,O00091,click,1754015245,web,Lagos
R00320,O00079,impression,1757084413,web,Lagos
R00320,O00100,impression,1737421225,web,Lagos
R00320,O00118,impression,1759650473,web,Lagos
R00320,O00097,impression,1738930360,web,Lagos
R00321,O00088,impression,1747540859,mobile,Port Harcourt
R00321,O00018,impression,1766748598,mobile,Port Harcourt
R00321,O00112,impression,1758519107,mobile,Port Harcourt
R00321,O00095,impression,1755629937,mobile,Port Harcourt
R00321,O00045,redeem,1757091539,mobile,Port Harcourt
R00321,O00095,impression,1752362413,mobile,Port Harcourt
R00321,O00088,impression,1737200220,mobile,Port Harcourt
R00321,O00055,impression,1742701761,mobile,Port Harcourt
R00322,O00060,impression,1750965537,mobile,Port Harcourt
R00322,O00045,impression,1757120708,mobile,Port Harcourt
R00322,O00006,click,1737247214,mobile,Port Harcourt
R00322,O00118,impression,1745123760,mobile,Port Harcourt
R00322,O00002,impression,1765746869,mobile,Port Harcourt
R00322,O00067,redeem,1763343962,mobile,Port Harcourt
R00322,O00013,impression,1764212324,mobile,Port Harcourt
R00322,O00005,impression,1743368068,mobile,Port Harcourt
R00322,O00046,click,1751852523,mobile,Port Harcourt
R00323,O00022,redeem,1742478789,web,Port Harcourt
R00323,O00050,click,1740875019,web,Port Harcourt
R00323,O00023,impression,1755882034,web,Port Harcourt
R00323,O00059,impression,1752116682,web,Port Harcourt
R00323,O00046,click,1758826992,web,Port Harcourt
R00324,O00016,impression,1764482706,tablet,Enugu
R00324,O00044,impression,1764612186,tablet,Enugu
R00324,O00074,redeem,1739789520,tablet,Enugu
R00324,O00021,click,1755217265,tablet,Enugu
R00324,O00036,impression,1766414143,tablet,Enugu
R00324,O00057,impression,1744527521,tablet,Enugu
R00324,O00109,impression,1743962636,tablet,Enugu
R00324,O00094,impression,1759152659,tablet,Enugu
R00325,O00087,click,1743170354,web,Ibadan
R00325,O00079,impression,1745668695,web,Ibadan
R00325,O00067,impression,1764576305,web,Ibadan
R00325,O00071,impression,1739635466,web,Ibadan
R00325,O00077,impression,1754129786,web,Ibadan
R00325,O00096,impression,1746527810,web,Ibadan
R00325,O00053,click,1747274340,web,Ibadan
R00325,O00042,redeem,1740119338,web,Ibadan
R00325,O00046,impression,1755106462,web,Ibadan
R00325,O00067,click,1756720126,web,Ibadan
R00326,O00056,impression,1762562277,web,Ibadan
R00326,O00117,impression,1741605894,web,Ibadan
R00326,O00066,impression,1761584184,web,Ibadan
R00326,O00063,impression,1759673206,web,Ibadan
R00326,O00014,impression,1749535413,web,Ibadan
R00326,O00088,impression,1745339662,web,Ibadan
R00326,O00066,impression,1738095764,web,Ibadan
R00326,O00072,impression,1753372148,web,Ibadan
R00327,O00006,click,1748976395,web,Ibadan
R00327,O00023,impression,1756660817,web,Ibadan
R00327,O00046,click,1740969842,web,Ibadan
R00327,O00106,redeem,1746139523,web,Ibadan
R00327,O00096,click,1748778101,web,Ibadan
R00327,O00087,impression,1752409106,web,Ibadan
R00327,O00053,impression,1751468718,web,Ibadan
R00328,O00043,impression,1761434904,web,Port Harcourt
R00328,O00004,impression,1738236072,web,Port Harcourt
R00328,O00073,impression,1762910302,web,Port Harcourt
R00328,O00073,click,1751525464,web,Port Harcourt
R00328,O00026,impression,1764444793,web,Port Harcourt
R00328,O00004,redeem,1746040717,web,Port Harcourt
R00328,O00111,redeem,1758746673,web,Port Harcourt
R00329,O00092,impression,1750504024,tablet,Lagos
R00329,O00038,impression,1765867413,tablet,Lagos
R00329,O00015,click,1758546663,tablet,Lagos
R00329,O00009,impression,1742654839,tablet,Lagos
R00329,O00034,redeem,1741033661,tablet,Lagos
R00329,O00111,click,1738406173,tablet,Lagos
R00329,O00052,click,1747108856,tablet,Lagos
R00330,O00079,impression,1766737224,tablet,Lagos
R00330,O00053,click,1748148278,tablet,Lagos
R00330,O00011,impression,1743800024,tablet,Lagos
R00330,O00071,click,1763799730,tablet,Lagos
R00330,O00046,impression,1762212838,tablet,Lagos
R00331,O00052,impression,1746653941,web,Enugu
R00331,O00111,impression,1735935158,web,Enugu
R00331,O00034,redeem,1745933335,web,Enugu
R00331,O00097,redeem,1760120989,web,Enugu
R00331,O00085,impression,1737506016,web,Enugu
R00332,O00101,impression,1745530208,mobile,Port Harcourt
R00332,O00033,redeem,1762285357,mobile,Port Harcourt
R00332,O00110,impression,1760897774,mobile,Port Harcourt
R00332,O00051,click,1766281588,mobile,Port Harcourt
R00332,O00054,impression,1747111786,mobile,Port Harcourt
R00333,O00067,impression,1737695691,tablet,Port Harcourt
R00333,O00065,impression,1749235721,tablet,Port Harcourt
R00333,O00091,click,1748648477,tablet,Port Harcourt
R00333,O00065,click,1756579563,tablet,Port Harcourt
R00333,O00118,click,1746482326,tablet,Port Harcourt
R00333,O00001,impression,1741931443,tablet,Port Harcourt
R00333,O00057,click,1751237197,tablet,Port Harcourt
R00333,O00068,impression,1764189832,tablet,Port Harcourt
R00334,O00018,click,1750986029,tablet,Ibadan
R00334,O00047,impression,1761662387,tablet,Ibadan
R00334,O00089,click,1750663482,tablet,Ibadan
R00334,O00068,click,1741559281,tablet,Ibadan
R00334,O00009,click,1745453275,tablet,Ibadan
R00334,O00116,impression,1758001736,tablet,Ibadan
R00335,O00116,impression,1753070148,tablet,Ibadan
R00335,O00055,impression,1748125249,tablet,Ibadan
R00335,O00085,impression,1738787194,tablet,Ibadan
R00335,O00055,click,1759831622,tablet,Ibadan
R00335,O00040,impression,1742488599,tablet,Ibadan
R00335,O00068,impression,1761520325,tablet,Ibadan
R00335,O00040,redeem,1758393855,tablet,Ibadan
R00335,O00068,click,1737680720,tablet,Ibadan
R00335,O00040,impression,1752187301,tablet,Ibadan
R00335,O00060,click,1748428329,tablet,Ibadan
R00336,O00057,redeem,1764457509,tablet,Port Harcourt
R00336,O00088,impression,1762805268,tablet,Port Harcourt
R00336,O00036,click,1764526550,tablet,Port Harcourt
R00336,O00112,click,1737305455,tablet,Port Harcourt
R00336,O00025,click,1760034524,tablet,Port Harcourt
R00337,O00079,click,1736880609,tablet,Lagos
R00337,O00067,impression,1761688972,tablet,Lagos
R00337,O00067,impression,1754328208,tablet,Lagos
R00337,O00114,impression,1740679762,tablet,Lagos
R00338,O00048,click,1743621556,mobile,Port Harcourt
R00338,O00066,impression,1742637044,mobile,Port Harcourt
R00338,O00028,click,1757189429,mobile,Port Harcourt
R00338,O00008,impression,1757727771,mobile,Port Harcourt
R00338,O00082,click,1740148063,mobile,Port Harcourt
R00338,O00098,click,1762070898,mobile,Port Harcourt
R00338,O00094,impression,1740154459,mobile,Port Harcourt
R00338,O00108,click,1762812696,mobile,Port Harcourt
R00338,O00098,redeem,1752030753,mobile,Port Harcourt
R00339,O00031,click,1765888383,tablet,Enugu
R00339,O00020,click,1754003040,tablet,Enugu
R00339,O00020,impression,1762377915,tablet,Enugu
R00339,O00039,impression,1737329487,tablet,Enugu
R00339,O00039,click,1758000506,tablet,Enugu
R00339,O00097,impression,1754056803,tablet,Enugu
R00339,O00036,impression,1735923985,tablet,Enugu
R00339,O00072,impression,1735703015,tablet,Enugu
R00340,O00030,impression,1742864574,mobile,Enugu
R00340,O00047,impression,1737028153,mobile,Enugu
R00340,O00021,impression,1740423810,mobile,Enugu
R00340,O00119,click,1761435103,mobile,Enugu
R00340,O00089,impression,1764297774,mobile,Enugu
R00340,O00026,click,1754401211,mobile,Enugu
R00340,O00002,impression,1754134423,mobile,Enugu
R00340,O00030,impression,1748157374,mobile,Enugu
R00341,O00115,redeem,1748893240,tablet,Port Harcourt
R00341,O00022,redeem,1737056651,tablet,Port Harcourt
R00341,O00022,redeem,1758998185,tablet,Port Harcourt
R00341,O00087,impression,1738466934,tablet,Port Harcourt
R00341,O00019,impression,1742727432,tablet,Port Harcourt
R00341,O00115,click,1742030620,tablet,Port Harcourt
R00341,O00001,redeem,1737764472,tablet,Port Harcourt
R00341,O00088,redeem,1752487924,tablet,Port Harcourt
R00341,O00118,impression,1742106572,tablet,Port Harcourt
R00342,O00046,click,1758703608,mobile,Ibadan
R00342,O00118,impression,1766646336,mobile,Ibadan
R00342,O00065,click,1757027086,mobile,Ibadan
R00342,O00038,click,1759941390,mobile,Ibadan
R00342,O00050,impression,1744096908,mobile,Ibadan
R00342,O00019,impression,1760792123,mobile,Ibadan
R00343,O00040,redeem,1764932275,tablet,Abuja
R00343,O00040,impression,1751568461,tablet,Abuja
R00343,O00040,impression,1746914264,tablet,Abuja
R00343,O00078,impression,1753213020,tablet,Abuja
R00343,O00055,redeem,1749018828,tablet,Abuja
R00343,O00082,click,1741328259,tablet,Abuja
R00343,O00085,click,1751809232,tablet,Abuja
R00343,O00102,impression,1755271231,tablet,Abuja
R00343,O00027,impression,1756118517,tablet,Abuja
R00343,O00015,redeem,1759089150,tablet,Abuja
R00344,O00117,click,1742005677,tablet,Abuja
R00344,O00077,click,1765056548,tablet,Abuja
R00344,O00071,impression,1766044577,tablet,Abuja
R00344,O00077,click,1749393395,tablet,Abuja
R00345,O00098,redeem,1750193254,web,Enugu
R00345,O00094,impression,1759462206,web,Enugu
R00345,O00028,click,1755544364,web,Enugu
R00345,O00012,click,1740240602,web,Enugu
R00345,O00083,click,1760943260,web,Enugu
R00345,O00060,redeem,1766997226,web,Enugu
R00345,O00010,impression,1765840957,web,Enugu
R00345,O00061,impression,1764265408,web,Enugu
R00346,O00043,impression,1742768285,tablet,Abuja
R00346,O00017,impression,1750977027,tablet,Abuja
R00346,O00068,click,1749756639,tablet,Abuja
R00346,O00085,click,1748342050,tablet,Abuja
R00346,O00037,click,1763350040,tablet,Abuja
R00347,O00079,impression,1765364246,mobile,Ibadan
R00347,O00119,impression,1765687061,mobile,Ibadan
R00347,O00018,impression,1762861296,mobile,Ibadan
R00347,O00066,impression,1737883483,mobile,Ibadan
R00348,O00109,click,1738489425,tablet,Abuja
R00348,O00045,impression,1763550047,tablet,Abuja
R00348,O00010,click,1744555961,tablet,Abuja
R00348,O00047,click,1741324329,tablet,Abuja
R00348,O00089,impression,1753357181,tablet,Abuja
R00348,O00020,impression,1765737781,tablet,Abuja
R00348,O00098,impression,1746551031,tablet,Abuja
R00348,O00021,impression,1739917332,tablet,Abuja
R00348,O00074,impression,1742301987,tablet,Abuja
R00348,O00039,impression,1754421763,tablet,Abuja
R00349,O00082,impression,1766436515,mobile,Ibadan
R00349,O00082,click,1746889964,mobile,Ibadan
R00349,O00061,impression,1754372414,mobile,Ibadan
R00349,O00030,click,1755690375,mobile,Ibadan
R00349,O00069,click,1755455490,mobile,Ibadan
R00350,O00042,impression,1750667666,mobile,Abuja
R00350,O00049,impression,1759034868,mobile,Abuja
R00350,O00026,impression,1743951336,mobile,Abuja
R00350,O00076,click,1754657782,mobile,Abuja
R00350,O00086,impression,1760029731,mobile,Abuja
R00350,O00104,click,1763917816,mobile,Abuja
R00350,O00022,click,1742262290,mobile,Abuja
R00350,O00092,impression,1735948791,mobile,Abuja
R00350,O00086,impression,1742466691,mobile,Abuja
R00351,O00040,impression,1765804222,tablet,Abuja
R00351,O00027,redeem,1747766222,tablet,Abuja
R00351,O00081,impression,1740293445,tablet,Abuja
R00351,O00003,impression,1763630842,tablet,Abuja
R00351,O00116,redeem,1757853686,tablet,Abuja
R00351,O00085,click,1742007429,tablet,Abuja
R00351,O00085,click,1761208701,tablet,Abuja
R00352,O00059,impression,1745258123,tablet,Lagos
R00352,O00009,impression,1737755537,tablet,Lagos
R00352,O00076,impression,1739370732,tablet,Lagos
R00352,O00087,impression,1748951476,tablet,Lagos
R00353,O00019,click,1736227368,web,Port Harcourt
R00353,O00046,impression,1741833228,web,Port Harcourt
R00353,O00053,click,1736885771,web,Port Harcourt
R00353,O00092,redeem,1759947562,web,Port Harcourt
R00353,O00067,click,1759255565,web,Port Harcourt
R00353,O00019,impression,1759491399,web,Port Harcourt
R00353,O00077,impression,1763598592,web,Port Harcourt
R00353,O00118,redeem,1760252736,web,Port Harcourt
R00353,O00096,redeem,1759865107,web,Port Harcourt
R00353,O00087,click,1752578654,web,Port Harcourt
R00354,O00063,impression,1763292888,web,Lagos
R00354,O00088,impression,1739014370,web,Lagos
R00354,O00058,click,1746198891,web,Lagos
R00354,O00112,impression,1756717406,web,Lagos
R00354,O00102,impression,1756606308,web,Lagos
R00354,O00080,impression,1736005584,web,Lagos
R00354,O00099,click,1756643022,web,Lagos
R00354,O00106,impression,1751159676,web,Lagos
R00354,O00106,redeem,1742275146,web,Lagos
R00355,O00059,impression,1766976335,tablet,Enugu
R00355,O00012,click,1751892531,tablet,Enugu
R00355,O00088,impression,1763030579,tablet,Enugu
R00355,O00112,impression,1736010911,tablet,Enugu
R00355,O00102,click,1736250208,tablet,Enugu
R00355,O00102,click,1746705447,tablet,Enugu
R00355,O00084,impression,1745202876,tablet,Enugu
R00356,O00045,impression,1748499313,tablet,Ibadan
R00356,O00080,click,1736386775,tablet,Ibadan
R00356,O00036,redeem,1755647817,tablet,Ibadan
R00356,O00103,click,1763941858,tablet,Ibadan
R00356,O00093,click,1735842677,tablet,Ibadan
R00356,O00025,impression,1756589631,tablet,Ibadan
R00356,O00036,impression,1761118523,tablet,Ibadan
R00356,O00110,click,1754655720,tablet,Ibadan
R00356,O00080,impression,1756037441,tablet,Ibadan
R00356,O00093,impression,1757983994,tablet,Ibadan
R00357,O00106,redeem,1745392439,tablet,Port Harcourt
R00357,O00014,click,1740608111,tablet,Port Harcourt
R00357,O00063,impression,1741561879,tablet,Port Harcourt
R00357,O00117,click,1738017055,tablet,Port Harcourt
R00357,O00013,impression,1752281506,tablet,Port Harcourt
R00357,O00063,impression,1745428272,tablet,Port Harcourt
R00357,O00088,click,1747832169,tablet,Port Harcourt
R00357,O00072,impression,1747161720,tablet,Port Harcourt
R00357,O00088,impression,1760562621,tablet,Port Harcourt
R00357,O00112,click,1738249051,tablet,Port Harcourt
R00358,O00072,click,1741064636,web,Ibadan
R00358,O00026,impression,1737235988,web,Ibadan
R00358,O00038,impression,1737741050,web,Ibadan
R00358,O00041,click,1736772597,web,Ibadan
R00358,O00082,impression,1754687398,web,Ibadan
R00359,O00035,impression,1737497622,web,Lagos
R00359,O00040,click,1754658520,web,Lagos
R00359,O00060,click,1766060157,web,Lagos
R00359,O00064,click,1753352266,web,Lagos
R00359,O00066,click,1757842160,web,Lagos
R00359,O00107,click,1760017983,web,Lagos
R00359,O00032,impression,1736056062,web,Lagos
R00359,O00078,click,1750183993,web,Lagos
R00359,O00031,click,1750711996,web,Lagos
R00360,O00060,impression,1759047268,web,Ibadan
R00360,O00064,click,1739818948,web,Ibadan
R00360,O00068,impression,1753948154,web,Ibadan
R00360,O00027,redeem,1736753893,web,Ibadan
R00361,O00050,click,1763115061,tablet,Enugu
R00361,O00003,click,1762332050,tablet,Enugu
R00361,O00025,impression,1748701193,tablet,Enugu
R00361,O00059,redeem,1754999182,tablet,Enugu
R00361,O00099,click,1762838849,tablet,Enugu
R00361,O00063,impression,1766323946,tablet,Enugu
R00361,O00025,impression,1762758715,tablet,Enugu
R00362,O00070,impression,1762820482,mobile,Lagos
R00362,O00014,click,1763044551,mobile,Lagos
R00362,O00043,impression,1764061455,mobile,Lagos
R00362,O00033,impression,1743152252,mobile,Lagos
R00362,O00070,impression,1766728725,mobile,Lagos
R00362,O00041,click,1754228581,mobile,Lagos
R00362,O00076,click,1748218880,mobile,Lagos
R00363,O00086,impression,1747892014,tablet,Enugu
R00363,O00041,impression,1755124709,tablet,Enugu
R00363,O00086,redeem,1759073739,tablet,Enugu
R00363,O00009,redeem,1743041363,tablet,Enugu
R00363,O00009,impression,1736167696,tablet,Enugu
R00363,O00034,impression,1742613629,tablet,Enugu
R00363,O00076,redeem,1748492611,tablet,Enugu
R00364,O00104,impression,1754347706,tablet,Ibadan
R00364,O00004,click,1752991216,tablet,Ibadan
R00364,O00004,impression,1761323612,tablet,Ibadan
R00364,O00042,click,1753997684,tablet,Ibadan
R00364,O00008,impression,1764504616,tablet,Ibadan
R00364,O00043,click,1755203985,tablet,Ibadan
R00365,O00044,impression,1754462793,web,Port Harcourt
R00365,O00089,impression,1752533921,web,Port Harcourt
R00365,O00089,impression,1763823075,web,Port Harcourt
R00365,O00090,impression,1740373446,web,Port Harcourt
R00365,O00005,click,1758058353,web,Port Harcourt
R00366,O00068,click,1748102997,mobile,Port Harcourt
R00366,O00119,impression,1743493813,mobile,Port Harcourt
R00366,O00027,redeem,1756896070,mobile,Port Harcourt
R00366,O00031,click,1749228407,mobile,Port Harcourt
R00366,O00113,impression,1761416700,mobile,Port Harcourt
R00366,O00061,impression,1740414866,mobile,Port Harcourt
R00366,O00040,click,1741193132,mobile,Port Harcourt
R00367,O00009,impression,1758264335,mobile,Abuja
R00367,O00092,click,1746064243,mobile,Abuja
R00367,O00076,impression,1757314027,mobile,Abuja
R00367,O00105,click,1763663971,mobile,Abuja
R00367,O00105,impression,1752409251,mobile,Abuja
R00367,O00070,impression,1762050194,mobile,Abuja
R00367,O00076,impression,1748871073,mobile,Abuja
R00367,O00052,impression,1749213953,mobile,Abuja
R00367,O00073,impression,1740101118,mobile,Abuja
R00368,O00089,impression,1759523134,tablet,Port Harcourt
R00368,O00074,impression,1763153866,tablet,Port Harcourt
R00368,O00021,redeem,1758260230,tablet,Port Harcourt
R00368,O00083,redeem,1762328452,tablet,Port Harcourt
R00368,O00002,impression,1765098554,tablet,Port Harcourt
R00368,O00090,impression,1761452806,tablet,Port Harcourt
R00369,O00060,impression,1743756281,mobile,Enugu
R00369,O00015,impression,1750716715,mobile,Enugu
R00369,O00091,impression,1742433378,mobile,Enugu
R00369,O00078,click,1755216971,mobile,Enugu
R00369,O00003,impression,1764161149,mobile,Enugu
R00370,O00120,redeem,1735823942,mobile,Lagos
R00370,O00051,click,1766668559,mobile,Lagos
R00370,O00081,click,1752198837,mobile,Lagos
R00370,O00017,click,1764951018,mobile,Lagos
R00370,O00075,redeem,1766537396,mobile,Lagos
R00370,O00110,impression,1745663528,mobile,Lagos
R00370,O00103,impression,1743095390,mobile,Lagos
R00370,O00101,impression,1747813170,mobile,Lagos
R00370,O00049,impression,1751839254,mobile,Lagos
R00370,O00116,redeem,1759034199,mobile,Lagos
R00371,O00051,click,1745041905,tablet,Port Harcourt
R00371,O00049,click,1737654024,tablet,Port Harcourt
R00371,O00075,impression,1753286363,tablet,Port Harcourt
R00371,O00103,click,1738253485,tablet,Port Harcourt
R00371,O00093,impression,1736578802,tablet,Port Harcourt
R00371,O00051,impression,1758157360,tablet,Port Harcourt
R00372,O00026,impression,1749108717,mobile,Port Harcourt
R00372,O00052,redeem,1754123316,mobile,Port Harcourt
R00372,O00033,click,1747422460,mobile,Port Harcourt
R00372,O00043,impression,1741840488,mobile,Port Harcourt
R00372,O00009,click,1762268856,mobile,Port Harcourt
R00372,O00034,impression,1755777360,mobile,Port Harcourt
R00372,O00071,click,1751569352,mobile,Port Harcourt
R00372,O00043,click,1739297476,mobile,Port Harcourt
R00373,O00037,impression,1763046620,tablet,Abuja
R00373,O00062,impression,1757655201,tablet,Abuja
R00373,O00026,impression,1757098399,tablet,Abuja
R00373,O00104,impression,1753341671,tablet,Abuja
R00374,O00018,impression,1750884211,mobile,Port Harcourt
R00374,O00050,redeem,1766966869,mobile,Port Harcourt
R00374,O00003,impression,1764364748,mobile,Port Harcourt
R00374,O00023,impression,1761225963,mobile,Port Harcourt
R00374,O00025,impression,1746356778,mobile,Port Harcourt
R00374,O00050,click,1758053286,mobile,Port Harcourt
R00374,O00087,impression,1761485562,mobile,Port Harcourt
R00374,O00006,impression,1764465725,mobile,Port Harcourt
R00374,O00009,impression,1760651027,mobile,Port Harcourt
R00374,O00108,impression,1740592008,mobile,Port Harcourt
R00375,O00115,click,1753107816,mobile,Enugu
R00375,O00081,impression,1753640355,mobile,Enugu
R00375,O00103,impression,1754587729,mobile,Enugu
R00375,O00051,impression,1751609321,mobile,Enugu
R00375,O00020,impression,1738019968,mobile,Enugu
R00375,O00103,click,1766864797,mobile,Enugu
R00375,O00005,click,1738251118,mobile,Enugu
R00375,O00056,impression,1763175917,mobile,Enugu
R00375,O00054,impression,1761681776,mobile,Enugu
R00375,O00045,impression,1755582616,mobile,Enugu
R00376,O00119,impression,1758000131,tablet,Ibadan
R00376,O00057,impression,1766271027,tablet,Ibadan
R00376,O00072,impression,1740925229,tablet,Ibadan
R00376,O00055,impression,1762388688,tablet,Ibadan
R00376,O00003,impression,1737056374,tablet,Ibadan
R00376,O00018,redeem,1765656326,tablet,Ibadan
R00376,O00016,impression,1764760979,tablet,Ibadan
R00376,O00064,impression,1736370761,tablet,Ibadan
R00376,O00015,impression,1742062781,tablet,Ibadan
R00377,O00077,impression,1737057225,tablet,Lagos
R00377,O00096,impression,1742353678,tablet,Lagos
R00377,O00023,click,1739290043,tablet,Lagos
R00377,O00067,click,1752452459,tablet,Lagos
R00378,O00085,impression,1763751066,mobile,Abuja
R00378,O00014,impression,1741107534,mobile,Abuja
R00378,O00117,impression,1751283918,mobile,Abuja
R00378,O00013,click,1737971327,mobile,Abuja
R00378,O00114,click,1766785822,mobile,Abuja
R00378,O00066,redeem,1753042237,mobile,Abuja
R00378,O00088,redeem,1739380184,mobile,Abuja
R00378,O00024,impression,1746770905,mobile,Abuja
R00378,O00099,impression,1765543088,mobile,Abuja
R00379,O00095,impression,1753219727,web,Lagos
R00379,O00063,click,1764715440,web,Lagos
R00379,O00088,impression,1736127767,web,Lagos
R00379,O00072,impression,1766862623,web,Lagos
R00379,O00102,impression,1757265113,web,Lagos
R00379,O00025,impression,1736220951,web,Lagos
R00379,O00056,impression,1759359679,web,Lagos
R00380,O00001,impression,1742487424,mobile,Ibadan
R00380,O00001,click,1747769027,mobile,Ibadan
R00380,O00071,click,1748897770,mobile,Ibadan
R00380,O00091,impression,1739281637,mobile,Ibadan
R00381,O00016,redeem,1766118768,web,Abuja
R00381,O00102,impression,1741156576,web,Abuja
R00381,O00040,impression,1740918169,web,Abuja
R00381,O00021,impression,1740895097,web,Abuja
R00382,O00088,redeem,1753928340,tablet,Enugu
R00382,O00010,impression,1757353472,tablet,Enugu
R00382,O00074,impression,1744134334,tablet,Enugu
R00382,O00010,impression,1766449162,tablet,Enugu
R00382,O00118,click,1761956658,tablet,Enugu
R00382,O00069,click,1740690398,tablet,Enugu
R00382,O00005,impression,1744997366,tablet,Enugu
R00383,O00013,click,1741973989,mobile,Port Harcourt
R00383,O00090,impression,1743160875,mobile,Port Harcourt
R00383,O00005,click,1746749525,mobile,Port Harcourt
R00383,O00074,impression,1741736319,mobile,Port Harcourt
R00383,O00108,click,1753764702,mobile,Port Harcourt
R00383,O00109,impression,1740628206,mobile,Port Harcourt
R00383,O00010,impression,1750178907,mobile,Port Harcourt
R00384,O00060,impression,1740939827,tablet,Enugu
R00384,O00032,impression,1739490807,tablet,Enugu
R00384,O00116,click,1747321361,tablet,Enugu
R00384,O00055,click,1753868213,tablet,Enugu
R00384,O00017,click,1765146677,tablet,Enugu
R00385,O00024,impression,1748234949,tablet,Lagos
R00385,O00059,click,1740266319,tablet,Lagos
R00385,O00114,impression,1747933340,tablet,Lagos
R00385,O00112,impression,1758331859,tablet,Lagos
R00385,O00117,impression,1763572725,tablet,Lagos
R00385,O00112,impression,1745976874,tablet,Lagos
R00385,O00106,impression,1741643334,tablet,Lagos
R00385,O00024,impression,1757778464,tablet,Lagos
R00385,O00078,redeem,1754266310,tablet,Lagos
R00386,O00104,click,1748085244,mobile,Port Harcourt
R00386,O00008,click,1749660631,mobile,Port Harcourt
R00386,O00073,click,1765392959,mobile,Port Harcourt
R00386,O00092,click,1748409152,mobile,Port Harcourt
R00386,O00026,click,1746908065,mobile,Port Harcourt
R00387,O00025,click,1735716686,mobile,Abuja
R00387,O00033,impression,1756391679,mobile,Abuja
R00387,O00107,impression,1743501403,mobile,Abuja
R00387,O00060,click,1748020494,mobile,Abuja
R00387,O00104,click,1763512285,mobile,Abuja
R00387,O00034,click,1745494941,mobile,Abuja
R00387,O00038,impression,1747081272,mobile,Abuja
R00387,O00070,impression,1747928714,mobile,Abuja
R00387,O00034,impression,1759158914,mobile,Abuja
R00388,O00106,redeem,1741147994,web,Abuja
R00388,O00059,click,1748034616,web,Abuja
R00388,O00099,impression,1736027103,web,Abuja
R00388,O00050,impression,1759844957,web,Abuja
R00388,O00063,click,1740054762,web,Abuja
R00388,O00025,click,1764239996,web,Abuja
R00388,O00114,impression,1761044838,web,Abuja
R00388,O00099,click,1743252191,web,Abuja
R00389,O00008,click,1744678224,web,Port Harcourt
R00389,O00008,click,1746305154,web,Port Harcourt
R00389,O00030,impression,1741201041,web,Port Harcourt
R00389,O00089,click,1757986687,web,Port Harcourt
R00389,O00069,impression,1748569289,web,Port Harcourt
R00389,O00012,impression,1739177820,web,Port Harcourt
R00389,O00098,impression,1763010393,web,Port Harcourt
R00389,O00020,click,1745683406,web,Port Harcourt
R00390,O00025,impression,1753412433,web,Enugu
R00390,O00012,redeem,1762172558,web,Enugu
R00390,O00048,click,1759076159,web,Enugu
R00390,O00094,impression,1739145378,web,Enugu
R00390,O00061,click,1753018252,web,Enugu
R00391,O00027,click,1749208042,mobile,Ibadan
R00391,O00103,click,1737896857,mobile,Ibadan
R00391,O00119,click,1759396722,mobile,Ibadan
R00391,O00107,click,1746097013,mobile,Ibadan
R00391,O00078,impression,1751118151,mobile,Ibadan
R00392,O00085,click,1760752841,mobile,Lagos
R00392,O00068,impression,1747938706,mobile,Lagos
R00392,O00018,redeem,1745939069,mobile,Lagos
R00392,O00032,impression,1757393302,mobile,Lagos
R00392,O00039,click,1737311091,mobile,Lagos
R00392,O00113,click,1755860203,mobile,Lagos
R00392,O00026,impression,1754021518,mobile,Lagos
R00392,O00117,impression,1740246517,mobile,Lagos
R00392,O00068,impression,1743493205,mobile,Lagos
R00392,O00018,impression,1743323804,mobile,Lagos
R00393,O00051,impression,1750768052,tablet,Enugu
R00393,O00049,impression,1760346441,tablet,Enugu
R00393,O00016,impression,1740629492,tablet,Enugu
R00393,O00120,impression,1736121135,tablet,Enugu
R00394,O00025,click,1747757376,tablet,Ibadan
R00394,O00102,click,1741187599,tablet,Ibadan
R00394,O00058,click,1747101496,tablet,Ibadan
R00394,O00088,impression,1743302490,tablet,Ibadan
R00394,O00072,click,1747110959,tablet,Ibadan
R00394,O00014,click,1739059680,tablet,Ibadan
R00394,O00059,impression,1753469825,tablet,Ibadan
R00394,O00084,click,1760949345,tablet,Ibadan
R00394,O00099,click,1760574751,tablet,Ibadan
R00395,O00013,impression,1741743616,tablet,Lagos
R00395,O00102,click,1737923546,tablet,Lagos
R00395,O00099,click,1736762405,tablet,Lagos
R00395,O00025,click,1766899728,tablet,Lagos
R00396,O00087,impression,1760373056,mobile,Enugu
R00396,O00053,redeem,1744734327,mobile,Enugu
R00396,O00067,impression,1751184321,mobile,Enugu
R00396,O00012,impression,1748952358,mobile,Enugu
R00396,O00118,impression,1737794309,mobile,Enugu
R00397,O00069,impression,1764781410,web,Enugu
R00397,O00028,click,1755866952,web,Enugu
R00397,O00012,click,1739512632,web,Enugu
R00397,O00106,impression,1740321223,web,Enugu
R00397,O00109,impression,1737352984,web,Enugu
R00398,O00033,impression,1742430554,mobile,Port Harcourt
R00398,O00069,click,1750810973,mobile,Port Harcourt
R00398,O00105,impression,1761993254,mobile,Port Harcourt
R00398,O00042,click,1752792995,mobile,Port Harcourt
R00398,O00009,click,1749782817,mobile,Port Harcourt
R00398,O00104,impression,1757225776,mobile,Port Harcourt
R00399,O00012,impression,1749041674,web,Lagos
R00399,O00055,click,1759661309,web,Lagos
R00399,O00057,click,1757448362,web,Lagos
R00399,O00107,redeem,1758644608,web,Lagos
R00399,O00048,impression,1764234625,web,Lagos
R00399,O00005,redeem,1740312292,web,Lagos
R00399,O00061,impression,1753862970,web,Lagos
R00400,O00055,impression,1761169074,tablet,Ibadan
R00400,O00016,click,1763963329,tablet,Ibadan
R00400,O00047,impression,1736885845,tablet,Ibadan
R00400,O00108,impression,1735736419,tablet,Ibadan
R00400,O00005,click,1745603342,tablet,Ibadan
R00400,O00047,impression,1737423165,tablet,Ibadan
R00400,O00083,impression,1738236159,tablet,Ibadan
R00400,O00083,click,1764046965,tablet,Ibadan
R00400,O00098,impression,1735790298,tablet,Ibadan
R00400,O00005,impression,1751288722,tablet,Ibadan
R00401,O00048,impression,1735929970,mobile,Ibadan
R00401,O00094,click,1759660966,mobile,Ibadan
R00401,O00112,impression,1744768185,mobile,Ibadan
R00401,O00044,click,1761344136,mobile,Ibadan
R00401,O00074,impression,1765873740,mobile,Ibadan
R00401,O00109,click,1744816317,mobile,Ibadan
R00401,O00028,click,1764615815,mobile,Ibadan
R00401,O00083,click,1754445570,mobile,Ibadan
R00402,O00063,click,1736859173,web,Ibadan
R00402,O00088,impression,1735731470,web,Ibadan
R00402,O00114,click,1744331405,web,Ibadan
R00402,O00117,impression,1745587134,web,Ibadan
R00402,O00072,impression,1754989194,web,Ibadan
R00403,O00064,impression,1765268978,tablet,Abuja
R00403,O00113,click,1736879784,tablet,Abuja
R00403,O00039,redeem,1760674301,tablet,Abuja
R00403,O00085,impression,1753249146,tablet,Abuja
R00403,O00035,redeem,1745583348,tablet,Abuja
R00403,O00107,impression,1747661304,tablet,Abuja
R00403,O00031,impression,1764282574,tablet,Abuja
R00403,O00003,redeem,1755366036,tablet,Abuja
R00404,O00041,impression,1762984269,mobile,Ibadan
R00404,O00009,impression,1759144907,mobile,Ibadan
R00404,O00076,click,1742014654,mobile,Ibadan
R00404,O00063,impression,1758647447,mobile,Ibadan
R00404,O00034,impression,1739203393,mobile,Ibadan
R00404,O00041,click,1756468651,mobile,Ibadan
R00404,O00073,click,1763644061,mobile,Ibadan
R00404,O00011,impression,1761213194,mobile,Ibadan
R00404,O00073,impression,1750771221,mobile,Ibadan
R00404,O00048,click,1740304613,mobile,Ibadan
R00405,O00102,impression,1752961751,tablet,Enugu
R00405,O00073,click,1751956166,tablet,Enugu
R00405,O00107,impression,1758818433,tablet,Enugu
R00405,O00104,click,1762469967,tablet,Enugu
R00405,O00060,impression,1757708963,tablet,Enugu
R00405,O00092,impression,1738600209,tablet,Enugu
R00405,O00026,click,1748357730,tablet,Enugu
R00405,O00043,impression,1766993991,tablet,Enugu
R00406,O00038,click,1745725381,mobile,Abuja
R00406,O00076,impression,1754457982,mobile,Abuja
R00406,O00104,impression,1756715807,mobile,Abuja
R00406,O00105,click,1748945972,mobile,Abuja
R00406,O00086,impression,1763354805,mobile,Abuja
R00406,O00092,click,1766109943,mobile,Abuja
R00406,O00092,impression,1746016291,mobile,Abuja
R00406,O00070,impression,1758860092,mobile,Abuja
R00407,O00110,impression,1764382164,tablet,Lagos
R00407,O00056,impression,1752136520,tablet,Lagos
R00407,O00095,click,1758079994,tablet,Lagos
R00407,O00101,click,1766889884,tablet,Lagos
R00407,O00061,click,1746115448,tablet,Lagos
R00407,O00095,redeem,1756678177,tablet,Lagos
R00408,O00107,impression,1763164187,mobile,Ibadan
R00408,O00085,click,1761538953,mobile,Ibadan
R00408,O00022,click,1744481520,mobile,Ibadan
R00408,O00064,click,1747738371,mobile,Ibadan
R00408,O00031,impression,1752989463,mobile,Ibadan
R00409,O00064,click,1735726226,tablet,Port Harcourt
R00409,O00064,impression,1763895291,tablet,Port Harcourt
R00409,O00031,click,1764839088,tablet,Port Harcourt
R00409,O00027,click,1749151432,tablet,Port Harcourt
R00410,O00003,impression,1765796964,tablet,Lagos
R00410,O00055,click,1737371176,tablet,Lagos
R00410,O00107,impression,1760445457,tablet,Lagos
R00410,O00119,click,1757064319,tablet,Lagos
R00411,O00035,click,1747949518,mobile,Enugu
R00411,O00094,click,1749104393,mobile,Enugu
R00411,O00115,impression,1755508296,mobile,Enugu
R00411,O00013,impression,1750137981,mobile,Enugu
R00412,O00038,redeem,1750927400,tablet,Lagos
R00412,O00010,click,1758469415,tablet,Lagos
R00412,O00111,click,1758753401,tablet,Lagos
R00412,O00003,impression,1739545511,tablet,Lagos
R00412,O00045,click,1737134724,tablet,Lagos
R00412,O00113,click,1740232115,tablet,Lagos
R00412,O00034,redeem,1754944943,tablet,Lagos
R00412,O00011,redeem,1748366029,tablet,Lagos
R00412,O00076,impression,1764899250,tablet,Lagos
R00413,O00036,impression,1753761642,tablet,Enugu
R00413,O00055,impression,1749402429,tablet,Enugu
R00413,O00066,impression,1764953127,tablet,Enugu
R00413,O00008,click,1737524938,tablet,Enugu
R00413,O00116,click,1735812742,tablet,Enugu
R00413,O00028,click,1745617162,tablet,Enugu
R00413,O00010,impression,1736265109,tablet,Enugu
R00413,O00028,click,1747752106,tablet,Enugu
R00413,O00089,redeem,1760485626,tablet,Enugu
R00413,O00047,impression,1759050748,tablet,Enugu
R00414,O00063,impression,1749799740,tablet,Port Harcourt
R00414,O00075,impression,1759663369,tablet,Port Harcourt
R00414,O00013,impression,1754177003,tablet,Port Harcourt
R00414,O00024,impression,1735716210,tablet,Port Harcourt
R00414,O00063,redeem,1759368396,tablet,Port Harcourt
R00414,O00106,impression,1753707312,tablet,Port Harcourt
R00415,O00088,click,1763480589,web,Enugu
R00415,O00044,impression,1743121952,web,Enugu
R00415,O00111,impression,1740122308,web,Enugu
R00415,O00026,impression,1759938754,web,Enugu
R00416,O00024,impression,1744731035,mobile,Lagos
R00416,O00024,click,1739211631,mobile,Lagos
R00416,O00014,redeem,1736577441,mobile,Lagos
R00416,O00099,click,1760297000,mobile,Lagos
R00416,O00017,click,1765755471,mobile,Lagos
R00416,O00116,click,1740661413,mobile,Lagos
R00416,O00106,impression,1748839660,mobile,Lagos
R00416,O00047,click,1740496211,mobile,Lagos
R00416,O00082,impression,1742907399,mobile,Lagos
R00417,O00022,impression,1754804793,mobile,Port Harcourt
R00417,O00087,click,1762461192,mobile,Port Harcourt
R00417,O00065,click,1758243942,mobile,Port Harcourt
R00417,O00050,redeem,1763773404,mobile,Port Harcourt
R00417,O00077,click,1754558887,mobile,Port Harcourt
R00417,O00073,click,1758044276,mobile,Port Harcourt
R00417,O00011,impression,1765988830,mobile,Port Harcourt
R00418,O00116,impression,1749207013,mobile,Ibadan
R00418,O00022,redeem,1762230856,mobile,Ibadan
R00418,O00107,impression,1755211008,mobile,Ibadan
R00418,O00015,impression,1745996523,mobile,Ibadan
R00418,O00064,click,1747613839,mobile,Ibadan
R00419,O00014,click,1759576791,web,Ibadan
R00419,O00084,impression,1744290420,web,Ibadan
R00419,O00029,click,1750164115,web,Ibadan
R00419,O00031,impression,1754787055,web,Ibadan
R00419,O00088,click,1765536631,web,Ibadan
R00419,O00024,click,1757198436,web,Ibadan
R00419,O00060,click,1747961558,web,Ibadan
R00419,O00102,impression,1766023721,web,Ibadan
R00420,O00049,click,1742419049,mobile,Lagos
R00420,O00075,redeem,1766976750,mobile,Lagos
R00420,O00054,redeem,1750658417,mobile,Lagos
R00420,O00080,impression,1762346117,mobile,Lagos
R00420,O00049,click,1753493274,mobile,Lagos
R00420,O00081,redeem,1744898541,mobile,Lagos
R00420,O00020,click,1755277081,mobile,Lagos
R00421,O00097,impression,1737951449,tablet,Abuja
R00421,O00120,impression,1751084363,tablet,Abuja
R00421,O00051,impression,1764327228,tablet,Abuja
R00421,O00110,redeem,1738198567,tablet,Abuja
R00421,O00103,click,1754020805,tablet,Abuja
R00421,O00069,click,1740772907,tablet,Abuja
R00421,O00095,impression,1756595475,tablet,Abuja
R00421,O00036,impression,1745803081,tablet,Abuja
R00422,O00014,impression,1747299847,web,Lagos
R00422,O00084,impression,1761625995,web,Lagos
R00422,O00102,impression,1759187395,web,Lagos
R00422,O00058,impression,1753764769,web,Lagos
R00422,O00025,impression,1751788171,web,Lagos
R00423,O00023,impression,1760167703,mobile,Abuja
R00423,O00115,click,1742335754,mobile,Abuja
R00423,O00118,click,1740272749,mobile,Abuja
R00423,O00079,click,1752217052,mobile,Abuja
R00423,O00092,impression,1743294074,mobile,Abuja
R00423,O00053,click,1749814896,mobile,Abuja
R00423,O00046,impression,1764222072,mobile,Abuja
R00423,O00115,impression,1752200552,mobile,Abuja
R00423,O00098,click,1766810573,mobile,Abuja
R00423,O00078,click,1756870665,mobile,Abuja
R00424,O00013,click,1736157387,tablet,Lagos
R00424,O00088,impression,1756019798,tablet,Lagos
R00424,O00047,click,1757532663,tablet,Lagos
R00424,O00059,redeem,1757763568,tablet,Lagos
R00424,O00072,impression,1747516619,tablet,Lagos
R00424,O00047,impression,1766817080,tablet,Lagos
R00424,O00072,impression,1756568145,tablet,Lagos
R00424,O00088,impression,1751786826,tablet,Lagos
R00425,O00017,impression,1750272293,web,Ibadan
R00425,O00018,impression,1742172350,web,Ibadan
R00425,O00035,impression,1755880632,web,Ibadan
R00425,O00003,impression,1743980453,web,Ibadan
R00425,O00107,impression,1745612389,web,Ibadan
R00425,O00035,impression,1746072552,web,Ibadan
R00425,O00085,impression,1746187327,web,Ibadan
R00425,O00040,redeem,1765924543,web,Ibadan
R00426,O00069,impression,1758697262,web,Ibadan
R00426,O00027,click,1759628388,web,Ibadan
R00426,O00016,impression,1747939084,web,Ibadan
R00426,O00101,impression,1754612901,web,Ibadan
R00426,O00112,click,1762120053,web,Ibadan
R00427,O00053,redeem,1743767220,web,Lagos
R00427,O00067,impression,1736018911,web,Lagos
R00427,O00063,impression,1758377067,web,Lagos
R00427,O00050,click,1736269078,web,Lagos
R00427,O00019,impression,1741567014,web,Lagos
R00427,O00023,impression,1765451679,web,Lagos
R00428,O00017,redeem,1735780380,mobile,Ibadan
R00428,O00064,click,1752481898,mobile,Ibadan
R00428,O00055,click,1738104408,mobile,Ibadan
R00428,O00003,click,1751957111,mobile,Ibadan
R00428,O00068,redeem,1744969404,mobile,Ibadan
R00428,O00035,impression,1765020581,mobile,Ibadan
R00428,O00018,impression,1755601495,mobile,Ibadan
R00429,O00010,impression,1766721996,mobile,Abuja
R00429,O00083,impression,1740980840,mobile,Abuja
R00429,O00004,impression,1751092455,mobile,Abuja
R00429,O00028,impression,1744307733,mobile,Abuja
R00429,O00109,click,1760803935,mobile,Abuja
R00429,O00028,click,1755338966,mobile,Abuja
R00429,O00057,impression,1736978056,mobile,Abuja
R00429,O00035,impression,1741273285,mobile,Abuja
R00429,O00059,impression,1740108293,mobile,Abuja
R00430,O00004,impression,1764822998,mobile,Lagos
R00430,O00014,click,1745706232,mobile,Lagos
R00430,O00112,impression,1736811234,mobile,Lagos
R00430,O00014,impression,1756458465,mobile,Lagos
R00430,O00099,click,1758225577,mobile,Lagos
R00430,O00106,click,1748202726,mobile,Lagos
R00431,O00088,impression,1746620813,web,Enugu
R00431,O00084,click,1756521609,web,Enugu
R00431,O00024,click,1754089157,web,Enugu
R00431,O00066,impression,1736247447,web,Enugu
R00431,O00086,impression,1743354363,web,Enugu
R00431,O00030,impression,1740585866,web,Enugu
R00432,O00029,impression,1748518753,tablet,Enugu
R00432,O00061,click,1750884249,tablet,Enugu
R00432,O00075,impression,1765896389,tablet,Enugu
R00432,O00080,impression,1757548008,tablet,Enugu
R00432,O00020,impression,1745605262,tablet,Enugu
R00432,O00020,click,1760717123,tablet,Enugu
R00433,O00070,impression,1760138228,web,Abuja
R00433,O00024,impression,1760104640,web,Abuja
R00433,O00072,click,1742123947,web,Abuja
R00433,O00063,impression,1741526639,web,Abuja
R00433,O00019,click,1735923762,web,Abuja
R00433,O00059,impression,1747977380,web,Abuja
R00433,O00102,impression,1752218957,web,Abuja
R00434,O00086,click,1766751648,tablet,Lagos
R00434,O00033,click,1759517349,tablet,Lagos
R00434,O00041,impression,1749777610,tablet,Lagos
R00434,O00004,impression,1764712266,tablet,Lagos
R00435,O00083,redeem,1755090362,tablet,Ibadan
R00435,O00034,click,1757801259,tablet,Ibadan
R00435,O00044,impression,1755377072,tablet,Ibadan
R00435,O00009,impression,1765713885,tablet,Ibadan
R00435,O00074,click,1738661927,tablet,Ibadan
R00435,O00004,impression,1752038895,tablet,Ibadan
R00436,O00043,click,1765965053,mobile,Lagos
R00436,O00111,click,1744558344,mobile,Lagos
R00436,O00092,click,1748802419,mobile,Lagos
R00436,O00076,click,1766723783,mobile,Lagos
R00437,O00049,click,1737669886,mobile,Port Harcourt
R00437,O00030,click,1754427152,mobile,Port Harcourt
R00437,O00081,impression,1746571435,mobile,Port Harcourt
R00437,O00016,impression,1761858513,mobile,Port Harcourt
R00437,O00009,click,1741199496,mobile,Port Harcourt
R00437,O00029,impression,1744549221,mobile,Port Harcourt
R00437,O00054,redeem,1755115298,mobile,Port Harcourt
R00437,O00034,impression,1745780382,mobile,Port Harcourt
R00438,O00078,redeem,1764801186,web,Port Harcourt
R00438,O00078,redeem,1761337110,web,Port Harcourt
R00438,O00001,click,1757313389,web,Port Harcourt
R00438,O00018,impression,1738281009,web,Port Harcourt
R00438,O00032,click,1739252438,web,Port Harcourt
R00438,O00035,impression,1759341910,web,Port Harcourt
R00439,O00099,impression,1743635755,tablet,Enugu
R00439,O00024,redeem,1746274643,tablet,Enugu
R00439,O00100,impression,1759637314,tablet,Enugu
R00439,O00024,click,1759194270,tablet,Enugu
R00439,O00066,click,1738900982,tablet,Enugu
R00439,O00024,impression,1743248939,tablet,Enugu
R00439,O00104,impression,1749103026,tablet,Enugu
R00440,O00114,click,1747917653,tablet,Enugu
R00440,O00014,impression,1766303554,tablet,Enugu
R00440,O00090,impression,1763854344,tablet,Enugu
R00440,O00066,redeem,1748100567,tablet,Enugu
R00440,O00070,click,1750659802,tablet,Enugu
R00441,O00044,impression,1756106961,tablet,Ibadan
R00441,O00026,impression,1755367388,tablet,Ibadan
R00441,O00046,click,1753003684,tablet,Ibadan
R00441,O00028,click,1756038144,tablet,Ibadan
R00441,O00053,redeem,1766124730,tablet,Ibadan
R00441,O00017,click,1761686206,tablet,Ibadan
R00441,O00062,impression,1764568988,tablet,Ibadan
R00441,O00087,impression,1751457249,tablet,Ibadan
R00441,O00116,click,1761322442,tablet,Ibadan
R00442,O00003,impression,1743724266,tablet,Lagos
R00442,O00024,impression,1747005562,tablet,Lagos
R00442,O00062,click,1760621913,tablet,Lagos
R00442,O00071,impression,1737835056,tablet,Lagos
R00443,O00033,click,1764558060,mobile,Enugu
R00443,O00065,redeem,1760993093,mobile,Enugu
R00443,O00073,click,1754629675,mobile,Enugu
R00443,O00084,click,1752032123,mobile,Enugu
R00443,O00041,impression,1742192510,mobile,Enugu
R00444,O00007,click,1752297438,mobile,Ibadan
R00444,O00070,click,1762646172,mobile,Ibadan
R00444,O00076,impression,1760103573,mobile,Ibadan
R00444,O00105,redeem,1740733090,mobile,Ibadan
R00444,O00101,impression,1764729474,mobile,Ibadan
R00444,O00106,click,1766275719,mobile,Ibadan
R00445,O00041,impression,1742721069,web,Port Harcourt
R00445,O00056,click,1740410655,web,Port Harcourt
R00445,O00030,impression,1737325821,web,Port Harcourt
R00445,O00002,impression,1747930084,web,Port Harcourt
R00446,O00098,click,1757521523,web,Lagos
R00446,O00045,redeem,1743521383,web,Lagos
R00446,O00075,impression,1740827458,web,Lagos
R00446,O00118,impression,1755446469,web,Lagos
R00446,O00034,click,1736662998,web,Lagos
R00446,O00120,impression,1747666747,web,Lagos
R00446,O00054,impression,1760317447,web,Lagos
R00446,O00054,redeem,1758641397,web,Lagos
R00446,O00120,impression,1750229745,web,Lagos
R00446,O00075,impression,1762091245,web,Lagos
R00447,O00025,click,1739141144,web,Port Harcourt
R00447,O00076,redeem,1736864310,web,Port Harcourt
R00447,O00061,impression,1766060793,web,Port Harcourt
R00447,O00009,redeem,1765220292,web,Port Harcourt
R00447,O00099,click,1737773220,web,Port Harcourt
R00447,O00009,click,1765058609,web,Port Harcourt
R00447,O00033,impression,1743827527,web,Port Harcourt
R00447,O00111,impression,1755398990,web,Port Harcourt
R00448,O00107,click,1762104159,mobile,Lagos
R00448,O00003,click,1746659633,mobile,Lagos
R00448,O00018,impression,1737342594,mobile,Lagos
R00448,O00106,impression,1760222815,mobile,Lagos
R00448,O00113,impression,1736082469,mobile,Lagos
R00448,O00087,redeem,1764829716,mobile,Lagos
R00449,O00063,impression,1763020896,web,Enugu
R00449,O00112,impression,1750853744,web,Enugu
R00449,O00014,impression,1748603856,web,Enugu
R00449,O00057,impression,1739709923,web,Enugu
R00449,O00014,click,1750332164,web,Enugu
R00449,O00102,impression,1764690071,web,Enugu
R00449,O00024,click,1763945571,web,Enugu
R00449,O00099,click,1762618121,web,Enugu
R00449,O00113,impression,1764541609,web,Enugu
R00450,O00112,impression,1762536333,web,Enugu
R00450,O00099,click,1746865047,web,Enugu
R00450,O00112,click,1736697344,web,Enugu
R00450,O00084,impression,1757797435,web,Enugu
R00450,O00117,impression,1737489650,web,Enugu
R00450,O00077,impression,1750473435,web,Enugu
R00450,O00066,redeem,1748001172,web,Enugu
R00450,O00112,impression,1745503708,web,Enugu
R00451,O00006,impression,1763579388,mobile,Ibadan
R00451,O00100,click,1760306058,mobile,Ibadan
R00451,O00077,impression,1742654405,mobile,Ibadan
R00451,O00001,impression,1762001009,mobile,Ibadan
R00451,O00077,click,1738386526,mobile,Ibadan
R00452,O00004,click,1760645398,web,Enugu
R00452,O00018,impression,1764562949,web,Enugu
R00452,O00104,impression,1746348029,web,Enugu
R00452,O00070,impression,1739317056,web,Enugu
R00452,O00033,impression,1758416979,web,Enugu
R00452,O00052,click,1762445915,web,Enugu
R00452,O00110,click,1759738908,web,Enugu
R00452,O00009,impression,1740027897,web,Enugu
R00453,O00086,impression,1738079434,tablet,Ibadan
R00453,O00009,impression,1739195266,tablet,Ibadan
R00453,O00034,redeem,1756928541,tablet,Ibadan
R00453,O00070,impression,1764722018,tablet,Ibadan
R00453,O00105,click,1748643778,tablet,Ibadan
R00453,O00073,click,1764129432,tablet,Ibadan
R00453,O00026,click,1757137741,tablet,Ibadan
R00453,O00086,impression,1762842813,tablet,Ibadan
R00454,O00071,click,1737965457,tablet,Enugu
R00454,O00079,impression,1753950937,tablet,Enugu
R00454,O00114,impression,1754169436,tablet,Enugu
R00454,O00077,impression,1743805230,tablet,Enugu
R00454,O00091,click,1745617696,tablet,Enugu
R00454,O00077,click,1765974140,tablet,Enugu
R00454,O00084,impression,1752261876,tablet,Enugu
R00454,O00050,impression,1742224269,tablet,Enugu
R00455,O00026,click,1754144743,mobile,Abuja
R00455,O00097,impression,1742188445,mobile,Abuja
R00455,O00045,click,1761697226,mobile,Abuja
R00455,O00095,impression,1741936056,mobile,Abuja
R00455,O00101,impression,1766980921,mobile,Abuja
R00455,O00035,impression,1744171906,mobile,Abuja
R00455,O00080,impression,1755184906,mobile,Abuja
R00456,O00069,impression,1746016676,mobile,Enugu
R00456,O00008,impression,1738699449,mobile,Enugu
R00456,O00109,redeem,1738842703,mobile,Enugu
R00456,O00010,impression,1760806459,mobile,Enugu
R00456,O00012,impression,1738279842,mobile,Enugu
R00457,O00088,redeem,1737771258,web,Enugu
R00457,O00066,impression,1750395881,web,Enugu
R00457,O00041,impression,1751627345,web,Enugu
R00457,O00013,impression,1752927134,web,Enugu
R00458,O00097,impression,1755793490,mobile,Enugu
R00458,O00104,click,1737531709,mobile,Enugu
R00458,O00042,click,1761266682,mobile,Enugu
R00458,O00112,impression,1764122262,mobile,Enugu
R00459,O00058,impression,1747116028,tablet,Enugu
R00459,O00072,impression,1737034214,tablet,Enugu
R00459,O00059,impression,1749703151,tablet,Enugu
R00459,O00058,click,1737099649,tablet,Enugu
R00459,O00099,click,1751370450,tablet,Enugu
R00459,O00013,click,1757654805,tablet,Enugu
R00459,O00112,impression,1754391405,tablet,Enugu
R00460,O00081,impression,1762052407,web,Port Harcourt
R00460,O00049,click,1741006134,web,Port Harcourt
R00460,O00075,impression,1739234097,web,Port Harcourt
R00460,O00087,redeem,1736310129,web,Port Harcourt
R00460,O00095,impression,1744978376,web,Port Harcourt
R00460,O00045,redeem,1763367370,web,Port Harcourt
R00460,O00080,impression,1739349880,web,Port Harcourt
R00460,O00113,impression,1744687546,web,Port Harcourt
R00461,O00106,click,1736261097,mobile,Enugu
R00461,O00055,impression,1751618475,mobile,Enugu
R00461,O00017,impression,1753525851,mobile,Enugu
R00461,O00064,impression,1748878448,mobile,Enugu
R00461,O00085,impression,1764585118,mobile,Enugu
R00461,O00017,impression,1751844407,mobile,Enugu
R00461,O00085,click,1749932039,mobile,Enugu
R00461,O00055,impression,1746840202,mobile,Enugu
R00461,O00060,impression,1763964443,mobile,Enugu
R00461,O00061,impression,1748519671,mobile,Enugu
R00462,O00048,click,1748807661,tablet,Abuja
R00462,O00071,impression,1746957233,tablet,Abuja
R00462,O00056,redeem,1749659373,tablet,Abuja
R00462,O00005,impression,1756640927,tablet,Abuja
R00462,O00016,click,1756277986,tablet,Abuja
R00462,O00010,click,1757650955,tablet,Abuja
R00462,O00094,impression,1758396327,tablet,Abuja
R00462,O00010,impression,1746773716,tablet,Abuja
R00462,O00008,click,1738054520,tablet,Abuja
R00463,O00084,click,1753858859,mobile,Enugu
R00463,O00117,impression,1764395264,mobile,Enugu
R00463,O00077,click,1762603570,mobile,Enugu
R00463,O00072,redeem,1749702143,mobile,Enugu
R00463,O00114,impression,1752827068,mobile,Enugu
R00463,O00059,impression,1752738916,mobile,Enugu
R00463,O00021,impression,1757524297,mobile,Enugu
R00463,O00058,click,1741829906,mobile,Enugu
R00463,O00072,click,1747011175,mobile,Enugu
R00463,O00114,click,1743916620,mobile,Enugu
R00464,O00021,impression,1748335206,tablet,Abuja
R00464,O00010,impression,1737517447,tablet,Abuja
R00464,O00028,impression,1752519018,tablet,Abuja
R00464,O00094,impression,1741474668,tablet,Abuja
R00464,O00098,click,1757608512,tablet,Abuja
R00464,O00041,click,1757831289,tablet,Abuja
R00464,O00089,impression,1743781768,tablet,Abuja
R00464,O00030,click,1755802836,tablet,Abuja
R00464,O00082,click,1753293808,tablet,Abuja
R00464,O00004,impression,1736281338,tablet,Abuja
R00465,O00120,impression,1758715988,tablet,Enugu
R00465,O00049,impression,1742339727,tablet,Enugu
R00465,O00081,impression,1747965494,tablet,Enugu
R00465,O00007,click,1763868684,tablet,Enugu
R00465,O00054,impression,1750778767,tablet,Enugu
R00465,O00101,click,1764730535,tablet,Enugu
R00465,O00080,click,1755999667,tablet,Enugu
R00465,O00029,impression,1762137256,tablet,Enugu
R00466,O00043,impression,1750290726,web,Port Harcourt
R00466,O00073,impression,1749011206,web,Port Harcourt
R00466,O00076,impression,1766963026,web,Port Harcourt
R00466,O00111,impression,1744689231,web,Port Harcourt
R00466,O00086,impression,1742031195,web,Port Harcourt
R00466,O00009,click,1758925018,web,Port Harcourt
R00466,O00052,impression,1749223591,web,Port Harcourt
R00466,O00076,click,1757160060,web,Port Harcourt
R00466,O00038,click,1760191813,web,Port Harcourt
R00467,O00091,redeem,1759903804,web,Port Harcourt
R00467,O00114,redeem,1753678775,web,Port Harcourt
R00467,O00077,impression,1764000914,web,Port Harcourt
R00467,O00006,impression,1743288008,web,Port Harcourt
R00467,O00065,impression,1760422752,web,Port Harcourt
R00467,O00115,impression,1750192119,web,Port Harcourt
R00467,O00050,impression,1736577271,web,Port Harcourt
R00467,O00062,redeem,1753756687,web,Port Harcourt
R00467,O00065,click,1746182114,web,Port Harcourt
R00467,O00071,impression,1748143169,web,Port Harcourt
R00468,O00071,impression,1765023012,mobile,Ibadan
R00468,O00056,click,1757477241,mobile,Ibadan
R00468,O00097,impression,1736457793,mobile,Ibadan
R00468,O00054,click,1745506096,mobile,Ibadan
R00468,O00030,impression,1744009838,mobile,Ibadan
R00468,O00007,impression,1738320018,mobile,Ibadan
R00468,O00120,impression,1760386310,mobile,Ibadan
R00468,O00056,impression,1739303697,mobile,Ibadan
R00468,O00081,redeem,1756835261,mobile,Ibadan
R00469,O00006,click,1744703914,mobile,Port Harcourt
R00469,O00120,impression,1736439653,mobile,Port Harcourt
R00469,O00038,click,1752423417,mobile,Port Harcourt
R00469,O00046,impression,1758966264,mobile,Port Harcourt
R00470,O00099,click,1762896533,tablet,Abuja
R00470,O00102,impression,1758746245,tablet,Abuja
R00470,O00072,click,1747963635,tablet,Abuja
R00470,O00025,impression,1747479545,tablet,Abuja
R00470,O00024,impression,1740415269,tablet,Abuja
R00471,O00109,click,1753600491,web,Abuja
R00471,O00105,impression,1743447868,web,Abuja
R00471,O00030,impression,1751248457,web,Abuja
R00471,O00089,redeem,1740459098,web,Abuja
R00471,O00094,impression,1738494500,web,Abuja
R00471,O00069,impression,1746279161,web,Abuja
R00471,O00082,impression,1750939220,web,Abuja
R00471,O00024,click,1757179255,web,Abuja
R00471,O00057,impression,1748436207,web,Abuja
R00471,O00034,impression,1758684092,web,Abuja
R00472,O00001,click,1766151888,tablet,Ibadan
R00472,O00079,impression,1755313418,tablet,Ibadan
R00472,O00001,impression,1738456883,tablet,Ibadan
R00472,O00118,redeem,1765999518,tablet,Ibadan
R00472,O00091,impression,1759723681,tablet,Ibadan
R00472,O00062,impression,1756651898,tablet,Ibadan
R00472,O00023,impression,1758720777,tablet,Ibadan
R00472,O00062,click,1757735994,tablet,Ibadan
R00472,O00071,impression,1764602099,tablet,Ibadan
R00473,O00020,impression,1766220972,mobile,Lagos
R00473,O00110,click,1751293015,mobile,Lagos
R00473,O00039,redeem,1748814048,mobile,Lagos
R00473,O00077,redeem,1761899768,mobile,Lagos
R00473,O00080,click,1751720692,mobile,Lagos
R00473,O00007,redeem,1736928695,mobile,Lagos
R00473,O00076,click,1758288996,mobile,Lagos
R00473,O00080,impression,1743012651,mobile,Lagos
R00473,O00020,impression,1757603090,mobile,Lagos
R00473,O00084,impression,1759631421,mobile,Lagos
R00474,O00037,impression,1736274183,web,Abuja
R00474,O00017,impression,1747298474,web,Abuja
R00474,O00017,click,1735835247,web,Abuja
R00474,O00078,impression,1760487648,web,Abuja
R00474,O00068,impression,1759571365,web,Abuja
R00474,O00113,impression,1744533413,web,Abuja
R00474,O00043,redeem,1761872199,web,Abuja
R00474,O00041,click,1749459875,web,Abuja
R00474,O00074,impression,1765977142,web,Abuja
R00474,O00003,impression,1750791481,web,Abuja
R00475,O00058,click,1736513781,mobile,Ibadan
R00475,O00084,impression,1753989069,mobile,Ibadan
R00475,O00004,impression,1737068780,mobile,Ibadan
R00475,O00013,click,1752510952,mobile,Ibadan
R00475,O00058,impression,1744058076,mobile,Ibadan
R00475,O00066,impression,1754895638,mobile,Ibadan
R00475,O00099,click,1761776431,mobile,Ibadan
R00475,O00072,impression,1738400747,mobile,Ibadan
R00476,O00113,impression,1766164540,tablet,Lagos
R00476,O00065,redeem,1736368665,tablet,Lagos
R00476,O00119,impression,1761771717,tablet,Lagos
R00476,O00055,impression,1752228503,tablet,Lagos
R00476,O00119,impression,1761432436,tablet,Lagos
R00476,O00064,click,1765391831,tablet,Lagos
R00476,O00060,click,1760355494,tablet,Lagos
R00476,O00107,impression,1756499222,tablet,Lagos
R00476,O00106,click,1749976581,tablet,Lagos
R00476,O00044,impression,1741112824,tablet,Lagos
R00477,O00078,redeem,1756570093,web,Ibadan
R00477,O00051,impression,1735840874,web,Ibadan
R00477,O00068,impression,1747928866,web,Ibadan
R00477,O00003,impression,1763574756,web,Ibadan
R00477,O00057,redeem,1745924476,web,Ibadan
R00477,O00032,impression,1739760338,web,Ibadan
R00477,O00018,impression,1756072669,web,Ibadan
R00478,O00098,redeem,1758518944,web,Enugu
R00478,O00077,click,1741745418,web,Enugu
R00478,O00087,impression,1740176708,web,Enugu
R00478,O00067,impression,1748847590,web,Enugu
R00478,O00053,impression,1740455657,web,Enugu
R00478,O00006,click,1738973753,web,Enugu
R00478,O00071,click,1758197936,web,Enugu
R00478,O00050,click,1740967078,web,Enugu
R00479,O00118,impression,1747251521,mobile,Abuja
R00479,O00108,click,1747536494,mobile,Abuja
R00479,O00068,impression,1736029523,mobile,Abuja
R00479,O00010,click,1762353373,mobile,Abuja
R00479,O00012,click,1760811814,mobile,Abuja
R00480,O00101,impression,1737113615,tablet,Ibadan
R00480,O00069,impression,1751039107,tablet,Ibadan
R00480,O00108,impression,1751901900,tablet,Ibadan
R00480,O00008,impression,1765497525,tablet,Ibadan
R00480,O00023,click,1755363093,tablet,Ibadan
R00480,O00005,impression,1755013637,tablet,Ibadan
R00480,O00046,impression,1755649007,tablet,Ibadan
R00480,O00030,redeem,1739755349,tablet,Ibadan
R00481,O00103,redeem,1737837106,tablet,Port Harcourt
R00481,O00050,impression,1758179798,tablet,Port Harcourt
R00481,O00102,impression,1758607640,tablet,Port Harcourt
R00481,O00100,impression,1738479429,tablet,Port Harcourt
R00481,O00100,click,1742981532,tablet,Port Harcourt
R00481,O00050,impression,1736913394,tablet,Port Harcourt
R00481,O00115,impression,1762217067,tablet,Port Harcourt
R00481,O00011,click,1736539486,tablet,Port Harcourt
R00482,O00031,redeem,1758462478,mobile,Abuja
R00482,O00008,click,1765361632,mobile,Abuja
R00482,O00092,click,1766035349,mobile,Abuja
R00482,O00027,impression,1742579633,mobile,Abuja
R00482,O00035,click,1753439954,mobile,Abuja
R00483,O00077,impression,1754571921,tablet,Abuja
R00483,O00091,impression,1759902054,tablet,Abuja
R00483,O00019,impression,1745132889,tablet,Abuja
R00483,O00079,impression,1753069476,tablet,Abuja
R00483,O00023,impression,1756464385,tablet,Abuja
R00483,O00020,impression,1762841023,tablet,Abuja
R00483,O00073,impression,1744232634,tablet,Abuja
R00483,O00065,impression,1746958812,tablet,Abuja
R00483,O00079,impression,1760907415,tablet,Abuja
R00483,O00022,redeem,1740832764,tablet,Abuja
R00484,O00085,impression,1758851275,mobile,Abuja
R00484,O00060,click,1752250896,mobile,Abuja
R00484,O00003,impression,1751272545,mobile,Abuja
R00484,O00078,impression,1754397520,mobile,Abuja
R00484,O00087,impression,1746968293,mobile,Abuja
R00484,O00025,impression,1762918860,mobile,Abuja
R00484,O00113,impression,1751145644,mobile,Abuja
R00485,O00106,click,1756374576,web,Lagos
R00485,O00072,impression,1756944247,web,Lagos
R00485,O00073,impression,1757693720,web,Lagos
R00485,O00106,impression,1750745674,web,Lagos
R00485,O00102,impression,1760325198,web,Lagos
R00485,O00114,impression,1745115501,web,Lagos
R00485,O00072,click,1740935983,web,Lagos
R00485,O00024,impression,1740288050,web,Lagos
R00486,O00033,click,1746825755,mobile,Abuja
R00486,O00111,redeem,1748250395,mobile,Abuja
R00486,O00070,click,1740770105,mobile,Abuja
R00486,O00092,impression,1766488042,mobile,Abuja
R00486,O00042,click,1764689154,mobile,Abuja
R00486,O00070,impression,1742183730,mobile,Abuja
R00486,O00070,impression,1743494234,mobile,Abuja
R00486,O00026,impression,1744903883,mobile,Abuja
R00486,O00038,impression,1745933920,mobile,Abuja
R00486,O00073,click,1752211190,mobile,Abuja
R00487,O00007,redeem,1746535193,tablet,Lagos
R00487,O00036,click,1739614017,tablet,Lagos
R00487,O00054,click,1756143815,tablet,Lagos
R00487,O00080,impression,1751210017,tablet,Lagos
R00487,O00027,click,1751182632,tablet,Lagos
R00487,O00020,impression,1742746745,tablet,Lagos
R00488,O00032,click,1764139367,mobile,Ibadan
R00488,O00037,impression,1745947997,mobile,Ibadan
R00488,O00003,impression,1765017460,mobile,Ibadan
R00488,O00047,click,1762157990,mobile,Ibadan
R00488,O00026,impression,1749060718,mobile,Ibadan
R00489,O00003,impression,1766401715,mobile,Enugu
R00489,O00032,impression,1746343701,mobile,Enugu
R00489,O00035,click,1738833618,mobile,Enugu
R00489,O00080,click,1759453265,mobile,Enugu
R00489,O00078,impression,1750796758,mobile,Enugu
R00489,O00037,impression,1762158089,mobile,Enugu
R00490,O00016,redeem,1759870385,tablet,Ibadan
R00490,O00024,impression,1756825898,tablet,Ibadan
R00490,O00112,click,1763668783,tablet,Ibadan
R00490,O00056,redeem,1736837254,tablet,Ibadan
R00490,O00058,click,1738680939,tablet,Ibadan
R00490,O00084,click,1761385110,tablet,Ibadan
R00490,O00003,redeem,1744309910,tablet,Ibadan
R00491,O00005,impression,1740440076,web,Abuja
R00491,O00065,click,1747711693,web,Abuja
R00491,O00065,impression,1747572346,web,Abuja
R00491,O00046,impression,1764165625,web,Abuja
R00491,O00062,redeem,1755845410,web,Abuja
R00491,O00016,impression,1762468265,web,Abuja
R00491,O00050,impression,1746975103,web,Abuja
R00491,O00058,impression,1757088129,web,Abuja
R00492,O00023,redeem,1736450956,web,Enugu
R00492,O00120,impression,1750380328,web,Enugu
R00492,O00054,impression,1759373536,web,Enugu
R00492,O00039,impression,1746810457,web,Enugu
R00493,O00037,click,1742606315,mobile,Lagos
R00493,O00055,redeem,1760272544,mobile,Lagos
R00493,O00031,impression,1737762126,mobile,Lagos
R00493,O00043,impression,1750803692,mobile,Lagos
R00493,O00031,impression,1743229621,mobile,Lagos
R00494,O00106,click,1754387396,mobile,Port Harcourt
R00494,O00025,redeem,1762380449,mobile,Port Harcourt
R00494,O00025,redeem,1751381200,mobile,Port Harcourt
R00494,O00106,impression,1748898494,mobile,Port Harcourt
R00494,O00059,redeem,1761685823,mobile,Port Harcourt
R00494,O00051,click,1740490082,mobile,Port Harcourt
R00494,O00009,redeem,1761104259,mobile,Port Harcourt
R00495,O00099,impression,1756551320,tablet,Ibadan
R00495,O00115,click,1743289842,tablet,Ibadan
R00495,O00070,impression,1738130066,tablet,Ibadan
R00495,O00027,click,1745812263,tablet,Ibadan
R00495,O00041,impression,1758511820,tablet,Ibadan
R00495,O00052,impression,1759633513,tablet,Ibadan
R00495,O00070,click,1753924429,tablet,Ibadan
R00495,O00063,click,1751329478,tablet,Ibadan
R00496,O00034,click,1748812556,tablet,Abuja
R00496,O00019,click,1760249686,tablet,Abuja
R00496,O00038,click,1748198309,tablet,Abuja
R00496,O00056,click,1743701041,tablet,Abuja
R00497,O00015,impression,1761024403,tablet,Enugu
R00497,O00017,impression,1755758117,tablet,Enugu
R00497,O00064,click,1763347344,tablet,Enugu
R00497,O00025,click,1746854378,tablet,Enugu
R00497,O00116,impression,1757582646,tablet,Enugu
R00497,O00084,click,1753603272,tablet,Enugu
R00497,O00055,impression,1737240929,tablet,Enugu
R00498,O00058,redeem,1765903407,web,Port Harcourt
R00498,O00066,impression,1766686614,web,Port Harcourt
R00498,O00084,redeem,1757151175,web,Port Harcourt
R00498,O00117,impression,1765358884,web,Port Harcourt
R00499,O00064,impression,1756899149,web,Ibadan
R00499,O00068,impression,1757962385,web,Ibadan
R00499,O00037,click,1766662380,web,Ibadan
R00499,O00100,click,1741436792,web,Ibadan
R00499,O00017,impression,1745653043,web,Ibadan
R00499,O00092,click,1766247116,web,Ibadan
R00499,O00045,impression,1746321654,web,Ibadan
R00499,O00085,impression,1749488810,web,Ibadan
R00499,O00031,impression,1739072978,web,Ibadan
R00499,O00018,impression,1758430820,web,Ibadan
R00500,O00059,impression,1740685135,tablet,Lagos
R00500,O00112,click,1756994411,tablet,Lagos
R00500,O00114,impression,1753099519,tablet,Lagos
R00500,O00117,redeem,1735867662,tablet,Lagos
R00500,O00072,impression,1737779990,tablet,Lagos
R00500,O00088,click,1761911091,tablet,Lagos
R00500,O00013,redeem,1753460240,tablet,Lagos
R00501,O00079,impression,1753822512,tablet,Port Harcourt
R00501,O00019,click,1754696632,tablet,Port Harcourt
R00501,O00006,click,1765665514,tablet,Port Harcourt
R00501,O00056,impression,1754397582,tablet,Port Harcourt
R00502,O00079,impression,1744993518,mobile,Ibadan
R00502,O00113,impression,1761546860,mobile,Ibadan
R00502,O00107,click,1741154317,mobile,Ibadan
R00502,O00113,impression,1762295354,mobile,Ibadan
R00503,O00041,impression,1759047930,tablet,Lagos
R00503,O00034,click,1754977192,tablet,Lagos
R00503,O00042,impression,1742706646,tablet,Lagos
R00503,O00009,redeem,1755455365,tablet,Lagos
R00504,O00051,impression,1746904160,mobile,Ibadan
R00504,O00051,redeem,1752422161,mobile,Ibadan
R00504,O00039,impression,1766769755,mobile,Ibadan
R00504,O00049,impression,1760844831,mobile,Ibadan
R00504,O00022,impression,1752108223,mobile,Ibadan
R00504,O00119,click,1763264627,mobile,Ibadan
R00504,O00107,click,1760246638,mobile,Ibadan
R00504,O00054,impression,1754027477,mobile,Ibadan
R00504,O00093,click,1749400711,mobile,Ibadan
R00504,O00036,impression,1736004885,mobile,Ibadan
R00505,O00090,impression,1757686606,web,Lagos
R00505,O00028,click,1746781210,web,Lagos
R00505,O00028,redeem,1741194914,web,Lagos
R00505,O00108,impression,1753779368,web,Lagos
R00505,O00090,impression,1760981833,web,Lagos
R00505,O00094,impression,1764388959,web,Lagos
R00506,O00112,impression,1759994246,tablet,Port Harcourt
R00506,O00024,click,1741332482,tablet,Port Harcourt
R00506,O00100,impression,1742801327,tablet,Port Harcourt
R00506,O00011,impression,1746726310,tablet,Port Harcourt
R00506,O00086,impression,1760520212,tablet,Port Harcourt
R00506,O00057,click,1753337661,tablet,Port Harcourt
R00506,O00012,impression,1736440856,tablet,Port Harcourt
R00506,O00090,impression,1763032019,tablet,Port Harcourt
R00506,O00002,click,1763169646,tablet,Port Harcourt
R00506,O00044,impression,1750227221,tablet,Port Harcourt
R00507,O00082,click,1736205187,tablet,Abuja
R00507,O00030,impression,1744019674,tablet,Abuja
R00507,O00061,impression,1755279309,tablet,Abuja
R00507,O00069,click,1752299363,tablet,Abuja
R00507,O00044,click,1748882723,tablet,Abuja
R00507,O00029,click,1757267791,tablet,Abuja
R00507,O00086,redeem,1743867267,tablet,Abuja
R00507,O00049,impression,1754847191,tablet,Abuja
R00507,O00047,impression,1751831744,tablet,Abuja
R00508,O00119,redeem,1741178834,tablet,Ibadan
R00508,O00078,impression,1759215337,tablet,Ibadan
R00508,O00018,click,1749942602,tablet,Ibadan
R00508,O00085,click,1741436170,tablet,Ibadan
R00508,O00032,click,1766194784,tablet,Ibadan
R00508,O00114,click,1744696440,tablet,Ibadan
R00508,O00018,impression,1742444940,tablet,Ibadan
R00508,O00037,click,1741388106,tablet,Ibadan
R00508,O00040,impression,1744011005,tablet,Ibadan
R00508,O00040,redeem,1748412396,tablet,Ibadan
R00509,O00062,impression,1761748083,web,Abuja
R00509,O00061,impression,1753208387,web,Abuja
R00509,O00019,impression,1737525392,web,Abuja
R00509,O00006,click,1763756915,web,Abuja
R00509,O00085,impression,1765248849,web,Abuja
R00510,O00103,click,1746666925,web,Enugu
R00510,O00028,impression,1751454919,web,Enugu
R00510,O00109,click,1742058239,web,Enugu
R00510,O00056,impression,1745630158,web,Enugu
R00510,O00075,click,1746324382,web,Enugu
R00510,O00054,click,1752645938,web,Enugu
R00511,O00115,impression,1748975392,web,Ibadan
R00511,O00067,impression,1758263488,web,Ibadan
R00511,O00006,impression,1748608010,web,Ibadan
R00511,O00118,click,1748007922,web,Ibadan
R00511,O00062,impression,1744906393,web,Ibadan
R00511,O00115,click,1739004808,web,Ibadan
R00511,O00050,impression,1753479303,web,Ibadan
R00511,O00096,redeem,1757902257,web,Ibadan
R00511,O00019,redeem,1748613355,web,Ibadan
R00512,O00070,click,1750323910,tablet,Abuja
R00512,O00076,click,1739826354,tablet,Abuja
R00512,O00038,click,1755977248,tablet,Abuja
R00512,O00073,impression,1750570815,tablet,Abuja
R00513,O00072,impression,1743226729,mobile,Ibadan
R00513,O00114,click,1760122708,mobile,Ibadan
R00513,O00106,impression,1744125053,mobile,Ibadan
R00513,O00059,click,1747710168,mobile,Ibadan
R00513,O00099,redeem,1746290964,mobile,Ibadan
R00513,O00114,impression,1758437397,mobile,Ibadan
R00514,O00066,impression,1752186010,mobile,Enugu
R00514,O00059,redeem,1760795945,mobile,Enugu
R00514,O00025,impression,1737769190,mobile,Enugu
R00514,O00102,redeem,1761014490,mobile,Enugu
R00514,O00059,click,1759679657,mobile,Enugu
R00514,O00040,click,1748831677,mobile,Enugu
R00514,O00066,click,1766799351,mobile,Enugu
R00514,O00112,impression,1752942101,mobile,Enugu
R00514,O00059,click,1758448369,mobile,Enugu
R00515,O00069,click,1753023370,tablet,Abuja
R00515,O00089,click,1765110322,tablet,Abuja
R00515,O00098,click,1760963776,tablet,Abuja
R00515,O00016,click,1738763955,tablet,Abuja
R00515,O00012,redeem,1754760311,tablet,Abuja
R00515,O00100,impression,1742450649,tablet,Abuja
R00515,O00047,click,1752847864,tablet,Abuja
R00516,O00063,impression,1739600269,mobile,Ibadan
R00516,O00099,redeem,1737654985,mobile,Ibadan
R00516,O00114,click,1756437092,mobile,Ibadan
R00516,O00106,impression,1737811029,mobile,Ibadan
R00516,O00117,impression,1764935574,mobile,Ibadan
R00516,O00013,click,1743300916,mobile,Ibadan
R00516,O00063,impression,1740864394,mobile,Ibadan
R00516,O00058,impression,1738768904,mobile,Ibadan
R00516,O00114,impression,1751544861,mobile,Ibadan
R00516,O00114,click,1742303354,mobile,Ibadan
R00517,O00040,click,1738479904,tablet,Abuja
R00517,O00107,click,1757442389,tablet,Abuja
R00517,O00040,click,1736892359,tablet,Abuja
R00517,O00085,redeem,1764681272,tablet,Abuja
R00518,O00112,click,1760054686,mobile,Port Harcourt
R00518,O00114,impression,1737593937,mobile,Port Harcourt
R00518,O00006,click,1738325894,mobile,Port Harcourt
R00518,O00084,impression,1763722412,mobile,Port Harcourt
R00518,O00117,impression,1744036180,mobile,Port Harcourt
R00518,O00072,click,1740424237,mobile,Port Harcourt
R00518,O00066,click,1762399682,mobile,Port Harcourt
R00519,O00051,click,1753715757,web,Abuja
R00519,O00058,impression,1738060610,web,Abuja
R00519,O00043,impression,1754140184,web,Abuja
R00519,O00040,redeem,1736777790,web,Abuja
R00519,O00067,impression,1765383038,web,Abuja
R00519,O00059,click,1764301714,web,Abuja
R00519,O00026,impression,1753608203,web,Abuja
R00519,O00041,click,1754496136,web,Abuja
R00519,O00086,redeem,1741880453,web,Abuja
R00519,O00086,click,1749713678,web,Abuja
R00520,O00037,impression,1765789883,tablet,Port Harcourt
R00520,O00114,impression,1742388459,tablet,Port Harcourt
R00520,O00024,impression,1747506401,tablet,Port Harcourt
R00520,O00060,click,1761796676,tablet,Port Harcourt
R00520,O00054,click,1761356281,tablet,Port Harcourt
R00521,O00065,impression,1747309995,mobile,Ibadan
R00521,O00079,impression,1745425588,mobile,Ibadan
R00521,O00115,impression,1751410682,mobile,Ibadan
R00521,O00109,click,1748612076,mobile,Ibadan
R00521,O00023,click,1743117425,mobile,Ibadan
R00521,O00040,click,1739509062,mobile,Ibadan
R00521,O00106,click,1745187111,mobile,Ibadan
R00521,O00011,impression,1752834189,mobile,Ibadan
R00522,O00097,impression,1742039589,web,Enugu
R00522,O00090,click,1757679760,web,Enugu
R00522,O00036,redeem,1751974698,web,Enugu
R00522,O00095,click,1762040301,web,Enugu
R00522,O00093,click,1750282113,web,Enugu
R00522,O00007,impression,1757352391,web,Enugu
R00523,O00056,impression,1736634219,web,Ibadan
R00523,O00029,impression,1765875279,web,Ibadan
R00523,O00095,impression,1757187828,web,Ibadan
R00523,O00039,impression,1751856276,web,Ibadan
R00523,O00043,impression,1761220893,web,Ibadan
R00523,O00081,redeem,1738802541,web,Ibadan
R00523,O00075,click,1743062135,web,Ibadan
R00523,O00097,impression,1764388941,web,Ibadan
R00524,O00049,impression,1749071462,tablet,Ibadan
R00524,O00081,redeem,1762505641,tablet,Ibadan
R00524,O00049,impression,1739777055,tablet,Ibadan
R00524,O00036,impression,1754132770,tablet,Ibadan
R00524,O00036,impression,1757321137,tablet,Ibadan
R00524,O00036,redeem,1762144293,tablet,Ibadan
R00524,O00093,click,1764698885,tablet,Ibadan
R00524,O00051,impression,1744054819,tablet,Ibadan
R00525,O00050,redeem,1738140492,web,Enugu
R00525,O00096,impression,1761251671,web,Enugu
R00525,O00050,click,1753053921,web,Enugu
R00525,O00046,redeem,1749345335,web,Enugu
R00525,O00008,click,1745387258,web,Enugu
R00525,O00011,impression,1741507452,web,Enugu
R00525,O00091,click,1755863708,web,Enugu
R00526,O00053,click,1756370884,web,Port Harcourt
R00526,O00053,impression,1752290925,web,Port Harcourt
R00526,O00011,click,1758084347,web,Port Harcourt
R00526,O00006,click,1742051956,web,Port Harcourt
R00526,O00019,impression,1756045939,web,Port Harcourt
R00526,O00091,impression,1735931005,web,Port Harcourt
R00527,O00042,redeem,1754636987,mobile,Ibadan
R00527,O00033,impression,1764181069,mobile,Ibadan
R00527,O00092,impression,1754322632,mobile,Ibadan
R00527,O00105,click,1761811447,mobile,Ibadan
R00528,O00062,impression,1753715514,web,Abuja
R00528,O00050,click,1753683286,web,Abuja
R00528,O00095,click,1740904449,web,Abuja
R00528,O00001,impression,1743607525,web,Abuja
R00528,O00115,impression,1755158035,web,Abuja
R00528,O00006,redeem,1750121985,web,Abuja
R00528,O00087,click,1754828807,web,Abuja
R00528,O00023,redeem,1750106250,web,Abuja
R00529,O00110,click,1761234529,tablet,Abuja
R00529,O00025,impression,1737038066,tablet,Abuja
R00529,O00117,impression,1755110940,tablet,Abuja
R00529,O00072,click,1745204923,tablet,Abuja
R00529,O00086,impression,1765477765,tablet,Abuja
R00529,O00046,click,1753161366,tablet,Abuja
R00530,O00031,impression,1736579148,mobile,Port Harcourt
R00530,O00109,impression,1766400642,mobile,Port Harcourt
R00530,O00117,click,1758329491,mobile,Port Harcourt
R00530,O00027,redeem,1759644426,mobile,Port Harcourt
R00530,O00055,click,1752290646,mobile,Port Harcourt
R00530,O00017,impression,1747341405,mobile,Port Harcourt
R00530,O00032,click,1741427835,mobile,Port Harcourt
R00530,O00027,click,1750958321,mobile,Port Harcourt
R00530,O00113,click,1738661298,mobile,Port Harcourt
R00530,O00119,redeem,1737005606,mobile,Port Harcourt
R00531,O00030,impression,1742232570,web,Port Harcourt
R00531,O00019,impression,1749245617,web,Port Harcourt
R00531,O00071,click,1747054341,web,Port Harcourt
R00531,O00118,click,1765542787,web,Port Harcourt
R00531,O00023,impression,1749648426,web,Port Harcourt
R00532,O00031,impression,1763359444,mobile,Enugu
R00532,O00003,click,1752134785,mobile,Enugu
R00532,O00031,click,1737184245,mobile,Enugu
R00532,O00003,click,1736278024,mobile,Enugu
R00532,O00085,impression,1762746364,mobile,Enugu
R00532,O00119,click,1742674313,mobile,Enugu
R00532,O00037,click,1751536417,mobile,Enugu
R00532,O00035,impression,1736042158,mobile,Enugu
R00533,O00067,impression,1761548228,tablet,Enugu
R00533,O00041,impression,1753221988,tablet,Enugu
R00533,O00076,impression,1745439316,tablet,Enugu
R00533,O00041,impression,1760968344,tablet,Enugu
R00533,O00052,impression,1761619441,tablet,Enugu
R00533,O00026,click,1740826292,tablet,Enugu
R00534,O00037,impression,1756967104,mobile,Lagos
R00534,O00107,click,1759991053,mobile,Lagos
R00534,O00014,impression,1747226626,mobile,Lagos
R00534,O00005,redeem,1758941866,mobile,Lagos
R00534,O00085,impression,1751429780,mobile,Lagos
R00534,O00017,impression,1745006130,mobile,Lagos
R00534,O00107,impression,1761263609,mobile,Lagos
R00534,O00012,impression,1739178511,mobile,Lagos
R00534,O00064,click,1749261355,mobile,Lagos
R00534,O00058,redeem,1754665583,mobile,Lagos
R00535,O00068,impression,1760137638,tablet,Lagos
R00535,O00032,impression,1744394712,tablet,Lagos
R00535,O00032,impression,1736196384,tablet,Lagos
R00535,O00078,impression,1751474129,tablet,Lagos
R00535,O00085,click,1754663469,tablet,Lagos
R00535,O00035,impression,1763650495,tablet,Lagos
R00535,O00060,redeem,1758918734,tablet,Lagos
R00535,O00101,click,1759974143,tablet,Lagos
R00536,O00063,click,1745946353,web,Port Harcourt
R00536,O00066,click,1766559650,web,Port Harcourt
R00536,O00047,click,1755834700,web,Port Harcourt
R00536,O00102,click,1743084712,web,Port Harcourt
R00536,O00102,impression,1740195440,web,Port Harcourt
R00536,O00024,click,1752482208,web,Port Harcourt
R00536,O00013,click,1749696325,web,Port Harcourt
R00537,O00095,impression,1755208473,tablet,Lagos
R00537,O00002,impression,1748323421,tablet,Lagos
R00537,O00101,impression,1737647233,tablet,Lagos
R00537,O00038,impression,1757441179,tablet,Lagos
R00537,O00050,impression,1758626246,tablet,Lagos
R00537,O00075,impression,1741178468,tablet,Lagos
R00537,O00075,click,1742143101,tablet,Lagos
R00537,O00081,impression,1766701289,tablet,Lagos
R00537,O00075,click,1762152425,tablet,Lagos
R00538,O00119,click,1740772484,tablet,Port Harcourt
R00538,O00064,click,1765898338,tablet,Port Harcourt
R00538,O00116,click,1749496130,tablet,Port Harcourt
R00538,O00078,impression,1737003602,tablet,Port Harcourt
R00538,O00004,impression,1762817105,tablet,Port Harcourt
R00538,O00015,click,1754149580,tablet,Port Harcourt
R00538,O00055,impression,1742359467,tablet,Port Harcourt
R00538,O00085,redeem,1748871343,tablet,Port Harcourt
R00539,O00088,click,1760216779,tablet,Ibadan
R00539,O00059,impression,1736457318,tablet,Ibadan
R00539,O00099,impression,1745267643,tablet,Ibadan
R00539,O00006,impression,1739242366,tablet,Ibadan
R00539,O00088,impression,1744494470,tablet,Ibadan
R00540,O00019,redeem,1758635166,mobile,Enugu
R00540,O00072,impression,1749497745,mobile,Enugu
R00540,O00112,click,1737348261,mobile,Enugu
R00540,O00024,impression,1737603672,mobile,Enugu
R00540,O00013,click,1748877581,mobile,Enugu
R00540,O00013,impression,1763616064,mobile,Enugu
R00540,O00058,impression,1744857844,mobile,Enugu
R00540,O00059,click,1749414036,mobile,Enugu
R00540,O00024,impression,1760524223,mobile,Enugu
R00541,O00044,click,1739253525,web,Abuja
R00541,O00108,impression,1752767722,web,Abuja
R00541,O00044,click,1743978688,web,Abuja
R00541,O00047,click,1764933908,web,Abuja
R00541,O00016,redeem,1738731077,web,Abuja
R00541,O00083,click,1751333382,web,Abuja
R00541,O00044,impression,1765284152,web,Abuja
R00541,O00004,impression,1761548694,web,Abuja
R00541,O00016,impression,1766094929,web,Abuja
R00542,O00038,click,1739234204,tablet,Lagos
R00542,O00095,click,1744182521,tablet,Lagos
R00542,O00076,impression,1760017363,tablet,Lagos
R00542,O00033,impression,1758548489,tablet,Lagos
R00542,O00092,click,1752961818,tablet,Lagos
R00542,O00073,click,1755308037,tablet,Lagos
R00542,O00070,impression,1761006358,tablet,Lagos
R00542,O00042,impression,1751973941,tablet,Lagos
R00542,O00105,impression,1749614629,tablet,Lagos
R00542,O00115,click,1751845849,tablet,Lagos
R00543,O00070,impression,1743127729,tablet,Lagos
R00543,O00009,click,1738311454,tablet,Lagos
R00543,O00111,click,1739851901,tablet,Lagos
R00543,O00042,impression,1740117871,tablet,Lagos
R00543,O00004,impression,1765794965,tablet,Lagos
R00544,O00039,impression,1742085222,mobile,Enugu
R00544,O00094,impression,1745587516,mobile,Enugu
R00544,O00049,impression,1744685544,mobile,Enugu
R00544,O00007,redeem,1753727975,mobile,Enugu
R00544,O00109,redeem,1753693205,mobile,Enugu
R00544,O00103,click,1738025908,mobile,Enugu
R00544,O00034,impression,1745087904,mobile,Enugu
R00544,O00095,click,1749248696,mobile,Enugu
R00545,O00021,impression,1737704319,mobile,Port Harcourt
R00545,O00061,click,1764247617,mobile,Port Harcourt
R00545,O00098,click,1760724173,mobile,Port Harcourt
R00545,O00086,impression,1751068484,mobile,Port Harcourt
R00545,O00048,impression,1755289416,mobile,Port Harcourt
R00545,O00062,click,1743261382,mobile,Port Harcourt
R00545,O00109,impression,1762375872,mobile,Port Harcourt
R00545,O00083,click,1751171480,mobile,Port Harcourt
R00545,O00002,click,1737738541,mobile,Port Harcourt
R00545,O00016,redeem,1765380078,mobile,Port Harcourt
R00546,O00024,impression,1766873937,web,Ibadan
R00546,O00025,impression,1756475894,web,Ibadan
R00546,O00058,click,1766023665,web,Ibadan
R00546,O00013,impression,1759775193,web,Ibadan
R00546,O00025,impression,1745243838,web,Ibadan
R00546,O00115,click,1754582443,web,Ibadan
R00546,O00063,impression,1752029663,web,Ibadan
R00546,O00014,impression,1741272933,web,Ibadan
R00546,O00084,impression,1761419589,web,Ibadan
R00547,O00016,impression,1745579741,tablet,Abuja
R00547,O00075,impression,1751850353,tablet,Abuja
R00547,O00005,impression,1736077102,tablet,Abuja
R00547,O00108,impression,1738299393,tablet,Abuja
R00547,O00047,impression,1739445801,tablet,Abuja
R00547,O00061,click,1766162546,tablet,Abuja
R00547,O00021,impression,1760303997,tablet,Abuja
R00547,O00074,click,1750324560,tablet,Abuja
R00547,O00008,redeem,1748905383,tablet,Abuja
R00548,O00034,click,1765766257,mobile,Lagos
R00548,O00038,click,1740931926,mobile,Lagos
R00548,O00026,impression,1744442899,mobile,Lagos
R00548,O00105,click,1760852943,mobile,Lagos
R00548,O00104,impression,1746885365,mobile,Lagos
R00548,O00004,impression,1747261941,mobile,Lagos
R00549,O00016,impression,1736073818,mobile,Enugu
R00549,O00016,impression,1754457931,mobile,Enugu
R00549,O00094,impression,1744188445,mobile,Enugu
R00549,O00059,click,1740194045,mobile,Enugu
R00550,O00072,click,1736374398,web,Abuja
R00550,O00052,impression,1748684012,web,Abuja
R00550,O00084,click,1762937343,web,Abuja
R00550,O00084,click,1763822597,web,Abuja
R00550,O00024,click,1758355231,web,Abuja
R00550,O00014,click,1751496291,web,Abuja
R00550,O00063,impression,1744944910,web,Abuja
R00550,O00025,impression,1738141173,web,Abuja
R00550,O00014,click,1740937926,web,Abuja
R00550,O00112,click,1761436049,web,Abuja
R00551,O00087,impression,1766208401,mobile,Port Harcourt
R00551,O00071,redeem,1752834383,mobile,Port Harcourt
R00551,O00077,impression,1763072998,mobile,Port Harcourt
R00551,O00067,impression,1741258865,mobile,Port Harcourt
R00552,O00062,impression,1754032642,web,Enugu
R00552,O00079,impression,1737324853,web,Enugu
R00552,O00006,impression,1749558049,web,Enugu
R00552,O00046,impression,1754009026,web,Enugu
R00552,O00022,click,1764737800,web,Enugu
R00552,O00100,impression,1759665649,web,Enugu
R00552,O00034,redeem,1760708815,web,Enugu
R00552,O00022,impression,1757491358,web,Enugu
R00552,O00023,impression,1751169087,web,Enugu
R00553,O00030,impression,1744463430,mobile,Abuja
R00553,O00080,impression,1738650679,mobile,Abuja
R00553,O00011,click,1763721025,mobile,Abuja
R00553,O00022,click,1744784946,mobile,Abuja
R00553,O00111,impression,1747283695,mobile,Abuja
R00553,O00011,click,1759571158,mobile,Abuja
R00553,O00005,click,1753723133,mobile,Abuja
R00553,O00093,click,1746096710,mobile,Abuja
R00553,O00118,click,1740432768,mobile,Abuja
R00553,O00053,impression,1765174458,mobile,Abuja
R00554,O00116,impression,1764991425,web,Port Harcourt
R00554,O00114,click,1760290269,web,Port Harcourt
R00554,O00014,click,1747871264,web,Port Harcourt
R00554,O00049,impression,1738782758,web,Port Harcourt
R00554,O00088,impression,1738978861,web,Port Harcourt
R00554,O00089,redeem,1759450970,web,Port Harcourt
R00554,O00106,click,1764691318,web,Port Harcourt
R00555,O00045,redeem,1760149799,tablet,Port Harcourt
R00555,O00056,click,1747941092,tablet,Port Harcourt
R00555,O00049,impression,1754019096,tablet,Port Harcourt
R00555,O00110,click,1743897035,tablet,Port Harcourt
R00555,O00045,click,1756165530,tablet,Port Harcourt
R00555,O00110,impression,1766500171,tablet,Port Harcourt
R00556,O00036,click,1747137759,mobile,Enugu
R00556,O00095,impression,1748741423,mobile,Enugu
R00556,O00022,click,1738661752,mobile,Enugu
R00556,O00036,click,1757756429,mobile,Enugu
R00556,O00007,click,1752939245,mobile,Enugu
R00556,O00029,impression,1739385329,mobile,Enugu
R00557,O00063,impression,1745389075,tablet,Lagos
R00557,O00014,impression,1749944424,tablet,Lagos
R00557,O00024,click,1741549600,tablet,Lagos
R00557,O00024,impression,1743773380,tablet,Lagos
R00557,O00099,impression,1763039431,tablet,Lagos
R00557,O00008,impression,1743776006,tablet,Lagos
R00558,O00083,impression,1761926993,tablet,Lagos
R00558,O00008,click,1748171908,tablet,Lagos
R00558,O00054,impression,1751687826,tablet,Lagos
R00558,O00047,impression,1756058128,tablet,Lagos
R00558,O00074,impression,1738207407,tablet,Lagos
R00558,O00116,click,1751378411,tablet,Lagos
R00558,O00082,impression,1740920187,tablet,Lagos
R00558,O00030,impression,1759449360,tablet,Lagos
R00558,O00028,click,1750720112,tablet,Lagos
R00558,O00057,click,1766527150,tablet,Lagos
R00559,O00056,impression,1750435211,tablet,Ibadan
R00559,O00075,impression,1765182939,tablet,Ibadan
R00559,O00054,impression,1758656809,tablet,Ibadan
R00559,O00081,impression,1759802765,tablet,Ibadan
R00560,O00041,click,1741219275,tablet,Port Harcourt
R00560,O00050,click,1744486520,tablet,Port Harcourt
R00560,O00052,impression,1740850208,tablet,Port Harcourt
R00560,O00043,click,1738466319,tablet,Port Harcourt
R00560,O00004,click,1737299055,tablet,Port Harcourt
R00561,O00092,click,1753025720,mobile,Enugu
R00561,O00111,impression,1757026809,mobile,Enugu
R00561,O00041,click,1757411956,mobile,Enugu
R00561,O00033,redeem,1745893200,mobile,Enugu
R00561,O00086,click,1742944450,mobile,Enugu
R00561,O00111,impression,1746897583,mobile,Enugu
R00561,O00034,impression,1763503346,mobile,Enugu
R00561,O00052,click,1744767037,mobile,Enugu
R00561,O00033,click,1741344142,mobile,Enugu
R00561,O00086,click,1745911485,mobile,Enugu
R00562,O00006,click,1764086207,tablet,Ibadan
R00562,O00110,click,1747709221,tablet,Ibadan
R00562,O00051,click,1740287447,tablet,Ibadan
R00562,O00001,impression,1737774423,tablet,Ibadan
R00562,O00110,click,1747175174,tablet,Ibadan
R00563,O00006,click,1744843450,tablet,Ibadan
R00563,O00120,impression,1756439643,tablet,Ibadan
R00563,O00001,redeem,1740453756,tablet,Ibadan
R00563,O00065,redeem,1743610889,tablet,Ibadan
R00563,O00021,click,1744593680,tablet,Ibadan
R00563,O00067,click,1758513553,tablet,Ibadan
R00563,O00053,click,1766068785,tablet,Ibadan
R00563,O00100,impression,1745688852,tablet,Ibadan
R00563,O00100,impression,1757770707,tablet,Ibadan
R00563,O00067,click,1742607695,tablet,Ibadan
R00564,O00038,click,1740926975,web,Abuja
R00564,O00012,redeem,1736359429,web,Abuja
R00564,O00073,impression,1737800375,web,Abuja
R00564,O00066,redeem,1738971592,web,Abuja
R00564,O00066,impression,1751825318,web,Abuja
R00564,O00104,impression,1762099305,web,Abuja
R00564,O00104,impression,1740175156,web,Abuja
R00564,O00073,click,1744601388,web,Abuja
R00564,O00070,click,1744584652,web,Abuja
R00565,O00062,click,1763476987,web,Abuja
R00565,O00115,impression,1742840524,web,Abuja
R00565,O00046,impression,1758991689,web,Abuja
R00565,O00022,impression,1739540211,web,Abuja
R00565,O00046,click,1760115420,web,Abuja
R00565,O00115,impression,1759534524,web,Abuja
R00565,O00101,click,1755556818,web,Abuja
R00565,O00028,click,1743908568,web,Abuja
R00566,O00041,impression,1745079141,web,Port Harcourt
R00566,O00018,impression,1739133129,web,Port Harcourt
R00566,O00086,impression,1760422152,web,Port Harcourt
R00566,O00042,impression,1762513744,web,Port Harcourt
R00567,O00007,impression,1755803671,web,Lagos
R00567,O00021,click,1735920678,web,Lagos
R00567,O00030,click,1757822419,web,Lagos
R00567,O00025,click,1739967049,web,Lagos
R00567,O00048,click,1760041178,web,Lagos
R00567,O00010,impression,1748078363,web,Lagos
R00567,O00074,redeem,1737350379,web,Lagos
R00568,O00035,click,1747337077,mobile,Ibadan
R00568,O00032,impression,1760080730,mobile,Ibadan
R00568,O00055,redeem,1763521402,mobile,Ibadan
R00568,O00035,redeem,1746162406,mobile,Ibadan
R00568,O00031,impression,1738844491,mobile,Ibadan
R00568,O00068,impression,1747745355,mobile,Ibadan
R00568,O00068,impression,1753274134,mobile,Ibadan
R00568,O00040,click,1749108299,mobile,Ibadan
R00568,O00037,click,1759718591,mobile,Ibadan
R00568,O00057,impression,1747647975,mobile,Ibadan
R00569,O00009,impression,1746731959,tablet,Port Harcourt
R00569,O00086,click,1747515395,tablet,Port Harcourt
R00569,O00043,impression,1758685238,tablet,Port Harcourt
R00569,O00009,impression,1748403177,tablet,Port Harcourt
R00569,O00073,impression,1749497466,tablet,Port Harcourt
R00569,O00024,impression,1751419376,tablet,Port Harcourt
R00569,O00043,impression,1758375155,tablet,Port Harcourt
R00569,O00111,impression,1753076010,tablet,Port Harcourt
R00569,O00038,click,1744872790,tablet,Port Harcourt
R00570,O00023,impression,1763989270,web,Enugu
R00570,O00053,impression,1742485295,web,Enugu
R00570,O00118,redeem,1755439179,web,Enugu
R00570,O00050,click,1766329255,web,Enugu
R00571,O00043,click,1756044196,mobile,Ibadan
R00571,O00086,impression,1762183969,mobile,Ibadan
R00571,O00076,redeem,1743857319,mobile,Ibadan
R00571,O00041,click,1743268812,mobile,Ibadan
R00571,O00111,impression,1756113866,mobile,Ibadan
R00571,O00033,impression,1766058748,mobile,Ibadan
R00571,O00043,impression,1741221583,mobile,Ibadan
R00571,O00033,click,1760705457,mobile,Ibadan
R00572,O00099,click,1763870139,web,Abuja
R00572,O00072,impression,1746358976,web,Abuja
R00572,O00009,impression,1761899413,web,Abuja
R00572,O00117,click,1763809670,web,Abuja
R00572,O00014,click,1749409964,web,Abuja
R00572,O00007,click,1739600994,web,Abuja
R00572,O00066,impression,1759585924,web,Abuja
R00572,O00084,click,1738605969,web,Abuja
R00573,O00091,click,1746412263,mobile,Enugu
R00573,O00087,impression,1744870605,mobile,Enugu
R00573,O00019,impression,1743988331,mobile,Enugu
R00573,O00023,impression,1751841941,mobile,Enugu
R00573,O00022,redeem,1741552005,mobile,Enugu
R00573,O00091,impression,1741386900,mobile,Enugu
R00573,O00079,impression,1739615375,mobile,Enugu
R00573,O00091,impression,1765413931,mobile,Enugu
R00573,O00011,impression,1761728312,mobile,Enugu
R00574,O00062,impression,1764147369,web,Enugu
R00574,O00053,impression,1759855631,web,Enugu
R00574,O00029,impression,1758525675,web,Enugu
R00574,O00049,redeem,1757569818,web,Enugu
R00574,O00081,impression,1756570479,web,Enugu
R00575,O00068,click,1757804280,web,Abuja
R00575,O00103,click,1748478522,web,Abuja
R00575,O00070,click,1749225362,web,Abuja
R00575,O00054,impression,1736659642,web,Abuja
R00575,O00009,click,1764702546,web,Abuja
R00575,O00007,impression,1758882122,web,Abuja
R00576,O00109,impression,1754528695,web,Lagos
R00576,O00021,click,1751204987,web,Lagos
R00576,O00030,click,1741210346,web,Lagos
R00576,O00012,impression,1757433762,web,Lagos
R00577,O00063,click,1739331673,web,Enugu
R00577,O00083,click,1752937745,web,Enugu
R00577,O00056,impression,1740201153,web,Enugu
R00577,O00016,impression,1747786564,web,Enugu
R00577,O00101,click,1750615437,web,Enugu
R00577,O00017,impression,1744864499,web,Enugu
R00577,O00057,impression,1762717025,web,Enugu
R00577,O00061,impression,1747359537,web,Enugu
R00577,O00043,click,1741678665,web,Enugu
R00577,O00109,click,1755346608,web,Enugu
R00578,O00047,impression,1765937378,tablet,Port Harcourt
R00578,O00047,impression,1749214757,tablet,Port Harcourt
R00578,O00044,click,1743488537,tablet,Port Harcourt
R00578,O00079,impression,1747339342,tablet,Port Harcourt
R00578,O00098,impression,1764472405,tablet,Port Harcourt
R00578,O00016,click,1749706852,tablet,Port Harcourt
R00578,O00118,click,1757079658,tablet,Port Harcourt
R00578,O00108,impression,1745248873,tablet,Port Harcourt
R00579,O00086,impression,1756042459,tablet,Enugu
R00579,O00038,click,1739456984,tablet,Enugu
R00579,O00050,impression,1756617086,tablet,Enugu
R00579,O00073,impression,1765336200,tablet,Enugu
R00579,O00086,impression,1735961796,tablet,Enugu
R00579,O00043,click,1753906178,tablet,Enugu
R00579,O00041,impression,1754396388,tablet,Enugu
R00579,O00076,impression,1748524975,tablet,Enugu
R00579,O00041,redeem,1745341813,tablet,Enugu
R00580,O00042,impression,1766011599,web,Port Harcourt
R00580,O00104,impression,1765033694,web,Port Harcourt
R00580,O00104,impression,1752559714,web,Port Harcourt
R00580,O00009,click,1743995143,web,Port Harcourt
R00580,O00104,click,1736739060,web,Port Harcourt
R00580,O00104,click,1766333654,web,Port Harcourt
R00581,O00013,impression,1750794470,tablet,Port Harcourt
R00581,O00059,impression,1745141493,tablet,Port Harcourt
R00581,O00084,click,1763835858,tablet,Port Harcourt
R00581,O00066,impression,1755642044,tablet,Port Harcourt
R00581,O00112,impression,1750439936,tablet,Port Harcourt
R00582,O00066,impression,1743731770,web,Port Harcourt
R00582,O00066,click,1737021654,web,Port Harcourt
R00582,O00072,impression,1760610629,web,Port Harcourt
R00582,O00013,redeem,1753886826,web,Port Harcourt
R00582,O00114,impression,1753936635,web,Port Harcourt
R00582,O00084,impression,1739579315,web,Port Harcourt
R00583,O00040,impression,1755475930,mobile,Ibadan
R00583,O00037,click,1738293479,mobile,Ibadan
R00583,O00060,impression,1752088066,mobile,Ibadan
R00583,O00031,click,1748793530,mobile,Ibadan
R00583,O00027,click,1750822590,mobile,Ibadan
R00583,O00031,click,1759099825,mobile,Ibadan
R00583,O00040,redeem,1762205635,mobile,Ibadan
R00583,O00040,impression,1741760857,mobile,Ibadan
R00583,O00004,impression,1740582629,mobile,Ibadan
R00584,O00036,redeem,1745986772,tablet,Enugu
R00584,O00116,redeem,1752091981,tablet,Enugu
R00584,O00018,impression,1760686623,tablet,Enugu
R00584,O00036,click,1761479805,tablet,Enugu
R00584,O00078,impression,1755893129,tablet,Enugu
R00584,O00024,click,1764027054,tablet,Enugu
R00584,O00060,impression,1736410403,tablet,Enugu
R00584,O00055,impression,1760215190,tablet,Enugu
R00585,O00091,impression,1746443466,web,Port Harcourt
R00585,O00062,click,1749808479,web,Port Harcourt
R00585,O00022,impression,1763710162,web,Port Harcourt
R00585,O00115,redeem,1760781010,web,Port Harcourt
R00585,O00022,click,1748276527,web,Port Harcourt
R00586,O00111,click,1742637118,mobile,Port Harcourt
R00586,O00086,impression,1736673507,mobile,Port Harcourt
R00586,O00041,click,1742682212,mobile,Port Harcourt
R00586,O00031,click,1757351454,mobile,Port Harcourt
R00586,O00026,impression,1754138213,mobile,Port Harcourt
R00586,O00014,click,1751415291,mobile,Port Harcourt
R00586,O00073,click,1749253689,mobile,Port Harcourt
R00587,O00094,click,1763686002,tablet,Lagos
R00587,O00080,redeem,1760585466,tablet,Lagos
R00587,O00028,click,1744752019,tablet,Lagos
R00587,O00030,click,1744461457,tablet,Lagos
R00587,O00082,impression,1752555389,tablet,Lagos
R00587,O00005,redeem,1749131965,tablet,Lagos
R00588,O00073,impression,1759869007,web,Port Harcourt
R00588,O00060,impression,1762483952,web,Port Harcourt
R00588,O00003,impression,1743611523,web,Port Harcourt
R00588,O00032,click,1760634678,web,Port Harcourt
R00588,O00060,impression,1765919367,web,Port Harcourt
R00588,O00040,impression,1738785235,web,Port Harcourt
R00588,O00055,click,1744349993,web,Port Harcourt
R00588,O00037,impression,1740616756,web,Port Harcourt
R00589,O00100,click,1740933530,tablet,Abuja
R00589,O00118,click,1752286272,tablet,Abuja
R00589,O00100,redeem,1744020447,tablet,Abuja
R00589,O00065,impression,1763041705,tablet,Abuja
R00589,O00067,click,1752595603,tablet,Abuja
R00589,O00087,impression,1761449138,tablet,Abuja
R00590,O00079,click,1765956092,tablet,Enugu
R00590,O00087,impression,1757309211,tablet,Enugu
R00590,O00100,impression,1742439654,tablet,Enugu
R00590,O00091,impression,1743240525,tablet,Enugu
R00590,O00043,click,1736193584,tablet,Enugu
R00590,O00056,impression,1758719676,tablet,Enugu
R00590,O00087,impression,1761443781,tablet,Enugu
R00590,O00079,redeem,1741304017,tablet,Enugu
R00591,O00089,click,1752157886,mobile,Enugu
R00591,O00028,click,1747886267,mobile,Enugu
R00591,O00048,click,1741112104,mobile,Enugu
R00591,O00010,click,1766203379,mobile,Enugu
R00591,O00005,redeem,1746645173,mobile,Enugu
R00591,O00028,click,1739795398,mobile,Enugu
R00592,O00053,click,1742656501,web,Port Harcourt
R00592,O00011,impression,1741741838,web,Port Harcourt
R00592,O00011,impression,1748132469,web,Port Harcourt
R00592,O00022,click,1766079768,web,Port Harcourt
R00592,O00096,click,1751503852,web,Port Harcourt
R00592,O00115,impression,1764127682,web,Port Harcourt
R00593,O00061,redeem,1754826905,web,Abuja
R00593,O00094,click,1740574230,web,Abuja
R00593,O00108,click,1755429467,web,Abuja
R00593,O00044,click,1764931029,web,Abuja
R00593,O00067,impression,1764460061,web,Abuja
R00593,O00016,click,1752252358,web,Abuja
R00593,O00089,click,1747113518,web,Abuja
R00593,O00112,impression,1748520095,web,Abuja
R00593,O00091,impression,1742265357,web,Abuja
R00594,O00067,click,1747086743,tablet,Lagos
R00594,O00024,click,1760538370,tablet,Lagos
R00594,O00114,impression,1739880199,tablet,Lagos
R00594,O00063,impression,1761388759,tablet,Lagos
R00594,O00097,impression,1737938411,tablet,Lagos
R00595,O00097,click,1758181891,tablet,Enugu
R00595,O00036,impression,1740750500,tablet,Enugu
R00595,O00081,click,1741762127,tablet,Enugu
R00595,O00080,impression,1742439319,tablet,Enugu
R00595,O00103,impression,1741953847,tablet,Enugu
R00595,O00110,impression,1764923807,tablet,Enugu
R00595,O00020,impression,1763591379,tablet,Enugu
R00596,O00076,click,1755436652,mobile,Enugu
R00596,O00004,click,1751998076,mobile,Enugu
R00596,O00073,impression,1764979292,mobile,Enugu
R00596,O00033,redeem,1763415445,mobile,Enugu
R00596,O00052,impression,1763823230,mobile,Enugu
R00596,O00117,impression,1745921559,mobile,Enugu
R00596,O00025,click,1736082793,mobile,Enugu
R00597,O00019,impression,1737105275,mobile,Port Harcourt
R00597,O00023,impression,1738034541,mobile,Port Harcourt
R00597,O00077,click,1747978754,mobile,Port Harcourt
R00597,O00001,impression,1735946711,mobile,Port Harcourt
R00597,O00062,impression,1754168284,mobile,Port Harcourt
R00597,O00104,click,1753672613,mobile,Port Harcourt
R00598,O00114,impression,1743902642,tablet,Port Harcourt
R00598,O00080,click,1739488717,tablet,Port Harcourt
R00598,O00093,impression,1747415615,tablet,Port Harcourt
R00598,O00110,impression,1735916707,tablet,Port Harcourt
R00598,O00075,click,1738584742,tablet,Port Harcourt
R00598,O00020,click,1739629039,tablet,Port Harcourt
R00599,O00106,impression,1751048176,mobile,Lagos
R00599,O00100,click,1748329810,mobile,Lagos
R00599,O00040,impression,1764022800,mobile,Lagos
R00599,O00102,click,1745272622,mobile,Lagos
R00599,O00107,impression,1744003239,mobile,Lagos
R00599,O00099,impression,1743470381,mobile,Lagos
R00599,O00014,click,1749952191,mobile,Lagos
R00599,O00108,click,1740341065,mobile,Lagos
R00600,O00027,impression,1737412765,tablet,Enugu
R00600,O00018,impression,1751157807,tablet,Enugu
R00600,O00031,impression,1758690925,tablet,Enugu
R00600,O00037,click,1750472805,tablet,Enugu
R00600,O00017,impression,1754261099,tablet,Enugu
R00600,O00037,impression,1756543104,tablet,Enugu
R00601,O00004,impression,1760615668,tablet,Abuja
R00601,O00026,impression,1750131937,tablet,Abuja
R00601,O00073,impression,1761133625,tablet,Abuja
R00601,O00042,click,1755112214,tablet,Abuja
R00601,O00060,impression,1762896359,tablet,Abuja
R00601,O00086,click,1766199931,tablet,Abuja
R00601,O00105,click,1750527448,tablet,Abuja
R00601,O00076,impression,1748539186,tablet,Abuja
R00602,O00114,click,1760484668,mobile,Lagos
R00602,O00014,impression,1759661646,mobile,Lagos
R00602,O00086,click,1747263134,mobile,Lagos
R00602,O00088,impression,1761782173,mobile,Lagos
R00602,O00112,click,1746526796,mobile,Lagos
R00602,O00025,redeem,1759158992,mobile,Lagos
R00602,O00063,impression,1741851492,mobile,Lagos
R00603,O00056,impression,1762864943,web,Ibadan
R00603,O00110,click,1749773960,web,Ibadan
R00603,O00103,impression,1744054589,web,Ibadan
R00603,O00115,impression,1757405164,web,Ibadan
R00603,O00110,click,1765743602,web,Ibadan
R00603,O00054,redeem,1740039090,web,Ibadan
R00604,O00007,click,1756954835,mobile,Abuja
R00604,O00029,click,1757653237,mobile,Abuja
R00604,O00095,impression,1738787322,mobile,Abuja
R00604,O00067,click,1742757359,mobile,Abuja
R00605,O00103,impression,1753168631,mobile,Port Harcourt
R00605,O00007,impression,1756606312,mobile,Port Harcourt
R00605,O00020,impression,1742146456,mobile,Port Harcourt
R00605,O00042,impression,1764360001,mobile,Port Harcourt
R00605,O00045,click,1760133056,mobile,Port Harcourt
R00606,O00015,impression,1740820080,tablet,Abuja
R00606,O00055,impression,1756369469,tablet,Abuja
R00606,O00107,impression,1761952959,tablet,Abuja
R00606,O00003,impression,1766544209,tablet,Abuja
R00606,O00060,redeem,1763357664,tablet,Abuja
R00606,O00003,click,1741442523,tablet,Abuja
R00606,O00095,redeem,1757176703,tablet,Abuja
R00607,O00035,redeem,1751572574,mobile,Ibadan
R00607,O00119,impression,1753649465,mobile,Ibadan
R00607,O00119,impression,1749196327,mobile,Ibadan
R00607,O00037,impression,1736212763,mobile,Ibadan
R00608,O00036,impression,1748711303,mobile,Lagos
R00608,O00036,impression,1758554307,mobile,Lagos
R00608,O00029,click,1766929583,mobile,Lagos
R00608,O00080,redeem,1752583111,mobile,Lagos
R00608,O00049,redeem,1760225776,mobile,Lagos
R00608,O00029,click,1738141038,mobile,Lagos
R00609,O00093,click,1754391341,tablet,Lagos
R00609,O00103,redeem,1760032299,tablet,Lagos
R00609,O00051,click,1736863697,tablet,Lagos
R00609,O00097,impression,1762134234,tablet,Lagos
R00609,O00110,impression,1743486086,tablet,Lagos
R00609,O00081,impression,1736680292,tablet,Lagos
R00609,O00029,redeem,1741056140,tablet,Lagos
R00610,O00055,impression,1752976686,web,Port Harcourt
R00610,O00064,impression,1753905328,web,Port Harcourt
R00610,O00018,click,1737744788,web,Port Harcourt
R00610,O00064,impression,1747603434,web,Port Harcourt
R00611,O00096,click,1746627825,web,Port Harcourt
R00611,O00071,redeem,1743682485,web,Port Harcourt
R00611,O00062,click,1765023967,web,Port Harcourt
R00611,O00019,click,1748806949,web,Port Harcourt
R00611,O00062,impression,1759414429,web,Port Harcourt
R00611,O00094,redeem,1760839219,web,Port Harcourt
R00611,O00001,impression,1749843112,web,Port Harcourt
R00612,O00073,redeem,1757636658,tablet,Lagos
R00612,O00107,click,1737354523,tablet,Lagos
R00612,O00054,redeem,1761070759,tablet,Lagos
R00612,O00009,impression,1747730257,tablet,Lagos
R00612,O00070,impression,1739346424,tablet,Lagos
R00613,O00052,click,1754723707,mobile,Ibadan
R00613,O00104,impression,1761268988,mobile,Ibadan
R00613,O00070,redeem,1754828685,mobile,Ibadan
R00613,O00073,impression,1749289594,mobile,Ibadan
R00614,O00056,click,1741456514,mobile,Abuja
R00614,O00101,impression,1749781045,mobile,Abuja
R00614,O00075,click,1742721015,mobile,Abuja
R00614,O00075,impression,1743001815,mobile,Abuja
R00615,O00026,impression,1765197836,tablet,Ibadan
R00615,O00076,impression,1738647077,tablet,Ibadan
R00615,O00048,impression,1754006425,tablet,Ibadan
R00615,O00004,impression,1742434776,tablet,Ibadan
R00615,O00004,click,1763062058,tablet,Ibadan
R00615,O00004,impression,1742600409,tablet,Ibadan
R00615,O00035,redeem,1738060332,tablet,Ibadan
R00615,O00037,impression,1741708287,tablet,Ibadan
R00615,O00038,impression,1762947263,tablet,Ibadan
R00616,O00052,impression,1748705243,tablet,Port Harcourt
R00616,O00084,click,1747305531,tablet,Port Harcourt
R00616,O00055,redeem,1748081876,tablet,Port Harcourt
R00616,O00004,redeem,1754093957,tablet,Port Harcourt
R00616,O00104,redeem,1739339239,tablet,Port Harcourt
R00616,O00043,redeem,1747924256,tablet,Port Harcourt
R00617,O00068,impression,1738170490,web,Abuja
R00617,O00091,impression,1753506205,web,Abuja
R00617,O00119,impression,1752454698,web,Abuja
R00617,O00031,impression,1760505191,web,Abuja
R00617,O00119,redeem,1766100013,web,Abuja
R00617,O00018,click,1748759998,web,Abuja
R00617,O00017,impression,1764367275,web,Abuja
R00617,O00055,impression,1740113457,web,Abuja
R00617,O00113,impression,1748144262,web,Abuja
R00618,O00094,impression,1739684721,mobile,Port Harcourt
R00618,O00103,impression,1753330622,mobile,Port Harcourt
R00618,O00120,click,1739811276,mobile,Port Harcourt
R00618,O00079,impression,1759344558,mobile,Port Harcourt
R00618,O00103,impression,1755955345,mobile,Port Harcourt
R00619,O00018,click,1759587833,web,Abuja
R00619,O00113,click,1753958532,web,Abuja
R00619,O00078,redeem,1757301009,web,Abuja
R00619,O00107,click,1756222093,web,Abuja
R00619,O00041,redeem,1750004376,web,Abuja
R00619,O00003,click,1762366703,web,Abuja
R00619,O00040,impression,1743307174,web,Abuja
R00619,O00017,impression,1745159895,web,Abuja
R00620,O00114,impression,1749212271,web,Abuja
R00620,O00112,impression,1749096357,web,Abuja
R00620,O00102,click,1759799191,web,Abuja
R00620,O00066,impression,1764486818,web,Abuja
R00620,O00106,impression,1746204115,web,Abuja
R00620,O00091,impression,1763351485,web,Abuja
R00620,O00092,click,1740882630,web,Abuja
R00620,O00014,impression,1765681330,web,Abuja
R00621,O00060,impression,1751068163,tablet,Ibadan
R00621,O00015,click,1742451222,tablet,Ibadan
R00621,O00017,impression,1744415091,tablet,Ibadan
R00621,O00116,impression,1745805058,tablet,Ibadan
R00621,O00059,click,1743528623,tablet,Ibadan
R00622,O00088,click,1738865991,mobile,Abuja
R00622,O00014,click,1760003645,mobile,Abuja
R00622,O00066,click,1760064655,mobile,Abuja
R00622,O00117,click,1762343797,mobile,Abuja
R00622,O00024,redeem,1744484089,mobile,Abuja
R00623,O00021,impression,1736390979,web,Port Harcourt
R00623,O00113,impression,1739747836,web,Port Harcourt
R00623,O00057,click,1753201617,web,Port Harcourt
R00623,O00089,impression,1735860884,web,Port Harcourt
R00623,O00077,click,1751720784,web,Port Harcourt
R00623,O00116,impression,1745412739,web,Port Harcourt
R00624,O00108,impression,1762602981,web,Enugu
R00624,O00091,click,1745273176,web,Enugu
R00624,O00072,click,1745099209,web,Enugu
R00624,O00098,impression,1748543888,web,Enugu
R00624,O00068,impression,1744053837,web,Enugu
R00625,O00068,impression,1754216437,mobile,Lagos
R00625,O00035,impression,1737547768,mobile,Lagos
R00625,O00085,impression,1764388931,mobile,Lagos
R00625,O00106,click,1756132013,mobile,Lagos
R00625,O00027,click,1743208006,mobile,Lagos
R00626,O00101,click,1746177320,mobile,Abuja
R00626,O00027,click,1756032438,mobile,Abuja
R00626,O00037,impression,1764941336,mobile,Abuja
R00626,O00113,impression,1738857912,mobile,Abuja
R00626,O00003,impression,1757932429,mobile,Abuja
R00626,O00104,impression,1762004780,mobile,Abuja
R00627,O00010,click,1737163293,mobile,Port Harcourt
R00627,O00069,impression,1761777189,mobile,Port Harcourt
R00627,O00030,click,1735891654,mobile,Port Harcourt
R00627,O00057,click,1744106720,mobile,Port Harcourt
R00627,O00021,impression,1751642250,mobile,Port Harcourt
R00628,O00036,click,1753766893,mobile,Lagos
R00628,O00063,impression,1738958264,mobile,Lagos
R00628,O00038,impression,1744990303,mobile,Lagos
R00628,O00029,impression,1750813482,mobile,Lagos
R00628,O00103,impression,1766642399,mobile,Lagos
R00628,O00007,impression,1736285863,mobile,Lagos
R00628,O00045,click,1762840514,mobile,Lagos
R00628,O00101,click,1763352601,mobile,Lagos
R00628,O00120,click,1742673606,mobile,Lagos
R00629,O00010,click,1761698578,tablet,Lagos
R00629,O00111,impression,1764682128,tablet,Lagos
R00629,O00061,impression,1737244434,tablet,Lagos
R00629,O00083,impression,1754930233,tablet,Lagos
R00629,O00005,impression,1758079418,tablet,Lagos
R00629,O00047,redeem,1761803202,tablet,Lagos
R00630,O00031,impression,1758810641,tablet,Lagos
R00630,O00076,click,1760586336,tablet,Lagos
R00630,O00116,impression,1758060134,tablet,Lagos
R00630,O00055,impression,1757665713,tablet,Lagos
R00630,O00107,click,1761941565,tablet,Lagos
R00630,O00027,impression,1764221879,tablet,Lagos
R00630,O00003,redeem,1748539151,tablet,Lagos
R00630,O00064,click,1738062820,tablet,Lagos
R00630,O00015,impression,1763945544,tablet,Lagos
R00631,O00014,click,1764428912,web,Abuja
R00631,O00004,impression,1737767774,web,Abuja
R00631,O00043,click,1763068546,web,Abuja
R00631,O00118,click,1746086718,web,Abuja
R00631,O00086,impression,1752146237,web,Abuja
R00631,O00092,click,1738315049,web,Abuja
R00631,O00034,impression,1749469060,web,Abuja
R00631,O00104,click,1747832430,web,Abuja
R00632,O00039,impression,1743217912,web,Lagos
R00632,O00115,impression,1737062710,web,Lagos
R00632,O00103,impression,1740923215,web,Lagos
R00632,O00039,impression,1744126336,web,Lagos
R00632,O00054,click,1744348503,web,Lagos
R00632,O00064,click,1739913271,web,Lagos
R00633,O00032,impression,1765758226,mobile,Ibadan
R00633,O00091,impression,1755134220,mobile,Ibadan
R00633,O00096,impression,1739822069,mobile,Ibadan
R00633,O00071,click,1746503581,mobile,Ibadan
R00633,O00060,click,1764842823,mobile,Ibadan
R00633,O00062,impression,1748008081,mobile,Ibadan
R00633,O00053,click,1764814786,mobile,Ibadan
R00634,O00102,impression,1740665333,mobile,Enugu
R00634,O00087,impression,1755068279,mobile,Enugu
R00634,O00006,click,1757696207,mobile,Enugu
R00634,O00120,impression,1762949303,mobile,Enugu
R00635,O00092,impression,1759861937,web,Ibadan
R00635,O00101,impression,1750290872,web,Ibadan
R00635,O00070,click,1764926734,web,Ibadan
R00635,O00104,impression,1739317779,web,Ibadan
R00635,O00033,impression,1753653649,web,Ibadan
R00635,O00043,impression,1758204866,web,Ibadan
R00635,O00026,impression,1752485697,web,Ibadan
R00636,O00060,click,1740879873,tablet,Enugu
R00636,O00040,click,1740402219,tablet,Enugu
R00636,O00068,click,1765972976,tablet,Enugu
R00636,O00064,impression,1746802916,tablet,Enugu
R00636,O00017,impression,1760188391,tablet,Enugu
R00637,O00044,click,1747364001,tablet,Port Harcourt
R00637,O00009,impression,1757474050,tablet,Port Harcourt
R00637,O00042,impression,1755532878,tablet,Port Harcourt
R00637,O00045,impression,1753837252,tablet,Port Harcourt
R00637,O00111,redeem,1760569806,tablet,Port Harcourt
R00638,O00076,impression,1735955328,tablet,Port Harcourt
R00638,O00100,impression,1765139419,tablet,Port Harcourt
R00638,O00115,impression,1757678712,tablet,Port Harcourt
R00638,O00062,impression,1766586495,tablet,Port Harcourt
R00639,O00061,impression,1746990950,mobile,Ibadan
R00639,O00014,click,1757698866,mobile,Ibadan
R00639,O00025,impression,1759803002,mobile,Ibadan
R00639,O00066,click,1742365498,mobile,Ibadan
R00639,O00063,redeem,1754804135,mobile,Ibadan
R00639,O00066,click,1749189942,mobile,Ibadan
R00639,O00058,redeem,1748348334,mobile,Ibadan
R00639,O00014,click,1753672729,mobile,Ibadan
R00639,O00120,impression,1746124385,mobile,Ibadan
R00640,O00061,click,1759004329,mobile,Port Harcourt
R00640,O00071,impression,1751275546,mobile,Port Harcourt
R00640,O00082,impression,1754253890,mobile,Port Harcourt
R00640,O00108,click,1743772073,mobile,Port Harcourt
R00640,O00027,redeem,1748988150,mobile,Port Harcourt
R00640,O00108,redeem,1762069585,mobile,Port Harcourt
R00640,O00109,impression,1757124590,mobile,Port Harcourt
R00640,O00090,impression,1758096488,mobile,Port Harcourt
R00641,O00079,impression,1737255836,web,Port Harcourt
R00641,O00100,click,1765201281,web,Port Harcourt
R00641,O00046,click,1760619778,web,Port Harcourt
R00641,O00087,click,1758368407,web,Port Harcourt
R00641,O00067,redeem,1755038382,web,Port Harcourt
R00641,O00022,click,1749020316,web,Port Harcourt
R00641,O00072,redeem,1743145857,web,Port Harcourt
R00641,O00037,click,1740134604,web,Port Harcourt
R00641,O00091,impression,1753005911,web,Port Harcourt
R00642,O00052,redeem,1746179200,tablet,Lagos
R00642,O00027,click,1761897186,tablet,Lagos
R00642,O00040,impression,1764699522,tablet,Lagos
R00642,O00003,redeem,1737599603,tablet,Lagos
R00642,O00032,click,1761795962,tablet,Lagos
R00642,O00040,click,1750555913,tablet,Lagos
R00642,O00003,impression,1746684598,tablet,Lagos
R00642,O00023,impression,1742206276,tablet,Lagos
R00643,O00079,impression,1743136439,web,Enugu
R00643,O00096,impression,1764513671,web,Enugu
R00643,O00006,redeem,1744245059,web,Enugu
R00643,O00024,impression,1736874266,web,Enugu
R00643,O00115,impression,1754100191,web,Enugu
R00643,O00065,impression,1752547912,web,Enugu
R00644,O00032,impression,1763302991,web,Abuja
R00644,O00076,impression,1754757426,web,Abuja
R00644,O00052,impression,1743684756,web,Abuja
R00644,O00076,impression,1738212659,web,Abuja
R00644,O00041,impression,1742677249,web,Abuja
R00644,O00104,redeem,1738366979,web,Abuja
R00644,O00034,impression,1758332446,web,Abuja
R00644,O00092,impression,1740334961,web,Abuja
R00644,O00033,impression,1751354208,web,Abuja
R00645,O00114,click,1763252715,mobile,Enugu
R00645,O00014,click,1754298151,mobile,Enugu
R00645,O00088,redeem,1762809856,mobile,Enugu
R00645,O00065,impression,1747452760,mobile,Enugu
R00645,O00088,click,1763254507,mobile,Enugu
R00645,O00066,impression,1747724797,mobile,Enugu
R00645,O00106,impression,1745076693,mobile,Enugu
R00645,O00117,click,1737439257,mobile,Enugu
R00646,O00087,impression,1759190896,mobile,Enugu
R00646,O00051,click,1756779927,mobile,Enugu
R00646,O00019,click,1762659413,mobile,Enugu
R00646,O00053,impression,1746827095,mobile,Enugu
R00646,O00022,impression,1746933302,mobile,Enugu
R00646,O00046,impression,1748918269,mobile,Enugu
R00646,O00089,impression,1765534603,mobile,Enugu
R00647,O00023,impression,1757341662,web,Ibadan
R00647,O00083,click,1762434429,web,Ibadan
R00647,O00016,impression,1741659058,web,Ibadan
R00647,O00069,impression,1760681940,web,Ibadan
R00647,O00083,click,1759115537,web,Ibadan
R00648,O00070,click,1764125927,web,Abuja
R00648,O00003,click,1762467590,web,Abuja
R00648,O00027,impression,1745118511,web,Abuja
R00648,O00031,impression,1744178676,web,Abuja
R00648,O00039,impression,1765857881,web,Abuja
R00648,O00068,impression,1744081655,web,Abuja
R00649,O00070,impression,1744346438,tablet,Lagos
R00649,O00063,click,1744139540,tablet,Lagos
R00649,O00064,click,1738794016,tablet,Lagos
R00649,O00009,impression,1761031424,tablet,Lagos
R00649,O00111,impression,1760259464,tablet,Lagos
R00649,O00009,redeem,1737988859,tablet,Lagos
R00649,O00043,click,1755633623,tablet,Lagos
R00649,O00047,redeem,1741584384,tablet,Lagos
R00649,O00038,impression,1750518445,tablet,Lagos
R00650,O00079,impression,1759554291,tablet,Lagos
R00650,O00118,click,1738525515,tablet,Lagos
R00650,O00079,impression,1753390435,tablet,Lagos
R00650,O00096,impression,1756160809,tablet,Lagos
R00650,O00118,impression,1740387422,tablet,Lagos
R00650,O00107,impression,1760510820,tablet,Lagos
R00651,O00109,impression,1744672832,tablet,Port Harcourt
R00651,O00043,impression,1752687246,tablet,Port Harcourt
R00651,O00030,impression,1754718577,tablet,Port Harcourt
R00651,O00033,impression,1739772022,tablet,Port Harcourt
R00651,O00042,impression,1757953120,tablet,Port Harcourt
R00651,O00041,click,1747243526,tablet,Port Harcourt
R00651,O00047,impression,1745796697,tablet,Port Harcourt
R00652,O00093,impression,1760013760,web,Ibadan
R00652,O00120,impression,1748213470,web,Ibadan
R00652,O00080,impression,1756446548,web,Ibadan
R00652,O00101,redeem,1761181838,web,Ibadan
R00652,O00093,impression,1744214711,web,Ibadan
R00652,O00093,click,1742224928,web,Ibadan
R00652,O00095,click,1752830909,web,Ibadan
R00653,O00100,impression,1743360732,web,Abuja
R00653,O00111,impression,1741104095,web,Abuja
R00653,O00071,click,1736741434,web,Abuja
R00653,O00063,impression,1746386939,web,Abuja
R00653,O00091,click,1755581474,web,Abuja
R00653,O00023,click,1739052709,web,Abuja
R00654,O00059,impression,1754485803,mobile,Port Harcourt
R00654,O00084,impression,1762329072,mobile,Port Harcourt
R00654,O00046,click,1761283676,mobile,Port Harcourt
R00654,O00086,impression,1756046445,mobile,Port Harcourt
R00654,O00025,click,1738869217,mobile,Port Harcourt
R00654,O00013,impression,1751770266,mobile,Port Harcourt
R00654,O00099,redeem,1757327568,mobile,Port Harcourt
R00654,O00099,click,1763020075,mobile,Port Harcourt
R00654,O00013,impression,1760929482,mobile,Port Harcourt
R00654,O00081,impression,1762624027,mobile,Port Harcourt
R00655,O00059,click,1756021412,tablet,Enugu
R00655,O00058,impression,1749781449,tablet,Enugu
R00655,O00058,impression,1738123819,tablet,Enugu
R00655,O00072,impression,1737031448,tablet,Enugu
R00655,O00037,impression,1756861496,tablet,Enugu
R00655,O00043,impression,1741921798,tablet,Enugu
R00655,O00088,impression,1741641516,tablet,Enugu
R00655,O00063,impression,1755811267,tablet,Enugu
R00655,O00108,click,1757926229,tablet,Enugu
R00655,O00084,impression,1751904435,tablet,Enugu
R00656,O00091,click,1752926357,tablet,Ibadan
R00656,O00019,click,1758206450,tablet,Ibadan
R00656,O00100,impression,1761292491,tablet,Ibadan
R00656,O00096,click,1761070572,tablet,Ibadan
R00656,O00001,click,1740700286,tablet,Ibadan
R00656,O00071,impression,1742690279,tablet,Ibadan
R00656,O00019,impression,1742664487,tablet,Ibadan
R00657,O00045,redeem,1764236115,mobile,Enugu
R00657,O00096,impression,1758348777,mobile,Enugu
R00657,O00045,click,1762059647,mobile,Enugu
R00657,O00049,click,1752603153,mobile,Enugu
R00658,O00104,click,1754462367,tablet,Ibadan
R00658,O00033,impression,1751669378,tablet,Ibadan
R00658,O00092,click,1742562735,tablet,Ibadan
R00658,O00009,click,1742571095,tablet,Ibadan
R00658,O00043,click,1741523258,tablet,Ibadan
R00658,O00101,click,1752627529,tablet,Ibadan
R00658,O00104,impression,1742366162,tablet,Ibadan
R00659,O00080,click,1743397446,tablet,Abuja
R00659,O00049,click,1739753352,tablet,Abuja
R00659,O00045,click,1741858061,tablet,Abuja
R00659,O00039,click,1740158423,tablet,Abuja
R00660,O00083,impression,1756501994,tablet,Enugu
R00660,O00089,click,1757187877,tablet,Enugu
R00660,O00074,impression,1764447248,tablet,Enugu
R00660,O00023,impression,1763541113,tablet,Enugu
R00660,O00042,impression,1756284992,tablet,Enugu
R00660,O00083,impression,1753375526,tablet,Enugu
R00660,O00094,impression,1763399392,tablet,Enugu
R00660,O00086,click,1751053024,tablet,Enugu
R00660,O00057,click,1757600834,tablet,Enugu
R00661,O00074,click,1740531082,tablet,Abuja
R00661,O00044,impression,1765819103,tablet,Abuja
R00661,O00111,impression,1736480941,tablet,Abuja
R00661,O00010,impression,1735839408,tablet,Abuja
R00661,O00072,redeem,1743967066,tablet,Abuja
R00661,O00048,impression,1746491304,tablet,Abuja
R00661,O00117,impression,1745354938,tablet,Abuja
R00661,O00024,impression,1745389840,tablet,Abuja
R00661,O00021,redeem,1749910634,tablet,Abuja
R00662,O00108,click,1755933960,mobile,Lagos
R00662,O00065,impression,1751331766,mobile,Lagos
R00662,O00074,impression,1761788878,mobile,Lagos
R00662,O00008,impression,1755288836,mobile,Lagos
R00662,O00057,impression,1738251885,mobile,Lagos
R00662,O00028,impression,1766556186,mobile,Lagos
R00662,O00109,impression,1764656538,mobile,Lagos
R00663,O00064,impression,1748683758,tablet,Enugu
R00663,O00116,redeem,1755554237,tablet,Enugu
R00663,O00003,impression,1742929273,tablet,Enugu
R00663,O00018,click,1763710118,tablet,Enugu
R00663,O00003,click,1743565370,tablet,Enugu
R00663,O00107,impression,1738598651,tablet,Enugu
R00663,O00068,impression,1754787286,tablet,Enugu
R00663,O00003,redeem,1736632917,tablet,Enugu
R00663,O00084,click,1749788684,tablet,Enugu
R00663,O00029,click,1754323398,tablet,Enugu
R00664,O00058,click,1752974662,web,Ibadan
R00664,O00106,impression,1749839350,web,Ibadan
R00664,O00059,click,1756934495,web,Ibadan
R00664,O00014,impression,1751632283,web,Ibadan
R00664,O00024,impression,1748379019,web,Ibadan
R00664,O00112,redeem,1760465036,web,Ibadan
R00664,O00055,impression,1750011773,web,Ibadan
R00665,O00034,impression,1748972824,tablet,Port Harcourt
R00665,O00105,impression,1749780373,tablet,Port Harcourt
R00665,O00073,impression,1762577536,tablet,Port Harcourt
R00665,O00009,redeem,1744332947,tablet,Port Harcourt
R00665,O00073,click,1754066707,tablet,Port Harcourt
R00665,O00070,impression,1740378212,tablet,Port Harcourt
R00665,O00073,click,1764024224,tablet,Port Harcourt
R00665,O00113,impression,1760452557,tablet,Port Harcourt
R00665,O00041,click,1759011021,tablet,Port Harcourt
R00665,O00105,redeem,1764143079,tablet,Port Harcourt
R00666,O00016,impression,1764199203,web,Abuja
R00666,O00030,redeem,1758583840,web,Abuja
R00666,O00090,click,1739971567,web,Abuja
R00666,O00089,impression,1745971311,web,Abuja
R00667,O00042,click,1739932307,web,Abuja
R00667,O00102,click,1764558072,web,Abuja
R00667,O00014,click,1739997970,web,Abuja
R00667,O00025,impression,1764847763,web,Abuja
R00667,O00112,redeem,1760223219,web,Abuja
R00668,O00055,impression,1749859205,mobile,Lagos
R00668,O00032,click,1759985863,mobile,Lagos
R00668,O00018,redeem,1753622596,mobile,Lagos
R00668,O00045,impression,1740220817,mobile,Lagos
R00668,O00027,click,1750572349,mobile,Lagos
R00669,O00054,impression,1745978158,web,Lagos
R00669,O00077,redeem,1741363343,web,Lagos
R00669,O00100,impression,1745900865,web,Lagos
R00669,O00093,click,1738944970,web,Lagos
R00669,O00095,redeem,1736760122,web,Lagos
R00669,O00036,impression,1762716467,web,Lagos
R00669,O00005,impression,1743087860,web,Lagos
R00669,O00095,impression,1751083491,web,Lagos
R00669,O00036,redeem,1748996605,web,Lagos
R00669,O00036,impression,1762891219,web,Lagos
R00670,O00098,impression,1759848357,web,Lagos
R00670,O00049,impression,1764269540,web,Lagos
R00670,O00051,redeem,1760945176,web,Lagos
R00670,O00103,impression,1765589195,web,Lagos
R00670,O00029,impression,1745421159,web,Lagos
R00670,O00055,click,1750893400,web,Lagos
R00670,O00103,impression,1737442904,web,Lagos
R00670,O00081,impression,1737747662,web,Lagos
R00670,O00069,impression,1738362984,web,Lagos
R00670,O00045,impression,1743561442,web,Lagos
R00671,O00110,impression,1747455083,tablet,Enugu
R00671,O00034,click,1766175609,tablet,Enugu
R00671,O00043,impression,1753013420,tablet,Enugu
R00671,O00067,impression,1765141940,tablet,Enugu
R00671,O00090,impression,1752941723,tablet,Enugu
R00671,O00076,click,1756659810,tablet,Enugu
R00671,O00119,redeem,1762293547,tablet,Enugu
R00672,O00099,redeem,1744259434,mobile,Enugu
R00672,O00112,click,1760164049,mobile,Enugu
R00672,O00072,click,1762331415,mobile,Enugu
R00672,O00014,impression,1747905070,mobile,Enugu
R00672,O00025,impression,1762576482,mobile,Enugu
R00673,O00011,impression,1748495012,tablet,Lagos
R00673,O00103,click,1749730393,tablet,Lagos
R00673,O00056,redeem,1746781830,tablet,Lagos
R00673,O00080,impression,1748352889,tablet,Lagos
R00673,O00093,click,1754658982,tablet,Lagos
R00673,O00036,click,1742528658,tablet,Lagos
R00673,O00097,impression,1756128017,tablet,Lagos
R00674,O00112,click,1750048889,tablet,Port Harcourt
R00674,O00061,impression,1764011117,tablet,Port Harcourt
R00674,O00044,impression,1751866572,tablet,Port Harcourt
R00674,O00035,impression,1751045713,tablet,Port Harcourt
R00674,O00069,click,1736412809,tablet,Port Harcourt
R00674,O00034,click,1739333696,tablet,Port Harcourt
R00675,O00079,impression,1762077018,web,Ibadan
R00675,O00079,redeem,1766850951,web,Ibadan
R00675,O00115,impression,1743355875,web,Ibadan
R00675,O00071,impression,1744910963,web,Ibadan
R00675,O00019,impression,1755475341,web,Ibadan
R00675,O00081,impression,1758124005,web,Ibadan
R00675,O00071,click,1748157602,web,Ibadan
R00675,O00006,click,1752104510,web,Ibadan
R00676,O00064,redeem,1739536640,web,Port Harcourt
R00676,O00018,click,1765634847,web,Port Harcourt
R00676,O00055,impression,1755688219,web,Port Harcourt
R00676,O00113,impression,1738380537,web,Port Harcourt
R00676,O00116,click,1751710094,web,Port Harcourt
R00676,O00078,impression,1762971008,web,Port Harcourt
R00676,O00085,click,1750734768,web,Port Harcourt
R00676,O00105,click,1758695277,web,Port Harcourt
R00676,O00018,click,1747724757,web,Port Harcourt
R00676,O00003,redeem,1739845445,web,Port Harcourt
R00677,O00080,click,1752894241,mobile,Lagos
R00677,O00051,impression,1758343914,mobile,Lagos
R00677,O00020,click,1748616455,mobile,Lagos
R00677,O00077,impression,1745821881,mobile,Lagos
R00677,O00023,impression,1746236370,mobile,Lagos
R00678,O00030,click,1744697961,tablet,Abuja
R00678,O00083,click,1758564660,tablet,Abuja
R00678,O00047,click,1753430169,tablet,Abuja
R00678,O00003,click,1755507741,tablet,Abuja
R00678,O00103,click,1745792555,tablet,Abuja
R00678,O00021,impression,1749194819,tablet,Abuja
R00678,O00094,click,1758891486,tablet,Abuja
R00678,O00083,impression,1766778712,tablet,Abuja
R00678,O00044,impression,1746739720,tablet,Abuja
R00679,O00101,impression,1743106038,mobile,Enugu
R00679,O00120,click,1758863182,mobile,Enugu
R00679,O00107,click,1748439639,mobile,Enugu
R00679,O00012,click,1746402521,mobile,Enugu
R00679,O00106,impression,1744467930,mobile,Enugu
R00679,O00013,impression,1745217090,mobile,Enugu
R00679,O00094,impression,1747688314,mobile,Enugu
R00679,O00102,click,1742729622,mobile,Enugu
R00679,O00103,click,1744897021,mobile,Enugu
R00679,O00029,impression,1762609747,mobile,Enugu
R00680,O00088,impression,1752041056,tablet,Enugu
R00680,O00016,click,1763478168,tablet,Enugu
R00680,O00054,impression,1762846519,tablet,Enugu
R00680,O00089,impression,1750637112,tablet,Enugu
R00681,O00067,click,1737076083,mobile,Enugu
R00681,O00053,impression,1766939931,mobile,Enugu
R00681,O00100,impression,1750096903,mobile,Enugu
R00681,O00067,impression,1754410482,mobile,Enugu
R00681,O00067,impression,1736556654,mobile,Enugu
R00682,O00073,impression,1741443226,mobile,Abuja
R00682,O00086,redeem,1766070394,mobile,Abuja
R00682,O00041,click,1755393410,mobile,Abuja
R00682,O00009,impression,1739913136,mobile,Abuja
R00682,O00009,impression,1759811661,mobile,Abuja
R00682,O00061,impression,1765199249,mobile,Abuja
R00682,O00025,click,1758791907,mobile,Abuja
R00682,O00105,impression,1757805005,mobile,Abuja
R00682,O00080,click,1738068404,mobile,Abuja
R00683,O00035,redeem,1757673347,tablet,Enugu
R00683,O00107,redeem,1761169985,tablet,Enugu
R00683,O00068,click,1765794852,tablet,Enugu
R00683,O00018,click,1744460468,tablet,Enugu
R00683,O00018,impression,1764286957,tablet,Enugu
R00684,O00024,click,1758799589,web,Port Harcourt
R00684,O00113,click,1738825323,web,Port Harcourt
R00684,O00060,impression,1747086683,web,Port Harcourt
R00684,O00078,impression,1747951226,web,Port Harcourt
R00685,O00119,impression,1737970127,mobile,Abuja
R00685,O00035,impression,1761586608,mobile,Abuja
R00685,O00037,impression,1740868153,mobile,Abuja
R00685,O00018,impression,1759833269,mobile,Abuja
R00685,O00035,click,1736456104,mobile,Abuja
R00686,O00018,impression,1756686352,web,Ibadan
R00686,O00040,click,1749438270,web,Ibadan
R00686,O00032,impression,1739227867,web,Ibadan
R00686,O00040,click,1752170612,web,Ibadan
R00686,O00015,click,1766476204,web,Ibadan
R00686,O00027,redeem,1750685178,web,Ibadan
R00686,O00049,impression,1739870022,web,Ibadan
R00686,O00078,impression,1762525368,web,Ibadan
R00686,O00065,impression,1739500160,web,Ibadan
R00686,O00055,redeem,1755123578,web,Ibadan
R00687,O00009,click,1750560280,web,Ibadan
R00687,O00015,click,1756490699,web,Ibadan
R00687,O00049,redeem,1739834141,web,Ibadan
R00687,O00060,impression,1737783147,web,Ibadan
R00687,O00064,click,1763905270,web,Ibadan
R00687,O00078,click,1752802256,web,Ibadan
R00688,O00041,impression,1747486818,web,Enugu
R00688,O00042,click,1763568861,web,Enugu
R00688,O00042,impression,1745903727,web,Enugu
R00688,O00089,click,1737150921,web,Enugu
R00688,O00073,click,1749059842,web,Enugu
R00688,O00086,click,1755644687,web,Enugu
R00688,O00040,impression,1761350556,web,Enugu
R00688,O00009,click,1755205957,web,Enugu
R00688,O00086,click,1756051826,web,Enugu
R00689,O00016,click,1743847913,mobile,Abuja
R00689,O00069,impression,1737578342,mobile,Abuja
R00689,O00002,impression,1749527149,mobile,Abuja
R00689,O00012,redeem,1738948376,mobile,Abuja
R00689,O00098,click,1762499916,mobile,Abuja
R00689,O00048,impression,1737193132,mobile,Abuja
R00689,O00108,impression,1766009134,mobile,Abuja
R00689,O00061,click,1766526874,mobile,Abuja
R00689,O00038,impression,1747502073,mobile,Abuja
R00690,O00074,impression,1762018384,web,Enugu
R00690,O00016,click,1753052423,web,Enugu
R00690,O00108,impression,1743105301,web,Enugu
R00690,O00006,impression,1759889915,web,Enugu
R00690,O00047,impression,1760122229,web,Enugu
R00690,O00108,click,1740042524,web,Enugu
R00690,O00048,redeem,1741116670,web,Enugu
R00691,O00106,impression,1759046237,mobile,Enugu
R00691,O00102,redeem,1764098539,mobile,Enugu
R00691,O00005,click,1762977982,mobile,Enugu
R00691,O00099,impression,1760151376,mobile,Enugu
R00691,O00112,impression,1753951183,mobile,Enugu
R00691,O00006,impression,1749806413,mobile,Enugu
R00692,O00042,redeem,1757988497,tablet,Enugu
R00692,O00029,impression,1753301635,tablet,Enugu
R00692,O00120,impression,1745814251,tablet,Enugu
R00692,O00049,impression,1747322204,tablet,Enugu
R00692,O00029,click,1758888679,tablet,Enugu
R00692,O00052,click,1751513153,tablet,Enugu
R00692,O00039,impression,1738183839,tablet,Enugu
R00692,O00029,impression,1738120736,tablet,Enugu
R00693,O00012,impression,1739781138,tablet,Ibadan
R00693,O00017,impression,1750659572,tablet,Ibadan
R00693,O00094,impression,1741612130,tablet,Ibadan
R00693,O00013,impression,1766148649,tablet,Ibadan
R00693,O00082,click,1752757700,tablet,Ibadan
R00693,O00015,click,1736939890,tablet,Ibadan
R00693,O00117,redeem,1740497164,tablet,Ibadan
R00693,O00043,impression,1743492268,tablet,Ibadan
R00693,O00005,impression,1765233150,tablet,Ibadan
R00694,O00110,impression,1746168479,tablet,Lagos
R00694,O00054,impression,1748542294,tablet,Lagos
R00694,O00081,impression,1744381224,tablet,Lagos
R00694,O00080,impression,1749160352,tablet,Lagos
R00694,O00096,click,1740790712,tablet,Lagos
R00694,O00029,redeem,1758504812,tablet,Lagos
R00694,O00080,impression,1764718902,tablet,Lagos
R00694,O00056,impression,1761679368,tablet,Lagos
R00695,O00026,impression,1756867280,mobile,Abuja
R00695,O00116,impression,1762911973,mobile,Abuja
R00695,O00073,impression,1765675160,mobile,Abuja
R00695,O00076,impression,1766332780,mobile,Abuja
R00695,O00104,click,1753090788,mobile,Abuja
R00695,O00017,click,1758160802,mobile,Abuja
R00695,O00118,click,1744279820,mobile,Abuja
R00696,O00034,impression,1758856205,mobile,Abuja
R00696,O00055,impression,1758467814,mobile,Abuja
R00696,O00013,click,1736825514,mobile,Abuja
R00696,O00004,impression,1764360134,mobile,Abuja
R00696,O00078,click,1759708203,mobile,Abuja
R00696,O00041,click,1736414601,mobile,Abuja
R00697,O00093,click,1760676200,tablet,Abuja
R00697,O00099,click,1759527304,tablet,Abuja
R00697,O00097,click,1743227840,tablet,Abuja
R00697,O00035,impression,1750533297,tablet,Abuja
R00697,O00007,impression,1760275649,tablet,Abuja
R00697,O00080,click,1735931666,tablet,Abuja
R00697,O00103,click,1759771671,tablet,Abuja
R00697,O00097,impression,1736351352,tablet,Abuja
R00698,O00007,impression,1764798222,mobile,Abuja
R00698,O00027,impression,1753447630,mobile,Abuja
R00698,O00045,redeem,1748455131,mobile,Abuja
R00698,O00039,impression,1756928667,mobile,Abuja
R00699,O00066,click,1756389917,tablet,Port Harcourt
R00699,O00088,click,1758713279,tablet,Port Harcourt
R00699,O00029,impression,1761320599,tablet,Port Harcourt
R00699,O00071,impression,1751115185,tablet,Port Harcourt
R00699,O00005,redeem,1736289330,tablet,Port Harcourt
R00699,O00016,click,1763480509,tablet,Port Harcourt
R00699,O00016,impression,1740532174,tablet,Port Harcourt
R00700,O00117,impression,1747587379,mobile,Ibadan
R00700,O00084,impression,1742209927,mobile,Ibadan
R00700,O00058,impression,1744246261,mobile,Ibadan
R00700,O00114,impression,1754029279,mobile,Ibadan
R00700,O00059,impression,1756640469,mobile,Ibadan
R00701,O00045,impression,1761484840,mobile,Ibadan
R00701,O00017,impression,1761979204,mobile,Ibadan
R00701,O00017,impression,1765861467,mobile,Ibadan
R00701,O00040,impression,1751671588,mobile,Ibadan
R00701,O00055,impression,1748990646,mobile,Ibadan
R00701,O00119,impression,1739102343,mobile,Ibadan
R00701,O00078,impression,1754639033,mobile,Ibadan
R00701,O00109,impression,1752498640,mobile,Ibadan
R00702,O00091,impression,1753322483,web,Enugu
R00702,O00016,click,1753184545,web,Enugu
R00702,O00071,impression,1759079161,web,Enugu
R00702,O00073,impression,1753018203,web,Enugu
R00703,O00001,click,1749024122,mobile,Ibadan
R00703,O00071,click,1760082653,mobile,Ibadan
R00703,O00079,impression,1758590116,mobile,Ibadan
R00703,O00019,impression,1757357684,mobile,Ibadan
R00704,O00029,click,1736170397,tablet,Enugu
R00704,O00101,click,1746192602,tablet,Enugu
R00704,O00054,click,1736507103,tablet,Enugu
R00704,O00054,redeem,1746936161,tablet,Enugu
R00704,O00085,impression,1756557574,tablet,Enugu
R00704,O00101,impression,1764979336,tablet,Enugu
R00705,O00014,impression,1764832844,tablet,Abuja
R00705,O00072,impression,1744576616,tablet,Abuja
R00705,O00106,click,1744388867,tablet,Abuja
R00705,O00025,redeem,1749551258,tablet,Abuja
R00705,O00084,click,1740436821,tablet,Abuja
R00705,O00058,click,1736608050,tablet,Abuja
R00705,O00019,impression,1736290940,tablet,Abuja
R00705,O00011,impression,1739380430,tablet,Abuja
R00706,O00024,impression,1744234352,web,Lagos
R00706,O00010,impression,1740309079,web,Lagos
R00706,O00021,impression,1764047271,web,Lagos
R00706,O00018,impression,1742228503,web,Lagos
R00706,O00047,impression,1757615666,web,Lagos
R00706,O00030,impression,1748713493,web,Lagos
R00706,O00054,click,1766972850,web,Lagos
R00706,O00083,impression,1735914551,web,Lagos
R00706,O00109,impression,1764613298,web,Lagos
R00707,O00100,impression,1764141592,mobile,Lagos
R00707,O00042,impression,1740303112,mobile,Lagos
R00707,O00043,click,1752259396,mobile,Lagos
R00707,O00033,click,1745864479,mobile,Lagos
R00708,O00105,click,1739794932,web,Abuja
R00708,O00086,redeem,1745478462,web,Abuja
R00708,O00073,click,1737370128,web,Abuja
R00708,O00052,impression,1751690567,web,Abuja
R00708,O00071,impression,1762800344,web,Abuja
R00709,O00094,impression,1735752602,tablet,Ibadan
R00709,O00108,impression,1737504277,tablet,Ibadan
R00709,O00108,redeem,1761274427,tablet,Ibadan
R00709,O00084,click,1745476312,tablet,Ibadan
R00709,O00048,impression,1737907436,tablet,Ibadan
R00709,O00083,impression,1752115465,tablet,Ibadan
R00709,O00028,impression,1759711366,tablet,Ibadan
R00709,O00108,redeem,1742746724,tablet,Ibadan
R00710,O00078,impression,1758071616,mobile,Ibadan
R00710,O00016,impression,1750183497,mobile,Ibadan
R00710,O00044,redeem,1741237155,mobile,Ibadan
R00710,O00047,click,1756205930,mobile,Ibadan
R00710,O00044,impression,1753778050,mobile,Ibadan
R00710,O00083,impression,1759442742,mobile,Ibadan
R00710,O00016,impression,1739110880,mobile,Ibadan
R00710,O00068,click,1751717456,mobile,Ibadan
R00710,O00016,impression,1739397744,mobile,Ibadan
R00711,O00001,impression,1738845662,tablet,Port Harcourt
R00711,O00022,click,1757282515,tablet,Port Harcourt
R00711,O00062,redeem,1766838141,tablet,Port Harcourt
R00711,O00004,impression,1743553159,tablet,Port Harcourt
R00711,O00065,redeem,1735883873,tablet,Port Harcourt
R00711,O00118,click,1748295354,tablet,Port Harcourt
R00711,O00013,impression,1737123804,tablet,Port Harcourt
R00712,O00021,impression,1761686390,web,Enugu
R00712,O00005,click,1743803281,web,Enugu
R00712,O00074,redeem,1736366242,web,Enugu
R00712,O00048,redeem,1742856511,web,Enugu
R00712,O00030,click,1750324692,web,Enugu
R00712,O00090,click,1749283887,web,Enugu
R00712,O00012,click,1754819448,web,Enugu
R00713,O00060,click,1745292150,web,Lagos
R00713,O00035,impression,1751211995,web,Lagos
R00713,O00060,impression,1742763054,web,Lagos
R00713,O00018,impression,1758562757,web,Lagos
R00714,O00005,impression,1742200606,web,Enugu
R00714,O00011,impression,1749435885,web,Enugu
R00714,O00069,impression,1762669223,web,Enugu
R00714,O00083,impression,1747612389,web,Enugu
R00714,O00030,impression,1747439939,web,Enugu
R00714,O00021,impression,1744265417,web,Enugu
R00714,O00061,click,1741017781,web,Enugu
R00714,O00045,click,1739744681,web,Enugu
R00714,O00025,impression,1740884607,web,Enugu
R00715,O00039,impression,1764167159,tablet,Abuja
R00715,O00036,click,1763094065,tablet,Abuja
R00715,O00007,impression,1742508788,tablet,Abuja
R00715,O00080,impression,1748061949,tablet,Abuja
R00715,O00075,impression,1757285699,tablet,Abuja
R00715,O00051,click,1765092019,tablet,Abuja
R00715,O00120,redeem,1754790883,tablet,Abuja
R00716,O00019,redeem,1755931372,mobile,Port Harcourt
R00716,O00017,impression,1738234209,mobile,Port Harcourt
R00716,O00013,impression,1738402873,mobile,Port Harcourt
R00716,O00060,impression,1756276351,mobile,Port Harcourt
R00716,O00031,impression,1764892693,mobile,Port Harcourt
R00716,O00018,impression,1739727617,mobile,Port Harcourt
R00716,O00055,impression,1748248505,mobile,Port Harcourt
R00716,O00032,click,1737999276,mobile,Port Harcourt
R00717,O00050,impression,1763846210,tablet,Enugu
R00717,O00054,impression,1745141167,tablet,Enugu
R00717,O00120,impression,1750521417,tablet,Enugu
R00717,O00075,impression,1759940468,tablet,Enugu
R00717,O00051,click,1745986866,tablet,Enugu
R00717,O00020,impression,1765900361,tablet,Enugu
R00718,O00057,impression,1748128554,mobile,Abuja
R00718,O00077,impression,1751421585,mobile,Abuja
R00718,O00055,impression,1762230413,mobile,Abuja
R00718,O00021,impression,1764797118,mobile,Abuja
R00718,O00055,impression,1756165130,mobile,Abuja
R00718,O00047,click,1738611315,mobile,Abuja
R00719,O00021,click,1736727085,web,Port Harcourt
R00719,O00016,click,1742621157,web,Port Harcourt
R00719,O00030,impression,1745116503,web,Port Harcourt
R00719,O00070,impression,1754138876,web,Port Harcourt
R00719,O00120,impression,1766904379,web,Port Harcourt
R00719,O00047,impression,1744272504,web,Port Harcourt
R00720,O00067,impression,1748533419,tablet,Ibadan
R00720,O00061,impression,1766633897,tablet,Ibadan
R00720,O00118,redeem,1740800171,tablet,Ibadan
R00720,O00011,impression,1751188270,tablet,Ibadan
R00720,O00079,impression,1764821093,tablet,Ibadan
R00720,O00089,impression,1750657924,tablet,Ibadan
R00720,O00016,click,1740937061,tablet,Ibadan
R00720,O00022,impression,1743413070,tablet,Ibadan
R00721,O00001,click,1748675879,mobile,Enugu
R00721,O00040,impression,1752838362,mobile,Enugu
R00721,O00096,redeem,1749068863,mobile,Enugu
R00721,O00053,impression,1757699277,mobile,Enugu
R00721,O00019,impression,1737323961,mobile,Enugu
R00721,O00053,impression,1737920520,mobile,Enugu
R00721,O00100,click,1746164243,mobile,Enugu
R00721,O00079,impression,1741046593,mobile,Enugu
R00721,O00118,click,1749443754,mobile,Enugu
R00721,O00050,impression,1741366071,mobile,Enugu
R00722,O00071,click,1736375381,tablet,Ibadan
R00722,O00051,impression,1756908656,tablet,Ibadan
R00722,O00061,click,1737315718,tablet,Ibadan
R00722,O00089,impression,1764989312,tablet,Ibadan
R00722,O00003,impression,1754603614,tablet,Ibadan
R00722,O00101,click,1738698400,tablet,Ibadan
R00722,O00103,impression,1760005796,tablet,Ibadan
R00722,O00051,click,1752182649,tablet,Ibadan
R00722,O00051,click,1742074158,tablet,Ibadan
R00722,O00120,click,1750330913,tablet,Ibadan
R00723,O00031,click,1753329245,mobile,Ibadan
R00723,O00116,click,1751621633,mobile,Ibadan
R00723,O00068,click,1747427664,mobile,Ibadan
R00723,O00055,impression,1744061559,mobile,Ibadan
R00723,O00055,click,1743413180,mobile,Ibadan
R00723,O00060,redeem,1759859034,mobile,Ibadan
R00724,O00101,click,1756448512,mobile,Ibadan
R00724,O00101,impression,1754061757,mobile,Ibadan
R00724,O00021,click,1737917947,mobile,Ibadan
R00724,O00110,redeem,1741072910,mobile,Ibadan
R00724,O00007,impression,1745947797,mobile,Ibadan
R00724,O00091,click,1763938309,mobile,Ibadan
R00724,O00007,click,1765619851,mobile,Ibadan
R00724,O00045,click,1740101060,mobile,Ibadan
R00724,O00111,redeem,1753312931,mobile,Ibadan
R00724,O00095,impression,1756429235,mobile,Ibadan
R00725,O00005,click,1757034774,web,Enugu
R00725,O00047,impression,1756215014,web,Enugu
R00725,O00021,impression,1745326226,web,Enugu
R00725,O00021,impression,1739285542,web,Enugu
R00725,O00002,impression,1754242679,web,Enugu
R00726,O00094,click,1757564409,tablet,Lagos
R00726,O00020,impression,1743678354,tablet,Lagos
R00726,O00008,click,1750273983,tablet,Lagos
R00726,O00098,impression,1754727847,tablet,Lagos
R00726,O00093,impression,1765528438,tablet,Lagos
R00726,O00114,impression,1747962147,tablet,Lagos
R00727,O00118,click,1742316501,tablet,Port Harcourt
R00727,O00050,impression,1745072509,tablet,Port Harcourt
R00727,O00046,redeem,1747239593,tablet,Port Harcourt
R00727,O00087,impression,1754354242,tablet,Port Harcourt
R00727,O00053,impression,1757648612,tablet,Port Harcourt
R00727,O00067,impression,1740185356,tablet,Port Harcourt
R00727,O00087,impression,1763384627,tablet,Port Harcourt
R00727,O00053,click,1736298720,tablet,Port Harcourt
R00728,O00087,impression,1736559595,mobile,Abuja
R00728,O00079,impression,1756040673,mobile,Abuja
R00728,O00023,click,1746117007,mobile,Abuja
R00728,O00019,click,1749541936,mobile,Abuja
R00729,O00079,impression,1740535519,web,Ibadan
R00729,O00093,click,1764690348,web,Ibadan
R00729,O00110,click,1766454681,web,Ibadan
R00729,O00072,impression,1756724178,web,Ibadan
R00729,O00045,click,1759391942,web,Ibadan
R00729,O00051,redeem,1760822285,web,Ibadan
R00729,O00103,redeem,1755197197,web,Ibadan
R00729,O00051,impression,1762346796,web,Ibadan
R00729,O00093,impression,1746839891,web,Ibadan
R00729,O00095,redeem,1749404201,web,Ibadan
R00730,O00099,impression,1759601120,mobile,Port Harcourt
R00730,O00072,impression,1752945827,mobile,Port Harcourt
R00730,O00005,click,1765596761,mobile,Port Harcourt
R00730,O00066,click,1742029935,mobile,Port Harcourt
R00730,O00066,click,1736795951,mobile,Port Harcourt
R00730,O00058,impression,1755403591,mobile,Port Harcourt
R00730,O00112,impression,1754337830,mobile,Port Harcourt
R00731,O00080,impression,1739212188,mobile,Lagos
R00731,O00081,redeem,1759317350,mobile,Lagos
R00731,O00093,click,1749990007,mobile,Lagos
R00731,O00007,impression,1764017666,mobile,Lagos
R00731,O00080,click,1760752671,mobile,Lagos
R00731,O00020,impression,1745981597,mobile,Lagos
R00731,O00036,click,1737760347,mobile,Lagos
R00731,O00020,impression,1748690157,mobile,Lagos
R00732,O00051,impression,1762069051,mobile,Ibadan
R00732,O00013,impression,1746976560,mobile,Ibadan
R00732,O00101,impression,1753994224,mobile,Ibadan
R00732,O00095,impression,1756767185,mobile,Ibadan
R00732,O00110,click,1760469939,mobile,Ibadan
R00732,O00101,impression,1748352370,mobile,Ibadan
R00732,O00097,click,1739512106,mobile,Ibadan
R00732,O00075,impression,1745013286,mobile,Ibadan
R00732,O00017,impression,1746097218,mobile,Ibadan
R00733,O00043,impression,1754075442,mobile,Abuja
R00733,O00111,impression,1737703731,mobile,Abuja
R00733,O00043,click,1751410371,mobile,Abuja
R00733,O00041,impression,1750843399,mobile,Abuja
R00733,O00088,impression,1763861911,mobile,Abuja
R00733,O00111,impression,1760917264,mobile,Abuja
R00733,O00076,impression,1759016593,mobile,Abuja
R00734,O00060,impression,1745089503,web,Ibadan
R00734,O00055,click,1742995820,web,Ibadan
R00734,O00085,impression,1745027854,web,Ibadan
R00734,O00017,impression,1743739245,web,Ibadan
R00734,O00055,redeem,1742243187,web,Ibadan
R00734,O00107,click,1750363347,web,Ibadan
R00735,O00064,click,1755698064,mobile,Lagos
R00735,O00108,click,1754057565,mobile,Lagos
R00735,O00078,click,1743542448,mobile,Lagos
R00735,O00035,click,1748819823,mobile,Lagos
R00735,O00035,impression,1747129282,mobile,Lagos
R00735,O00055,impression,1758726474,mobile,Lagos
R00736,O00114,impression,1746096126,web,Abuja
R00736,O00058,impression,1737942021,web,Abuja
R00736,O00102,impression,1749213374,web,Abuja
R00736,O00059,redeem,1738276189,web,Abuja
R00736,O00079,impression,1760410994,web,Abuja
R00736,O00059,impression,1747205642,web,Abuja
R00736,O00112,click,1758202556,web,Abuja
R00736,O00059,click,1747181164,web,Abuja
R00736,O00072,redeem,1765915072,web,Abuja
R00736,O00058,redeem,1762164573,web,Abuja
R00737,O00001,impression,1744277992,mobile,Enugu
R00737,O00063,impression,1762570927,mobile,Enugu
R00737,O00114,click,1742966526,mobile,Enugu
R00737,O00114,click,1736950785,mobile,Enugu
R00737,O00066,impression,1757235600,mobile,Enugu
R00738,O00046,redeem,1756190360,tablet,Ibadan
R00738,O00011,click,1754591000,tablet,Ibadan
R00738,O00001,click,1744624276,tablet,Ibadan
R00738,O00011,impression,1749647425,tablet,Ibadan
R00738,O00077,impression,1744855746,tablet,Ibadan
R00739,O00088,impression,1737239677,mobile,Abuja
R00739,O00076,impression,1738524552,mobile,Abuja
R00739,O00106,impression,1758603720,mobile,Abuja
R00739,O00102,impression,1766914881,mobile,Abuja
R00739,O00114,redeem,1740456120,mobile,Abuja
R00739,O00102,impression,1755414635,mobile,Abuja
R00739,O00084,impression,1751519256,mobile,Abuja
R00739,O00102,click,1760270366,mobile,Abuja
R00739,O00070,impression,1736628732,mobile,Abuja
R00740,O00028,impression,1741212081,tablet,Enugu
R00740,O00002,click,1752919523,tablet,Enugu
R00740,O00066,impression,1746526478,tablet,Enugu
R00740,O00057,click,1757753151,tablet,Enugu
R00740,O00010,click,1761623192,tablet,Enugu
R00740,O00002,click,1757953331,tablet,Enugu
R00741,O00045,impression,1741424331,tablet,Lagos
R00741,O00056,impression,1736321751,tablet,Lagos
R00741,O00023,click,1739807587,tablet,Lagos
R00741,O00036,impression,1740542973,tablet,Lagos
R00741,O00049,click,1761755999,tablet,Lagos
R00741,O00054,redeem,1758714624,tablet,Lagos
R00741,O00070,impression,1759533393,tablet,Lagos
R00741,O00020,impression,1738078472,tablet,Lagos
R00742,O00041,redeem,1764166968,web,Lagos
R00742,O00120,impression,1739990802,web,Lagos
R00742,O00076,redeem,1737607070,web,Lagos
R00742,O00033,impression,1738235167,web,Lagos
R00742,O00105,impression,1745073335,web,Lagos
R00742,O00105,click,1737979076,web,Lagos
R00742,O00073,impression,1747682678,web,Lagos
R00742,O00043,impression,1751027377,web,Lagos
R00742,O00044,impression,1745211350,web,Lagos
R00742,O00043,impression,1751063268,web,Lagos
R00743,O00029,redeem,1763666303,tablet,Enugu
R00743,O00007,impression,1757039665,tablet,Enugu
R00743,O00029,click,1759526630,tablet,Enugu
R00743,O00095,impression,1744396398,tablet,Enugu
R00744,O00031,click,1746125616,mobile,Port Harcourt
R00744,O00095,click,1762239856,mobile,Port Harcourt
R00744,O00090,impression,1765894436,mobile,Port Harcourt
R00744,O00089,impression,1763960705,mobile,Port Harcourt
R00744,O00055,redeem,1757821774,mobile,Port Harcourt
R00744,O00034,impression,1763546678,mobile,Port Harcourt
R00744,O00084,click,1748710696,mobile,Port Harcourt
R00744,O00015,redeem,1760028311,mobile,Port Harcourt
R00744,O00040,redeem,1765358711,mobile,Port Harcourt
R00745,O00024,click,1748797295,tablet,Abuja
R00745,O00114,impression,1746239081,tablet,Abuja
R00745,O00014,redeem,1753716450,tablet,Abuja
R00745,O00013,impression,1758582324,tablet,Abuja
R00745,O00014,click,1755106345,tablet,Abuja
R00745,O00088,impression,1738026405,tablet,Abuja
R00745,O00014,impression,1746342835,tablet,Abuja
R00746,O00041,impression,1759429787,tablet,Port Harcourt
R00746,O00070,impression,1744557913,tablet,Port Harcourt
R00746,O00039,impression,1740056065,tablet,Port Harcourt
R00746,O00105,click,1741654912,tablet,Port Harcourt
R00746,O00093,click,1746556779,tablet,Port Harcourt
R00746,O00092,click,1742706796,tablet,Port Harcourt
R00746,O00035,impression,1757270008,tablet,Port Harcourt
R00746,O00033,click,1760130160,tablet,Port Harcourt
R00746,O00035,impression,1736767698,tablet,Port Harcourt
R00747,O00111,impression,1756223339,mobile,Lagos
R00747,O00041,impression,1760412061,mobile,Lagos
R00747,O00038,impression,1737177092,mobile,Lagos
R00747,O00034,click,1758399347,mobile,Lagos
R00747,O00073,click,1747002391,mobile,Lagos
R00747,O00052,click,1761970961,mobile,Lagos
R00747,O00034,redeem,1739380979,mobile,Lagos
R00747,O00042,impression,1764246208,mobile,Lagos
R00748,O00062,impression,1747119648,web,Enugu
R00748,O00082,impression,1739210581,web,Enugu
R00748,O00033,impression,1757613715,web,Enugu
R00748,O00079,click,1763592620,web,Enugu
R00748,O00070,click,1736081895,web,Enugu
R00748,O00034,impression,1761234116,web,Enugu
R00748,O00004,impression,1757741136,web,Enugu
R00749,O00034,click,1759805848,mobile,Lagos
R00749,O00071,click,1751826767,mobile,Lagos
R00749,O00067,redeem,1739961606,mobile,Lagos
R00749,O00001,impression,1752320366,mobile,Lagos
R00749,O00107,click,1736934199,mobile,Lagos
R00749,O00053,impression,1747640360,mobile,Lagos
R00749,O00053,impression,1762414725,mobile,Lagos
R00750,O00088,impression,1754407517,web,Lagos
R00750,O00088,impression,1738159443,web,Lagos
R00750,O00112,impression,1737668684,web,Lagos
R00750,O00058,impression,1750584058,web,Lagos
R00750,O00029,impression,1764281686,web,Lagos
R00751,O00116,impression,1752344392,web,Enugu
R00751,O00113,redeem,1741059506,web,Enugu
R00751,O00076,impression,1748774308,web,Enugu
R00751,O00068,impression,1742488914,web,Enugu
R00751,O00031,redeem,1754112254,web,Enugu
R00751,O00119,impression,1758667863,web,Enugu
R00751,O00049,impression,1751219151,web,Enugu
R00751,O00017,click,1748281023,web,Enugu
R00751,O00068,click,1766614605,web,Enugu
R00751,O00038,click,1752851420,web,Enugu
R00752,O00097,impression,1750521701,tablet,Port Harcourt
R00752,O00062,click,1746636480,tablet,Port Harcourt
R00752,O00081,impression,1764264773,tablet,Port Harcourt
R00752,O00039,click,1765895970,tablet,Port Harcourt
R00752,O00029,click,1740215951,tablet,Port Harcourt
R00752,O00091,redeem,1743071580,tablet,Port Harcourt
R00752,O00049,click,1738591465,tablet,Port Harcourt
R00752,O00022,click,1763278156,tablet,Port Harcourt
R00752,O00029,redeem,1756449859,tablet,Port Harcourt
R00753,O00030,click,1740289619,tablet,Ibadan
R00753,O00032,impression,1751405378,tablet,Ibadan
R00753,O00102,impression,1749306083,tablet,Ibadan
R00753,O00064,click,1764403428,tablet,Ibadan
R00753,O00018,impression,1766803227,tablet,Ibadan
R00753,O00113,click,1738861164,tablet,Ibadan
R00753,O00017,click,1759889959,tablet,Ibadan
R00754,O00093,impression,1742117380,web,Ibadan
R00754,O00110,click,1755392334,web,Ibadan
R00754,O00120,impression,1759023054,web,Ibadan
R00754,O00047,impression,1759109636,web,Ibadan
R00754,O00120,impression,1737763002,web,Ibadan
R00754,O00034,click,1753663553,web,Ibadan
R00754,O00036,impression,1762264068,web,Ibadan
R00754,O00036,impression,1742956219,web,Ibadan
R00754,O00020,impression,1752145344,web,Ibadan
R00754,O00049,click,1740165513,web,Ibadan
R00755,O00025,redeem,1751914720,mobile,Abuja
R00755,O00024,impression,1739245297,mobile,Abuja
R00755,O00117,click,1763239610,mobile,Abuja
R00755,O00117,click,1754867264,mobile,Abuja
R00755,O00109,impression,1757829020,mobile,Abuja
R00756,O00100,redeem,1756787670,mobile,Lagos
R00756,O00087,impression,1754723097,mobile,Lagos
R00756,O00001,impression,1761955530,mobile,Lagos
R00756,O00079,impression,1751065854,mobile,Lagos
R00757,O00055,click,1739106164,tablet,Ibadan
R00757,O00003,impression,1761353954,tablet,Ibadan
R00757,O00107,redeem,1757944570,tablet,Ibadan
R00757,O00113,click,1747794838,tablet,Ibadan
R00757,O00001,impression,1765330384,tablet,Ibadan
R00757,O00068,click,1745703240,tablet,Ibadan
R00757,O00068,impression,1748084798,tablet,Ibadan
R00757,O00082,impression,1735884681,tablet,Ibadan
R00757,O00078,impression,1761691975,tablet,Ibadan
R00757,O00040,click,1756429797,tablet,Ibadan
R00758,O00052,impression,1744010573,tablet,Enugu
R00758,O00009,click,1751995136,tablet,Enugu
R00758,O00037,impression,1743743298,tablet,Enugu
R00758,O00101,impression,1746973303,tablet,Enugu
R00758,O00067,click,1759037368,tablet,Enugu
R00758,O00104,impression,1741277465,tablet,Enugu
R00758,O00073,impression,1747225017,tablet,Enugu
R00758,O00004,impression,1760650867,tablet,Enugu
R00758,O00041,impression,1736191123,tablet,Enugu
R00759,O00037,click,1737648103,mobile,Lagos
R00759,O00015,redeem,1741558404,mobile,Lagos
R00759,O00037,redeem,1765099900,mobile,Lagos
R00759,O00001,click,1758230997,mobile,Lagos
R00759,O00068,impression,1742409147,mobile,Lagos
R00759,O00041,click,1755981372,mobile,Lagos
R00759,O00018,click,1746149547,mobile,Lagos
R00759,O00084,impression,1754833607,mobile,Lagos
R00759,O00037,click,1739090113,mobile,Lagos
R00760,O00053,impression,1751933851,web,Abuja
R00760,O00100,impression,1756740405,web,Abuja
R00760,O00107,click,1754762811,web,Abuja
R00760,O00079,impression,1750630616,web,Abuja
R00760,O00006,impression,1766675581,web,Abuja
R00761,O00011,impression,1764230174,mobile,Lagos
R00761,O00024,click,1736626982,mobile,Lagos
R00761,O00007,impression,1763227987,mobile,Lagos
R00761,O00096,impression,1764142254,mobile,Lagos
R00762,O00017,impression,1745440306,tablet,Abuja
R00762,O00037,click,1765336375,tablet,Abuja
R00762,O00031,click,1744992262,tablet,Abuja
R00762,O00017,click,1757167901,tablet,Abuja
R00762,O00035,impression,1761377410,tablet,Abuja
R00762,O00022,impression,1741153255,tablet,Abuja
R00763,O00095,redeem,1766168662,mobile,Abuja
R00763,O00080,impression,1752748166,mobile,Abuja
R00763,O00020,impression,1741642568,mobile,Abuja
R00763,O00102,impression,1757424211,mobile,Abuja
R00763,O00029,impression,1755734735,mobile,Abuja
R00763,O00095,impression,1751239854,mobile,Abuja
R00763,O00097,click,1746040825,mobile,Abuja
R00763,O00051,click,1754053952,mobile,Abuja
R00763,O00063,impression,1766276323,mobile,Abuja
R00764,O00115,impression,1749271540,web,Port Harcourt
R00764,O00072,impression,1765021114,web,Port Harcourt
R00764,O00089,impression,1752799237,web,Port Harcourt
R00764,O00099,redeem,1755251476,web,Port Harcourt
R00764,O00013,click,1736175516,web,Port Harcourt
R00764,O00066,impression,1738515747,web,Port Harcourt
R00764,O00073,impression,1742319566,web,Port Harcourt
R00764,O00059,click,1738845966,web,Port Harcourt
R00764,O00072,impression,1752345336,web,Port Harcourt
R00764,O00114,redeem,1736608423,web,Port Harcourt
R00765,O00001,impression,1756225992,web,Lagos
R00765,O00091,click,1761224900,web,Lagos
R00765,O00011,impression,1737172398,web,Lagos
R00765,O00042,impression,1764919637,web,Lagos
R00766,O00084,impression,1746867385,web,Ibadan
R00766,O00058,impression,1742744427,web,Ibadan
R00766,O00024,impression,1736543528,web,Ibadan
R00766,O00006,click,1752465013,web,Ibadan
R00766,O00102,click,1739502959,web,Ibadan
R00767,O00030,impression,1746368843,tablet,Enugu
R00767,O00028,impression,1745182338,tablet,Enugu
R00767,O00028,impression,1742311959,tablet,Enugu
R00767,O00093,impression,1760612200,tablet,Enugu
R00767,O00008,click,1749717902,tablet,Enugu
R00767,O00094,impression,1735772578,tablet,Enugu
R00767,O00048,impression,1747941729,tablet,Enugu
R00767,O00083,click,1755821259,tablet,Enugu
R00767,O00075,impression,1747448502,tablet,Enugu
R00767,O00010,impression,1752410918,tablet,Enugu
R00768,O00064,impression,1757346695,web,Ibadan
R00768,O00055,impression,1759060892,web,Ibadan
R00768,O00032,redeem,1764543831,web,Ibadan
R00768,O00037,impression,1752162304,web,Ibadan
R00769,O00106,redeem,1760597540,mobile,Lagos
R00769,O00048,impression,1745894975,mobile,Lagos
R00769,O00117,impression,1753155172,mobile,Lagos
R00769,O00072,click,1760300764,mobile,Lagos
R00769,O00117,impression,1756041054,mobile,Lagos
R00769,O00013,impression,1751491820,mobile,Lagos
R00770,O00027,impression,1753948783,web,Enugu
R00770,O00060,impression,1748029713,web,Enugu
R00770,O00116,impression,1755510030,web,Enugu
R00770,O00032,impression,1742091274,web,Enugu
R00770,O00064,impression,1761765597,web,Enugu
R00770,O00064,impression,1756193014,web,Enugu
R00770,O00059,click,1763576752,web,Enugu
R00770,O00037,impression,1743397024,web,Enugu
R00770,O00015,impression,1755865347,web,Enugu
R00770,O00040,impression,1748911050,web,Enugu
R00771,O00042,click,1743938768,mobile,Ibadan
R00771,O00118,click,1743176382,mobile,Ibadan
R00771,O00054,click,1744574380,mobile,Ibadan
R00771,O00011,impression,1761472613,mobile,Ibadan
R00771,O00116,impression,1738132316,mobile,Ibadan
R00771,O00091,impression,1758230837,mobile,Ibadan
R00772,O00074,redeem,1765342189,mobile,Lagos
R00772,O00073,redeem,1757780205,mobile,Lagos
R00772,O00002,impression,1743580366,mobile,Lagos
R00772,O00021,impression,1753183179,mobile,Lagos
R00772,O00031,impression,1754042728,mobile,Lagos
R00772,O00090,click,1747650386,mobile,Lagos
R00772,O00053,impression,1759105912,mobile,Lagos
R00772,O00016,click,1759043270,mobile,Lagos
R00773,O00003,impression,1746735818,mobile,Lagos
R00773,O00054,click,1745088708,mobile,Lagos
R00773,O00020,impression,1756000303,mobile,Lagos
R00773,O00116,impression,1757621301,mobile,Lagos
R00773,O00095,impression,1757105938,mobile,Lagos
R00773,O00110,impression,1740467182,mobile,Lagos
R00773,O00075,impression,1761602096,mobile,Lagos
R00773,O00080,click,1752021707,mobile,Lagos
R00773,O00005,redeem,1745005935,mobile,Lagos
R00773,O00080,click,1741374284,mobile,Lagos
R00774,O00036,click,1748855436,web,Ibadan
R00774,O00049,impression,1757697922,web,Ibadan
R00774,O00081,click,1748692419,web,Ibadan
R00774,O00039,impression,1758300515,web,Ibadan
R00774,O00036,redeem,1754126961,web,Ibadan
R00774,O00049,impression,1761052653,web,Ibadan
R00775,O00014,impression,1756303008,mobile,Enugu
R00775,O00014,impression,1743847515,mobile,Enugu
R00775,O00106,redeem,1745577631,mobile,Enugu
R00775,O00114,click,1758096237,mobile,Enugu
R00775,O00103,impression,1743143345,mobile,Enugu
R00775,O00013,redeem,1746581811,mobile,Enugu
R00775,O00013,click,1755535792,mobile,Enugu
R00775,O00112,impression,1746375618,mobile,Enugu
R00775,O00059,redeem,1753066675,mobile,Enugu
R00776,O00083,impression,1751832168,web,Ibadan
R00776,O00010,impression,1755161510,web,Ibadan
R00776,O00089,redeem,1747043050,web,Ibadan
R00776,O00024,impression,1736880133,web,Ibadan
R00776,O00061,impression,1761777183,web,Ibadan
R00776,O00107,click,1759591980,web,Ibadan
R00776,O00095,impression,1741648820,web,Ibadan
R00776,O00083,click,1763141837,web,Ibadan
R00776,O00002,impression,1746152739,web,Ibadan
R00776,O00083,impression,1748431811,web,Ibadan
R00777,O00086,click,1738867592,tablet,Lagos
R00777,O00037,impression,1750050640,tablet,Lagos
R00777,O00116,redeem,1757394276,tablet,Lagos
R00777,O00017,impression,1750091873,tablet,Lagos
R00777,O00060,impression,1739702073,tablet,Lagos
R00778,O00025,impression,1761942838,web,Port Harcourt
R00778,O00014,click,1750811450,web,Port Harcourt
R00778,O00058,impression,1758110898,web,Port Harcourt
R00778,O00088,impression,1737375235,web,Port Harcourt
R00778,O00013,impression,1758653446,web,Port Harcourt
R00779,O00105,click,1741389213,tablet,Abuja
R00779,O00041,impression,1759077839,tablet,Abuja
R00779,O00043,impression,1738084749,tablet,Abuja
R00779,O00009,click,1740528883,tablet,Abuja
R00779,O00111,impression,1748155780,tablet,Abuja
R00779,O00042,impression,1751169320,tablet,Abuja
R00779,O00086,click,1764006032,tablet,Abuja
R00780,O00105,redeem,1739799944,tablet,Ibadan
R00780,O00092,impression,1763093836,tablet,Ibadan
R00780,O00033,redeem,1743727871,tablet,Ibadan
R00780,O00028,click,1737265109,tablet,Ibadan
R00780,O00070,impression,1758449653,tablet,Ibadan
R00780,O00052,click,1751486569,tablet,Ibadan
R00780,O00016,impression,1740805291,tablet,Ibadan
R00780,O00034,impression,1763376707,tablet,Ibadan
R00781,O00038,impression,1745130959,web,Port Harcourt
R00781,O00033,impression,1758090483,web,Port Harcourt
R00781,O00034,impression,1746236175,web,Port Harcourt
R00781,O00041,click,1756377431,web,Port Harcourt
R00781,O00009,impression,1749571132,web,Port Harcourt
R00781,O00104,redeem,1746756467,web,Port Harcourt
R00781,O00076,impression,1760733871,web,Port Harcourt
R00781,O00070,impression,1748035127,web,Port Harcourt
R00781,O00042,impression,1757310842,web,Port Harcourt
R00781,O00041,impression,1760623282,web,Port Harcourt
R00782,O00025,impression,1751506241,mobile,Lagos
R00782,O00063,click,1752615982,mobile,Lagos
R00782,O00112,impression,1746434129,mobile,Lagos
R00782,O00058,click,1748669133,mobile,Lagos
R00782,O00102,impression,1758812207,mobile,Lagos
R00782,O00106,impression,1739096536,mobile,Lagos
R00782,O00011,impression,1744144840,mobile,Lagos
R00782,O00088,impression,1748060059,mobile,Lagos
R00782,O00024,impression,1743948489,mobile,Lagos
R00782,O00025,click,1757474834,mobile,Lagos
R00783,O00061,click,1751437648,tablet,Lagos
R00783,O00012,click,1750443127,tablet,Lagos
R00783,O00069,click,1749213897,tablet,Lagos
R00783,O00089,click,1751151966,tablet,Lagos
R00784,O00059,click,1754734847,tablet,Port Harcourt
R00784,O00088,click,1765342057,tablet,Port Harcourt
R00784,O00102,impression,1755307029,tablet,Port Harcourt
R00784,O00026,impression,1752550743,tablet,Port Harcourt
R00784,O00084,impression,1752890693,tablet,Port Harcourt
R00784,O00024,impression,1752270047,tablet,Port Harcourt
R00784,O00059,impression,1752951363,tablet,Port Harcourt
R00785,O00031,impression,1752633386,tablet,Port Harcourt
R00785,O00018,click,1736104832,tablet,Port Harcourt
R00785,O00003,click,1757117877,tablet,Port Harcourt
R00785,O00078,click,1739100165,tablet,Port Harcourt
R00786,O00045,click,1744562366,mobile,Abuja
R00786,O00049,click,1758968752,mobile,Abuja
R00786,O00120,impression,1753784436,mobile,Abuja
R00786,O00049,impression,1747713110,mobile,Abuja
R00786,O00051,impression,1748793384,mobile,Abuja
R00786,O00045,impression,1741083013,mobile,Abuja
R00786,O00020,impression,1755277144,mobile,Abuja
R00786,O00039,redeem,1752805986,mobile,Abuja
R00786,O00101,click,1754443961,mobile,Abuja
R00787,O00103,impression,1741840260,web,Ibadan
R00787,O00103,impression,1757762193,web,Ibadan
R00787,O00060,redeem,1758828501,web,Ibadan
R00787,O00107,click,1756373646,web,Ibadan
R00787,O00064,redeem,1751133140,web,Ibadan
R00787,O00015,impression,1743456495,web,Ibadan
R00787,O00060,impression,1753037414,web,Ibadan
R00788,O00106,click,1757722470,web,Ibadan
R00788,O00116,click,1762322006,web,Ibadan
R00788,O00032,impression,1748444349,web,Ibadan
R00788,O00018,redeem,1753075422,web,Ibadan
R00788,O00027,impression,1754693928,web,Ibadan
R00788,O00017,impression,1748235407,web,Ibadan
R00788,O00064,click,1741996918,web,Ibadan
R00788,O00107,click,1759307319,web,Ibadan
R00789,O00017,impression,1736073432,mobile,Abuja
R00789,O00093,impression,1747697619,mobile,Abuja
R00789,O00020,click,1752187474,mobile,Abuja
R00789,O00120,click,1743583785,mobile,Abuja
R00789,O00044,click,1763776131,mobile,Abuja
R00789,O00036,click,1743920782,mobile,Abuja
R00789,O00020,impression,1743710303,mobile,Abuja
R00789,O00093,impression,1762772046,mobile,Abuja
R00789,O00075,click,1744981335,mobile,Abuja
R00790,O00048,click,1742986651,mobile,Lagos
R00790,O00097,click,1739047003,mobile,Lagos
R00790,O00036,impression,1747493389,mobile,Lagos
R00790,O00001,redeem,1743271956,mobile,Lagos
R00790,O00029,impression,1753671195,mobile,Lagos
R00790,O00104,impression,1742630821,mobile,Lagos
R00790,O00101,click,1761234894,mobile,Lagos
R00790,O00081,impression,1761781337,mobile,Lagos
R00790,O00080,click,1737040136,mobile,Lagos
R00790,O00056,click,1748809069,mobile,Lagos
R00791,O00082,impression,1764354507,web,Ibadan
R00791,O00048,click,1737913026,web,Ibadan
R00791,O00026,redeem,1748437692,web,Ibadan
R00791,O00098,impression,1745352902,web,Ibadan
R00791,O00033,impression,1747713184,web,Ibadan
R00791,O00061,click,1744890317,web,Ibadan
R00792,O00088,click,1751824740,mobile,Lagos
R00792,O00066,click,1756165464,mobile,Lagos
R00792,O00101,redeem,1741222776,mobile,Lagos
R00792,O00066,impression,1760828578,mobile,Lagos
R00793,O00105,impression,1758987614,mobile,Lagos
R00793,O00105,click,1750008776,mobile,Lagos
R00793,O00052,impression,1737513382,mobile,Lagos
R00793,O00073,impression,1743749395,mobile,Lagos
R00793,O00073,impression,1754598852,mobile,Lagos
R00793,O00008,impression,1758550325,mobile,Lagos
R00793,O00073,click,1737192645,mobile,Lagos
R00794,O00009,impression,1736182811,tablet,Ibadan
R00794,O00038,impression,1736217158,tablet,Ibadan
R00794,O00004,click,1757752636,tablet,Ibadan
R00794,O00098,redeem,1752611372,tablet,Ibadan
R00794,O00086,impression,1755659023,tablet,Ibadan
R00794,O00104,impression,1755585643,tablet,Ibadan
R00794,O00033,impression,1751097097,tablet,Ibadan
R00794,O00086,impression,1752807153,tablet,Ibadan
R00795,O00119,click,1751022907,tablet,Port Harcourt
R00795,O00015,impression,1758412149,tablet,Port Harcourt
R00795,O00085,click,1762527958,tablet,Port Harcourt
R00795,O00027,click,1750600479,tablet,Port Harcourt
R00796,O00053,impression,1743869929,mobile,Abuja
R00796,O00078,impression,1747239782,mobile,Abuja
R00796,O00017,impression,1740954722,mobile,Abuja
R00796,O00031,impression,1736197103,mobile,Abuja
R00796,O00068,click,1743565146,mobile,Abuja
R00796,O00055,impression,1756949935,mobile,Abuja
R00796,O00060,impression,1765719597,mobile,Abuja
R00796,O00119,click,1755324800,mobile,Abuja
R00796,O00027,click,1736454584,mobile,Abuja
R00796,O00017,impression,1756203263,mobile,Abuja
R00797,O00063,impression,1742830489,tablet,Enugu
R00797,O00014,click,1745355917,tablet,Enugu
R00797,O00013,click,1757237228,tablet,Enugu
R00797,O00013,impression,1738836957,tablet,Enugu
R00797,O00114,impression,1757974023,tablet,Enugu
R00797,O00117,click,1740830461,tablet,Enugu
R00797,O00013,impression,1740865218,tablet,Enugu
R00798,O00025,click,1755980719,tablet,Lagos
R00798,O00024,click,1750349166,tablet,Lagos
R00798,O00025,impression,1738332379,tablet,Lagos
R00798,O00014,click,1736278796,tablet,Lagos
R00798,O00106,impression,1761231217,tablet,Lagos
R00798,O00058,click,1766619013,tablet,Lagos
R00798,O00108,impression,1741020036,tablet,Lagos
R00798,O00117,impression,1743964268,tablet,Lagos
R00798,O00114,impression,1746358237,tablet,Lagos
R00799,O00024,impression,1749980410,mobile,Enugu
R00799,O00099,click,1754660318,mobile,Enugu
R00799,O00058,impression,1737162933,mobile,Enugu
R00799,O00045,impression,1747617914,mobile,Enugu
R00799,O00013,impression,1739826455,mobile,Enugu
R00799,O00106,click,1751199619,mobile,Enugu
R00799,O00102,impression,1752691744,mobile,Enugu
R00800,O00045,click,1744968424,mobile,Abuja
R00800,O00012,impression,1739621342,mobile,Abuja
R00800,O00081,impression,1749669131,mobile,Abuja
R00800,O00045,redeem,1753835021,mobile,Abuja
R00800,O00101,impression,1744419713,mobile,Abuja
R00800,O00039,impression,1738727356,mobile,Abuja
R00801,O00026,redeem,1762654761,mobile,Port Harcourt
R00801,O00038,impression,1736334648,mobile,Port Harcourt
R00801,O00073,click,1745174293,mobile,Port Harcourt
R00801,O00076,click,1738046800,mobile,Port Harcourt
R00801,O00041,click,1761238223,mobile,Port Harcourt
R00801,O00004,click,1766643745,mobile,Port Harcourt
R00802,O00041,impression,1741982742,web,Port Harcourt
R00802,O00070,impression,1744144807,web,Port Harcourt
R00802,O00004,click,1746529810,web,Port Harcourt
R00802,O00114,click,1755920981,web,Port Harcourt
R00802,O00009,click,1757782375,web,Port Harcourt
R00802,O00104,impression,1754391279,web,Port Harcourt
R00803,O00061,impression,1763021930,tablet,Lagos
R00803,O00108,impression,1737157616,tablet,Lagos
R00803,O00089,click,1746783462,tablet,Lagos
R00803,O00021,click,1749576451,tablet,Lagos
R00803,O00047,impression,1765902306,tablet,Lagos
R00803,O00090,impression,1762049538,tablet,Lagos
R00803,O00021,impression,1739946613,tablet,Lagos
R00804,O00056,click,1766472098,mobile,Lagos
R00804,O00080,click,1740081837,mobile,Lagos
R00804,O00031,impression,1756165550,mobile,Lagos
R00804,O00103,impression,1751333195,mobile,Lagos
R00804,O00049,impression,1736162688,mobile,Lagos
R00804,O00020,impression,1755447723,mobile,Lagos
R00804,O00120,impression,1747671329,mobile,Lagos
R00804,O00116,click,1750267941,mobile,Lagos
R00804,O00054,impression,1757399325,mobile,Lagos
R00805,O00015,impression,1758746688,mobile,Abuja
R00805,O00078,impression,1738716550,mobile,Abuja
R00805,O00113,impression,1754804578,mobile,Abuja
R00805,O00068,click,1763677074,mobile,Abuja
R00805,O00018,click,1756164662,mobile,Abuja
R00805,O00105,impression,1743745481,mobile,Abuja
R00805,O00015,click,1763020494,mobile,Abuja
R00805,O00113,click,1745619525,mobile,Abuja
R00805,O00003,impression,1739337082,mobile,Abuja
R00805,O00076,redeem,1756018909,mobile,Abuja
R00806,O00057,impression,1747793544,mobile,Port Harcourt
R00806,O00086,impression,1752591810,mobile,Port Harcourt
R00806,O00041,redeem,1756481615,mobile,Port Harcourt
R00806,O00086,click,1749176038,mobile,Port Harcourt
R00806,O00104,click,1759212129,mobile,Port Harcourt
R00807,O00071,redeem,1758647164,web,Port Harcourt
R00807,O00100,click,1764442227,web,Port Harcourt
R00807,O00053,impression,1742250929,web,Port Harcourt
R00807,O00079,impression,1748099757,web,Port Harcourt
R00807,O00053,impression,1760940642,web,Port Harcourt
R00807,O00001,impression,1745926933,web,Port Harcourt
R00807,O00118,impression,1738309039,web,Port Harcourt
R00807,O00008,impression,1763489723,web,Port Harcourt
R00807,O00115,impression,1751724301,web,Port Harcourt
R00808,O00092,impression,1753251285,web,Abuja
R00808,O00046,impression,1749286486,web,Abuja
R00808,O00054,impression,1748644083,web,Abuja
R00808,O00029,redeem,1744684794,web,Abuja
R00808,O00110,impression,1765113673,web,Abuja
R00808,O00054,impression,1759252719,web,Abuja
R00808,O00045,impression,1737309235,web,Abuja
R00808,O00045,click,1758280793,web,Abuja
R00808,O00112,impression,1758105029,web,Abuja
R00809,O00106,click,1755406933,mobile,Lagos
R00809,O00027,impression,1740439808,mobile,Lagos
R00809,O00050,impression,1759575037,mobile,Lagos
R00809,O00102,click,1766754255,mobile,Lagos
R00810,O00052,impression,1765191559,tablet,Lagos
R00810,O00009,impression,1750733630,tablet,Lagos
R00810,O00082,click,1739356261,tablet,Lagos
R00810,O00043,click,1752615831,tablet,Lagos
R00811,O00076,impression,1749274183,tablet,Enugu
R00811,O00052,click,1740431230,tablet,Enugu
R00811,O00043,click,1736670395,tablet,Enugu
R00811,O00073,impression,1755034308,tablet,Enugu
R00811,O00073,click,1752134548,tablet,Enugu
R00811,O00070,click,1755189517,tablet,Enugu
R00811,O00086,click,1759317618,tablet,Enugu
R00812,O00086,click,1739002263,mobile,Abuja
R00812,O00042,redeem,1764895747,mobile,Abuja
R00812,O00041,click,1748045861,mobile,Abuja
R00812,O00043,impression,1749401875,mobile,Abuja
R00812,O00026,click,1741998270,mobile,Abuja
R00813,O00103,impression,1757630405,mobile,Enugu
R00813,O00007,click,1754061068,mobile,Enugu
R00813,O00081,impression,1742029812,mobile,Enugu
R00813,O00036,impression,1735963741,mobile,Enugu
R00813,O00110,impression,1762729523,mobile,Enugu
R00813,O00080,impression,1735892375,mobile,Enugu
R00813,O00056,click,1748361071,mobile,Enugu
R00813,O00097,impression,1750261865,mobile,Enugu
R00813,O00075,impression,1748670393,mobile,Enugu
R00814,O00065,impression,1748970754,tablet,Port Harcourt
R00814,O00020,impression,1762768048,tablet,Port Harcourt
R00814,O00053,impression,1736241862,tablet,Port Harcourt
R00814,O00024,impression,1763990851,tablet,Port Harcourt
R00814,O00022,impression,1754037155,tablet,Port Harcourt
R00814,O00077,impression,1746411379,tablet,Port Harcourt
R00815,O00001,impression,1741233068,mobile,Enugu
R00815,O00118,impression,1766598862,mobile,Enugu
R00815,O00046,impression,1740935843,mobile,Enugu
R00815,O00023,redeem,1739611073,mobile,Enugu
R00815,O00115,impression,1746544364,mobile,Enugu
R00815,O00079,click,1744117520,mobile,Enugu
R00816,O00114,impression,1740810913,mobile,Enugu
R00816,O00046,click,1742538783,mobile,Enugu
R00816,O00106,click,1757415984,mobile,Enugu
R00816,O00088,impression,1737146395,mobile,Enugu
R00816,O00061,redeem,1736934350,mobile,Enugu
R00816,O00099,impression,1763043794,mobile,Enugu
R00816,O00024,impression,1763570791,mobile,Enugu
R00816,O00091,click,1758121818,mobile,Enugu
R00816,O00084,impression,1756047693,mobile,Enugu
R00817,O00080,impression,1762184435,mobile,Abuja
R00817,O00007,impression,1743968174,mobile,Abuja
R00817,O00112,impression,1759777263,mobile,Abuja
R00817,O00039,click,1749391955,mobile,Abuja
R00817,O00101,click,1751217057,mobile,Abuja
R00817,O00101,click,1762901110,mobile,Abuja
R00818,O00034,click,1751225616,tablet,Ibadan
R00818,O00039,click,1743160773,tablet,Ibadan
R00818,O00036,impression,1754499485,tablet,Ibadan
R00818,O00103,impression,1738000066,tablet,Ibadan
R00818,O00056,impression,1762762230,tablet,Ibadan
R00818,O00022,impression,1754629031,tablet,Ibadan
R00819,O00040,impression,1758672947,mobile,Enugu
R00819,O00109,impression,1743283555,mobile,Enugu
R00819,O00057,redeem,1739525501,mobile,Enugu
R00819,O00014,click,1739489446,mobile,Enugu
R00819,O00061,click,1761116480,mobile,Enugu
R00820,O00001,impression,1739107004,mobile,Ibadan
R00820,O00035,click,1742023466,mobile,Ibadan
R00820,O00025,impression,1740630212,mobile,Ibadan
R00820,O00085,click,1754737572,mobile,Ibadan
R00820,O00107,impression,1744315402,mobile,Ibadan
R00820,O00107,impression,1738612179,mobile,Ibadan
R00820,O00020,click,1749997832,mobile,Ibadan
R00820,O00064,impression,1765637324,mobile,Ibadan
R00820,O00040,click,1756888461,mobile,Ibadan
R00820,O00050,impression,1759875691,mobile,Ibadan
R00821,O00007,click,1756750041,mobile,Lagos
R00821,O00099,click,1746809992,mobile,Lagos
R00821,O00079,impression,1744970223,mobile,Lagos
R00821,O00093,click,1735989583,mobile,Lagos
R00822,O00049,impression,1743646921,mobile,Abuja
R00822,O00095,impression,1744350609,mobile,Abuja
R00822,O00039,click,1740504287,mobile,Abuja
R00822,O00029,impression,1740521620,mobile,Abuja
R00822,O00110,impression,1742913476,mobile,Abuja
R00822,O00101,impression,1749004467,mobile,Abuja
R00822,O00095,impression,1745213307,mobile,Abuja
R00823,O00068,impression,1752785996,web,Abuja
R00823,O00067,redeem,1765762428,web,Abuja
R00823,O00032,impression,1750404222,web,Abuja
R00823,O00027,impression,1748931092,web,Abuja
R00823,O00060,click,1766228150,web,Abuja
R00823,O00015,click,1756334481,web,Abuja
R00823,O00106,impression,1751556481,web,Abuja
R00823,O00015,click,1755665950,web,Abuja
R00824,O00072,impression,1745817319,tablet,Ibadan
R00824,O00066,impression,1764949290,tablet,Ibadan
R00824,O00102,impression,1752309461,tablet,Ibadan
R00824,O00059,click,1741592188,tablet,Ibadan
R00824,O00117,impression,1759534114,tablet,Ibadan
R00824,O00102,impression,1738574626,tablet,Ibadan
R00824,O00013,impression,1753931946,tablet,Ibadan
R00824,O00014,impression,1747534316,tablet,Ibadan
R00824,O00084,click,1751300177,tablet,Ibadan
R00824,O00066,click,1756952481,tablet,Ibadan
R00825,O00100,click,1736961091,tablet,Lagos
R00825,O00046,impression,1735993787,tablet,Lagos
R00825,O00071,click,1752620502,tablet,Lagos
R00825,O00120,impression,1749022387,tablet,Lagos
R00825,O00003,click,1757738835,tablet,Lagos
R00825,O00071,impression,1737274115,tablet,Lagos
R00826,O00024,click,1737288236,mobile,Abuja
R00826,O00104,impression,1747592041,mobile,Abuja
R00826,O00102,impression,1753649101,mobile,Abuja
R00826,O00062,impression,1747547928,mobile,Abuja
R00826,O00059,click,1757129190,mobile,Abuja
R00826,O00066,click,1756445607,mobile,Abuja
R00826,O00025,impression,1746295508,mobile,Abuja
R00826,O00013,click,1748596055,mobile,Abuja
R00826,O00014,impression,1737131088,mobile,Abuja
R00826,O00025,impression,1755607751,mobile,Abuja
R00827,O00102,click,1756506263,web,Abuja
R00827,O00024,impression,1755713179,web,Abuja
R00827,O00088,click,1749875820,web,Abuja
R00827,O00072,click,1756080444,web,Abuja
R00827,O00044,click,1749693813,web,Abuja
R00827,O00084,redeem,1752404497,web,Abuja
R00827,O00013,impression,1746363754,web,Abuja
R00827,O00058,impression,1742395800,web,Abuja
R00827,O00112,impression,1756973865,web,Abuja
R00827,O00025,impression,1740038794,web,Abuja
R00828,O00111,impression,1764714302,mobile,Ibadan
R00828,O00053,impression,1756188897,mobile,Ibadan
R00828,O00087,impression,1735773595,mobile,Ibadan
R00828,O00087,impression,1763441508,mobile,Ibadan
R00828,O00115,click,1744621641,mobile,Ibadan
R00828,O00071,impression,1743739224,mobile,Ibadan
R00828,O00062,impression,1749071698,mobile,Ibadan
R00829,O00110,impression,1757653566,mobile,Ibadan
R00829,O00097,impression,1738110343,mobile,Ibadan
R00829,O00028,click,1757661834,mobile,Ibadan
R00829,O00081,redeem,1754279761,mobile,Ibadan
R00829,O00016,impression,1742812870,mobile,Ibadan
R00829,O00045,impression,1743114948,mobile,Ibadan
R00829,O00103,click,1756432953,mobile,Ibadan
R00829,O00007,click,1753409998,mobile,Ibadan
R00829,O00093,redeem,1750602977,mobile,Ibadan
R00830,O00039,click,1755511097,mobile,Ibadan
R00830,O00007,impression,1760093701,mobile,Ibadan
R00830,O00039,impression,1747530969,mobile,Ibadan
R00830,O00093,impression,1763357551,mobile,Ibadan
R00830,O00081,impression,1748887489,mobile,Ibadan
R00830,O00039,impression,1756021033,mobile,Ibadan
R00830,O00047,impression,1757787875,mobile,Ibadan
R00830,O00097,click,1753198827,mobile,Ibadan
R00830,O00045,redeem,1755855754,mobile,Ibadan
R00830,O00099,click,1750123438,mobile,Ibadan
R00831,O00105,click,1736071927,mobile,Port Harcourt
R00831,O00111,impression,1760111342,mobile,Port Harcourt
R00831,O00042,impression,1743535775,mobile,Port Harcourt
R00831,O00004,impression,1736411709,mobile,Port Harcourt
R00831,O00086,click,1756894565,mobile,Port Harcourt
R00832,O00033,redeem,1744475843,web,Ibadan
R00832,O00066,impression,1742043545,web,Ibadan
R00832,O00111,click,1766849468,web,Ibadan
R00832,O00091,redeem,1742474988,web,Ibadan
R00832,O00034,click,1761768060,web,Ibadan
R00833,O00077,click,1743135481,mobile,Port Harcourt
R00833,O00050,impression,1748609624,mobile,Port Harcourt
R00833,O00050,impression,1737315710,mobile,Port Harcourt
R00833,O00100,impression,1755763725,mobile,Port Harcourt
R00833,O00011,impression,1755293560,mobile,Port Harcourt
R00833,O00023,impression,1736222828,mobile,Port Harcourt
R00833,O00006,click,1738149438,mobile,Port Harcourt
R00833,O00011,redeem,1740085552,mobile,Port Harcourt
R00833,O00053,impression,1746340304,mobile,Port Harcourt
R00833,O00117,click,1763847081,mobile,Port Harcourt
R00834,O00095,impression,1764479481,mobile,Ibadan
R00834,O00081,impression,1736900718,mobile,Ibadan
R00834,O00120,click,1740196450,mobile,Ibadan
R00834,O00052,impression,1750340101,mobile,Ibadan
R00834,O00039,click,1738729800,mobile,Ibadan
R00834,O00093,impression,1738094322,mobile,Ibadan
R00834,O00095,click,1740628733,mobile,Ibadan
R00834,O00051,click,1746194842,mobile,Ibadan
R00834,O00095,redeem,1754035936,mobile,Ibadan
R00834,O00036,impression,1738496533,mobile,Ibadan
R00835,O00114,impression,1756763260,mobile,Abuja
R00835,O00025,impression,1736091643,mobile,Abuja
R00835,O00013,click,1760368514,mobile,Abuja
R00835,O00064,impression,1758111049,mobile,Abuja
R00835,O00072,redeem,1749453568,mobile,Abuja
R00835,O00071,impression,1766244797,mobile,Abuja
R00835,O00014,impression,1760737054,mobile,Abuja
R00835,O00112,impression,1762430808,mobile,Abuja
R00835,O00058,impression,1763108918,mobile,Abuja
R00835,O00014,impression,1765244947,mobile,Abuja
R00836,O00008,click,1745290325,web,Port Harcourt
R00836,O00082,redeem,1742047398,web,Port Harcourt
R00836,O00120,click,1740549910,web,Port Harcourt
R00836,O00010,click,1761134992,web,Port Harcourt
R00836,O00090,click,1752259171,web,Port Harcourt
R00836,O00108,impression,1764262782,web,Port Harcourt
R00836,O00120,click,1766160654,web,Port Harcourt
R00836,O00112,impression,1760949879,web,Port Harcourt
R00836,O00094,impression,1741649201,web,Port Harcourt
R00836,O00098,impression,1736969188,web,Port Harcourt
R00837,O00106,redeem,1736382931,tablet,Port Harcourt
R00837,O00007,impression,1748783683,tablet,Port Harcourt
R00837,O00039,redeem,1764941968,tablet,Port Harcourt
R00837,O00056,impression,1745415653,tablet,Port Harcourt
R00837,O00027,impression,1737466093,tablet,Port Harcourt
R00837,O00075,click,1752571661,tablet,Port Harcourt
R00837,O00080,impression,1766120724,tablet,Port Harcourt
R00838,O00060,impression,1742020884,tablet,Lagos
R00838,O00116,impression,1738531756,tablet,Lagos
R00838,O00038,impression,1741185919,tablet,Lagos
R00838,O00078,click,1739366194,tablet,Lagos
R00838,O00027,impression,1740304940,tablet,Lagos
R00838,O00003,redeem,1740296550,tablet,Lagos
R00839,O00046,impression,1754174903,web,Lagos
R00839,O00053,click,1749045345,web,Lagos
R00839,O00106,impression,1765262698,web,Lagos
R00839,O00023,click,1754000224,web,Lagos
R00839,O00079,click,1755367395,web,Lagos
R00839,O00087,click,1764344760,web,Lagos
R00839,O00079,impression,1745076546,web,Lagos
R00839,O00006,click,1766965960,web,Lagos
R00840,O00099,impression,1754838831,web,Abuja
R00840,O00006,click,1743589079,web,Abuja
R00840,O00101,click,1750302488,web,Abuja
R00840,O00103,impression,1740702393,web,Abuja
R00840,O00054,impression,1736657421,web,Abuja
R00841,O00083,click,1748212548,mobile,Ibadan
R00841,O00094,click,1759053310,mobile,Ibadan
R00841,O00041,impression,1766369484,mobile,Ibadan
R00841,O00094,click,1765418715,mobile,Ibadan
R00841,O00069,click,1748914865,mobile,Ibadan
R00841,O00048,click,1761273295,mobile,Ibadan
R00841,O00090,redeem,1761656389,mobile,Ibadan
R00841,O00044,impression,1762980986,mobile,Ibadan
R00841,O00058,impression,1753676904,mobile,Ibadan
R00841,O00109,click,1740717268,mobile,Ibadan
R00842,O00069,redeem,1745960896,web,Lagos
R00842,O00109,click,1754815372,web,Lagos
R00842,O00089,impression,1736229744,web,Lagos
R00842,O00028,impression,1736187574,web,Lagos
R00842,O00091,impression,1763248526,web,Lagos
R00843,O00074,click,1747466499,web,Enugu
R00843,O00061,click,1751031299,web,Enugu
R00843,O00083,click,1761349911,web,Enugu
R00843,O00089,click,1758464984,web,Enugu
R00843,O00096,impression,1735771247,web,Enugu
R00843,O00028,click,1747098278,web,Enugu
R00843,O00082,impression,1758034035,web,Enugu
R00843,O00044,redeem,1757204245,web,Enugu
R00843,O00005,click,1754058332,web,Enugu
R00844,O00073,click,1750251113,tablet,Port Harcourt
R00844,O00105,impression,1757027203,tablet,Port Harcourt
R00844,O00073,impression,1762438192,tablet,Port Harcourt
R00844,O00052,click,1746030392,tablet,Port Harcourt
R00844,O00038,click,1763295240,tablet,Port Harcourt
R00845,O00030,redeem,1762071921,tablet,Enugu
R00845,O00072,click,1760466894,tablet,Enugu
R00845,O00048,impression,1759354080,tablet,Enugu
R00845,O00050,impression,1738112355,tablet,Enugu
R00845,O00048,impression,1759996977,tablet,Enugu
R00846,O00008,impression,1755647872,tablet,Lagos
R00846,O00098,impression,1759778699,tablet,Lagos
R00846,O00012,impression,1754657892,tablet,Lagos
R00846,O00059,click,1750414492,tablet,Lagos
R00846,O00061,click,1759706706,tablet,Lagos
R00846,O00048,click,1760843618,tablet,Lagos
R00846,O00074,impression,1746046110,tablet,Lagos
R00846,O00028,click,1757609276,tablet,Lagos
R00846,O00094,impression,1761702432,tablet,Lagos
R00847,O00057,redeem,1761947762,tablet,Port Harcourt
R00847,O00010,impression,1743263163,tablet,Port Harcourt
R00847,O00066,click,1752302060,tablet,Port Harcourt
R00847,O00057,impression,1737291494,tablet,Port Harcourt
R00847,O00029,impression,1738837197,tablet,Port Harcourt
R00847,O00090,impression,1762637817,tablet,Port Harcourt
R00847,O00094,redeem,1738193053,tablet,Port Harcourt
R00847,O00048,click,1748788903,tablet,Port Harcourt
R00847,O00098,impression,1758022539,tablet,Port Harcourt
R00848,O00039,click,1739227647,web,Ibadan
R00848,O00077,redeem,1741343970,web,Ibadan
R00848,O00120,impression,1746514268,web,Ibadan
R00848,O00056,impression,1745354427,web,Ibadan
R00848,O00007,impression,1765484924,web,Ibadan
R00848,O00073,impression,1752192896,web,Ibadan
R00848,O00089,impression,1736354096,web,Ibadan
R00848,O00056,impression,1746064241,web,Ibadan
R00848,O00105,click,1742275140,web,Ibadan
R00849,O00006,impression,1748901597,web,Ibadan
R00849,O00050,click,1753061860,web,Ibadan
R00849,O00090,impression,1765330941,web,Ibadan
R00849,O00001,impression,1757065561,web,Ibadan
R00849,O00066,click,1744646943,web,Ibadan
R00849,O00091,impression,1739337553,web,Ibadan
R00850,O00039,impression,1754786365,mobile,Enugu
R00850,O00075,impression,1757310209,mobile,Enugu
R00850,O00120,click,1742968607,mobile,Enugu
R00850,O00081,impression,1740074636,mobile,Enugu
R00850,O00110,impression,1747878076,mobile,Enugu
R00851,O00077,click,1739631018,web,Port Harcourt
R00851,O00023,click,1738058327,web,Port Harcourt
R00851,O00041,impression,1760788299,web,Port Harcourt
R00851,O00105,impression,1754429908,web,Port Harcourt
R00852,O00036,click,1754953828,tablet,Lagos
R00852,O00075,impression,1743454477,tablet,Lagos
R00852,O00081,redeem,1760408434,tablet,Lagos
R00852,O00065,click,1754180509,tablet,Lagos
R00852,O00080,impression,1743818831,tablet,Lagos
R00852,O00101,impression,1744542954,tablet,Lagos
R00853,O00098,click,1736602366,tablet,Enugu
R00853,O00004,impression,1736409807,tablet,Enugu
R00853,O00069,impression,1755346241,tablet,Enugu
R00853,O00012,impression,1753060691,tablet,Enugu
R00853,O00083,impression,1748035284,tablet,Enugu
R00853,O00089,click,1758901197,tablet,Enugu
R00853,O00108,impression,1745456597,tablet,Enugu
R00853,O00115,click,1759084804,tablet,Enugu
R00854,O00035,impression,1738492523,tablet,Lagos
R00854,O00078,impression,1747397692,tablet,Lagos
R00854,O00017,click,1744769254,tablet,Lagos
R00854,O00055,impression,1747212901,tablet,Lagos
R00854,O00015,impression,1738781625,tablet,Lagos
R00854,O00019,redeem,1759321127,tablet,Lagos
R00854,O00040,impression,1744410856,tablet,Lagos
R00854,O00085,impression,1756859561,tablet,Lagos
R00854,O00015,redeem,1741536845,tablet,Lagos
R00855,O00024,click,1751620138,mobile,Lagos
R00855,O00113,impression,1740861457,mobile,Lagos
R00855,O00066,impression,1746373949,mobile,Lagos
R00855,O00088,impression,1766384323,mobile,Lagos
R00856,O00060,impression,1738844544,mobile,Enugu
R00856,O00037,click,1739141945,mobile,Enugu
R00856,O00068,click,1750518828,mobile,Enugu
R00856,O00119,impression,1754163415,mobile,Enugu
R00856,O00059,redeem,1739238925,mobile,Enugu
R00856,O00031,click,1756450457,mobile,Enugu
R00856,O00060,click,1742299301,mobile,Enugu
R00857,O00057,impression,1749823427,web,Lagos
R00857,O00047,click,1748871267,web,Lagos
R00857,O00061,impression,1766866798,web,Lagos
R00857,O00057,impression,1763122486,web,Lagos
R00858,O00088,impression,1741406715,tablet,Lagos
R00858,O00072,impression,1751625367,tablet,Lagos
R00858,O00015,impression,1753867144,tablet,Lagos
R00858,O00114,impression,1757176406,tablet,Lagos
R00858,O00114,impression,1757529220,tablet,Lagos
R00858,O00072,click,1737098527,tablet,Lagos
R00858,O00063,impression,1758636628,tablet,Lagos
R00858,O00059,impression,1756765355,tablet,Lagos
R00859,O00013,click,1740392675,web,Abuja
R00859,O00025,impression,1738390539,web,Abuja
R00859,O00059,click,1755457655,web,Abuja
R00859,O00059,click,1747538990,web,Abuja
R00859,O00102,impression,1765149273,web,Abuja
R00859,O00106,impression,1761656284,web,Abuja
R00860,O00009,click,1757823805,tablet,Lagos
R00860,O00038,redeem,1745662978,tablet,Lagos
R00860,O00052,impression,1752651593,tablet,Lagos
R00860,O00086,impression,1759831153,tablet,Lagos
R00860,O00043,impression,1757984909,tablet,Lagos
R00860,O00043,impression,1746708829,tablet,Lagos
R00860,O00073,click,1741004576,tablet,Lagos
R00860,O00052,click,1748442143,tablet,Lagos
R00861,O00043,click,1743523262,mobile,Lagos
R00861,O00059,redeem,1753052293,mobile,Lagos
R00861,O00096,impression,1764984994,mobile,Lagos
R00861,O00088,redeem,1760534051,mobile,Lagos
R00862,O00028,impression,1762300404,web,Lagos
R00862,O00032,impression,1754324984,web,Lagos
R00862,O00017,click,1757036734,web,Lagos
R00862,O00119,impression,1736781178,web,Lagos
R00862,O00119,click,1738027356,web,Lagos
R00862,O00040,redeem,1749809276,web,Lagos
R00862,O00107,click,1749400700,web,Lagos
R00862,O00015,click,1754009161,web,Lagos
R00863,O00013,click,1740481770,tablet,Ibadan
R00863,O00013,impression,1748353166,tablet,Ibadan
R00863,O00088,impression,1740908653,tablet,Ibadan
R00863,O00024,redeem,1744084840,tablet,Ibadan
R00863,O00063,impression,1763887692,tablet,Ibadan
R00863,O00112,impression,1760093142,tablet,Ibadan
R00864,O00074,impression,1743581913,web,Abuja
R00864,O00003,click,1741025000,web,Abuja
R00864,O00044,click,1761674919,web,Abuja
R00864,O00016,click,1759842249,web,Abuja
R00864,O00119,impression,1744388011,web,Abuja
R00864,O00069,impression,1766550996,web,Abuja
R00864,O00091,redeem,1739610045,web,Abuja
R00864,O00008,impression,1763075582,web,Abuja
R00865,O00043,impression,1742934671,tablet,Abuja
R00865,O00076,impression,1752033929,tablet,Abuja
R00865,O00111,impression,1756934592,tablet,Abuja
R00865,O00092,click,1762750343,tablet,Abuja
R00865,O00021,redeem,1748828944,tablet,Abuja
R00865,O00034,impression,1766514629,tablet,Abuja
R00865,O00026,impression,1755496727,tablet,Abuja
R00865,O00033,impression,1740486430,tablet,Abuja
R00865,O00023,click,1756179718,tablet,Abuja
R00866,O00051,click,1739877835,tablet,Ibadan
R00866,O00095,click,1763737473,tablet,Ibadan
R00866,O00051,impression,1765689967,tablet,Ibadan
R00866,O00026,click,1758915686,tablet,Ibadan
R00866,O00110,redeem,1747799135,tablet,Ibadan
R00866,O00054,impression,1760194745,tablet,Ibadan
R00866,O00113,click,1740883058,tablet,Ibadan
R00867,O00073,click,1761128715,tablet,Lagos
R00867,O00117,redeem,1744863000,tablet,Lagos
R00867,O00111,click,1743451525,tablet,Lagos
R00867,O00042,impression,1748144951,tablet,Lagos
R00867,O00034,impression,1737166463,tablet,Lagos
R00867,O00043,impression,1741909091,tablet,Lagos
R00867,O00043,impression,1750731681,tablet,Lagos
R00867,O00038,click,1763156983,tablet,Lagos
R00867,O00009,impression,1753208135,tablet,Lagos
R00868,O00066,click,1761287129,mobile,Lagos
R00868,O00102,click,1765548645,mobile,Lagos
R00868,O00063,impression,1736258402,mobile,Lagos
R00868,O00102,click,1754888297,mobile,Lagos
R00868,O00092,impression,1751069358,mobile,Lagos
R00868,O00106,redeem,1747225847,mobile,Lagos
R00868,O00014,impression,1766013811,mobile,Lagos
R00868,O00082,click,1749895097,mobile,Lagos
R00869,O00103,impression,1739831890,tablet,Abuja
R00869,O00095,click,1762528050,tablet,Abuja
R00869,O00093,impression,1737575250,tablet,Abuja
R00869,O00045,impression,1766877903,tablet,Abuja
R00869,O00049,click,1743862127,tablet,Abuja
R00870,O00022,click,1748250597,mobile,Lagos
R00870,O00040,impression,1756555106,mobile,Lagos
R00870,O00073,impression,1740884288,mobile,Lagos
R00870,O00023,click,1766857660,mobile,Lagos
R00870,O00046,impression,1756274361,mobile,Lagos
R00870,O00118,click,1758322231,mobile,Lagos
R00870,O00100,click,1762460004,mobile,Lagos
R00870,O00019,click,1748306428,mobile,Lagos
R00870,O00096,impression,1740280046,mobile,Lagos
R00870,O00115,click,1759121048,mobile,Lagos
R00871,O00034,impression,1760112545,mobile,Ibadan
R00871,O00104,impression,1755966481,mobile,Ibadan
R00871,O00104,click,1740546558,mobile,Ibadan
R00871,O00026,click,1747042849,mobile,Ibadan
R00871,O00073,click,1750209864,mobile,Ibadan
R00871,O00038,impression,1743797593,mobile,Ibadan
R00871,O00026,click,1756705782,mobile,Ibadan
R00871,O00033,impression,1738271166,mobile,Ibadan
R00872,O00076,click,1749066091,tablet,Ibadan
R00872,O00026,click,1748524453,tablet,Ibadan
R00872,O00052,impression,1745090144,tablet,Ibadan
R00872,O00009,impression,1745511252,tablet,Ibadan
R00872,O00045,impression,1756552193,tablet,Ibadan
R00872,O00070,impression,1757049382,tablet,Ibadan
R00873,O00109,click,1757956944,web,Abuja
R00873,O00005,impression,1759856361,web,Abuja
R00873,O00083,impression,1739628222,web,Abuja
R00873,O00030,impression,1736803752,web,Abuja
R00873,O00090,impression,1763426864,web,Abuja
R00873,O00069,click,1758850221,web,Abuja
R00873,O00074,redeem,1763814104,web,Abuja
R00873,O00012,redeem,1761720121,web,Abuja
R00874,O00006,impression,1757490423,mobile,Port Harcourt
R00874,O00079,impression,1758843682,mobile,Port Harcourt
R00874,O00053,click,1745855218,mobile,Port Harcourt
R00874,O00001,impression,1756890704,mobile,Port Harcourt
R00874,O00091,impression,1743666379,mobile,Port Harcourt
R00874,O00096,redeem,1752027120,mobile,Port Harcourt
R00874,O00057,click,1747839120,mobile,Port Harcourt
R00874,O00067,impression,1755346031,mobile,Port Harcourt
R00875,O00042,redeem,1740658622,mobile,Port Harcourt
R00875,O00092,redeem,1740938554,mobile,Port Harcourt
R00875,O00034,click,1752931454,mobile,Port Harcourt
R00875,O00087,click,1736357096,mobile,Port Harcourt
R00875,O00052,click,1744418343,mobile,Port Harcourt
R00875,O00104,impression,1765312869,mobile,Port Harcourt
R00875,O00111,impression,1737037639,mobile,Port Harcourt
R00875,O00076,redeem,1760349800,mobile,Port Harcourt
R00876,O00033,impression,1746781060,tablet,Lagos
R00876,O00076,impression,1766607536,tablet,Lagos
R00876,O00073,impression,1754301719,tablet,Lagos
R00876,O00038,click,1747870412,tablet,Lagos
R00876,O00070,impression,1754606315,tablet,Lagos
R00876,O00076,click,1757119214,tablet,Lagos
R00876,O00033,click,1740298489,tablet,Lagos
R00876,O00026,impression,1746359982,tablet,Lagos
R00876,O00030,impression,1758809341,tablet,Lagos
R00876,O00046,impression,1762709372,tablet,Lagos
R00877,O00014,impression,1760783870,mobile,Abuja
R00877,O00106,impression,1763047934,mobile,Abuja
R00877,O00063,click,1739580290,mobile,Abuja
R00877,O00088,impression,1762129871,mobile,Abuja
R00877,O00025,click,1748582148,mobile,Abuja
R00877,O00032,impression,1765679362,mobile,Abuja
R00877,O00004,click,1750769480,mobile,Abuja
R00878,O00062,click,1742894782,web,Enugu
R00878,O00018,impression,1753860517,web,Enugu
R00878,O00054,impression,1766490746,web,Enugu
R00878,O00077,impression,1764224782,web,Enugu
R00878,O00011,impression,1765819847,web,Enugu
R00878,O00019,impression,1748277902,web,Enugu
R00878,O00115,click,1738911731,web,Enugu
R00879,O00048,click,1760169563,web,Ibadan
R00879,O00028,impression,1740028216,web,Ibadan
R00879,O00010,impression,1752186834,web,Ibadan
R00879,O00030,click,1765430515,web,Ibadan
R00879,O00109,click,1751653953,web,Ibadan
R00880,O00029,click,1753030688,tablet,Ibadan
R00880,O00082,impression,1756087279,tablet,Ibadan
R00880,O00039,click,1753147583,tablet,Ibadan
R00880,O00051,impression,1748698954,tablet,Ibadan
R00880,O00059,redeem,1743400354,tablet,Ibadan
R00880,O00095,click,1763695559,tablet,Ibadan
R00881,O00051,click,1736454198,web,Lagos
R00881,O00097,impression,1759595813,web,Lagos
R00881,O00080,click,1755658129,web,Lagos
R00881,O00109,click,1745654687,web,Lagos
R00881,O00036,impression,1766303065,web,Lagos
R00881,O00009,click,1759761453,web,Lagos
R00881,O00051,impression,1758756201,web,Lagos
R00881,O00019,impression,1759059353,web,Lagos
R00881,O00101,redeem,1755733054,web,Lagos
R00881,O00103,click,1736192518,web,Lagos
R00882,O00017,redeem,1739156780,web,Port Harcourt
R00882,O00037,click,1737905113,web,Port Harcourt
R00882,O00087,impression,1754647090,web,Port Harcourt
R00882,O00007,click,1761094711,web,Port Harcourt
R00882,O00085,click,1755719063,web,Port Harcourt
R00882,O00022,click,1738407416,web,Port Harcourt
R00882,O00080,impression,1739244305,web,Port Harcourt
R00883,O00048,impression,1737656387,web,Ibadan
R00883,O00069,impression,1739491493,web,Ibadan
R00883,O00012,impression,1747886668,web,Ibadan
R00883,O00023,impression,1740581050,web,Ibadan
R00883,O00032,redeem,1742142402,web,Ibadan
R00883,O00057,impression,1739441734,web,Ibadan
R00884,O00008,click,1757982455,tablet,Port Harcourt
R00884,O00108,impression,1757650473,tablet,Port Harcourt
R00884,O00002,impression,1751862452,tablet,Port Harcourt
R00884,O00062,click,1748908870,tablet,Port Harcourt
R00884,O00082,impression,1751125877,tablet,Port Harcourt
R00884,O00002,impression,1751454145,tablet,Port Harcourt
R00884,O00069,click,1742146321,tablet,Port Harcourt
R00884,O00028,impression,1748660587,tablet,Port Harcourt
R00884,O00030,impression,1739202496,tablet,Port Harcourt
R00885,O00098,click,1735807772,tablet,Lagos
R00885,O00098,impression,1766885610,tablet,Lagos
R00885,O00082,impression,1755460592,tablet,Lagos
R00885,O00010,click,1748159811,tablet,Lagos
R00885,O00115,redeem,1754917390,tablet,Lagos
R00885,O00108,impression,1736839257,tablet,Lagos
R00885,O00002,impression,1753185682,tablet,Lagos
R00885,O00089,click,1752027109,tablet,Lagos
R00885,O00012,impression,1743871687,tablet,Lagos
R00886,O00046,click,1741657613,web,Abuja
R00886,O00096,impression,1755782847,web,Abuja
R00886,O00096,click,1760440069,web,Abuja
R00886,O00102,click,1764706751,web,Abuja
R00887,O00034,impression,1750205821,mobile,Port Harcourt
R00887,O00073,impression,1753750357,mobile,Port Harcourt
R00887,O00092,impression,1741577727,mobile,Port Harcourt
R00887,O00073,impression,1742319122,mobile,Port Harcourt
R00887,O00104,impression,1756952723,mobile,Port Harcourt
R00887,O00033,click,1740709786,mobile,Port Harcourt
R00887,O00111,redeem,1742448505,mobile,Port Harcourt
R00888,O00090,impression,1752128553,tablet,Abuja
R00888,O00017,click,1759690722,tablet,Abuja
R00888,O00107,click,1760769371,tablet,Abuja
R00888,O00059,impression,1752517881,tablet,Abuja
R00888,O00037,impression,1752512921,tablet,Abuja
R00889,O00095,impression,1755490331,tablet,Abuja
R00889,O00120,click,1742458150,tablet,Abuja
R00889,O00093,impression,1741810642,tablet,Abuja
R00889,O00080,redeem,1749614724,tablet,Abuja
R00889,O00007,impression,1757714069,tablet,Abuja
R00889,O00101,impression,1739924238,tablet,Abuja
R00889,O00097,impression,1741443176,tablet,Abuja
R00889,O00054,impression,1762626317,tablet,Abuja
R00890,O00031,click,1755602833,mobile,Enugu
R00890,O00064,impression,1747240329,mobile,Enugu
R00890,O00113,redeem,1766099175,mobile,Enugu
R00890,O00003,impression,1760614306,mobile,Enugu
R00891,O00079,impression,1742696306,tablet,Enugu
R00891,O00023,impression,1747385908,tablet,Enugu
R00891,O00038,impression,1747190205,tablet,Enugu
R00891,O00079,click,1752352976,tablet,Enugu
R00891,O00086,impression,1766591406,tablet,Enugu
R00891,O00078,impression,1758131588,tablet,Enugu
R00891,O00087,click,1738804003,tablet,Enugu
R00892,O00059,impression,1739997813,tablet,Abuja
R00892,O00050,impression,1750935607,tablet,Abuja
R00892,O00059,impression,1747878555,tablet,Abuja
R00892,O00066,impression,1747441485,tablet,Abuja
R00893,O00043,click,1735789565,mobile,Enugu
R00893,O00082,impression,1750424729,mobile,Enugu
R00893,O00011,impression,1743197860,mobile,Enugu
R00893,O00033,click,1756636257,mobile,Enugu
R00893,O00077,impression,1763538893,mobile,Enugu
R00894,O00011,impression,1755876520,mobile,Abuja
R00894,O00038,click,1742476482,mobile,Abuja
R00894,O00022,impression,1763180265,mobile,Abuja
R00894,O00003,redeem,1748005278,mobile,Abuja
R00894,O00091,impression,1738973461,mobile,Abuja
R00894,O00095,click,1761658259,mobile,Abuja
R00894,O00079,impression,1749639032,mobile,Abuja
R00894,O00071,redeem,1740394202,mobile,Abuja
R00894,O00006,click,1754334434,mobile,Abuja
R00894,O00078,click,1737199176,mobile,Abuja
R00895,O00022,impression,1735762483,mobile,Port Harcourt
R00895,O00118,impression,1737379588,mobile,Port Harcourt
R00895,O00056,impression,1741856775,mobile,Port Harcourt
R00895,O00020,impression,1756353245,mobile,Port Harcourt
R00895,O00023,redeem,1745373883,mobile,Port Harcourt
R00895,O00091,click,1741839442,mobile,Port Harcourt
R00895,O00022,impression,1763166517,mobile,Port Harcourt
R00895,O00087,impression,1756553702,mobile,Port Harcourt
R00895,O00061,click,1741118227,mobile,Port Harcourt
R00896,O00109,click,1739981664,web,Abuja
R00896,O00077,click,1739597780,web,Abuja
R00896,O00082,redeem,1764320142,web,Abuja
R00896,O00047,impression,1753952761,web,Abuja
R00896,O00020,click,1759222173,web,Abuja
R00896,O00012,impression,1754308628,web,Abuja
R00896,O00005,impression,1763539744,web,Abuja
R00896,O00109,impression,1747936152,web,Abuja
R00896,O00087,impression,1763275077,web,Abuja
R00896,O00047,impression,1761223263,web,Abuja
R00897,O00011,impression,1743694747,tablet,Port Harcourt
R00897,O00023,impression,1763886548,tablet,Port Harcourt
R00897,O00011,impression,1746575459,tablet,Port Harcourt
R00897,O00023,impression,1748543030,tablet,Port Harcourt
R00897,O00079,impression,1741466192,tablet,Port Harcourt
R00897,O00019,click,1749097864,tablet,Port Harcourt
R00897,O00087,click,1746800162,tablet,Port Harcourt
R00897,O00086,impression,1763130166,tablet,Port Harcourt
R00897,O00087,impression,1764684081,tablet,Port Harcourt
R00897,O00023,click,1745529650,tablet,Port Harcourt
R00898,O00036,impression,1738831121,web,Port Harcourt
R00898,O00029,impression,1746152932,web,Port Harcourt
R00898,O00007,impression,1766356754,web,Port Harcourt
R00898,O00110,click,1751640356,web,Port Harcourt
R00898,O00010,click,1762418891,web,Port Harcourt
R00899,O00054,impression,1743651273,mobile,Abuja
R00899,O00029,impression,1757627958,mobile,Abuja
R00899,O00044,impression,1751685572,mobile,Abuja
R00899,O00049,impression,1760604661,mobile,Abuja
R00900,O00039,impression,1750479192,web,Lagos
R00900,O00084,impression,1754950093,web,Lagos
R00900,O00072,impression,1743023420,web,Lagos
R00900,O00112,impression,1746700578,web,Lagos
R00900,O00112,impression,1743108293,web,Lagos
R00900,O00072,impression,1759858663,web,Lagos
R00900,O00063,click,1737247712,web,Lagos
R00900,O00058,impression,1762685336,web,Lagos
R00900,O00099,click,1748482459,web,Lagos
R00900,O00024,impression,1746970321,web,Lagos
R00901,O00077,impression,1752927102,mobile,Port Harcourt
R00901,O00022,click,1747612879,mobile,Port Harcourt
R00901,O00075,impression,1755466396,mobile,Port Harcourt
R00901,O00100,click,1747235348,mobile,Port Harcourt
R00901,O00065,impression,1744588435,mobile,Port Harcourt
R00901,O00065,impression,1739379900,mobile,Port Harcourt
R00901,O00096,impression,1744145366,mobile,Port Harcourt
R00901,O00019,impression,1764322335,mobile,Port Harcourt
R00901,O00011,impression,1758464842,mobile,Port Harcourt
R00902,O00016,impression,1738901818,web,Ibadan
R00902,O00047,click,1739889345,web,Ibadan
R00902,O00102,click,1756043626,web,Ibadan
R00902,O00005,impression,1746161450,web,Ibadan
R00902,O00015,redeem,1754765630,web,Ibadan
R00902,O00005,click,1748384882,web,Ibadan
R00903,O00104,impression,1737806170,mobile,Ibadan
R00903,O00052,impression,1758552853,mobile,Ibadan
R00903,O00043,click,1765714009,mobile,Ibadan
R00903,O00092,impression,1742856637,mobile,Ibadan
R00903,O00118,impression,1756331903,mobile,Ibadan
R00903,O00076,click,1740703643,mobile,Ibadan
R00903,O00075,click,1754937933,mobile,Ibadan
R00904,O00060,click,1757222363,web,Lagos
R00904,O00107,impression,1753045988,web,Lagos
R00904,O00116,impression,1759466680,web,Lagos
R00904,O00107,impression,1752458530,web,Lagos
R00904,O00029,impression,1763738902,web,Lagos
R00904,O00027,impression,1760256869,web,Lagos
R00904,O00078,impression,1752148203,web,Lagos
R00905,O00090,impression,1748313661,web,Lagos
R00905,O00057,click,1758049767,web,Lagos
R00905,O00066,impression,1761792522,web,Lagos
R00905,O00047,impression,1754717216,web,Lagos
R00905,O00089,impression,1748636879,web,Lagos
R00905,O00061,impression,1752049210,web,Lagos
R00905,O00108,redeem,1746664555,web,Lagos
R00905,O00090,click,1762974821,web,Lagos
R00905,O00106,impression,1751100125,web,Lagos
R00905,O00083,click,1737384937,web,Lagos
R00906,O00100,click,1758387597,mobile,Port Harcourt
R00906,O00114,redeem,1749615904,mobile,Port Harcourt
R00906,O00010,click,1756932878,mobile,Port Harcourt
R00906,O00084,impression,1746097529,mobile,Port Harcourt
R00906,O00024,click,1759547188,mobile,Port Harcourt
R00906,O00086,impression,1751860393,mobile,Port Harcourt
R00906,O00013,impression,1753088007,mobile,Port Harcourt
R00906,O00066,impression,1742630315,mobile,Port Harcourt
R00906,O00114,click,1736166828,mobile,Port Harcourt
R00907,O00055,impression,1749694322,mobile,Enugu
R00907,O00042,impression,1755202657,mobile,Enugu
R00907,O00073,impression,1762527591,mobile,Enugu
R00907,O00026,click,1750406310,mobile,Enugu
R00907,O00043,impression,1757691659,mobile,Enugu
R00908,O00062,click,1742464819,mobile,Ibadan
R00908,O00021,impression,1741222169,mobile,Ibadan
R00908,O00098,impression,1748885093,mobile,Ibadan
R00908,O00098,impression,1764377489,mobile,Ibadan
R00908,O00012,impression,1742791296,mobile,Ibadan
R00908,O00002,impression,1756804284,mobile,Ibadan
R00908,O00057,click,1754961108,mobile,Ibadan
R00908,O00108,impression,1745742351,mobile,Ibadan
R00908,O00021,redeem,1754230024,mobile,Ibadan
R00909,O00052,click,1737867215,web,Abuja
R00909,O00073,impression,1745364267,web,Abuja
R00909,O00038,click,1766415247,web,Abuja
R00909,O00088,click,1763795562,web,Abuja
R00910,O00079,impression,1746622233,mobile,Enugu
R00910,O00056,click,1735998954,mobile,Enugu
R00910,O00085,impression,1740612639,mobile,Enugu
R00910,O00079,impression,1766135353,mobile,Enugu
R00910,O00096,impression,1754165757,mobile,Enugu
R00910,O00053,impression,1746896636,mobile,Enugu
R00910,O00083,impression,1748581035,mobile,Enugu
R00911,O00107,impression,1751962522,mobile,Lagos
R00911,O00035,impression,1738260727,mobile,Lagos
R00911,O00003,impression,1759490780,mobile,Lagos
R00911,O00042,impression,1744100455,mobile,Lagos
R00911,O00037,click,1758007730,mobile,Lagos
R00912,O00052,redeem,1766958737,mobile,Enugu
R00912,O00054,click,1754734104,mobile,Enugu
R00912,O00038,impression,1755544184,mobile,Enugu
R00912,O00052,impression,1737984807,mobile,Enugu
R00912,O00052,click,1737100718,mobile,Enugu
R00913,O00116,impression,1754570516,mobile,Port Harcourt
R00913,O00068,impression,1757307378,mobile,Port Harcourt
R00913,O00017,impression,1752615457,mobile,Port Harcourt
R00913,O00040,impression,1757456617,mobile,Port Harcourt
R00913,O00055,impression,1751171273,mobile,Port Harcourt
R00913,O00017,impression,1760407720,mobile,Port Harcourt
R00913,O00116,impression,1751018842,mobile,Port Harcourt
R00913,O00055,click,1748932476,mobile,Port Harcourt
R00914,O00081,redeem,1738105571,tablet,Port Harcourt
R00914,O00081,click,1739914331,tablet,Port Harcourt
R00914,O00060,impression,1763258427,tablet,Port Harcourt
R00914,O00120,impression,1755642368,tablet,Port Harcourt
R00914,O00039,click,1765095143,tablet,Port Harcourt
R00914,O00049,impression,1743899682,tablet,Port Harcourt
R00914,O00054,impression,1765294020,tablet,Port Harcourt
R00914,O00029,impression,1738102710,tablet,Port Harcourt
R00914,O00007,click,1752777056,tablet,Port Harcourt
R00915,O00005,click,1756053211,mobile,Abuja
R00915,O00021,click,1758770003,mobile,Abuja
R00915,O00094,click,1745938871,mobile,Abuja
R00915,O00084,impression,1739463715,mobile,Abuja
R00915,O00082,impression,1754434718,mobile,Abuja
R00916,O00088,impression,1737866733,mobile,Lagos
R00916,O00114,impression,1757654722,mobile,Lagos
R00916,O00099,impression,1753811150,mobile,Lagos
R00916,O00014,impression,1757349617,mobile,Lagos
R00916,O00112,impression,1742855314,mobile,Lagos
R00916,O00102,click,1766981726,mobile,Lagos
R00917,O00085,impression,1738523603,mobile,Lagos
R00917,O00025,redeem,1747779669,mobile,Lagos
R00917,O00040,click,1739020688,mobile,Lagos
R00917,O00003,redeem,1758535902,mobile,Lagos
R00918,O00073,redeem,1756709198,mobile,Port Harcourt
R00918,O00105,click,1739962940,mobile,Port Harcourt
R00918,O00070,impression,1761131988,mobile,Port Harcourt
R00918,O00064,click,1747235023,mobile,Port Harcourt
R00918,O00043,click,1763412765,mobile,Port Harcourt
R00918,O00104,impression,1744187512,mobile,Port Harcourt
R00918,O00024,impression,1739577069,mobile,Port Harcourt
R00919,O00009,click,1761628015,tablet,Port Harcourt
R00919,O00045,impression,1763146634,tablet,Port Harcourt
R00919,O00033,impression,1755062053,tablet,Port Harcourt
R00919,O00076,click,1760827695,tablet,Port Harcourt
R00920,O00024,impression,1742446693,web,Abuja
R00920,O00014,impression,1738581045,web,Abuja
R00920,O00024,impression,1752292830,web,Abuja
R00920,O00025,impression,1766040891,web,Abuja
R00920,O00102,click,1737325188,web,Abuja
R00920,O00071,click,1739134997,web,Abuja
R00920,O00084,impression,1761423141,web,Abuja
R00920,O00114,redeem,1737248596,web,Abuja
R00921,O00103,impression,1762433046,web,Ibadan
R00921,O00112,impression,1752845597,web,Ibadan
R00921,O00081,impression,1760046583,web,Ibadan
R00921,O00083,click,1746812513,web,Ibadan
R00921,O00035,redeem,1758472512,web,Ibadan
R00921,O00023,click,1756326405,web,Ibadan
R00921,O00051,redeem,1761398013,web,Ibadan
R00922,O00034,impression,1750967650,web,Lagos
R00922,O00041,click,1759387507,web,Lagos
R00922,O00038,impression,1761405724,web,Lagos
R00922,O00100,impression,1754554910,web,Lagos
R00922,O00105,impression,1741019038,web,Lagos
R00922,O00026,impression,1753364104,web,Lagos
R00922,O00052,impression,1745210118,web,Lagos
R00922,O00034,impression,1751994139,web,Lagos
R00922,O00026,click,1739033656,web,Lagos
R00922,O00070,impression,1737732082,web,Lagos
R00923,O00053,redeem,1746514546,mobile,Port Harcourt
R00923,O00100,click,1754008390,mobile,Port Harcourt
R00923,O00096,impression,1759730882,mobile,Port Harcourt
R00923,O00047,click,1755211188,mobile,Port Harcourt
R00923,O00001,impression,1751999158,mobile,Port Harcourt
R00923,O00087,click,1744859856,mobile,Port Harcourt
R00923,O00014,click,1744522893,mobile,Port Harcourt
R00923,O00046,click,1761683046,mobile,Port Harcourt
R00923,O00006,impression,1750120503,mobile,Port Harcourt
R00923,O00067,impression,1743351546,mobile,Port Harcourt
R00924,O00063,click,1759621000,mobile,Lagos
R00924,O00099,redeem,1741019838,mobile,Lagos
R00924,O00106,impression,1759432823,mobile,Lagos
R00924,O00117,click,1750534804,mobile,Lagos
R00925,O00070,impression,1755232637,mobile,Abuja
R00925,O00084,impression,1759123317,mobile,Abuja
R00925,O00072,impression,1736767676,mobile,Abuja
R00925,O00013,click,1745651315,mobile,Abuja
R00925,O00011,redeem,1762370850,mobile,Abuja
R00926,O00075,redeem,1754610549,mobile,Abuja
R00926,O00120,redeem,1754233979,mobile,Abuja
R00926,O00097,impression,1765642826,mobile,Abuja
R00926,O00029,click,1759922953,mobile,Abuja
R00927,O00107,impression,1748190481,mobile,Enugu
R00927,O00078,click,1753838577,mobile,Enugu
R00927,O00068,impression,1756317804,mobile,Enugu
R00927,O00040,impression,1753122204,mobile,Enugu
R00928,O00061,impression,1758263614,tablet,Ibadan
R00928,O00008,impression,1757448029,tablet,Ibadan
R00928,O00107,click,1763405179,tablet,Ibadan
R00928,O00044,click,1739643852,tablet,Ibadan
R00928,O00044,click,1745326643,tablet,Ibadan
R00928,O00012,impression,1763277251,tablet,Ibadan
R00928,O00044,impression,1745406650,tablet,Ibadan
R00928,O00002,redeem,1754794635,tablet,Ibadan
R00928,O00010,impression,1741685839,tablet,Ibadan
R00929,O00057,impression,1736724502,tablet,Ibadan
R00929,O00008,impression,1753749865,tablet,Ibadan
R00929,O00026,impression,1764782143,tablet,Ibadan
R00929,O00073,impression,1741218910,tablet,Ibadan
R00930,O00086,impression,1763850284,mobile,Port Harcourt
R00930,O00073,impression,1762773376,mobile,Port Harcourt
R00930,O00026,impression,1744778489,mobile,Port Harcourt
R00930,O00111,redeem,1760550701,mobile,Port Harcourt
R00931,O00105,impression,1744289132,web,Lagos
R00931,O00105,click,1755456417,web,Lagos
R00931,O00043,redeem,1752153427,web,Lagos
R00931,O00092,impression,1754345465,web,Lagos
R00931,O00052,click,1741961770,web,Lagos
R00931,O00049,impression,1759762507,web,Lagos
R00932,O00052,impression,1765613855,tablet,Port Harcourt
R00932,O00077,click,1766451431,tablet,Port Harcourt
R00932,O00077,impression,1764082002,tablet,Port Harcourt
R00932,O00006,impression,1750078818,tablet,Port Harcourt
R00932,O00045,click,1760526223,tablet,Port Harcourt
R00932,O00050,click,1763684088,tablet,Port Harcourt
R00932,O00006,click,1746412003,tablet,Port Harcourt
R00933,O00105,click,1763039052,web,Lagos
R00933,O00025,impression,1759783860,web,Lagos
R00933,O00025,impression,1764865406,web,Lagos
R00933,O00066,click,1746958188,web,Lagos
R00933,O00106,impression,1749709585,web,Lagos
R00933,O00089,impression,1739237923,web,Lagos
R00933,O00117,impression,1753584755,web,Lagos
R00933,O00058,impression,1759990659,web,Lagos
R00933,O00106,impression,1754367782,web,Lagos
R00933,O00088,impression,1763672360,web,Lagos
R00934,O00013,click,1740511510,mobile,Lagos
R00934,O00029,click,1736202166,mobile,Lagos
R00934,O00045,redeem,1760516698,mobile,Lagos
R00934,O00110,impression,1746883926,mobile,Lagos
R00934,O00054,impression,1738016314,mobile,Lagos
R00934,O00093,click,1746309607,mobile,Lagos
R00934,O00001,impression,1740888104,mobile,Lagos
R00934,O00054,impression,1748992546,mobile,Lagos
R00934,O00049,click,1736313454,mobile,Lagos
R00935,O00027,click,1737973245,mobile,Abuja
R00935,O00064,impression,1750904532,mobile,Abuja
R00935,O00107,click,1758888182,mobile,Abuja
R00935,O00003,redeem,1754575123,mobile,Abuja
R00935,O00066,impression,1750719235,mobile,Abuja
R00935,O00015,impression,1748693124,mobile,Abuja
R00936,O00076,click,1741221376,mobile,Abuja
R00936,O00086,impression,1757988166,mobile,Abuja
R00936,O00024,click,1748478903,mobile,Abuja
R00936,O00076,redeem,1749711977,mobile,Abuja
R00936,O00042,impression,1745762554,mobile,Abuja
R00936,O00086,impression,1748006857,mobile,Abuja
R00936,O00045,impression,1743196616,mobile,Abuja
R00936,O00038,impression,1740279918,mobile,Abuja
R00937,O00017,click,1762029547,mobile,Enugu
R00937,O00107,click,1749365936,mobile,Enugu
R00937,O00017,impression,1750061526,mobile,Enugu
R00937,O00027,impression,1741705546,mobile,Enugu
R00937,O00031,impression,1743108745,mobile,Enugu
R00938,O00082,click,1754477798,tablet,Enugu
R00938,O00012,impression,1751175194,tablet,Enugu
R00938,O00057,impression,1766394745,tablet,Enugu
R00938,O00057,impression,1754409818,tablet,Enugu
R00938,O00094,impression,1746599615,tablet,Enugu
R00938,O00012,click,1753072878,tablet,Enugu
R00938,O00048,impression,1751082234,tablet,Enugu
R00939,O00105,impression,1751533790,web,Enugu
R00939,O00042,click,1766856690,web,Enugu
R00939,O00038,click,1762002742,web,Enugu
R00939,O00034,impression,1761298712,web,Enugu
R00939,O00076,impression,1750364570,web,Enugu
R00939,O00038,click,1755571017,web,Enugu
R00939,O00086,impression,1740683696,web,Enugu
R00939,O00026,impression,1743247150,web,Enugu
R00940,O00111,click,1765174350,tablet,Port Harcourt
R00940,O00111,impression,1760537910,tablet,Port Harcourt
R00940,O00105,impression,1746726249,tablet,Port Harcourt
R00940,O00004,impression,1744933071,tablet,Port Harcourt
R00940,O00033,click,1736476896,tablet,Port Harcourt
R00940,O00026,impression,1738501508,tablet,Port Harcourt
R00940,O00115,click,1761805625,tablet,Port Harcourt
R00940,O00086,impression,1742411805,tablet,Port Harcourt
R00940,O00052,click,1750923074,tablet,Port Harcourt
R00941,O00088,click,1753159305,web,Lagos
R00941,O00059,impression,1762814560,web,Lagos
R00941,O00106,impression,1760487891,web,Lagos
R00941,O00025,click,1737225859,web,Lagos
R00941,O00106,impression,1754581428,web,Lagos
R00941,O00024,impression,1744311455,web,Lagos
R00941,O00067,impression,1750053253,web,Lagos
R00941,O00110,impression,1758042841,web,Lagos
R00941,O00106,impression,1761032930,web,Lagos
R00941,O00088,impression,1736661193,web,Lagos
R00942,O00094,impression,1755229936,tablet,Lagos
R00942,O00037,redeem,1763519941,tablet,Lagos
R00942,O00098,click,1761419399,tablet,Lagos
R00942,O00021,click,1748254274,tablet,Lagos
R00942,O00028,impression,1761258563,tablet,Lagos
R00942,O00069,impression,1748410793,tablet,Lagos
R00943,O00093,impression,1740688998,tablet,Abuja
R00943,O00104,click,1753816735,tablet,Abuja
R00943,O00080,click,1739719703,tablet,Abuja
R00943,O00036,impression,1753389900,tablet,Abuja
R00943,O00081,click,1762893449,tablet,Abuja
R00943,O00081,impression,1757050842,tablet,Abuja
R00944,O00027,impression,1764282632,mobile,Lagos
R00944,O00113,impression,1742055080,mobile,Lagos
R00944,O00066,impression,1739787877,mobile,Lagos
R00944,O00068,click,1762244416,mobile,Lagos
R00944,O00060,click,1754636215,mobile,Lagos
R00945,O00077,click,1755910738,mobile,Abuja
R00945,O00071,click,1746470999,mobile,Abuja
R00945,O00102,impression,1751668757,mobile,Abuja
R00945,O00100,redeem,1761411898,mobile,Abuja
R00945,O00024,impression,1742675125,mobile,Abuja
R00945,O00049,redeem,1765887315,mobile,Abuja
R00945,O00100,impression,1744568612,mobile,Abuja
R00945,O00053,impression,1746235399,mobile,Abuja
R00945,O00091,redeem,1735857994,mobile,Abuja
R00945,O00019,impression,1744243663,mobile,Abuja
R00946,O00051,click,1736829835,web,Enugu
R00946,O00044,click,1747087823,web,Enugu
R00946,O00056,redeem,1753399158,web,Enugu
R00946,O00048,click,1746938035,web,Enugu
R00946,O00025,click,1742093708,web,Enugu
R00946,O00103,impression,1744048743,web,Enugu
R00946,O00097,impression,1742669329,web,Enugu
R00946,O00036,click,1762216504,web,Enugu
R00946,O00056,click,1760595610,web,Enugu
R00947,O00069,impression,1754954186,web,Ibadan
R00947,O00092,impression,1746991770,web,Ibadan
R00947,O00016,click,1761286582,web,Ibadan
R00947,O00041,redeem,1746251399,web,Ibadan
R00948,O00012,impression,1765886450,mobile,Lagos
R00948,O00069,impression,1747577078,mobile,Lagos
R00948,O00021,impression,1745000681,mobile,Lagos
R00948,O00021,impression,1755570408,mobile,Lagos
R00948,O00053,impression,1755328257,mobile,Lagos
R00948,O00078,click,1754391662,mobile,Lagos
R00948,O00108,click,1760416290,mobile,Lagos
R00948,O00048,impression,1740876857,mobile,Lagos
R00949,O00103,impression,1746518971,mobile,Enugu
R00949,O00021,click,1754778534,mobile,Enugu
R00949,O00114,impression,1748220243,mobile,Enugu
R00949,O00007,click,1745316100,mobile,Enugu
R00950,O00110,impression,1739842413,tablet,Port Harcourt
R00950,O00095,redeem,1748253510,tablet,Port Harcourt
R00950,O00012,impression,1745816177,tablet,Port Harcourt
R00950,O00103,click,1746063197,tablet,Port Harcourt
R00950,O00110,impression,1740340931,tablet,Port Harcourt
R00950,O00080,click,1758431139,tablet,Port Harcourt
R00950,O00081,click,1755285282,tablet,Port Harcourt
R00950,O00007,click,1742976346,tablet,Port Harcourt
R00950,O00110,click,1743038368,tablet,Port Harcourt
R00951,O00087,click,1762510550,web,Lagos
R00951,O00085,impression,1742577965,web,Lagos
R00951,O00032,impression,1755424555,web,Lagos
R00951,O00116,impression,1739723971,web,Lagos
R00951,O00119,impression,1755852317,web,Lagos
R00951,O00025,click,1756829580,web,Lagos
R00951,O00119,impression,1766880515,web,Lagos
R00951,O00068,impression,1765175668,web,Lagos
R00952,O00086,impression,1752222726,web,Enugu
R00952,O00070,click,1741275167,web,Enugu
R00952,O00033,impression,1736828473,web,Enugu
R00952,O00070,impression,1753442155,web,Enugu
R00952,O00009,impression,1752931630,web,Enugu
R00952,O00076,impression,1755223175,web,Enugu
R00952,O00086,impression,1765232851,web,Enugu
R00952,O00041,impression,1747919912,web,Enugu
R00953,O00015,click,1749364740,web,Lagos
R00953,O00017,impression,1742978252,web,Lagos
R00953,O00015,redeem,1755864251,web,Lagos
R00953,O00055,impression,1736125490,web,Lagos
R00953,O00078,impression,1756794529,web,Lagos
R00953,O00068,impression,1751011689,web,Lagos
R00954,O00084,impression,1749159293,web,Lagos
R00954,O00063,impression,1747628870,web,Lagos
R00954,O00024,click,1749113049,web,Lagos
R00954,O00072,impression,1751975465,web,Lagos
R00954,O00022,impression,1758212345,web,Lagos
R00954,O00112,redeem,1749452333,web,Lagos
R00954,O00014,click,1757128503,web,Lagos
R00954,O00024,click,1762642337,web,Lagos
R00954,O00117,click,1762170600,web,Lagos
R00954,O00038,click,1742679240,web,Lagos
R00955,O00069,click,1764045705,tablet,Abuja
R00955,O00048,redeem,1759231367,tablet,Abuja
R00955,O00014,impression,1754158259,tablet,Abuja
R00955,O00090,impression,1736501435,tablet,Abuja
R00955,O00016,click,1745421490,tablet,Abuja
R00955,O00057,click,1759883496,tablet,Abuja
R00955,O00021,redeem,1739628086,tablet,Abuja
R00956,O00031,click,1743996333,tablet,Port Harcourt
R00956,O00044,impression,1739351535,tablet,Port Harcourt
R00956,O00099,click,1761322703,tablet,Port Harcourt
R00956,O00109,click,1759755575,tablet,Port Harcourt
R00956,O00074,impression,1739570438,tablet,Port Harcourt
R00956,O00074,impression,1738034048,tablet,Port Harcourt
R00956,O00074,click,1743348095,tablet,Port Harcourt
R00957,O00024,impression,1748881054,web,Lagos
R00957,O00112,impression,1752430347,web,Lagos
R00957,O00058,click,1763145535,web,Lagos
R00957,O00042,impression,1746989364,web,Lagos
R00957,O00063,click,1757364320,web,Lagos
R00957,O00058,click,1747009819,web,Lagos
R00958,O00105,redeem,1738977546,web,Lagos
R00958,O00086,impression,1745171391,web,Lagos
R00958,O00106,impression,1752852786,web,Lagos
R00958,O00105,impression,1744519679,web,Lagos
R00958,O00115,click,1763051997,web,Lagos
R00959,O00074,click,1747464242,tablet,Enugu
R00959,O00027,click,1743294271,tablet,Enugu
R00959,O00017,redeem,1751345728,tablet,Enugu
R00959,O00031,impression,1736783239,tablet,Enugu
R00960,O00109,impression,1760956266,web,Enugu
R00960,O00005,impression,1745283622,web,Enugu
R00960,O00002,impression,1749222430,web,Enugu
R00960,O00119,impression,1765298245,web,Enugu
R00960,O00061,impression,1766239819,web,Enugu
R00961,O00005,click,1746453229,web,Enugu
R00961,O00004,impression,1753272311,web,Enugu
R00961,O00038,click,1746877901,web,Enugu
R00961,O00043,redeem,1736414528,web,Enugu
R00961,O00113,impression,1752803881,web,Enugu
R00961,O00052,impression,1764187528,web,Enugu
R00961,O00033,redeem,1765781915,web,Enugu
R00961,O00009,impression,1746356020,web,Enugu
R00961,O00038,click,1758726653,web,Enugu
R00961,O00086,click,1753259537,web,Enugu
R00962,O00060,impression,1764389088,web,Enugu
R00962,O00043,impression,1757704756,web,Enugu
R00962,O00039,click,1756288913,web,Enugu
R00962,O00014,click,1739236093,web,Enugu
R00962,O00035,click,1759428082,web,Enugu
R00962,O00060,impression,1747974010,web,Enugu
R00962,O00055,impression,1763830287,web,Enugu
R00962,O00060,click,1756318223,web,Enugu
R00962,O00031,impression,1745379574,web,Enugu
R00962,O00116,impression,1766132947,web,Enugu
R00963,O00031,impression,1747401700,web,Enugu
R00963,O00062,click,1766267826,web,Enugu
R00963,O00115,impression,1745063326,web,Enugu
R00963,O00058,impression,1743837979,web,Enugu
R00963,O00023,impression,1754238577,web,Enugu
R00963,O00046,click,1741315794,web,Enugu
R00963,O00096,impression,1756816457,web,Enugu
R00963,O00077,impression,1747959122,web,Enugu
R00963,O00046,impression,1750779934,web,Enugu
R00964,O00083,impression,1753462965,tablet,Abuja
R00964,O00057,impression,1742096936,tablet,Abuja
R00964,O00008,impression,1746968072,tablet,Abuja
R00964,O00030,impression,1755900507,tablet,Abuja
R00964,O00057,impression,1741694331,tablet,Abuja
R00964,O00061,redeem,1761937881,tablet,Abuja
R00964,O00083,impression,1745210822,tablet,Abuja
R00965,O00104,click,1760437883,tablet,Enugu
R00965,O00061,click,1756786628,tablet,Enugu
R00965,O00076,impression,1757512076,tablet,Enugu
R00965,O00092,click,1740862525,tablet,Enugu
R00965,O00043,impression,1736380416,tablet,Enugu
R00965,O00070,click,1759780458,tablet,Enugu
R00965,O00092,impression,1743155192,tablet,Enugu
R00965,O00067,click,1746205444,tablet,Enugu
R00966,O00036,redeem,1757141471,tablet,Abuja
R00966,O00045,redeem,1755576875,tablet,Abuja
R00966,O00081,click,1746603100,tablet,Abuja
R00966,O00056,redeem,1751958648,tablet,Abuja
R00967,O00003,click,1752611379,tablet,Enugu
R00967,O00107,click,1750778763,tablet,Enugu
R00967,O00028,impression,1745680475,tablet,Enugu
R00967,O00013,click,1765971948,tablet,Enugu
R00967,O00082,redeem,1756398927,tablet,Enugu
R00967,O00086,click,1740182136,tablet,Enugu
R00967,O00018,impression,1751457261,tablet,Enugu
R00967,O00035,impression,1753545122,tablet,Enugu
R00967,O00078,redeem,1753641402,tablet,Enugu
R00968,O00041,impression,1737148283,mobile,Ibadan
R00968,O00086,impression,1751057931,mobile,Ibadan
R00968,O00041,impression,1752569383,mobile,Ibadan
R00968,O00076,impression,1759841353,mobile,Ibadan
R00968,O00009,click,1760222488,mobile,Ibadan
R00969,O00088,impression,1746133538,mobile,Port Harcourt
R00969,O00106,redeem,1740237294,mobile,Port Harcourt
R00969,O00013,impression,1756971990,mobile,Port Harcourt
R00969,O00059,impression,1747943676,mobile,Port Harcourt
R00970,O00056,click,1735818789,web,Port Harcourt
R00970,O00095,click,1758095920,web,Port Harcourt
R00970,O00049,impression,1766866934,web,Port Harcourt
R00970,O00045,click,1750430456,web,Port Harcourt
R00970,O00081,click,1750207002,web,Port Harcourt
R00970,O00110,click,1752948359,web,Port Harcourt
R00970,O00095,click,1764426575,web,Port Harcourt
R00970,O00054,impression,1740583503,web,Port Harcourt
R00970,O00029,impression,1751654667,web,Port Harcourt
R00971,O00036,redeem,1757412894,mobile,Abuja
R00971,O00007,impression,1737363567,mobile,Abuja
R00971,O00097,impression,1763114580,mobile,Abuja
R00971,O00042,click,1740684133,mobile,Abuja
R00971,O00002,click,1736331383,mobile,Abuja
R00971,O00080,click,1752634951,mobile,Abuja
R00971,O00103,impression,1746055023,mobile,Abuja
R00971,O00080,click,1762672136,mobile,Abuja
R00971,O00036,click,1764511650,mobile,Abuja
R00971,O00043,impression,1750971295,mobile,Abuja
R00972,O00012,impression,1740192312,tablet,Abuja
R00972,O00010,impression,1742951392,tablet,Abuja
R00972,O00012,impression,1759759566,tablet,Abuja
R00972,O00090,click,1744197775,tablet,Abuja
R00972,O00044,impression,1753124330,tablet,Abuja
R00972,O00066,click,1740743421,tablet,Abuja
R00973,O00070,impression,1743057748,mobile,Port Harcourt
R00973,O00045,impression,1756450883,mobile,Port Harcourt
R00973,O00103,click,1759421151,mobile,Port Harcourt
R00973,O00051,impression,1746549517,mobile,Port Harcourt
R00973,O00103,impression,1753164844,mobile,Port Harcourt
R00973,O00036,impression,1757524560,mobile,Port Harcourt
R00973,O00080,impression,1749278584,mobile,Port Harcourt
R00973,O00048,impression,1748196077,mobile,Port Harcourt
R00973,O00036,impression,1742514085,mobile,Port Harcourt
R00974,O00042,impression,1765088525,web,Abuja
R00974,O00070,click,1758033775,web,Abuja
R00974,O00034,click,1766611508,web,Abuja
R00974,O00009,click,1739073482,web,Abuja
R00974,O00092,impression,1764127519,web,Abuja
R00974,O00038,impression,1748418317,web,Abuja
R00975,O00108,click,1762978703,tablet,Port Harcourt
R00975,O00058,click,1736148467,tablet,Port Harcourt
R00975,O00042,click,1755317883,tablet,Port Harcourt
R00975,O00086,impression,1758866995,tablet,Port Harcourt
R00975,O00052,impression,1760422689,tablet,Port Harcourt
R00975,O00105,click,1764976876,tablet,Port Harcourt
R00975,O00070,impression,1761275830,tablet,Port Harcourt
R00975,O00092,impression,1736884266,tablet,Port Harcourt
R00975,O00015,click,1742821158,tablet,Port Harcourt
R00976,O00073,impression,1759339740,mobile,Enugu
R00976,O00025,impression,1756322264,mobile,Enugu
R00976,O00059,impression,1754594572,mobile,Enugu
R00976,O00026,impression,1763490974,mobile,Enugu
R00976,O00025,click,1756215602,mobile,Enugu
R00976,O00059,click,1763035686,mobile,Enugu
R00976,O00076,impression,1756405423,mobile,Enugu
R00977,O00069,click,1756185798,mobile,Lagos
R00977,O00069,redeem,1761115434,mobile,Lagos
R00977,O00089,impression,1741386741,mobile,Lagos
R00977,O00002,click,1765594188,mobile,Lagos
R00977,O00010,impression,1751123792,mobile,Lagos
R00977,O00090,redeem,1739674659,mobile,Lagos
R00978,O00100,impression,1762096721,tablet,Lagos
R00978,O00118,click,1761585220,tablet,Lagos
R00978,O00118,click,1765508178,tablet,Lagos
R00978,O00118,click,1761172704,tablet,Lagos
R00978,O00046,click,1743249361,tablet,Lagos
R00978,O00071,click,1751462095,tablet,Lagos
R00979,O00049,impression,1742055727,mobile,Ibadan
R00979,O00039,impression,1737758879,mobile,Ibadan
R00979,O00045,impression,1765482062,mobile,Ibadan
R00979,O00095,impression,1761342178,mobile,Ibadan
R00980,O00090,click,1764557909,tablet,Ibadan
R00980,O00113,impression,1759100461,tablet,Ibadan
R00980,O00028,impression,1757868269,tablet,Ibadan
R00980,O00108,impression,1752237729,tablet,Ibadan
R00980,O00044,impression,1759948615,tablet,Ibadan
R00980,O00008,impression,1740641381,tablet,Ibadan
R00980,O00082,impression,1764754373,tablet,Ibadan
R00980,O00098,impression,1740458158,tablet,Ibadan
R00981,O00119,click,1751435710,tablet,Ibadan
R00981,O00044,click,1750565494,tablet,Ibadan
R00981,O00083,impression,1753971017,tablet,Ibadan
R00981,O00033,click,1741273916,tablet,Ibadan
R00982,O00067,click,1760880127,tablet,Lagos
R00982,O00102,redeem,1737373750,tablet,Lagos
R00982,O00112,impression,1757311191,tablet,Lagos
R00982,O00064,impression,1756150396,tablet,Lagos
R00982,O00111,impression,1745949906,tablet,Lagos
R00982,O00013,impression,1752411785,tablet,Lagos
R00982,O00072,impression,1749224603,tablet,Lagos
R00982,O00066,impression,1741116748,tablet,Lagos
R00983,O00111,impression,1760099639,mobile,Lagos
R00983,O00092,impression,1757640739,mobile,Lagos
R00983,O00073,click,1751470481,mobile,Lagos
R00983,O00042,impression,1760089709,mobile,Lagos
R00983,O00042,impression,1746815735,mobile,Lagos
R00983,O00051,impression,1750998158,mobile,Lagos
R00983,O00061,click,1740033505,mobile,Lagos
R00983,O00092,click,1745288325,mobile,Lagos
R00983,O00042,click,1737549214,mobile,Lagos
R00984,O00100,click,1743024043,web,Lagos
R00984,O00100,impression,1736871321,web,Lagos
R00984,O00059,click,1746718009,web,Lagos
R00984,O00040,impression,1744349170,web,Lagos
R00984,O00058,impression,1754865121,web,Lagos
R00984,O00099,click,1738712419,web,Lagos
R00985,O00097,click,1752071892,tablet,Lagos
R00985,O00045,click,1741990827,tablet,Lagos
R00985,O00051,click,1737982030,tablet,Lagos
R00985,O00097,impression,1744630405,tablet,Lagos
R00985,O00020,impression,1744662706,tablet,Lagos
R00985,O00049,click,1737462087,tablet,Lagos
R00985,O00029,impression,1766075330,tablet,Lagos
R00985,O00039,impression,1755751511,tablet,Lagos
R00985,O00049,impression,1758266038,tablet,Lagos
R00986,O00112,impression,1760976721,web,Ibadan
R00986,O00066,click,1764954775,web,Ibadan
R00986,O00013,redeem,1752559050,web,Ibadan
R00986,O00072,impression,1757239205,web,Ibadan
R00986,O00114,click,1739117177,web,Ibadan
R00987,O00108,click,1760697390,web,Enugu
R00987,O00047,impression,1739253254,web,Enugu
R00987,O00016,impression,1737378891,web,Enugu
R00987,O00089,click,1747495117,web,Enugu
R00987,O00094,click,1748297204,web,Enugu
R00987,O00002,impression,1750870854,web,Enugu
R00987,O00061,click,1749445308,web,Enugu
R00987,O00059,click,1762075460,web,Enugu
R00987,O00030,click,1735715470,web,Enugu
R00987,O00061,impression,1766137865,web,Enugu
R00988,O00083,click,1746103580,mobile,Lagos
R00988,O00010,impression,1761429774,mobile,Lagos
R00988,O00108,click,1738438427,mobile,Lagos
R00988,O00011,impression,1739594845,mobile,Lagos
R00988,O00012,impression,1753305574,mobile,Lagos
R00988,O00108,impression,1743119769,mobile,Lagos
R00988,O00109,click,1749429000,mobile,Lagos
R00989,O00116,impression,1762660684,tablet,Lagos
R00989,O00015,click,1757308469,tablet,Lagos
R00989,O00085,click,1763826964,tablet,Lagos
R00989,O00036,click,1756617970,tablet,Lagos
R00989,O00055,impression,1762047009,tablet,Lagos
R00990,O00021,impression,1741593235,web,Abuja
R00990,O00098,click,1735889640,web,Abuja
R00990,O00005,click,1763727299,web,Abuja
R00990,O00048,click,1737716239,web,Abuja
R00990,O00048,impression,1744833046,web,Abuja
R00990,O00061,click,1749498315,web,Abuja
R00990,O00058,impression,1736521829,web,Abuja
R00990,O00012,impression,1764917240,web,Abuja
R00990,O00002,click,1745485227,web,Abuja
R00990,O00098,click,1743571500,web,Abuja
R00991,O00114,redeem,1747219433,tablet,Abuja
R00991,O00117,click,1763540645,tablet,Abuja
R00991,O00066,impression,1757113271,tablet,Abuja
R00991,O00063,click,1748443052,tablet,Abuja
R00991,O00047,impression,1762856706,tablet,Abuja
R00991,O00014,impression,1740688980,tablet,Abuja
R00991,O00100,click,1757820882,tablet,Abuja
R00992,O00006,impression,1747805705,web,Ibadan
R00992,O00070,click,1735811996,web,Ibadan
R00992,O00033,impression,1752476948,web,Ibadan
R00992,O00095,impression,1736471776,web,Ibadan
R00993,O00048,impression,1747015508,web,Abuja
R00993,O00082,impression,1761357249,web,Abuja
R00993,O00012,impression,1759110665,web,Abuja
R00993,O00083,impression,1751676245,web,Abuja
R00993,O00071,click,1747476285,web,Abuja
R00994,O00034,click,1763671304,tablet,Port Harcourt
R00994,O00115,impression,1738204757,tablet,Port Harcourt
R00994,O00009,impression,1755038170,tablet,Port Harcourt
R00994,O00092,redeem,1759856897,tablet,Port Harcourt
R00994,O00076,impression,1758369861,tablet,Port Harcourt
R00994,O00104,impression,1765094437,tablet,Port Harcourt
R00995,O00011,click,1759751733,tablet,Abuja
R00995,O00082,impression,1739082268,tablet,Abuja
R00995,O00109,impression,1737830998,tablet,Abuja
R00995,O00071,click,1759881572,tablet,Abuja
R00995,O00089,click,1765304833,tablet,Abuja
R00995,O00044,impression,1754053258,tablet,Abuja
R00995,O00047,impression,1743568791,tablet,Abuja
R00996,O00089,impression,1754753929,web,Port Harcourt
R00996,O00098,redeem,1735870348,web,Port Harcourt
R00996,O00090,impression,1748956424,web,Port Harcourt
R00996,O00108,click,1743864095,web,Port Harcourt
R00996,O00057,impression,1754645394,web,Port Harcourt
R00996,O00021,impression,1747127302,web,Port Harcourt
R00996,O00008,click,1766919991,web,Port Harcourt
R00997,O00111,impression,1740383710,tablet,Abuja
R00997,O00043,click,1745300318,tablet,Abuja
R00997,O00043,impression,1758106971,tablet,Abuja
R00997,O00086,click,1758381013,tablet,Abuja
R00998,O00029,impression,1739629456,web,Abuja
R00998,O00081,impression,1737855731,web,Abuja
R00998,O00081,impression,1753933549,web,Abuja
R00998,O00039,redeem,1765769668,web,Abuja
R00998,O00056,redeem,1741383629,web,Abuja
R00998,O00103,impression,1762173321,web,Abuja
R00998,O00054,impression,1757467384,web,Abuja
R00998,O00081,click,1742473923,web,Abuja
R00998,O00093,click,1738007194,web,Abuja
R00998,O00075,impression,1749250587,web,Abuja
R00999,O00053,redeem,1742173540,tablet,Lagos
R00999,O00117,redeem,1737708899,tablet,Lagos
R00999,O00110,redeem,1759176347,tablet,Lagos
R00999,O00109,impression,1760416021,tablet,Lagos
R01000,O00070,click,1748490719,mobile,Ibadan
R01000,O00086,impression,1746938832,mobile,Ibadan
R01000,O00101,impression,1751796901,mobile,Ibadan
R01000,O00009,impression,1740266841,mobile,Ibadan
R01000,O00044,impression,1759380480,mobile,Ibadan
